ISO3,year,score,indicator_id,source
AFG,2000,0.643983534137096,climate_readiness_score,ND-GAIN
ALB,2000,0.506091268221632,climate_readiness_score,ND-GAIN
DZA,2000,0.461793674980076,climate_readiness_score,ND-GAIN
AND,2000,0.413999967524542,climate_readiness_score,ND-GAIN
AGO,2000,0.516752727504355,climate_readiness_score,ND-GAIN
ATG,2000,0.513075181248431,climate_readiness_score,ND-GAIN
ARG,2000,0.410056789322343,climate_readiness_score,ND-GAIN
ARM,2000,0.425843418802032,climate_readiness_score,ND-GAIN
AUS,2000,0.333333773488411,climate_readiness_score,ND-GAIN
AUT,2000,0.334448716003956,climate_readiness_score,ND-GAIN
AZE,2000,0.468375488620022,climate_readiness_score,ND-GAIN
BHS,2000,0.483614093672746,climate_readiness_score,ND-GAIN
BHR,2000,0.504354655173924,climate_readiness_score,ND-GAIN
BGD,2000,0.584735950799933,climate_readiness_score,ND-GAIN
BRB,2000,0.422548119553568,climate_readiness_score,ND-GAIN
BLR,2000,0.404469669853969,climate_readiness_score,ND-GAIN
BEL,2000,0.402545146176046,climate_readiness_score,ND-GAIN
BLZ,2000,0.511052263994351,climate_readiness_score,ND-GAIN
BEN,2000,0.589521269069494,climate_readiness_score,ND-GAIN
BTN,2000,0.556752066027776,climate_readiness_score,ND-GAIN
BOL,2000,0.490901567095203,climate_readiness_score,ND-GAIN
BIH,2000,0.418168633977009,climate_readiness_score,ND-GAIN
BWA,2000,0.533736170401876,climate_readiness_score,ND-GAIN
BRA,2000,0.408765029250017,climate_readiness_score,ND-GAIN
BRN,2000,0.45155186713628,climate_readiness_score,ND-GAIN
BGR,2000,0.412098209605065,climate_readiness_score,ND-GAIN
BFA,2000,0.568560635138105,climate_readiness_score,ND-GAIN
BDI,2000,0.597680359318349,climate_readiness_score,ND-GAIN
KHM,2000,0.537456952454558,climate_readiness_score,ND-GAIN
CMR,2000,0.493086800195045,climate_readiness_score,ND-GAIN
CAN,2000,0.313934800599453,climate_readiness_score,ND-GAIN
CPV,2000,0.491291045340598,climate_readiness_score,ND-GAIN
CAF,2000,0.58235411486098,climate_readiness_score,ND-GAIN
TCD,2000,0.643645112088038,climate_readiness_score,ND-GAIN
CHL,2000,0.379623944911621,climate_readiness_score,ND-GAIN
CHN,2000,0.407964614326816,climate_readiness_score,ND-GAIN
COL,2000,0.446208722105355,climate_readiness_score,ND-GAIN
COM,2000,0.566889633030427,climate_readiness_score,ND-GAIN
COG,2000,0.579474726810529,climate_readiness_score,ND-GAIN
COD,2000,0.588561022461757,climate_readiness_score,ND-GAIN
CRI,2000,0.423315480307579,climate_readiness_score,ND-GAIN
CIV,2000,0.503032728131985,climate_readiness_score,ND-GAIN
HRV,2000,0.417014797918342,climate_readiness_score,ND-GAIN
CUB,2000,0.464703292877551,climate_readiness_score,ND-GAIN
CYP,2000,0.380091488232759,climate_readiness_score,ND-GAIN
CZE,2000,0.304731868613544,climate_readiness_score,ND-GAIN
DNK,2000,0.328875238623341,climate_readiness_score,ND-GAIN
DJI,2000,0.610378557766597,climate_readiness_score,ND-GAIN
DMA,2000,0.462551006841694,climate_readiness_score,ND-GAIN
DOM,2000,0.489511353575112,climate_readiness_score,ND-GAIN
ECU,2000,0.504336595915337,climate_readiness_score,ND-GAIN
EGY,2000,0.515105359804695,climate_readiness_score,ND-GAIN
SLV,2000,0.462915390579954,climate_readiness_score,ND-GAIN
GNQ,2000,0.462884463123403,climate_readiness_score,ND-GAIN
ERI,2000,0.620452438720631,climate_readiness_score,ND-GAIN
EST,2000,0.388391797341998,climate_readiness_score,ND-GAIN
ETH,2000,0.578164329722545,climate_readiness_score,ND-GAIN
FJI,2000,0.52070372630557,climate_readiness_score,ND-GAIN
FIN,2000,0.322476554533804,climate_readiness_score,ND-GAIN
FRA,2000,0.334687247050701,climate_readiness_score,ND-GAIN
GAB,2000,0.48201250606607,climate_readiness_score,ND-GAIN
GMB,2000,0.586884759955297,climate_readiness_score,ND-GAIN
GEO,2000,0.433230810179683,climate_readiness_score,ND-GAIN
DEU,2000,0.32233814564443,climate_readiness_score,ND-GAIN
GHA,2000,0.530057515797262,climate_readiness_score,ND-GAIN
GRC,2000,0.374038844118587,climate_readiness_score,ND-GAIN
GRD,2000,0.436770747984472,climate_readiness_score,ND-GAIN
GTM,2000,0.501995530258623,climate_readiness_score,ND-GAIN
GIN,2000,0.524405006333709,climate_readiness_score,ND-GAIN
GNB,2000,0.662983927279157,climate_readiness_score,ND-GAIN
GUY,2000,0.526399256254444,climate_readiness_score,ND-GAIN
HTI,2000,0.554979276976501,climate_readiness_score,ND-GAIN
HND,2000,0.476654395216374,climate_readiness_score,ND-GAIN
HUN,2000,0.416738514937528,climate_readiness_score,ND-GAIN
ISL,2000,0.344843829608549,climate_readiness_score,ND-GAIN
IND,2000,0.545556242614261,climate_readiness_score,ND-GAIN
IDN,2000,0.457995638239673,climate_readiness_score,ND-GAIN
IRN,2000,0.449965929346382,climate_readiness_score,ND-GAIN
IRQ,2000,0.510568650418321,climate_readiness_score,ND-GAIN
IRL,2000,0.33498255010429,climate_readiness_score,ND-GAIN
ISR,2000,0.390278472911518,climate_readiness_score,ND-GAIN
ITA,2000,0.37100142269108,climate_readiness_score,ND-GAIN
JAM,2000,0.457209360906542,climate_readiness_score,ND-GAIN
JPN,2000,0.356614768335364,climate_readiness_score,ND-GAIN
JOR,2000,0.44775297690984,climate_readiness_score,ND-GAIN
KAZ,2000,0.379313652826586,climate_readiness_score,ND-GAIN
KEN,2000,0.521138234666319,climate_readiness_score,ND-GAIN
KIR,2000,0.597260945983035,climate_readiness_score,ND-GAIN
PRK,2000,0.528981091639321,climate_readiness_score,ND-GAIN
KOR,2000,0.380348433411389,climate_readiness_score,ND-GAIN
KWT,2000,0.46020845993507,climate_readiness_score,ND-GAIN
KGZ,2000,0.393745901069634,climate_readiness_score,ND-GAIN
LAO,2000,0.55206427809606,climate_readiness_score,ND-GAIN
LVA,2000,0.406945161533218,climate_readiness_score,ND-GAIN
LBN,2000,0.494370320992003,climate_readiness_score,ND-GAIN
LSO,2000,0.520605648336655,climate_readiness_score,ND-GAIN
LBR,2000,0.575804097950097,climate_readiness_score,ND-GAIN
LBY,2000,0.485607298236116,climate_readiness_score,ND-GAIN
LIE,2000,,climate_readiness_score,ND-GAIN
LTU,2000,0.404292498051851,climate_readiness_score,ND-GAIN
LUX,2000,0.346089485764523,climate_readiness_score,ND-GAIN
MKD,2000,0.415887630300883,climate_readiness_score,ND-GAIN
MDG,2000,0.554302277607617,climate_readiness_score,ND-GAIN
MWI,2000,0.624087310931451,climate_readiness_score,ND-GAIN
MYS,2000,0.412367322003575,climate_readiness_score,ND-GAIN
MDV,2000,0.595228907506608,climate_readiness_score,ND-GAIN
MLI,2000,0.616471339476267,climate_readiness_score,ND-GAIN
MLT,2000,0.402135827125098,climate_readiness_score,ND-GAIN
MHL,2000,0.540190051151843,climate_readiness_score,ND-GAIN
MRT,2000,0.65395307955623,climate_readiness_score,ND-GAIN
MUS,2000,0.498301906046979,climate_readiness_score,ND-GAIN
MEX,2000,0.421984223394686,climate_readiness_score,ND-GAIN
FSM,2000,0.649954298057211,climate_readiness_score,ND-GAIN
MDA,2000,0.507243256881665,climate_readiness_score,ND-GAIN
MCO,2000,0.407853606719631,climate_readiness_score,ND-GAIN
MNG,2000,0.474516270220229,climate_readiness_score,ND-GAIN
MNE,2000,0.453727310942738,climate_readiness_score,ND-GAIN
MAR,2000,0.514126908740148,climate_readiness_score,ND-GAIN
MOZ,2000,0.519560433947368,climate_readiness_score,ND-GAIN
MMR,2000,0.548293419799918,climate_readiness_score,ND-GAIN
NAM,2000,0.563380044072627,climate_readiness_score,ND-GAIN
NRU,2000,0.493009324398135,climate_readiness_score,ND-GAIN
NPL,2000,0.580472058031803,climate_readiness_score,ND-GAIN
NLD,2000,0.364542592824086,climate_readiness_score,ND-GAIN
NZL,2000,0.307322602721405,climate_readiness_score,ND-GAIN
NIC,2000,0.468164933249446,climate_readiness_score,ND-GAIN
NER,2000,0.611052270053832,climate_readiness_score,ND-GAIN
NGA,2000,0.534541082039849,climate_readiness_score,ND-GAIN
NOR,2000,0.272852886350737,climate_readiness_score,ND-GAIN
OMN,2000,0.48760316775455,climate_readiness_score,ND-GAIN
PAK,2000,0.560397271296518,climate_readiness_score,ND-GAIN
PLW,2000,0.50910528285656,climate_readiness_score,ND-GAIN
PAN,2000,0.439666443161962,climate_readiness_score,ND-GAIN
PNG,2000,0.542393714667604,climate_readiness_score,ND-GAIN
PRY,2000,0.43301438354368,climate_readiness_score,ND-GAIN
PER,2000,0.469777152705088,climate_readiness_score,ND-GAIN
PHL,2000,0.485882577336337,climate_readiness_score,ND-GAIN
POL,2000,0.321973287334295,climate_readiness_score,ND-GAIN
PRT,2000,0.402196023989406,climate_readiness_score,ND-GAIN
QAT,2000,0.446468988218485,climate_readiness_score,ND-GAIN
ROU,2000,0.429105347726034,climate_readiness_score,ND-GAIN
RUS,2000,0.338367414365,climate_readiness_score,ND-GAIN
RWA,2000,0.652908624027852,climate_readiness_score,ND-GAIN
KNA,2000,0.509837914786939,climate_readiness_score,ND-GAIN
LCA,2000,0.353221690427763,climate_readiness_score,ND-GAIN
VCT,2000,0.428300682936095,climate_readiness_score,ND-GAIN
WSM,2000,0.530606690781394,climate_readiness_score,ND-GAIN
SMR,2000,,climate_readiness_score,ND-GAIN
STP,2000,0.575062166781839,climate_readiness_score,ND-GAIN
SAU,2000,0.480715854893124,climate_readiness_score,ND-GAIN
SEN,2000,0.553165764939699,climate_readiness_score,ND-GAIN
SRB,2000,0.467578048555146,climate_readiness_score,ND-GAIN
SYC,2000,0.477076434952025,climate_readiness_score,ND-GAIN
SLE,2000,0.60902718652818,climate_readiness_score,ND-GAIN
SGP,2000,0.395446747758433,climate_readiness_score,ND-GAIN
SVK,2000,0.389931579176824,climate_readiness_score,ND-GAIN
SVN,2000,0.381348036116948,climate_readiness_score,ND-GAIN
SLB,2000,0.627589682106525,climate_readiness_score,ND-GAIN
SOM,2000,0.678875978736941,climate_readiness_score,ND-GAIN
ZAF,2000,0.463316323366481,climate_readiness_score,ND-GAIN
ESP,2000,0.338042317441689,climate_readiness_score,ND-GAIN
LKA,2000,0.456520208904575,climate_readiness_score,ND-GAIN
SDN,2000,0.610606584167142,climate_readiness_score,ND-GAIN
SUR,2000,0.451057906144871,climate_readiness_score,ND-GAIN
SWZ,2000,0.544432748387294,climate_readiness_score,ND-GAIN
SWE,2000,0.323565119778686,climate_readiness_score,ND-GAIN
CHE,2000,0.313600976994008,climate_readiness_score,ND-GAIN
SYR,2000,0.482913416432491,climate_readiness_score,ND-GAIN
TJK,2000,0.413808815204657,climate_readiness_score,ND-GAIN
TZA,2000,0.544567875987458,climate_readiness_score,ND-GAIN
THA,2000,0.45704083410889,climate_readiness_score,ND-GAIN
TLS,2000,0.569817624619237,climate_readiness_score,ND-GAIN
TGO,2000,0.546687631797602,climate_readiness_score,ND-GAIN
TON,2000,0.596215155441286,climate_readiness_score,ND-GAIN
TTO,2000,0.408633492067182,climate_readiness_score,ND-GAIN
TUN,2000,0.424120161206912,climate_readiness_score,ND-GAIN
TUR,2000,0.421046392223772,climate_readiness_score,ND-GAIN
TKM,2000,0.453463509252148,climate_readiness_score,ND-GAIN
TUV,2000,0.558242936578944,climate_readiness_score,ND-GAIN
UGA,2000,0.562213877092275,climate_readiness_score,ND-GAIN
UKR,2000,0.429028471260294,climate_readiness_score,ND-GAIN
ARE,2000,0.460234570112024,climate_readiness_score,ND-GAIN
GBR,2000,0.266572640848166,climate_readiness_score,ND-GAIN
USA,2000,0.321621801203681,climate_readiness_score,ND-GAIN
URY,2000,0.422498203481318,climate_readiness_score,ND-GAIN
UZB,2000,0.41172416466097,climate_readiness_score,ND-GAIN
VUT,2000,0.580159314942179,climate_readiness_score,ND-GAIN
VEN,2000,0.387423705691692,climate_readiness_score,ND-GAIN
VNM,2000,0.529886012082773,climate_readiness_score,ND-GAIN
YEM,2000,0.607840386160169,climate_readiness_score,ND-GAIN
ZMB,2000,0.504690486007174,climate_readiness_score,ND-GAIN
ZWE,2000,0.519018239688902,climate_readiness_score,ND-GAIN
AFG,2001,0.642143734920346,climate_readiness_score,ND-GAIN
ALB,2001,0.507570974428974,climate_readiness_score,ND-GAIN
DZA,2001,0.462871578527973,climate_readiness_score,ND-GAIN
AND,2001,0.412187507268107,climate_readiness_score,ND-GAIN
AGO,2001,0.519123426125635,climate_readiness_score,ND-GAIN
ATG,2001,0.511952264980705,climate_readiness_score,ND-GAIN
ARG,2001,0.410378275271675,climate_readiness_score,ND-GAIN
ARM,2001,0.429740834357456,climate_readiness_score,ND-GAIN
AUS,2001,0.332307661765388,climate_readiness_score,ND-GAIN
AUT,2001,0.33375743856036,climate_readiness_score,ND-GAIN
AZE,2001,0.456847356894834,climate_readiness_score,ND-GAIN
BHS,2001,0.48309327982481,climate_readiness_score,ND-GAIN
BHR,2001,0.504974594295279,climate_readiness_score,ND-GAIN
BGD,2001,0.586477843946064,climate_readiness_score,ND-GAIN
BRB,2001,0.423351215942377,climate_readiness_score,ND-GAIN
BLR,2001,0.401119286199444,climate_readiness_score,ND-GAIN
BEL,2001,0.403311231894608,climate_readiness_score,ND-GAIN
BLZ,2001,0.511776580254909,climate_readiness_score,ND-GAIN
BEN,2001,0.595119244517327,climate_readiness_score,ND-GAIN
BTN,2001,0.568048732479343,climate_readiness_score,ND-GAIN
BOL,2001,0.489991202415782,climate_readiness_score,ND-GAIN
BIH,2001,0.411026518319852,climate_readiness_score,ND-GAIN
BWA,2001,0.530747496125653,climate_readiness_score,ND-GAIN
BRA,2001,0.405245317095169,climate_readiness_score,ND-GAIN
BRN,2001,0.448056668152313,climate_readiness_score,ND-GAIN
BGR,2001,0.409765075061406,climate_readiness_score,ND-GAIN
BFA,2001,0.563289271615936,climate_readiness_score,ND-GAIN
BDI,2001,0.620939647981878,climate_readiness_score,ND-GAIN
KHM,2001,0.54127686588839,climate_readiness_score,ND-GAIN
CMR,2001,0.488016570385304,climate_readiness_score,ND-GAIN
CAN,2001,0.313860971128918,climate_readiness_score,ND-GAIN
CPV,2001,0.490884502910243,climate_readiness_score,ND-GAIN
CAF,2001,0.575798998971252,climate_readiness_score,ND-GAIN
TCD,2001,0.643833829734158,climate_readiness_score,ND-GAIN
CHL,2001,0.37820869737847,climate_readiness_score,ND-GAIN
CHN,2001,0.406419881954688,climate_readiness_score,ND-GAIN
COL,2001,0.444790905535808,climate_readiness_score,ND-GAIN
COM,2001,0.563654971761526,climate_readiness_score,ND-GAIN
COG,2001,0.575052820822119,climate_readiness_score,ND-GAIN
COD,2001,0.580100690516637,climate_readiness_score,ND-GAIN
CRI,2001,0.424617228494768,climate_readiness_score,ND-GAIN
CIV,2001,0.50360761831782,climate_readiness_score,ND-GAIN
HRV,2001,0.415889954829345,climate_readiness_score,ND-GAIN
CUB,2001,0.456379060871262,climate_readiness_score,ND-GAIN
CYP,2001,0.377457296334661,climate_readiness_score,ND-GAIN
CZE,2001,0.30418348964624,climate_readiness_score,ND-GAIN
DNK,2001,0.328622637673457,climate_readiness_score,ND-GAIN
DJI,2001,0.607800433315904,climate_readiness_score,ND-GAIN
DMA,2001,0.452832641558143,climate_readiness_score,ND-GAIN
DOM,2001,0.489387071736346,climate_readiness_score,ND-GAIN
ECU,2001,0.502848813889975,climate_readiness_score,ND-GAIN
EGY,2001,0.514380286062598,climate_readiness_score,ND-GAIN
SLV,2001,0.467663054683181,climate_readiness_score,ND-GAIN
GNQ,2001,0.474010311610049,climate_readiness_score,ND-GAIN
ERI,2001,0.631341061348461,climate_readiness_score,ND-GAIN
EST,2001,0.388546392438603,climate_readiness_score,ND-GAIN
ETH,2001,0.581235415545698,climate_readiness_score,ND-GAIN
FJI,2001,0.522671443504127,climate_readiness_score,ND-GAIN
FIN,2001,0.321250951224018,climate_readiness_score,ND-GAIN
FRA,2001,0.333580138388098,climate_readiness_score,ND-GAIN
GAB,2001,0.478720995216189,climate_readiness_score,ND-GAIN
GMB,2001,0.592049320675206,climate_readiness_score,ND-GAIN
GEO,2001,0.430546671215259,climate_readiness_score,ND-GAIN
DEU,2001,0.321288807577605,climate_readiness_score,ND-GAIN
GHA,2001,0.538416400326642,climate_readiness_score,ND-GAIN
GRC,2001,0.371808779523695,climate_readiness_score,ND-GAIN
GRD,2001,0.436191996512791,climate_readiness_score,ND-GAIN
GTM,2001,0.501230102732607,climate_readiness_score,ND-GAIN
GIN,2001,0.526891276297977,climate_readiness_score,ND-GAIN
GNB,2001,0.659217008054378,climate_readiness_score,ND-GAIN
GUY,2001,0.526291184331794,climate_readiness_score,ND-GAIN
HTI,2001,0.554949372081445,climate_readiness_score,ND-GAIN
HND,2001,0.47962457941944,climate_readiness_score,ND-GAIN
HUN,2001,0.414486504811691,climate_readiness_score,ND-GAIN
ISL,2001,0.343772015357551,climate_readiness_score,ND-GAIN
IND,2001,0.542989098498664,climate_readiness_score,ND-GAIN
IDN,2001,0.456226542581953,climate_readiness_score,ND-GAIN
IRN,2001,0.442948169853666,climate_readiness_score,ND-GAIN
IRQ,2001,0.508927635157992,climate_readiness_score,ND-GAIN
IRL,2001,0.334198397132896,climate_readiness_score,ND-GAIN
ISR,2001,0.388716608037979,climate_readiness_score,ND-GAIN
ITA,2001,0.370614883746163,climate_readiness_score,ND-GAIN
JAM,2001,0.455871418885844,climate_readiness_score,ND-GAIN
JPN,2001,0.356117679050833,climate_readiness_score,ND-GAIN
JOR,2001,0.445034427573352,climate_readiness_score,ND-GAIN
KAZ,2001,0.377101433230384,climate_readiness_score,ND-GAIN
KEN,2001,0.517193967561198,climate_readiness_score,ND-GAIN
KIR,2001,0.593896932204795,climate_readiness_score,ND-GAIN
PRK,2001,0.525936527728072,climate_readiness_score,ND-GAIN
KOR,2001,0.37898706819439,climate_readiness_score,ND-GAIN
KWT,2001,0.45896498916084,climate_readiness_score,ND-GAIN
KGZ,2001,0.389186824127052,climate_readiness_score,ND-GAIN
LAO,2001,0.558330245405753,climate_readiness_score,ND-GAIN
LVA,2001,0.406278382142699,climate_readiness_score,ND-GAIN
LBN,2001,0.492992751631874,climate_readiness_score,ND-GAIN
LSO,2001,0.527057672477563,climate_readiness_score,ND-GAIN
LBR,2001,0.587459854533792,climate_readiness_score,ND-GAIN
LBY,2001,0.487781338697364,climate_readiness_score,ND-GAIN
LIE,2001,,climate_readiness_score,ND-GAIN
LTU,2001,0.399152119977232,climate_readiness_score,ND-GAIN
LUX,2001,0.345544808179205,climate_readiness_score,ND-GAIN
MKD,2001,0.414454368117436,climate_readiness_score,ND-GAIN
MDG,2001,0.561716464609683,climate_readiness_score,ND-GAIN
MWI,2001,0.623966968906882,climate_readiness_score,ND-GAIN
MYS,2001,0.410970795504341,climate_readiness_score,ND-GAIN
MDV,2001,0.589988505484841,climate_readiness_score,ND-GAIN
MLI,2001,0.611413525578572,climate_readiness_score,ND-GAIN
MLT,2001,0.40136106315358,climate_readiness_score,ND-GAIN
MHL,2001,0.538085415967823,climate_readiness_score,ND-GAIN
MRT,2001,0.65126872759505,climate_readiness_score,ND-GAIN
MUS,2001,0.500261617824678,climate_readiness_score,ND-GAIN
MEX,2001,0.423017076721912,climate_readiness_score,ND-GAIN
FSM,2001,0.647840763349064,climate_readiness_score,ND-GAIN
MDA,2001,0.49329751957377,climate_readiness_score,ND-GAIN
MCO,2001,0.408082115124031,climate_readiness_score,ND-GAIN
MNG,2001,0.472130376573232,climate_readiness_score,ND-GAIN
MNE,2001,0.453969761829152,climate_readiness_score,ND-GAIN
MAR,2001,0.515830831183669,climate_readiness_score,ND-GAIN
MOZ,2001,0.529983430224591,climate_readiness_score,ND-GAIN
MMR,2001,0.547538956205808,climate_readiness_score,ND-GAIN
NAM,2001,0.561224277645798,climate_readiness_score,ND-GAIN
NRU,2001,0.502404836047436,climate_readiness_score,ND-GAIN
NPL,2001,0.585967547252411,climate_readiness_score,ND-GAIN
NLD,2001,0.366131918762532,climate_readiness_score,ND-GAIN
NZL,2001,0.304707864950488,climate_readiness_score,ND-GAIN
NIC,2001,0.469355822539177,climate_readiness_score,ND-GAIN
NER,2001,0.610202074615591,climate_readiness_score,ND-GAIN
NGA,2001,0.5226425040283,climate_readiness_score,ND-GAIN
NOR,2001,0.27204854716931,climate_readiness_score,ND-GAIN
OMN,2001,0.486346824417091,climate_readiness_score,ND-GAIN
PAK,2001,0.557254968635657,climate_readiness_score,ND-GAIN
PLW,2001,0.511451628367948,climate_readiness_score,ND-GAIN
PAN,2001,0.437731426106842,climate_readiness_score,ND-GAIN
PNG,2001,0.553442799710645,climate_readiness_score,ND-GAIN
PRY,2001,0.417968528917,climate_readiness_score,ND-GAIN
PER,2001,0.466713407433405,climate_readiness_score,ND-GAIN
PHL,2001,0.484555081547601,climate_readiness_score,ND-GAIN
POL,2001,0.320803071440902,climate_readiness_score,ND-GAIN
PRT,2001,0.401902856938383,climate_readiness_score,ND-GAIN
QAT,2001,0.444931096133418,climate_readiness_score,ND-GAIN
ROU,2001,0.430125420762806,climate_readiness_score,ND-GAIN
RUS,2001,0.334916664818414,climate_readiness_score,ND-GAIN
RWA,2001,0.650541317884234,climate_readiness_score,ND-GAIN
KNA,2001,0.504495117868438,climate_readiness_score,ND-GAIN
LCA,2001,0.354658414886049,climate_readiness_score,ND-GAIN
VCT,2001,0.423359675791182,climate_readiness_score,ND-GAIN
WSM,2001,0.529320959109397,climate_readiness_score,ND-GAIN
SMR,2001,,climate_readiness_score,ND-GAIN
STP,2001,0.577147426989645,climate_readiness_score,ND-GAIN
SAU,2001,0.479478016635274,climate_readiness_score,ND-GAIN
SEN,2001,0.552675472648981,climate_readiness_score,ND-GAIN
SRB,2001,0.472633005067814,climate_readiness_score,ND-GAIN
SYC,2001,0.48394628790458,climate_readiness_score,ND-GAIN
SLE,2001,0.611907123824521,climate_readiness_score,ND-GAIN
SGP,2001,0.400720552944287,climate_readiness_score,ND-GAIN
SVK,2001,0.385743712024593,climate_readiness_score,ND-GAIN
SVN,2001,0.380082578823133,climate_readiness_score,ND-GAIN
SLB,2001,0.628220790697082,climate_readiness_score,ND-GAIN
SOM,2001,0.676254246605482,climate_readiness_score,ND-GAIN
ZAF,2001,0.463016249396211,climate_readiness_score,ND-GAIN
ESP,2001,0.335937783972102,climate_readiness_score,ND-GAIN
LKA,2001,0.457426146631655,climate_readiness_score,ND-GAIN
SDN,2001,0.619920674909226,climate_readiness_score,ND-GAIN
SUR,2001,0.437115991585766,climate_readiness_score,ND-GAIN
SWZ,2001,0.547413924022854,climate_readiness_score,ND-GAIN
SWE,2001,0.322556474239461,climate_readiness_score,ND-GAIN
CHE,2001,0.313207428243106,climate_readiness_score,ND-GAIN
SYR,2001,0.485829861019423,climate_readiness_score,ND-GAIN
TJK,2001,0.425840956547264,climate_readiness_score,ND-GAIN
TZA,2001,0.543139661322787,climate_readiness_score,ND-GAIN
THA,2001,0.452886168732024,climate_readiness_score,ND-GAIN
TLS,2001,0.569766019117198,climate_readiness_score,ND-GAIN
TGO,2001,0.545682086664984,climate_readiness_score,ND-GAIN
TON,2001,0.596186818237425,climate_readiness_score,ND-GAIN
TTO,2001,0.409621611858962,climate_readiness_score,ND-GAIN
TUN,2001,0.42795843201297,climate_readiness_score,ND-GAIN
TUR,2001,0.41847253533497,climate_readiness_score,ND-GAIN
TKM,2001,0.452706539635418,climate_readiness_score,ND-GAIN
TUV,2001,0.561953797227519,climate_readiness_score,ND-GAIN
UGA,2001,0.561067412829601,climate_readiness_score,ND-GAIN
UKR,2001,0.426817683472415,climate_readiness_score,ND-GAIN
ARE,2001,0.458186216963842,climate_readiness_score,ND-GAIN
GBR,2001,0.265858988277007,climate_readiness_score,ND-GAIN
USA,2001,0.322138425000864,climate_readiness_score,ND-GAIN
URY,2001,0.420940225469767,climate_readiness_score,ND-GAIN
UZB,2001,0.411990804083623,climate_readiness_score,ND-GAIN
VUT,2001,0.575947519878675,climate_readiness_score,ND-GAIN
VEN,2001,0.386741394759722,climate_readiness_score,ND-GAIN
VNM,2001,0.527407740513626,climate_readiness_score,ND-GAIN
YEM,2001,0.606656036136272,climate_readiness_score,ND-GAIN
ZMB,2001,0.505616594186059,climate_readiness_score,ND-GAIN
ZWE,2001,0.520193416946271,climate_readiness_score,ND-GAIN
AFG,2002,0.640002596351851,climate_readiness_score,ND-GAIN
ALB,2002,0.50533855336826,climate_readiness_score,ND-GAIN
DZA,2002,0.465394562819706,climate_readiness_score,ND-GAIN
AND,2002,0.408647023553839,climate_readiness_score,ND-GAIN
AGO,2002,0.517333919575271,climate_readiness_score,ND-GAIN
ATG,2002,0.510337035796268,climate_readiness_score,ND-GAIN
ARG,2002,0.41145191528822,climate_readiness_score,ND-GAIN
ARM,2002,0.411554002835441,climate_readiness_score,ND-GAIN
AUS,2002,0.331260478285938,climate_readiness_score,ND-GAIN
AUT,2002,0.333230381646434,climate_readiness_score,ND-GAIN
AZE,2002,0.453206090559727,climate_readiness_score,ND-GAIN
BHS,2002,0.48027769216082,climate_readiness_score,ND-GAIN
BHR,2002,0.504540572528105,climate_readiness_score,ND-GAIN
BGD,2002,0.583030741700243,climate_readiness_score,ND-GAIN
BRB,2002,0.437819586228799,climate_readiness_score,ND-GAIN
BLR,2002,0.3990539291971,climate_readiness_score,ND-GAIN
BEL,2002,0.400970980747178,climate_readiness_score,ND-GAIN
BLZ,2002,0.495689492772887,climate_readiness_score,ND-GAIN
BEN,2002,0.596547468619673,climate_readiness_score,ND-GAIN
BTN,2002,0.556137699376963,climate_readiness_score,ND-GAIN
BOL,2002,0.490782180825104,climate_readiness_score,ND-GAIN
BIH,2002,0.408594082638109,climate_readiness_score,ND-GAIN
BWA,2002,0.529747487717766,climate_readiness_score,ND-GAIN
BRA,2002,0.399182853336009,climate_readiness_score,ND-GAIN
BRN,2002,0.43962487512281,climate_readiness_score,ND-GAIN
BGR,2002,0.39957380297474,climate_readiness_score,ND-GAIN
BFA,2002,0.562115324092424,climate_readiness_score,ND-GAIN
BDI,2002,0.614593275766101,climate_readiness_score,ND-GAIN
KHM,2002,0.536854855880151,climate_readiness_score,ND-GAIN
CMR,2002,0.490058126765365,climate_readiness_score,ND-GAIN
CAN,2002,0.313885289218942,climate_readiness_score,ND-GAIN
CPV,2002,0.489006171830333,climate_readiness_score,ND-GAIN
CAF,2002,0.581668122364359,climate_readiness_score,ND-GAIN
TCD,2002,0.643478645163165,climate_readiness_score,ND-GAIN
CHL,2002,0.377915852099139,climate_readiness_score,ND-GAIN
CHN,2002,0.405329676933834,climate_readiness_score,ND-GAIN
COL,2002,0.443666152638307,climate_readiness_score,ND-GAIN
COM,2002,0.560388008465964,climate_readiness_score,ND-GAIN
COG,2002,0.577746201926418,climate_readiness_score,ND-GAIN
COD,2002,0.579556210481031,climate_readiness_score,ND-GAIN
CRI,2002,0.422525075210506,climate_readiness_score,ND-GAIN
CIV,2002,0.503275688033169,climate_readiness_score,ND-GAIN
HRV,2002,0.41754924995821,climate_readiness_score,ND-GAIN
CUB,2002,0.454937030303692,climate_readiness_score,ND-GAIN
CYP,2002,0.374734989056904,climate_readiness_score,ND-GAIN
CZE,2002,0.302917370998036,climate_readiness_score,ND-GAIN
DNK,2002,0.328406051537704,climate_readiness_score,ND-GAIN
DJI,2002,0.620367054955729,climate_readiness_score,ND-GAIN
DMA,2002,0.464541373985109,climate_readiness_score,ND-GAIN
DOM,2002,0.494339103031571,climate_readiness_score,ND-GAIN
ECU,2002,0.504375276773909,climate_readiness_score,ND-GAIN
EGY,2002,0.513021910094538,climate_readiness_score,ND-GAIN
SLV,2002,0.471107798498954,climate_readiness_score,ND-GAIN
GNQ,2002,0.460325755915925,climate_readiness_score,ND-GAIN
ERI,2002,0.637431951250334,climate_readiness_score,ND-GAIN
EST,2002,0.386646292218421,climate_readiness_score,ND-GAIN
ETH,2002,0.572854248075811,climate_readiness_score,ND-GAIN
FJI,2002,0.519654973456584,climate_readiness_score,ND-GAIN
FIN,2002,0.319734530705024,climate_readiness_score,ND-GAIN
FRA,2002,0.33494248101551,climate_readiness_score,ND-GAIN
GAB,2002,0.468309588180926,climate_readiness_score,ND-GAIN
GMB,2002,0.589734029153809,climate_readiness_score,ND-GAIN
GEO,2002,0.429510977692262,climate_readiness_score,ND-GAIN
DEU,2002,0.320690399056844,climate_readiness_score,ND-GAIN
GHA,2002,0.548626165836512,climate_readiness_score,ND-GAIN
GRC,2002,0.369185086903765,climate_readiness_score,ND-GAIN
GRD,2002,0.435516363391995,climate_readiness_score,ND-GAIN
GTM,2002,0.498564791890454,climate_readiness_score,ND-GAIN
GIN,2002,0.509978864867964,climate_readiness_score,ND-GAIN
GNB,2002,0.666672864531755,climate_readiness_score,ND-GAIN
GUY,2002,0.525900391607992,climate_readiness_score,ND-GAIN
HTI,2002,0.554977533411499,climate_readiness_score,ND-GAIN
HND,2002,0.48540477760767,climate_readiness_score,ND-GAIN
HUN,2002,0.413040275512182,climate_readiness_score,ND-GAIN
ISL,2002,0.341655305186253,climate_readiness_score,ND-GAIN
IND,2002,0.541073077872782,climate_readiness_score,ND-GAIN
IDN,2002,0.454680700042981,climate_readiness_score,ND-GAIN
IRN,2002,0.436545161180588,climate_readiness_score,ND-GAIN
IRQ,2002,0.508401694376514,climate_readiness_score,ND-GAIN
IRL,2002,0.332363952659674,climate_readiness_score,ND-GAIN
ISR,2002,0.387922718306058,climate_readiness_score,ND-GAIN
ITA,2002,0.362378499924957,climate_readiness_score,ND-GAIN
JAM,2002,0.453484104563472,climate_readiness_score,ND-GAIN
JPN,2002,0.356848621485991,climate_readiness_score,ND-GAIN
JOR,2002,0.445353423631596,climate_readiness_score,ND-GAIN
KAZ,2002,0.375957213537623,climate_readiness_score,ND-GAIN
KEN,2002,0.513933788855121,climate_readiness_score,ND-GAIN
KIR,2002,0.590865894879304,climate_readiness_score,ND-GAIN
PRK,2002,0.530117502636136,climate_readiness_score,ND-GAIN
KOR,2002,0.377320267719372,climate_readiness_score,ND-GAIN
KWT,2002,0.457724774314981,climate_readiness_score,ND-GAIN
KGZ,2002,0.393504537987876,climate_readiness_score,ND-GAIN
LAO,2002,0.550047957256199,climate_readiness_score,ND-GAIN
LVA,2002,0.404419301588542,climate_readiness_score,ND-GAIN
LBN,2002,0.493375172131402,climate_readiness_score,ND-GAIN
LSO,2002,0.524128762227019,climate_readiness_score,ND-GAIN
LBR,2002,0.590313066807447,climate_readiness_score,ND-GAIN
LBY,2002,0.489393310896095,climate_readiness_score,ND-GAIN
LIE,2002,,climate_readiness_score,ND-GAIN
LTU,2002,0.396094555393471,climate_readiness_score,ND-GAIN
LUX,2002,0.345607872109342,climate_readiness_score,ND-GAIN
MKD,2002,0.41853028390852,climate_readiness_score,ND-GAIN
MDG,2002,0.573303651878779,climate_readiness_score,ND-GAIN
MWI,2002,0.62672827840557,climate_readiness_score,ND-GAIN
MYS,2002,0.409120786916032,climate_readiness_score,ND-GAIN
MDV,2002,0.593948952438084,climate_readiness_score,ND-GAIN
MLI,2002,0.617911919062552,climate_readiness_score,ND-GAIN
MLT,2002,0.397034869271972,climate_readiness_score,ND-GAIN
MHL,2002,0.536074381839034,climate_readiness_score,ND-GAIN
MRT,2002,0.652916568937187,climate_readiness_score,ND-GAIN
MUS,2002,0.495605865004433,climate_readiness_score,ND-GAIN
MEX,2002,0.418481413591071,climate_readiness_score,ND-GAIN
FSM,2002,0.646250155718004,climate_readiness_score,ND-GAIN
MDA,2002,0.490763099436434,climate_readiness_score,ND-GAIN
MCO,2002,0.408498225880645,climate_readiness_score,ND-GAIN
MNG,2002,0.46665123174397,climate_readiness_score,ND-GAIN
MNE,2002,0.453863073918163,climate_readiness_score,ND-GAIN
MAR,2002,0.514312816997733,climate_readiness_score,ND-GAIN
MOZ,2002,0.526590334609137,climate_readiness_score,ND-GAIN
MMR,2002,0.545038567836916,climate_readiness_score,ND-GAIN
NAM,2002,0.558336921302648,climate_readiness_score,ND-GAIN
NRU,2002,0.512135332311415,climate_readiness_score,ND-GAIN
NPL,2002,0.574555613823895,climate_readiness_score,ND-GAIN
NLD,2002,0.370018620901386,climate_readiness_score,ND-GAIN
NZL,2002,0.304269447877849,climate_readiness_score,ND-GAIN
NIC,2002,0.462318922680772,climate_readiness_score,ND-GAIN
NER,2002,0.604679238659311,climate_readiness_score,ND-GAIN
NGA,2002,0.518909323489326,climate_readiness_score,ND-GAIN
NOR,2002,0.271696707430961,climate_readiness_score,ND-GAIN
OMN,2002,0.484108598413618,climate_readiness_score,ND-GAIN
PAK,2002,0.557493269376915,climate_readiness_score,ND-GAIN
PLW,2002,0.504095364564783,climate_readiness_score,ND-GAIN
PAN,2002,0.437560334090022,climate_readiness_score,ND-GAIN
PNG,2002,0.561732193525368,climate_readiness_score,ND-GAIN
PRY,2002,0.415329664658291,climate_readiness_score,ND-GAIN
PER,2002,0.462696406876048,climate_readiness_score,ND-GAIN
PHL,2002,0.479055321644657,climate_readiness_score,ND-GAIN
POL,2002,0.319375874267648,climate_readiness_score,ND-GAIN
PRT,2002,0.397829229051598,climate_readiness_score,ND-GAIN
QAT,2002,0.444723669533688,climate_readiness_score,ND-GAIN
ROU,2002,0.428333632627311,climate_readiness_score,ND-GAIN
RUS,2002,0.332498824141731,climate_readiness_score,ND-GAIN
RWA,2002,0.644868369464943,climate_readiness_score,ND-GAIN
KNA,2002,0.503247573009232,climate_readiness_score,ND-GAIN
LCA,2002,0.358018811329046,climate_readiness_score,ND-GAIN
VCT,2002,0.428823247931255,climate_readiness_score,ND-GAIN
WSM,2002,0.536135075598141,climate_readiness_score,ND-GAIN
SMR,2002,,climate_readiness_score,ND-GAIN
STP,2002,0.578775010469854,climate_readiness_score,ND-GAIN
SAU,2002,0.47957788206488,climate_readiness_score,ND-GAIN
SEN,2002,0.548992915877637,climate_readiness_score,ND-GAIN
SRB,2002,0.472953871294909,climate_readiness_score,ND-GAIN
SYC,2002,0.488009382384197,climate_readiness_score,ND-GAIN
SLE,2002,0.613431608070502,climate_readiness_score,ND-GAIN
SGP,2002,0.405889830760473,climate_readiness_score,ND-GAIN
SVK,2002,0.384226693402509,climate_readiness_score,ND-GAIN
SVN,2002,0.37955066230287,climate_readiness_score,ND-GAIN
SLB,2002,0.660917447049627,climate_readiness_score,ND-GAIN
SOM,2002,0.673637024335461,climate_readiness_score,ND-GAIN
ZAF,2002,0.459769189387669,climate_readiness_score,ND-GAIN
ESP,2002,0.337166697657509,climate_readiness_score,ND-GAIN
LKA,2002,0.449356754234651,climate_readiness_score,ND-GAIN
SDN,2002,0.632548132137476,climate_readiness_score,ND-GAIN
SUR,2002,0.441736487190224,climate_readiness_score,ND-GAIN
SWZ,2002,0.543678612225872,climate_readiness_score,ND-GAIN
SWE,2002,0.321623036163236,climate_readiness_score,ND-GAIN
CHE,2002,0.312986975335211,climate_readiness_score,ND-GAIN
SYR,2002,0.489602137162918,climate_readiness_score,ND-GAIN
TJK,2002,0.404944785884538,climate_readiness_score,ND-GAIN
TZA,2002,0.539071286822581,climate_readiness_score,ND-GAIN
THA,2002,0.450220660941582,climate_readiness_score,ND-GAIN
TLS,2002,0.569687701651193,climate_readiness_score,ND-GAIN
TGO,2002,0.543998995886542,climate_readiness_score,ND-GAIN
TON,2002,0.593471480668246,climate_readiness_score,ND-GAIN
TTO,2002,0.40625175603727,climate_readiness_score,ND-GAIN
TUN,2002,0.427493605103682,climate_readiness_score,ND-GAIN
TUR,2002,0.416981373891292,climate_readiness_score,ND-GAIN
TKM,2002,0.453527533308661,climate_readiness_score,ND-GAIN
TUV,2002,0.564151553181684,climate_readiness_score,ND-GAIN
UGA,2002,0.555706292274424,climate_readiness_score,ND-GAIN
UKR,2002,0.424470779333444,climate_readiness_score,ND-GAIN
ARE,2002,0.456298803944023,climate_readiness_score,ND-GAIN
GBR,2002,0.265649003585448,climate_readiness_score,ND-GAIN
USA,2002,0.32162499219456,climate_readiness_score,ND-GAIN
URY,2002,0.420325122645784,climate_readiness_score,ND-GAIN
UZB,2002,0.41196294594796,climate_readiness_score,ND-GAIN
VUT,2002,0.584249517157353,climate_readiness_score,ND-GAIN
VEN,2002,0.387374389902373,climate_readiness_score,ND-GAIN
VNM,2002,0.525520645018917,climate_readiness_score,ND-GAIN
YEM,2002,0.603421291147504,climate_readiness_score,ND-GAIN
ZMB,2002,0.526291888694231,climate_readiness_score,ND-GAIN
ZWE,2002,0.517498058702508,climate_readiness_score,ND-GAIN
AFG,2003,0.63001207987409,climate_readiness_score,ND-GAIN
ALB,2003,0.503694871725883,climate_readiness_score,ND-GAIN
DZA,2003,0.461543675348802,climate_readiness_score,ND-GAIN
AND,2003,0.404554609539446,climate_readiness_score,ND-GAIN
AGO,2003,0.516960625844486,climate_readiness_score,ND-GAIN
ATG,2003,0.509659323167294,climate_readiness_score,ND-GAIN
ARG,2003,0.409561362516385,climate_readiness_score,ND-GAIN
ARM,2003,0.409879599907154,climate_readiness_score,ND-GAIN
AUS,2003,0.330341040823013,climate_readiness_score,ND-GAIN
AUT,2003,0.333402918703739,climate_readiness_score,ND-GAIN
AZE,2003,0.451502699986505,climate_readiness_score,ND-GAIN
BHS,2003,0.479614983695586,climate_readiness_score,ND-GAIN
BHR,2003,0.501730549250323,climate_readiness_score,ND-GAIN
BGD,2003,0.583297092623885,climate_readiness_score,ND-GAIN
BRB,2003,0.435316848461807,climate_readiness_score,ND-GAIN
BLR,2003,0.396600693114588,climate_readiness_score,ND-GAIN
BEL,2003,0.399605051119265,climate_readiness_score,ND-GAIN
BLZ,2003,0.497233946712579,climate_readiness_score,ND-GAIN
BEN,2003,0.590714916790557,climate_readiness_score,ND-GAIN
BTN,2003,0.557112070825751,climate_readiness_score,ND-GAIN
BOL,2003,0.48984159825496,climate_readiness_score,ND-GAIN
BIH,2003,0.405341562044851,climate_readiness_score,ND-GAIN
BWA,2003,0.526509360483243,climate_readiness_score,ND-GAIN
BRA,2003,0.396193884764455,climate_readiness_score,ND-GAIN
BRN,2003,0.437000274154839,climate_readiness_score,ND-GAIN
BGR,2003,0.396725614983984,climate_readiness_score,ND-GAIN
BFA,2003,0.56218082850871,climate_readiness_score,ND-GAIN
BDI,2003,0.619292522015384,climate_readiness_score,ND-GAIN
KHM,2003,0.533067332905037,climate_readiness_score,ND-GAIN
CMR,2003,0.487140107755497,climate_readiness_score,ND-GAIN
CAN,2003,0.31368250118139,climate_readiness_score,ND-GAIN
CPV,2003,0.484983162269543,climate_readiness_score,ND-GAIN
CAF,2003,0.580242558319141,climate_readiness_score,ND-GAIN
TCD,2003,0.659887266597075,climate_readiness_score,ND-GAIN
CHL,2003,0.377978370509516,climate_readiness_score,ND-GAIN
CHN,2003,0.419654850569869,climate_readiness_score,ND-GAIN
COL,2003,0.443038698607208,climate_readiness_score,ND-GAIN
COM,2003,0.561975543636665,climate_readiness_score,ND-GAIN
COG,2003,0.576041918142302,climate_readiness_score,ND-GAIN
COD,2003,0.582383265713247,climate_readiness_score,ND-GAIN
CRI,2003,0.419740991586757,climate_readiness_score,ND-GAIN
CIV,2003,0.50278640098398,climate_readiness_score,ND-GAIN
HRV,2003,0.415369561427394,climate_readiness_score,ND-GAIN
CUB,2003,0.456602172122007,climate_readiness_score,ND-GAIN
CYP,2003,0.374734955139261,climate_readiness_score,ND-GAIN
CZE,2003,0.302328642462704,climate_readiness_score,ND-GAIN
DNK,2003,0.328603607875429,climate_readiness_score,ND-GAIN
DJI,2003,0.625490563955511,climate_readiness_score,ND-GAIN
DMA,2003,0.455642418671626,climate_readiness_score,ND-GAIN
DOM,2003,0.496528493754399,climate_readiness_score,ND-GAIN
ECU,2003,0.497457777164762,climate_readiness_score,ND-GAIN
EGY,2003,0.509611340475374,climate_readiness_score,ND-GAIN
SLV,2003,0.47019313124604,climate_readiness_score,ND-GAIN
GNQ,2003,0.45576918369737,climate_readiness_score,ND-GAIN
ERI,2003,0.654756645222355,climate_readiness_score,ND-GAIN
EST,2003,0.385559085775267,climate_readiness_score,ND-GAIN
ETH,2003,0.577571816555514,climate_readiness_score,ND-GAIN
FJI,2003,0.513928841899913,climate_readiness_score,ND-GAIN
FIN,2003,0.32111727891752,climate_readiness_score,ND-GAIN
FRA,2003,0.33475822003675,climate_readiness_score,ND-GAIN
GAB,2003,0.466569002531135,climate_readiness_score,ND-GAIN
GMB,2003,0.591047844389843,climate_readiness_score,ND-GAIN
GEO,2003,0.425889859144316,climate_readiness_score,ND-GAIN
DEU,2003,0.319398584293244,climate_readiness_score,ND-GAIN
GHA,2003,0.537382553191301,climate_readiness_score,ND-GAIN
GRC,2003,0.366689177125788,climate_readiness_score,ND-GAIN
GRD,2003,0.433319470866807,climate_readiness_score,ND-GAIN
GTM,2003,0.497505727827516,climate_readiness_score,ND-GAIN
GIN,2003,0.506751006739351,climate_readiness_score,ND-GAIN
GNB,2003,0.661226739450194,climate_readiness_score,ND-GAIN
GUY,2003,0.528613921054732,climate_readiness_score,ND-GAIN
HTI,2003,0.554869061198328,climate_readiness_score,ND-GAIN
HND,2003,0.491338719925069,climate_readiness_score,ND-GAIN
HUN,2003,0.413494387222568,climate_readiness_score,ND-GAIN
ISL,2003,0.339332157405235,climate_readiness_score,ND-GAIN
IND,2003,0.537075024571016,climate_readiness_score,ND-GAIN
IDN,2003,0.455477686212665,climate_readiness_score,ND-GAIN
IRN,2003,0.433551546047668,climate_readiness_score,ND-GAIN
IRQ,2003,0.509723111904798,climate_readiness_score,ND-GAIN
IRL,2003,0.332546669875195,climate_readiness_score,ND-GAIN
ISR,2003,0.383462924720393,climate_readiness_score,ND-GAIN
ITA,2003,0.366777227101879,climate_readiness_score,ND-GAIN
JAM,2003,0.453027787604726,climate_readiness_score,ND-GAIN
JPN,2003,0.356668343711699,climate_readiness_score,ND-GAIN
JOR,2003,0.44640563645431,climate_readiness_score,ND-GAIN
KAZ,2003,0.374375799329536,climate_readiness_score,ND-GAIN
KEN,2003,0.513309101776194,climate_readiness_score,ND-GAIN
KIR,2003,0.586747700161951,climate_readiness_score,ND-GAIN
PRK,2003,0.53006626894396,climate_readiness_score,ND-GAIN
KOR,2003,0.37721507846411,climate_readiness_score,ND-GAIN
KWT,2003,0.457130370783435,climate_readiness_score,ND-GAIN
KGZ,2003,0.395999514591111,climate_readiness_score,ND-GAIN
LAO,2003,0.545805424857131,climate_readiness_score,ND-GAIN
LVA,2003,0.40393718278892,climate_readiness_score,ND-GAIN
LBN,2003,0.492599340579996,climate_readiness_score,ND-GAIN
LSO,2003,0.520472335391322,climate_readiness_score,ND-GAIN
LBR,2003,0.596691109966754,climate_readiness_score,ND-GAIN
LBY,2003,0.489224990605956,climate_readiness_score,ND-GAIN
LIE,2003,,climate_readiness_score,ND-GAIN
LTU,2003,0.395654720942203,climate_readiness_score,ND-GAIN
LUX,2003,0.344533965968187,climate_readiness_score,ND-GAIN
MKD,2003,0.410026585960393,climate_readiness_score,ND-GAIN
MDG,2003,0.562041350686195,climate_readiness_score,ND-GAIN
MWI,2003,0.620401576595151,climate_readiness_score,ND-GAIN
MYS,2003,0.407863754385174,climate_readiness_score,ND-GAIN
MDV,2003,0.590077671159439,climate_readiness_score,ND-GAIN
MLI,2003,0.608715032119863,climate_readiness_score,ND-GAIN
MLT,2003,0.395187769631753,climate_readiness_score,ND-GAIN
MHL,2003,0.534157991802616,climate_readiness_score,ND-GAIN
MRT,2003,0.657898699700711,climate_readiness_score,ND-GAIN
MUS,2003,0.491689975466285,climate_readiness_score,ND-GAIN
MEX,2003,0.420607927022312,climate_readiness_score,ND-GAIN
FSM,2003,0.647725570960308,climate_readiness_score,ND-GAIN
MDA,2003,0.485797743504903,climate_readiness_score,ND-GAIN
MCO,2003,0.408885099219758,climate_readiness_score,ND-GAIN
MNG,2003,0.458213846790796,climate_readiness_score,ND-GAIN
MNE,2003,0.453760570227705,climate_readiness_score,ND-GAIN
MAR,2003,0.513335667097146,climate_readiness_score,ND-GAIN
MOZ,2003,0.524665644853135,climate_readiness_score,ND-GAIN
MMR,2003,0.546311175821387,climate_readiness_score,ND-GAIN
NAM,2003,0.556170890758586,climate_readiness_score,ND-GAIN
NRU,2003,0.503335800324928,climate_readiness_score,ND-GAIN
NPL,2003,0.573187502754064,climate_readiness_score,ND-GAIN
NLD,2003,0.373377528685297,climate_readiness_score,ND-GAIN
NZL,2003,0.303519255528557,climate_readiness_score,ND-GAIN
NIC,2003,0.467340355660412,climate_readiness_score,ND-GAIN
NER,2003,0.601249387429465,climate_readiness_score,ND-GAIN
NGA,2003,0.509946444948939,climate_readiness_score,ND-GAIN
NOR,2003,0.270916767170641,climate_readiness_score,ND-GAIN
OMN,2003,0.474525871334691,climate_readiness_score,ND-GAIN
PAK,2003,0.556424914840615,climate_readiness_score,ND-GAIN
PLW,2003,0.505105926436964,climate_readiness_score,ND-GAIN
PAN,2003,0.434760251921588,climate_readiness_score,ND-GAIN
PNG,2003,0.562790317759074,climate_readiness_score,ND-GAIN
PRY,2003,0.412430938907821,climate_readiness_score,ND-GAIN
PER,2003,0.463547805361664,climate_readiness_score,ND-GAIN
PHL,2003,0.476858336157558,climate_readiness_score,ND-GAIN
POL,2003,0.31779139770017,climate_readiness_score,ND-GAIN
PRT,2003,0.396812368742598,climate_readiness_score,ND-GAIN
QAT,2003,0.443409858183662,climate_readiness_score,ND-GAIN
ROU,2003,0.428623997665313,climate_readiness_score,ND-GAIN
RUS,2003,0.327506483440244,climate_readiness_score,ND-GAIN
RWA,2003,0.639339424098332,climate_readiness_score,ND-GAIN
KNA,2003,0.500783852565003,climate_readiness_score,ND-GAIN
LCA,2003,0.35191575365293,climate_readiness_score,ND-GAIN
VCT,2003,0.427063524796136,climate_readiness_score,ND-GAIN
WSM,2003,0.542985638835632,climate_readiness_score,ND-GAIN
SMR,2003,,climate_readiness_score,ND-GAIN
STP,2003,0.573733179335257,climate_readiness_score,ND-GAIN
SAU,2003,0.479265288724463,climate_readiness_score,ND-GAIN
SEN,2003,0.547985643808958,climate_readiness_score,ND-GAIN
SRB,2003,0.473077115530141,climate_readiness_score,ND-GAIN
SYC,2003,0.48587773925736,climate_readiness_score,ND-GAIN
SLE,2003,0.604615181957901,climate_readiness_score,ND-GAIN
SGP,2003,0.404395240112304,climate_readiness_score,ND-GAIN
SVK,2003,0.382725577933875,climate_readiness_score,ND-GAIN
SVN,2003,0.375795136136115,climate_readiness_score,ND-GAIN
SLB,2003,0.645128206167579,climate_readiness_score,ND-GAIN
SOM,2003,0.671018776471975,climate_readiness_score,ND-GAIN
ZAF,2003,0.462280882220575,climate_readiness_score,ND-GAIN
ESP,2003,0.334185770081574,climate_readiness_score,ND-GAIN
LKA,2003,0.452899753975679,climate_readiness_score,ND-GAIN
SDN,2003,0.631404254726555,climate_readiness_score,ND-GAIN
SUR,2003,0.441319559780812,climate_readiness_score,ND-GAIN
SWZ,2003,0.540492967179257,climate_readiness_score,ND-GAIN
SWE,2003,0.322759664725085,climate_readiness_score,ND-GAIN
CHE,2003,0.311816692524313,climate_readiness_score,ND-GAIN
SYR,2003,0.488540340804257,climate_readiness_score,ND-GAIN
TJK,2003,0.408317920506668,climate_readiness_score,ND-GAIN
TZA,2003,0.537209208581612,climate_readiness_score,ND-GAIN
THA,2003,0.448584384524999,climate_readiness_score,ND-GAIN
TLS,2003,0.570581769401717,climate_readiness_score,ND-GAIN
TGO,2003,0.541029217879766,climate_readiness_score,ND-GAIN
TON,2003,0.59452564477392,climate_readiness_score,ND-GAIN
TTO,2003,0.406199797067425,climate_readiness_score,ND-GAIN
TUN,2003,0.427125525801709,climate_readiness_score,ND-GAIN
TUR,2003,0.415037563857464,climate_readiness_score,ND-GAIN
TKM,2003,0.452394436859755,climate_readiness_score,ND-GAIN
TUV,2003,0.565334969731306,climate_readiness_score,ND-GAIN
UGA,2003,0.550617801818125,climate_readiness_score,ND-GAIN
UKR,2003,0.424640858721897,climate_readiness_score,ND-GAIN
ARE,2003,0.455407249080998,climate_readiness_score,ND-GAIN
GBR,2003,0.265159050606604,climate_readiness_score,ND-GAIN
USA,2003,0.321888672824109,climate_readiness_score,ND-GAIN
URY,2003,0.422775626410836,climate_readiness_score,ND-GAIN
UZB,2003,0.415216223949103,climate_readiness_score,ND-GAIN
VUT,2003,0.569178700608329,climate_readiness_score,ND-GAIN
VEN,2003,0.391261435262377,climate_readiness_score,ND-GAIN
VNM,2003,0.524633429842776,climate_readiness_score,ND-GAIN
YEM,2003,0.601781288704814,climate_readiness_score,ND-GAIN
ZMB,2003,0.524189978935079,climate_readiness_score,ND-GAIN
ZWE,2003,0.520406883217901,climate_readiness_score,ND-GAIN
AFG,2004,0.63153047806788,climate_readiness_score,ND-GAIN
ALB,2004,0.497863435265072,climate_readiness_score,ND-GAIN
DZA,2004,0.458700749623886,climate_readiness_score,ND-GAIN
AND,2004,0.400721534017998,climate_readiness_score,ND-GAIN
AGO,2004,0.515422551721755,climate_readiness_score,ND-GAIN
ATG,2004,0.509712516875859,climate_readiness_score,ND-GAIN
ARG,2004,0.414538866107943,climate_readiness_score,ND-GAIN
ARM,2004,0.411739887307337,climate_readiness_score,ND-GAIN
AUS,2004,0.329517806274775,climate_readiness_score,ND-GAIN
AUT,2004,0.332737781146636,climate_readiness_score,ND-GAIN
AZE,2004,0.447916391352393,climate_readiness_score,ND-GAIN
BHS,2004,0.479552386941043,climate_readiness_score,ND-GAIN
BHR,2004,0.49842822676246,climate_readiness_score,ND-GAIN
BGD,2004,0.58286062291576,climate_readiness_score,ND-GAIN
BRB,2004,0.424945528972846,climate_readiness_score,ND-GAIN
BLR,2004,0.393760628425878,climate_readiness_score,ND-GAIN
BEL,2004,0.395201378615939,climate_readiness_score,ND-GAIN
BLZ,2004,0.509239210327724,climate_readiness_score,ND-GAIN
BEN,2004,0.588758944231175,climate_readiness_score,ND-GAIN
BTN,2004,0.562689788432201,climate_readiness_score,ND-GAIN
BOL,2004,0.487466056380122,climate_readiness_score,ND-GAIN
BIH,2004,0.403968686115678,climate_readiness_score,ND-GAIN
BWA,2004,0.522797978961536,climate_readiness_score,ND-GAIN
BRA,2004,0.393797349423473,climate_readiness_score,ND-GAIN
BRN,2004,0.433877779646359,climate_readiness_score,ND-GAIN
BGR,2004,0.394870299102186,climate_readiness_score,ND-GAIN
BFA,2004,0.554464949722722,climate_readiness_score,ND-GAIN
BDI,2004,0.620664922253535,climate_readiness_score,ND-GAIN
KHM,2004,0.535917328138504,climate_readiness_score,ND-GAIN
CMR,2004,0.486167981294218,climate_readiness_score,ND-GAIN
CAN,2004,0.312762101205887,climate_readiness_score,ND-GAIN
CPV,2004,0.485339005615084,climate_readiness_score,ND-GAIN
CAF,2004,0.573017155942997,climate_readiness_score,ND-GAIN
TCD,2004,0.652069432326381,climate_readiness_score,ND-GAIN
CHL,2004,0.377110790606218,climate_readiness_score,ND-GAIN
CHN,2004,0.41720004555384,climate_readiness_score,ND-GAIN
COL,2004,0.440896205904259,climate_readiness_score,ND-GAIN
COM,2004,0.56309317277089,climate_readiness_score,ND-GAIN
COG,2004,0.585226928274518,climate_readiness_score,ND-GAIN
COD,2004,0.579430788964076,climate_readiness_score,ND-GAIN
CRI,2004,0.416210559064583,climate_readiness_score,ND-GAIN
CIV,2004,0.498504427108006,climate_readiness_score,ND-GAIN
HRV,2004,0.415056410619427,climate_readiness_score,ND-GAIN
CUB,2004,0.456946727976695,climate_readiness_score,ND-GAIN
CYP,2004,0.375342159152881,climate_readiness_score,ND-GAIN
CZE,2004,0.299532055066251,climate_readiness_score,ND-GAIN
DNK,2004,0.32802087412097,climate_readiness_score,ND-GAIN
DJI,2004,0.613922399232087,climate_readiness_score,ND-GAIN
DMA,2004,0.45123148405896,climate_readiness_score,ND-GAIN
DOM,2004,0.479616525859869,climate_readiness_score,ND-GAIN
ECU,2004,0.492545485295479,climate_readiness_score,ND-GAIN
EGY,2004,0.508029997852749,climate_readiness_score,ND-GAIN
SLV,2004,0.470369146870895,climate_readiness_score,ND-GAIN
GNQ,2004,0.453203402268743,climate_readiness_score,ND-GAIN
ERI,2004,0.654932770057302,climate_readiness_score,ND-GAIN
EST,2004,0.375408378295876,climate_readiness_score,ND-GAIN
ETH,2004,0.582116674462596,climate_readiness_score,ND-GAIN
FJI,2004,0.515884859523294,climate_readiness_score,ND-GAIN
FIN,2004,0.316926920921726,climate_readiness_score,ND-GAIN
FRA,2004,0.333323772629914,climate_readiness_score,ND-GAIN
GAB,2004,0.469018914982954,climate_readiness_score,ND-GAIN
GMB,2004,0.589354418489713,climate_readiness_score,ND-GAIN
GEO,2004,0.424245012175767,climate_readiness_score,ND-GAIN
DEU,2004,0.316479401330852,climate_readiness_score,ND-GAIN
GHA,2004,0.541521064323834,climate_readiness_score,ND-GAIN
GRC,2004,0.366918595766641,climate_readiness_score,ND-GAIN
GRD,2004,0.434063371850782,climate_readiness_score,ND-GAIN
GTM,2004,0.496167781144283,climate_readiness_score,ND-GAIN
GIN,2004,0.50078180729772,climate_readiness_score,ND-GAIN
GNB,2004,0.650085050136848,climate_readiness_score,ND-GAIN
GUY,2004,0.528769256320162,climate_readiness_score,ND-GAIN
HTI,2004,0.554340370841455,climate_readiness_score,ND-GAIN
HND,2004,0.492488100206252,climate_readiness_score,ND-GAIN
HUN,2004,0.406255638732317,climate_readiness_score,ND-GAIN
ISL,2004,0.33937609017616,climate_readiness_score,ND-GAIN
IND,2004,0.534366583998992,climate_readiness_score,ND-GAIN
IDN,2004,0.457709049008935,climate_readiness_score,ND-GAIN
IRN,2004,0.430053562416505,climate_readiness_score,ND-GAIN
IRQ,2004,0.512763233773007,climate_readiness_score,ND-GAIN
IRL,2004,0.333158428848174,climate_readiness_score,ND-GAIN
ISR,2004,0.381990723012715,climate_readiness_score,ND-GAIN
ITA,2004,0.36631084979979,climate_readiness_score,ND-GAIN
JAM,2004,0.453059977968316,climate_readiness_score,ND-GAIN
JPN,2004,0.355870847072483,climate_readiness_score,ND-GAIN
JOR,2004,0.45958077288547,climate_readiness_score,ND-GAIN
KAZ,2004,0.373473286130197,climate_readiness_score,ND-GAIN
KEN,2004,0.513718421995116,climate_readiness_score,ND-GAIN
KIR,2004,0.581736032894809,climate_readiness_score,ND-GAIN
PRK,2004,0.526585561426465,climate_readiness_score,ND-GAIN
KOR,2004,0.375880138717314,climate_readiness_score,ND-GAIN
KWT,2004,0.457020059905489,climate_readiness_score,ND-GAIN
KGZ,2004,0.398259415442138,climate_readiness_score,ND-GAIN
LAO,2004,0.547734997238422,climate_readiness_score,ND-GAIN
LVA,2004,0.40251135406477,climate_readiness_score,ND-GAIN
LBN,2004,0.490909848273657,climate_readiness_score,ND-GAIN
LSO,2004,0.519064326160524,climate_readiness_score,ND-GAIN
LBR,2004,0.591624114667052,climate_readiness_score,ND-GAIN
LBY,2004,0.488242573148523,climate_readiness_score,ND-GAIN
LIE,2004,,climate_readiness_score,ND-GAIN
LTU,2004,0.392623124771086,climate_readiness_score,ND-GAIN
LUX,2004,0.341263883067089,climate_readiness_score,ND-GAIN
MKD,2004,0.410471706061887,climate_readiness_score,ND-GAIN
MDG,2004,0.573544523388881,climate_readiness_score,ND-GAIN
MWI,2004,0.617216014918906,climate_readiness_score,ND-GAIN
MYS,2004,0.40693056084674,climate_readiness_score,ND-GAIN
MDV,2004,0.582361118884792,climate_readiness_score,ND-GAIN
MLI,2004,0.604314822658038,climate_readiness_score,ND-GAIN
MLT,2004,0.391221318087136,climate_readiness_score,ND-GAIN
MHL,2004,0.532396368694344,climate_readiness_score,ND-GAIN
MRT,2004,0.648314952988736,climate_readiness_score,ND-GAIN
MUS,2004,0.488553332331573,climate_readiness_score,ND-GAIN
MEX,2004,0.419140334857545,climate_readiness_score,ND-GAIN
FSM,2004,0.647485911153953,climate_readiness_score,ND-GAIN
MDA,2004,0.477373516891612,climate_readiness_score,ND-GAIN
MCO,2004,0.409217715327739,climate_readiness_score,ND-GAIN
MNG,2004,0.455647746216179,climate_readiness_score,ND-GAIN
MNE,2004,0.453604311086709,climate_readiness_score,ND-GAIN
MAR,2004,0.506471060645675,climate_readiness_score,ND-GAIN
MOZ,2004,0.518333711616839,climate_readiness_score,ND-GAIN
MMR,2004,0.544695267014397,climate_readiness_score,ND-GAIN
NAM,2004,0.563514284989602,climate_readiness_score,ND-GAIN
NRU,2004,0.51861341422741,climate_readiness_score,ND-GAIN
NPL,2004,0.573372612941757,climate_readiness_score,ND-GAIN
NLD,2004,0.370491194067479,climate_readiness_score,ND-GAIN
NZL,2004,0.302698184534138,climate_readiness_score,ND-GAIN
NIC,2004,0.468636410259681,climate_readiness_score,ND-GAIN
NER,2004,0.598297736755326,climate_readiness_score,ND-GAIN
NGA,2004,0.509622088399267,climate_readiness_score,ND-GAIN
NOR,2004,0.269139549588338,climate_readiness_score,ND-GAIN
OMN,2004,0.476486280204385,climate_readiness_score,ND-GAIN
PAK,2004,0.549213922719829,climate_readiness_score,ND-GAIN
PLW,2004,0.51714480022086,climate_readiness_score,ND-GAIN
PAN,2004,0.434783017826494,climate_readiness_score,ND-GAIN
PNG,2004,0.558823760922228,climate_readiness_score,ND-GAIN
PRY,2004,0.410451445798179,climate_readiness_score,ND-GAIN
PER,2004,0.46003520142985,climate_readiness_score,ND-GAIN
PHL,2004,0.474159063101065,climate_readiness_score,ND-GAIN
POL,2004,0.316858279930996,climate_readiness_score,ND-GAIN
PRT,2004,0.394122600737295,climate_readiness_score,ND-GAIN
QAT,2004,0.442540824292173,climate_readiness_score,ND-GAIN
ROU,2004,0.425875839965603,climate_readiness_score,ND-GAIN
RUS,2004,0.32347856815564,climate_readiness_score,ND-GAIN
RWA,2004,0.63865559897181,climate_readiness_score,ND-GAIN
KNA,2004,0.501966758875411,climate_readiness_score,ND-GAIN
LCA,2004,0.356407085856254,climate_readiness_score,ND-GAIN
VCT,2004,0.424681407492742,climate_readiness_score,ND-GAIN
WSM,2004,0.539811798827287,climate_readiness_score,ND-GAIN
SMR,2004,,climate_readiness_score,ND-GAIN
STP,2004,0.573651119825905,climate_readiness_score,ND-GAIN
SAU,2004,0.478367157265061,climate_readiness_score,ND-GAIN
SEN,2004,0.545088903510105,climate_readiness_score,ND-GAIN
SRB,2004,0.473688243543895,climate_readiness_score,ND-GAIN
SYC,2004,0.485262977689956,climate_readiness_score,ND-GAIN
SLE,2004,0.610373421506895,climate_readiness_score,ND-GAIN
SGP,2004,0.402947808156769,climate_readiness_score,ND-GAIN
SVK,2004,0.37731465391334,climate_readiness_score,ND-GAIN
SVN,2004,0.353538314242406,climate_readiness_score,ND-GAIN
SLB,2004,0.651372126243723,climate_readiness_score,ND-GAIN
SOM,2004,0.668348827668886,climate_readiness_score,ND-GAIN
ZAF,2004,0.460123424381272,climate_readiness_score,ND-GAIN
ESP,2004,0.333579547325552,climate_readiness_score,ND-GAIN
LKA,2004,0.451704609212177,climate_readiness_score,ND-GAIN
SDN,2004,0.630178453806756,climate_readiness_score,ND-GAIN
SUR,2004,0.436506944623985,climate_readiness_score,ND-GAIN
SWZ,2004,0.533590928266317,climate_readiness_score,ND-GAIN
SWE,2004,0.320801856264339,climate_readiness_score,ND-GAIN
CHE,2004,0.312149687386303,climate_readiness_score,ND-GAIN
SYR,2004,0.487195080055542,climate_readiness_score,ND-GAIN
TJK,2004,0.408352806699318,climate_readiness_score,ND-GAIN
TZA,2004,0.53729283662072,climate_readiness_score,ND-GAIN
THA,2004,0.446992377166168,climate_readiness_score,ND-GAIN
TLS,2004,0.59055140526767,climate_readiness_score,ND-GAIN
TGO,2004,0.540212911019703,climate_readiness_score,ND-GAIN
TON,2004,0.614973163285282,climate_readiness_score,ND-GAIN
TTO,2004,0.405422566527467,climate_readiness_score,ND-GAIN
TUN,2004,0.424425507581723,climate_readiness_score,ND-GAIN
TUR,2004,0.412160702424236,climate_readiness_score,ND-GAIN
TKM,2004,0.452693737166019,climate_readiness_score,ND-GAIN
TUV,2004,0.559946428065298,climate_readiness_score,ND-GAIN
UGA,2004,0.560571699651929,climate_readiness_score,ND-GAIN
UKR,2004,0.420006777153912,climate_readiness_score,ND-GAIN
ARE,2004,0.455045941784775,climate_readiness_score,ND-GAIN
GBR,2004,0.266168618656332,climate_readiness_score,ND-GAIN
USA,2004,0.322263559739321,climate_readiness_score,ND-GAIN
URY,2004,0.426321970025002,climate_readiness_score,ND-GAIN
UZB,2004,0.415835719778005,climate_readiness_score,ND-GAIN
VUT,2004,0.573687988106927,climate_readiness_score,ND-GAIN
VEN,2004,0.388795413399257,climate_readiness_score,ND-GAIN
VNM,2004,0.522167854482885,climate_readiness_score,ND-GAIN
YEM,2004,0.601457534590463,climate_readiness_score,ND-GAIN
ZMB,2004,0.518190677691374,climate_readiness_score,ND-GAIN
ZWE,2004,0.521001697525523,climate_readiness_score,ND-GAIN
AFG,2005,0.63650730663405,climate_readiness_score,ND-GAIN
ALB,2005,0.492422735028662,climate_readiness_score,ND-GAIN
DZA,2005,0.455850091074584,climate_readiness_score,ND-GAIN
AND,2005,0.397123402567662,climate_readiness_score,ND-GAIN
AGO,2005,0.517702080664831,climate_readiness_score,ND-GAIN
ATG,2005,0.497351506695797,climate_readiness_score,ND-GAIN
ARG,2005,0.409307107296769,climate_readiness_score,ND-GAIN
ARM,2005,0.417183353531983,climate_readiness_score,ND-GAIN
AUS,2005,0.329712409645301,climate_readiness_score,ND-GAIN
AUT,2005,0.332401996212863,climate_readiness_score,ND-GAIN
AZE,2005,0.445035697105238,climate_readiness_score,ND-GAIN
BHS,2005,0.477059595048166,climate_readiness_score,ND-GAIN
BHR,2005,0.496905533046646,climate_readiness_score,ND-GAIN
BGD,2005,0.579481379717124,climate_readiness_score,ND-GAIN
BRB,2005,0.428027826164209,climate_readiness_score,ND-GAIN
BLR,2005,0.390742906940375,climate_readiness_score,ND-GAIN
BEL,2005,0.394045172140966,climate_readiness_score,ND-GAIN
BLZ,2005,0.504024068161136,climate_readiness_score,ND-GAIN
BEN,2005,0.592275740447847,climate_readiness_score,ND-GAIN
BTN,2005,0.564225265142858,climate_readiness_score,ND-GAIN
BOL,2005,0.487220377894403,climate_readiness_score,ND-GAIN
BIH,2005,0.402877427635189,climate_readiness_score,ND-GAIN
BWA,2005,0.521993013127734,climate_readiness_score,ND-GAIN
BRA,2005,0.389570340517964,climate_readiness_score,ND-GAIN
BRN,2005,0.430741399151522,climate_readiness_score,ND-GAIN
BGR,2005,0.391768239639892,climate_readiness_score,ND-GAIN
BFA,2005,0.557005549635234,climate_readiness_score,ND-GAIN
BDI,2005,0.622898200855546,climate_readiness_score,ND-GAIN
KHM,2005,0.528544484775238,climate_readiness_score,ND-GAIN
CMR,2005,0.486414786039895,climate_readiness_score,ND-GAIN
CAN,2005,0.311804915807615,climate_readiness_score,ND-GAIN
CPV,2005,0.485542448808781,climate_readiness_score,ND-GAIN
CAF,2005,0.587356644873916,climate_readiness_score,ND-GAIN
TCD,2005,0.648766458999856,climate_readiness_score,ND-GAIN
CHL,2005,0.373690553520881,climate_readiness_score,ND-GAIN
CHN,2005,0.416661436862762,climate_readiness_score,ND-GAIN
COL,2005,0.438194247355065,climate_readiness_score,ND-GAIN
COM,2005,0.552281998649066,climate_readiness_score,ND-GAIN
COG,2005,0.583025253033365,climate_readiness_score,ND-GAIN
COD,2005,0.581214798228008,climate_readiness_score,ND-GAIN
CRI,2005,0.415083258928134,climate_readiness_score,ND-GAIN
CIV,2005,0.495761165041631,climate_readiness_score,ND-GAIN
HRV,2005,0.414706226488578,climate_readiness_score,ND-GAIN
CUB,2005,0.458308139562823,climate_readiness_score,ND-GAIN
CYP,2005,0.375408138481483,climate_readiness_score,ND-GAIN
CZE,2005,0.298785520460335,climate_readiness_score,ND-GAIN
DNK,2005,0.32747245704603,climate_readiness_score,ND-GAIN
DJI,2005,0.620931714444254,climate_readiness_score,ND-GAIN
DMA,2005,0.442212825331696,climate_readiness_score,ND-GAIN
DOM,2005,0.478389943703718,climate_readiness_score,ND-GAIN
ECU,2005,0.489164803107073,climate_readiness_score,ND-GAIN
EGY,2005,0.504764241005982,climate_readiness_score,ND-GAIN
SLV,2005,0.465938233660559,climate_readiness_score,ND-GAIN
GNQ,2005,0.452612554363144,climate_readiness_score,ND-GAIN
ERI,2005,0.652941158020902,climate_readiness_score,ND-GAIN
EST,2005,0.371836767629958,climate_readiness_score,ND-GAIN
ETH,2005,0.575190357744712,climate_readiness_score,ND-GAIN
FJI,2005,0.50620432645598,climate_readiness_score,ND-GAIN
FIN,2005,0.315631804819688,climate_readiness_score,ND-GAIN
FRA,2005,0.332809540450647,climate_readiness_score,ND-GAIN
GAB,2005,0.467240001568538,climate_readiness_score,ND-GAIN
GMB,2005,0.588258497657614,climate_readiness_score,ND-GAIN
GEO,2005,0.422547343470067,climate_readiness_score,ND-GAIN
DEU,2005,0.314866627281915,climate_readiness_score,ND-GAIN
GHA,2005,0.533582300364614,climate_readiness_score,ND-GAIN
GRC,2005,0.364058546661206,climate_readiness_score,ND-GAIN
GRD,2005,0.429260992570197,climate_readiness_score,ND-GAIN
GTM,2005,0.496232324845457,climate_readiness_score,ND-GAIN
GIN,2005,0.494607822913778,climate_readiness_score,ND-GAIN
GNB,2005,0.657507627383116,climate_readiness_score,ND-GAIN
GUY,2005,0.534592761987003,climate_readiness_score,ND-GAIN
HTI,2005,0.554033460633528,climate_readiness_score,ND-GAIN
HND,2005,0.490400023305125,climate_readiness_score,ND-GAIN
HUN,2005,0.406153435101863,climate_readiness_score,ND-GAIN
ISL,2005,0.337019065786754,climate_readiness_score,ND-GAIN
IND,2005,0.530158764656281,climate_readiness_score,ND-GAIN
IDN,2005,0.455659497524718,climate_readiness_score,ND-GAIN
IRN,2005,0.426239498920682,climate_readiness_score,ND-GAIN
IRQ,2005,0.515731466927822,climate_readiness_score,ND-GAIN
IRL,2005,0.331269484889802,climate_readiness_score,ND-GAIN
ISR,2005,0.381085001758459,climate_readiness_score,ND-GAIN
ITA,2005,0.364679796788711,climate_readiness_score,ND-GAIN
JAM,2005,0.45245863972578,climate_readiness_score,ND-GAIN
JPN,2005,0.35542663753112,climate_readiness_score,ND-GAIN
JOR,2005,0.445420261312335,climate_readiness_score,ND-GAIN
KAZ,2005,0.370514612573148,climate_readiness_score,ND-GAIN
KEN,2005,0.509815148452312,climate_readiness_score,ND-GAIN
KIR,2005,0.581491378872952,climate_readiness_score,ND-GAIN
PRK,2005,0.526252296078637,climate_readiness_score,ND-GAIN
KOR,2005,0.372162419278656,climate_readiness_score,ND-GAIN
KWT,2005,0.456903716250402,climate_readiness_score,ND-GAIN
KGZ,2005,0.387994958985525,climate_readiness_score,ND-GAIN
LAO,2005,0.53998587399366,climate_readiness_score,ND-GAIN
LVA,2005,0.399524459082501,climate_readiness_score,ND-GAIN
LBN,2005,0.491014516415249,climate_readiness_score,ND-GAIN
LSO,2005,0.524740902328046,climate_readiness_score,ND-GAIN
LBR,2005,0.59997488351477,climate_readiness_score,ND-GAIN
LBY,2005,0.488151440243977,climate_readiness_score,ND-GAIN
LIE,2005,,climate_readiness_score,ND-GAIN
LTU,2005,0.393637404964003,climate_readiness_score,ND-GAIN
LUX,2005,0.340365746329444,climate_readiness_score,ND-GAIN
MKD,2005,0.408701578481467,climate_readiness_score,ND-GAIN
MDG,2005,0.57309880273567,climate_readiness_score,ND-GAIN
MWI,2005,0.612353371692302,climate_readiness_score,ND-GAIN
MYS,2005,0.404510581935384,climate_readiness_score,ND-GAIN
MDV,2005,0.570838604574915,climate_readiness_score,ND-GAIN
MLI,2005,0.605079148064206,climate_readiness_score,ND-GAIN
MLT,2005,0.387831533031311,climate_readiness_score,ND-GAIN
MHL,2005,0.530845134357923,climate_readiness_score,ND-GAIN
MRT,2005,0.648996580384009,climate_readiness_score,ND-GAIN
MUS,2005,0.485886827517126,climate_readiness_score,ND-GAIN
MEX,2005,0.416454388660573,climate_readiness_score,ND-GAIN
FSM,2005,0.644336887497172,climate_readiness_score,ND-GAIN
MDA,2005,0.474760090516817,climate_readiness_score,ND-GAIN
MCO,2005,0.409450706094009,climate_readiness_score,ND-GAIN
MNG,2005,0.438542875308806,climate_readiness_score,ND-GAIN
MNE,2005,0.453057070693089,climate_readiness_score,ND-GAIN
MAR,2005,0.502040435980265,climate_readiness_score,ND-GAIN
MOZ,2005,0.515007084663123,climate_readiness_score,ND-GAIN
MMR,2005,0.5413407375382,climate_readiness_score,ND-GAIN
NAM,2005,0.566572628265029,climate_readiness_score,ND-GAIN
NRU,2005,0.502641543511466,climate_readiness_score,ND-GAIN
NPL,2005,0.566553304372423,climate_readiness_score,ND-GAIN
NLD,2005,0.37336528417593,climate_readiness_score,ND-GAIN
NZL,2005,0.300800147363361,climate_readiness_score,ND-GAIN
NIC,2005,0.467626131535189,climate_readiness_score,ND-GAIN
NER,2005,0.598020954142146,climate_readiness_score,ND-GAIN
NGA,2005,0.505803364024359,climate_readiness_score,ND-GAIN
NOR,2005,0.268200627423909,climate_readiness_score,ND-GAIN
OMN,2005,0.474439311362045,climate_readiness_score,ND-GAIN
PAK,2005,0.547590771512852,climate_readiness_score,ND-GAIN
PLW,2005,0.51733965602128,climate_readiness_score,ND-GAIN
PAN,2005,0.43373718022286,climate_readiness_score,ND-GAIN
PNG,2005,0.556710782658547,climate_readiness_score,ND-GAIN
PRY,2005,0.407494145492613,climate_readiness_score,ND-GAIN
PER,2005,0.455594180010306,climate_readiness_score,ND-GAIN
PHL,2005,0.473665810126429,climate_readiness_score,ND-GAIN
POL,2005,0.316351317938226,climate_readiness_score,ND-GAIN
PRT,2005,0.394624321445223,climate_readiness_score,ND-GAIN
QAT,2005,0.440282558898967,climate_readiness_score,ND-GAIN
ROU,2005,0.423594056605558,climate_readiness_score,ND-GAIN
RUS,2005,0.321929868429704,climate_readiness_score,ND-GAIN
RWA,2005,0.635432945259883,climate_readiness_score,ND-GAIN
KNA,2005,0.495536029147385,climate_readiness_score,ND-GAIN
LCA,2005,0.356049031975703,climate_readiness_score,ND-GAIN
VCT,2005,0.423885092929024,climate_readiness_score,ND-GAIN
WSM,2005,0.536517494763919,climate_readiness_score,ND-GAIN
SMR,2005,,climate_readiness_score,ND-GAIN
STP,2005,0.574238236789818,climate_readiness_score,ND-GAIN
SAU,2005,0.476551926940106,climate_readiness_score,ND-GAIN
SEN,2005,0.54541921865417,climate_readiness_score,ND-GAIN
SRB,2005,0.474011290490384,climate_readiness_score,ND-GAIN
SYC,2005,0.483159747921383,climate_readiness_score,ND-GAIN
SLE,2005,0.611093514999291,climate_readiness_score,ND-GAIN
SGP,2005,0.403084443188954,climate_readiness_score,ND-GAIN
SVK,2005,0.376455902156449,climate_readiness_score,ND-GAIN
SVN,2005,0.353863262252644,climate_readiness_score,ND-GAIN
SLB,2005,0.647942513098087,climate_readiness_score,ND-GAIN
SOM,2005,0.665738032417163,climate_readiness_score,ND-GAIN
ZAF,2005,0.464429130850644,climate_readiness_score,ND-GAIN
ESP,2005,0.333769753865806,climate_readiness_score,ND-GAIN
LKA,2005,0.454273713539422,climate_readiness_score,ND-GAIN
SDN,2005,0.627982659404412,climate_readiness_score,ND-GAIN
SUR,2005,0.433091914645118,climate_readiness_score,ND-GAIN
SWZ,2005,0.528546424966302,climate_readiness_score,ND-GAIN
SWE,2005,0.319659371502776,climate_readiness_score,ND-GAIN
CHE,2005,0.31316228112388,climate_readiness_score,ND-GAIN
SYR,2005,0.487232114446561,climate_readiness_score,ND-GAIN
TJK,2005,0.411886391217764,climate_readiness_score,ND-GAIN
TZA,2005,0.534930225503977,climate_readiness_score,ND-GAIN
THA,2005,0.445973739460495,climate_readiness_score,ND-GAIN
TLS,2005,0.592985417597986,climate_readiness_score,ND-GAIN
TGO,2005,0.536037504424969,climate_readiness_score,ND-GAIN
TON,2005,0.60826677079407,climate_readiness_score,ND-GAIN
TTO,2005,0.405426257100428,climate_readiness_score,ND-GAIN
TUN,2005,0.422460499218043,climate_readiness_score,ND-GAIN
TUR,2005,0.409239001736401,climate_readiness_score,ND-GAIN
TKM,2005,0.452257260634302,climate_readiness_score,ND-GAIN
TUV,2005,0.558396601147687,climate_readiness_score,ND-GAIN
UGA,2005,0.561515123606923,climate_readiness_score,ND-GAIN
UKR,2005,0.415731896198553,climate_readiness_score,ND-GAIN
ARE,2005,0.455295617569481,climate_readiness_score,ND-GAIN
GBR,2005,0.268343523034591,climate_readiness_score,ND-GAIN
USA,2005,0.3219563458778,climate_readiness_score,ND-GAIN
URY,2005,0.421786535341974,climate_readiness_score,ND-GAIN
UZB,2005,0.414762125910903,climate_readiness_score,ND-GAIN
VUT,2005,0.570094945464806,climate_readiness_score,ND-GAIN
VEN,2005,0.386252170642873,climate_readiness_score,ND-GAIN
VNM,2005,0.516080737387313,climate_readiness_score,ND-GAIN
YEM,2005,0.598930881199282,climate_readiness_score,ND-GAIN
ZMB,2005,0.513966736338626,climate_readiness_score,ND-GAIN
ZWE,2005,0.517509515616014,climate_readiness_score,ND-GAIN
AFG,2006,0.638224305642302,climate_readiness_score,ND-GAIN
ALB,2006,0.489017122883763,climate_readiness_score,ND-GAIN
DZA,2006,0.453250717046252,climate_readiness_score,ND-GAIN
AND,2006,0.395512151872586,climate_readiness_score,ND-GAIN
AGO,2006,0.521854661861993,climate_readiness_score,ND-GAIN
ATG,2006,0.492223522457494,climate_readiness_score,ND-GAIN
ARG,2006,0.408153487481687,climate_readiness_score,ND-GAIN
ARM,2006,0.414552390686376,climate_readiness_score,ND-GAIN
AUS,2006,0.329486844146038,climate_readiness_score,ND-GAIN
AUT,2006,0.331269932684435,climate_readiness_score,ND-GAIN
AZE,2006,0.44315357714477,climate_readiness_score,ND-GAIN
BHS,2006,0.476608834115467,climate_readiness_score,ND-GAIN
BHR,2006,0.494079650127277,climate_readiness_score,ND-GAIN
BGD,2006,0.573422303634404,climate_readiness_score,ND-GAIN
BRB,2006,0.429150340134529,climate_readiness_score,ND-GAIN
BLR,2006,0.389881170597237,climate_readiness_score,ND-GAIN
BEL,2006,0.394554554540312,climate_readiness_score,ND-GAIN
BLZ,2006,0.503215269272995,climate_readiness_score,ND-GAIN
BEN,2006,0.593747950176902,climate_readiness_score,ND-GAIN
BTN,2006,0.578504175171627,climate_readiness_score,ND-GAIN
BOL,2006,0.481327300836945,climate_readiness_score,ND-GAIN
BIH,2006,0.400331922300737,climate_readiness_score,ND-GAIN
BWA,2006,0.519633406303759,climate_readiness_score,ND-GAIN
BRA,2006,0.386013323968372,climate_readiness_score,ND-GAIN
BRN,2006,0.433011918115751,climate_readiness_score,ND-GAIN
BGR,2006,0.390978168477482,climate_readiness_score,ND-GAIN
BFA,2006,0.554036756538143,climate_readiness_score,ND-GAIN
BDI,2006,0.629334414183061,climate_readiness_score,ND-GAIN
KHM,2006,0.529437475997333,climate_readiness_score,ND-GAIN
CMR,2006,0.485099399309416,climate_readiness_score,ND-GAIN
CAN,2006,0.311498276297489,climate_readiness_score,ND-GAIN
CPV,2006,0.487778123204649,climate_readiness_score,ND-GAIN
CAF,2006,0.574083697486351,climate_readiness_score,ND-GAIN
TCD,2006,0.647559005858481,climate_readiness_score,ND-GAIN
CHL,2006,0.371919201694256,climate_readiness_score,ND-GAIN
CHN,2006,0.414387058894614,climate_readiness_score,ND-GAIN
COL,2006,0.437410375535211,climate_readiness_score,ND-GAIN
COM,2006,0.53032864630676,climate_readiness_score,ND-GAIN
COG,2006,0.574928985267864,climate_readiness_score,ND-GAIN
COD,2006,0.57863718502338,climate_readiness_score,ND-GAIN
CRI,2006,0.41371930319821,climate_readiness_score,ND-GAIN
CIV,2006,0.497194336905746,climate_readiness_score,ND-GAIN
HRV,2006,0.413055294215361,climate_readiness_score,ND-GAIN
CUB,2006,0.454025911630405,climate_readiness_score,ND-GAIN
CYP,2006,0.372664904303947,climate_readiness_score,ND-GAIN
CZE,2006,0.298322462337514,climate_readiness_score,ND-GAIN
DNK,2006,0.327019226851752,climate_readiness_score,ND-GAIN
DJI,2006,0.61988781334343,climate_readiness_score,ND-GAIN
DMA,2006,0.443201746356632,climate_readiness_score,ND-GAIN
DOM,2006,0.476933069861177,climate_readiness_score,ND-GAIN
ECU,2006,0.490126989880338,climate_readiness_score,ND-GAIN
EGY,2006,0.498173880926598,climate_readiness_score,ND-GAIN
SLV,2006,0.465174416598909,climate_readiness_score,ND-GAIN
GNQ,2006,0.454957382340771,climate_readiness_score,ND-GAIN
ERI,2006,0.649530141272223,climate_readiness_score,ND-GAIN
EST,2006,0.369135642356345,climate_readiness_score,ND-GAIN
ETH,2006,0.577846593338698,climate_readiness_score,ND-GAIN
FJI,2006,0.49996961700671,climate_readiness_score,ND-GAIN
FIN,2006,0.314879313970924,climate_readiness_score,ND-GAIN
FRA,2006,0.332048343768916,climate_readiness_score,ND-GAIN
GAB,2006,0.463615581079909,climate_readiness_score,ND-GAIN
GMB,2006,0.580778362879469,climate_readiness_score,ND-GAIN
GEO,2006,0.422980767752274,climate_readiness_score,ND-GAIN
DEU,2006,0.312940516222016,climate_readiness_score,ND-GAIN
GHA,2006,0.52626716220571,climate_readiness_score,ND-GAIN
GRC,2006,0.366993723050805,climate_readiness_score,ND-GAIN
GRD,2006,0.431964998492557,climate_readiness_score,ND-GAIN
GTM,2006,0.487646121387609,climate_readiness_score,ND-GAIN
GIN,2006,0.494241870755089,climate_readiness_score,ND-GAIN
GNB,2006,0.655116936996358,climate_readiness_score,ND-GAIN
GUY,2006,0.537071807370949,climate_readiness_score,ND-GAIN
HTI,2006,0.554441668988349,climate_readiness_score,ND-GAIN
HND,2006,0.483355133747271,climate_readiness_score,ND-GAIN
HUN,2006,0.404034774247129,climate_readiness_score,ND-GAIN
ISL,2006,0.33298091194811,climate_readiness_score,ND-GAIN
IND,2006,0.529848675889132,climate_readiness_score,ND-GAIN
IDN,2006,0.453844951082689,climate_readiness_score,ND-GAIN
IRN,2006,0.422299795948218,climate_readiness_score,ND-GAIN
IRQ,2006,0.518143802593332,climate_readiness_score,ND-GAIN
IRL,2006,0.329540475792739,climate_readiness_score,ND-GAIN
ISR,2006,0.378905169055086,climate_readiness_score,ND-GAIN
ITA,2006,0.364887419109508,climate_readiness_score,ND-GAIN
JAM,2006,0.451786859019982,climate_readiness_score,ND-GAIN
JPN,2006,0.354721860540146,climate_readiness_score,ND-GAIN
JOR,2006,0.446940778478006,climate_readiness_score,ND-GAIN
KAZ,2006,0.367772020350118,climate_readiness_score,ND-GAIN
KEN,2006,0.518566355624356,climate_readiness_score,ND-GAIN
KIR,2006,0.600976918085883,climate_readiness_score,ND-GAIN
PRK,2006,0.523929399948476,climate_readiness_score,ND-GAIN
KOR,2006,0.372199764273099,climate_readiness_score,ND-GAIN
KWT,2006,0.457559353744319,climate_readiness_score,ND-GAIN
KGZ,2006,0.393104701537833,climate_readiness_score,ND-GAIN
LAO,2006,0.547065285316775,climate_readiness_score,ND-GAIN
LVA,2006,0.398923704327838,climate_readiness_score,ND-GAIN
LBN,2006,0.49292398224768,climate_readiness_score,ND-GAIN
LSO,2006,0.519840937868946,climate_readiness_score,ND-GAIN
LBR,2006,0.602420236241932,climate_readiness_score,ND-GAIN
LBY,2006,0.488436247925873,climate_readiness_score,ND-GAIN
LIE,2006,,climate_readiness_score,ND-GAIN
LTU,2006,0.39434598555477,climate_readiness_score,ND-GAIN
LUX,2006,0.339983406277415,climate_readiness_score,ND-GAIN
MKD,2006,0.407508418973392,climate_readiness_score,ND-GAIN
MDG,2006,0.57078173334561,climate_readiness_score,ND-GAIN
MWI,2006,0.607880308720763,climate_readiness_score,ND-GAIN
MYS,2006,0.403037889620786,climate_readiness_score,ND-GAIN
MDV,2006,0.566943661748686,climate_readiness_score,ND-GAIN
MLI,2006,0.610284668703254,climate_readiness_score,ND-GAIN
MLT,2006,0.38238164095828,climate_readiness_score,ND-GAIN
MHL,2006,0.529588065419909,climate_readiness_score,ND-GAIN
MRT,2006,0.627361397509192,climate_readiness_score,ND-GAIN
MUS,2006,0.48604565610241,climate_readiness_score,ND-GAIN
MEX,2006,0.41515110198125,climate_readiness_score,ND-GAIN
FSM,2006,0.640996840578383,climate_readiness_score,ND-GAIN
MDA,2006,0.472227391008798,climate_readiness_score,ND-GAIN
MCO,2006,0.409528890268647,climate_readiness_score,ND-GAIN
MNG,2006,0.439526176003401,climate_readiness_score,ND-GAIN
MNE,2006,0.453662344929291,climate_readiness_score,ND-GAIN
MAR,2006,0.493198184681349,climate_readiness_score,ND-GAIN
MOZ,2006,0.513280657265459,climate_readiness_score,ND-GAIN
MMR,2006,0.542216073479737,climate_readiness_score,ND-GAIN
NAM,2006,0.56658696476052,climate_readiness_score,ND-GAIN
NRU,2006,0.5092030925525,climate_readiness_score,ND-GAIN
NPL,2006,0.565025116662655,climate_readiness_score,ND-GAIN
NLD,2006,0.372613862937328,climate_readiness_score,ND-GAIN
NZL,2006,0.30057682937364,climate_readiness_score,ND-GAIN
NIC,2006,0.458036649209208,climate_readiness_score,ND-GAIN
NER,2006,0.593821135611043,climate_readiness_score,ND-GAIN
NGA,2006,0.505155595203069,climate_readiness_score,ND-GAIN
NOR,2006,0.266291494722297,climate_readiness_score,ND-GAIN
OMN,2006,0.472757715732647,climate_readiness_score,ND-GAIN
PAK,2006,0.545434903285035,climate_readiness_score,ND-GAIN
PLW,2006,0.515042448457936,climate_readiness_score,ND-GAIN
PAN,2006,0.43109942831709,climate_readiness_score,ND-GAIN
PNG,2006,0.558768410261401,climate_readiness_score,ND-GAIN
PRY,2006,0.404722285621168,climate_readiness_score,ND-GAIN
PER,2006,0.453457278229596,climate_readiness_score,ND-GAIN
PHL,2006,0.472767171415598,climate_readiness_score,ND-GAIN
POL,2006,0.316251675255795,climate_readiness_score,ND-GAIN
PRT,2006,0.392259649005393,climate_readiness_score,ND-GAIN
QAT,2006,0.436024472091537,climate_readiness_score,ND-GAIN
ROU,2006,0.422402676267311,climate_readiness_score,ND-GAIN
RUS,2006,0.320716826673597,climate_readiness_score,ND-GAIN
RWA,2006,0.634383822972918,climate_readiness_score,ND-GAIN
KNA,2006,0.476053372902023,climate_readiness_score,ND-GAIN
LCA,2006,0.356198774472055,climate_readiness_score,ND-GAIN
VCT,2006,0.423612178703109,climate_readiness_score,ND-GAIN
WSM,2006,0.531689447626159,climate_readiness_score,ND-GAIN
SMR,2006,,climate_readiness_score,ND-GAIN
STP,2006,0.540955830892266,climate_readiness_score,ND-GAIN
SAU,2006,0.474256230993342,climate_readiness_score,ND-GAIN
SEN,2006,0.540847130620237,climate_readiness_score,ND-GAIN
SRB,2006,0.474078518531952,climate_readiness_score,ND-GAIN
SYC,2006,0.484190168289495,climate_readiness_score,ND-GAIN
SLE,2006,0.613984116813093,climate_readiness_score,ND-GAIN
SGP,2006,0.403199594004148,climate_readiness_score,ND-GAIN
SVK,2006,0.374632171545842,climate_readiness_score,ND-GAIN
SVN,2006,0.353800067122386,climate_readiness_score,ND-GAIN
SLB,2006,0.651842078260107,climate_readiness_score,ND-GAIN
SOM,2006,0.664279837125271,climate_readiness_score,ND-GAIN
ZAF,2006,0.458995057535515,climate_readiness_score,ND-GAIN
ESP,2006,0.331566232207579,climate_readiness_score,ND-GAIN
LKA,2006,0.45683259563052,climate_readiness_score,ND-GAIN
SDN,2006,0.628975157222947,climate_readiness_score,ND-GAIN
SUR,2006,0.438407520177469,climate_readiness_score,ND-GAIN
SWZ,2006,0.533134726988713,climate_readiness_score,ND-GAIN
SWE,2006,0.31914920394717,climate_readiness_score,ND-GAIN
CHE,2006,0.311453634621734,climate_readiness_score,ND-GAIN
SYR,2006,0.483758635413886,climate_readiness_score,ND-GAIN
TJK,2006,0.407933628272716,climate_readiness_score,ND-GAIN
TZA,2006,0.536027815071118,climate_readiness_score,ND-GAIN
THA,2006,0.444332723152506,climate_readiness_score,ND-GAIN
TLS,2006,0.608372951972738,climate_readiness_score,ND-GAIN
TGO,2006,0.534205516722624,climate_readiness_score,ND-GAIN
TON,2006,0.612922592349197,climate_readiness_score,ND-GAIN
TTO,2006,0.402846093136022,climate_readiness_score,ND-GAIN
TUN,2006,0.42339468084911,climate_readiness_score,ND-GAIN
TUR,2006,0.407370937936181,climate_readiness_score,ND-GAIN
TKM,2006,0.452406477653697,climate_readiness_score,ND-GAIN
TUV,2006,0.572562256276577,climate_readiness_score,ND-GAIN
UGA,2006,0.55962994990177,climate_readiness_score,ND-GAIN
UKR,2006,0.414212461499492,climate_readiness_score,ND-GAIN
ARE,2006,0.455052061792667,climate_readiness_score,ND-GAIN
GBR,2006,0.272529741379922,climate_readiness_score,ND-GAIN
USA,2006,0.321744587593343,climate_readiness_score,ND-GAIN
URY,2006,0.420942245855342,climate_readiness_score,ND-GAIN
UZB,2006,0.410030741936498,climate_readiness_score,ND-GAIN
VUT,2006,0.573242226160944,climate_readiness_score,ND-GAIN
VEN,2006,0.384786756155084,climate_readiness_score,ND-GAIN
VNM,2006,0.51212524081058,climate_readiness_score,ND-GAIN
YEM,2006,0.597205196575416,climate_readiness_score,ND-GAIN
ZMB,2006,0.513710093346112,climate_readiness_score,ND-GAIN
ZWE,2006,0.519364145301385,climate_readiness_score,ND-GAIN
AFG,2007,0.633808433033769,climate_readiness_score,ND-GAIN
ALB,2007,0.487828365080356,climate_readiness_score,ND-GAIN
DZA,2007,0.453315304266336,climate_readiness_score,ND-GAIN
AND,2007,0.391731503980623,climate_readiness_score,ND-GAIN
AGO,2007,0.517628853540546,climate_readiness_score,ND-GAIN
ATG,2007,0.492438978219542,climate_readiness_score,ND-GAIN
ARG,2007,0.40824915340976,climate_readiness_score,ND-GAIN
ARM,2007,0.417288648442641,climate_readiness_score,ND-GAIN
AUS,2007,0.328696067795437,climate_readiness_score,ND-GAIN
AUT,2007,0.329985093701905,climate_readiness_score,ND-GAIN
AZE,2007,0.443873097969065,climate_readiness_score,ND-GAIN
BHS,2007,0.476592741480855,climate_readiness_score,ND-GAIN
BHR,2007,0.492257692428135,climate_readiness_score,ND-GAIN
BGD,2007,0.582543249980493,climate_readiness_score,ND-GAIN
BRB,2007,0.433550871123324,climate_readiness_score,ND-GAIN
BLR,2007,0.388458937505342,climate_readiness_score,ND-GAIN
BEL,2007,0.395868027839561,climate_readiness_score,ND-GAIN
BLZ,2007,0.50681421412473,climate_readiness_score,ND-GAIN
BEN,2007,0.589856902772191,climate_readiness_score,ND-GAIN
BTN,2007,0.569596602722692,climate_readiness_score,ND-GAIN
BOL,2007,0.47974993239053,climate_readiness_score,ND-GAIN
BIH,2007,0.399441901016669,climate_readiness_score,ND-GAIN
BWA,2007,0.522996366562907,climate_readiness_score,ND-GAIN
BRA,2007,0.385352422797079,climate_readiness_score,ND-GAIN
BRN,2007,0.426884874192581,climate_readiness_score,ND-GAIN
BGR,2007,0.379433896421962,climate_readiness_score,ND-GAIN
BFA,2007,0.553622111559169,climate_readiness_score,ND-GAIN
BDI,2007,0.621893598010686,climate_readiness_score,ND-GAIN
KHM,2007,0.538985329016001,climate_readiness_score,ND-GAIN
CMR,2007,0.485467081063115,climate_readiness_score,ND-GAIN
CAN,2007,0.310978823611554,climate_readiness_score,ND-GAIN
CPV,2007,0.480523442033317,climate_readiness_score,ND-GAIN
CAF,2007,0.585206418105067,climate_readiness_score,ND-GAIN
TCD,2007,0.641930305890384,climate_readiness_score,ND-GAIN
CHL,2007,0.373544459814311,climate_readiness_score,ND-GAIN
CHN,2007,0.412203924199595,climate_readiness_score,ND-GAIN
COL,2007,0.436445003718721,climate_readiness_score,ND-GAIN
COM,2007,0.521328964279212,climate_readiness_score,ND-GAIN
COG,2007,0.561677794725788,climate_readiness_score,ND-GAIN
COD,2007,0.577900158810868,climate_readiness_score,ND-GAIN
CRI,2007,0.414500176346893,climate_readiness_score,ND-GAIN
CIV,2007,0.504646231893023,climate_readiness_score,ND-GAIN
HRV,2007,0.41358906540826,climate_readiness_score,ND-GAIN
CUB,2007,0.452447038763701,climate_readiness_score,ND-GAIN
CYP,2007,0.370726362860774,climate_readiness_score,ND-GAIN
CZE,2007,0.297409656159333,climate_readiness_score,ND-GAIN
DNK,2007,0.326669033560282,climate_readiness_score,ND-GAIN
DJI,2007,0.617255821828818,climate_readiness_score,ND-GAIN
DMA,2007,0.437238533632733,climate_readiness_score,ND-GAIN
DOM,2007,0.474434588394626,climate_readiness_score,ND-GAIN
ECU,2007,0.487832772870603,climate_readiness_score,ND-GAIN
EGY,2007,0.495026350060698,climate_readiness_score,ND-GAIN
SLV,2007,0.464102194779026,climate_readiness_score,ND-GAIN
GNQ,2007,0.455533677772965,climate_readiness_score,ND-GAIN
ERI,2007,0.649220017378454,climate_readiness_score,ND-GAIN
EST,2007,0.366263926085108,climate_readiness_score,ND-GAIN
ETH,2007,0.574914289885702,climate_readiness_score,ND-GAIN
FJI,2007,0.496589040601595,climate_readiness_score,ND-GAIN
FIN,2007,0.315147486469423,climate_readiness_score,ND-GAIN
FRA,2007,0.330958469878054,climate_readiness_score,ND-GAIN
GAB,2007,0.462205657178982,climate_readiness_score,ND-GAIN
GMB,2007,0.579412921215571,climate_readiness_score,ND-GAIN
GEO,2007,0.425345022812087,climate_readiness_score,ND-GAIN
DEU,2007,0.309005660370241,climate_readiness_score,ND-GAIN
GHA,2007,0.524119423850615,climate_readiness_score,ND-GAIN
GRC,2007,0.36553241385799,climate_readiness_score,ND-GAIN
GRD,2007,0.429589014591754,climate_readiness_score,ND-GAIN
GTM,2007,0.489448783523626,climate_readiness_score,ND-GAIN
GIN,2007,0.485804407479019,climate_readiness_score,ND-GAIN
GNB,2007,0.649259738594415,climate_readiness_score,ND-GAIN
GUY,2007,0.538445483488517,climate_readiness_score,ND-GAIN
HTI,2007,0.55254279505459,climate_readiness_score,ND-GAIN
HND,2007,0.482860611611358,climate_readiness_score,ND-GAIN
HUN,2007,0.403216503903576,climate_readiness_score,ND-GAIN
ISL,2007,0.330420962357083,climate_readiness_score,ND-GAIN
IND,2007,0.527137068571437,climate_readiness_score,ND-GAIN
IDN,2007,0.453281631585071,climate_readiness_score,ND-GAIN
IRN,2007,0.422861421100796,climate_readiness_score,ND-GAIN
IRQ,2007,0.520506906195666,climate_readiness_score,ND-GAIN
IRL,2007,0.323866632624324,climate_readiness_score,ND-GAIN
ISR,2007,0.379090511749818,climate_readiness_score,ND-GAIN
ITA,2007,0.361626069720411,climate_readiness_score,ND-GAIN
JAM,2007,0.449437551500426,climate_readiness_score,ND-GAIN
JPN,2007,0.354492414110852,climate_readiness_score,ND-GAIN
JOR,2007,0.44389447906104,climate_readiness_score,ND-GAIN
KAZ,2007,0.366716177137316,climate_readiness_score,ND-GAIN
KEN,2007,0.518470768335798,climate_readiness_score,ND-GAIN
KIR,2007,0.604821940012152,climate_readiness_score,ND-GAIN
PRK,2007,0.52481606512061,climate_readiness_score,ND-GAIN
KOR,2007,0.371170193237846,climate_readiness_score,ND-GAIN
KWT,2007,0.456514729470976,climate_readiness_score,ND-GAIN
KGZ,2007,0.39394675145782,climate_readiness_score,ND-GAIN
LAO,2007,0.542995132458149,climate_readiness_score,ND-GAIN
LVA,2007,0.396926449241482,climate_readiness_score,ND-GAIN
LBN,2007,0.48769971468389,climate_readiness_score,ND-GAIN
LSO,2007,0.517377851292952,climate_readiness_score,ND-GAIN
LBR,2007,0.608467362653783,climate_readiness_score,ND-GAIN
LBY,2007,0.488879482498691,climate_readiness_score,ND-GAIN
LIE,2007,,climate_readiness_score,ND-GAIN
LTU,2007,0.392315014330085,climate_readiness_score,ND-GAIN
LUX,2007,0.340622298333812,climate_readiness_score,ND-GAIN
MKD,2007,0.405961375340954,climate_readiness_score,ND-GAIN
MDG,2007,0.56078321920604,climate_readiness_score,ND-GAIN
MWI,2007,0.602899535421429,climate_readiness_score,ND-GAIN
MYS,2007,0.403844588783794,climate_readiness_score,ND-GAIN
MDV,2007,0.55732362031029,climate_readiness_score,ND-GAIN
MLI,2007,0.604661684383576,climate_readiness_score,ND-GAIN
MLT,2007,0.38268522494663,climate_readiness_score,ND-GAIN
MHL,2007,0.531365660466924,climate_readiness_score,ND-GAIN
MRT,2007,0.626121494785503,climate_readiness_score,ND-GAIN
MUS,2007,0.487746908338989,climate_readiness_score,ND-GAIN
MEX,2007,0.413608141888933,climate_readiness_score,ND-GAIN
FSM,2007,0.639253100345863,climate_readiness_score,ND-GAIN
MDA,2007,0.470033594811936,climate_readiness_score,ND-GAIN
MCO,2007,0.40947488039115,climate_readiness_score,ND-GAIN
MNG,2007,0.435654832138572,climate_readiness_score,ND-GAIN
MNE,2007,0.454766152678433,climate_readiness_score,ND-GAIN
MAR,2007,0.49784811951361,climate_readiness_score,ND-GAIN
MOZ,2007,0.514557242677498,climate_readiness_score,ND-GAIN
MMR,2007,0.536170406161149,climate_readiness_score,ND-GAIN
NAM,2007,0.559494236957507,climate_readiness_score,ND-GAIN
NRU,2007,0.536439375431566,climate_readiness_score,ND-GAIN
NPL,2007,0.552426766610293,climate_readiness_score,ND-GAIN
NLD,2007,0.37070250620002,climate_readiness_score,ND-GAIN
NZL,2007,0.298835499000001,climate_readiness_score,ND-GAIN
NIC,2007,0.460048061250239,climate_readiness_score,ND-GAIN
NER,2007,0.596284773858344,climate_readiness_score,ND-GAIN
NGA,2007,0.505159756165401,climate_readiness_score,ND-GAIN
NOR,2007,0.265684801529208,climate_readiness_score,ND-GAIN
OMN,2007,0.4720651578687,climate_readiness_score,ND-GAIN
PAK,2007,0.544852536293974,climate_readiness_score,ND-GAIN
PLW,2007,0.515626509180848,climate_readiness_score,ND-GAIN
PAN,2007,0.429755757291926,climate_readiness_score,ND-GAIN
PNG,2007,0.55895030307606,climate_readiness_score,ND-GAIN
PRY,2007,0.403888708106988,climate_readiness_score,ND-GAIN
PER,2007,0.447371649795978,climate_readiness_score,ND-GAIN
PHL,2007,0.469374251414012,climate_readiness_score,ND-GAIN
POL,2007,0.317100597613549,climate_readiness_score,ND-GAIN
PRT,2007,0.389267147469956,climate_readiness_score,ND-GAIN
QAT,2007,0.422999416434005,climate_readiness_score,ND-GAIN
ROU,2007,0.415221827704414,climate_readiness_score,ND-GAIN
RUS,2007,0.319618243311417,climate_readiness_score,ND-GAIN
RWA,2007,0.63547012826594,climate_readiness_score,ND-GAIN
KNA,2007,0.477025321313885,climate_readiness_score,ND-GAIN
LCA,2007,0.357999702908717,climate_readiness_score,ND-GAIN
VCT,2007,0.427552192139962,climate_readiness_score,ND-GAIN
WSM,2007,0.536150630180698,climate_readiness_score,ND-GAIN
SMR,2007,,climate_readiness_score,ND-GAIN
STP,2007,0.538765052135903,climate_readiness_score,ND-GAIN
SAU,2007,0.472427615353567,climate_readiness_score,ND-GAIN
SEN,2007,0.540516018423582,climate_readiness_score,ND-GAIN
SRB,2007,0.472682108675914,climate_readiness_score,ND-GAIN
SYC,2007,0.478936575639313,climate_readiness_score,ND-GAIN
SLE,2007,0.608307374596318,climate_readiness_score,ND-GAIN
SGP,2007,0.401782946735098,climate_readiness_score,ND-GAIN
SVK,2007,0.375471113700587,climate_readiness_score,ND-GAIN
SVN,2007,0.353757707942949,climate_readiness_score,ND-GAIN
SLB,2007,0.647774767636533,climate_readiness_score,ND-GAIN
SOM,2007,0.662440062127495,climate_readiness_score,ND-GAIN
ZAF,2007,0.459526895013131,climate_readiness_score,ND-GAIN
ESP,2007,0.330693535956074,climate_readiness_score,ND-GAIN
LKA,2007,0.458332724334447,climate_readiness_score,ND-GAIN
SDN,2007,0.624490547930257,climate_readiness_score,ND-GAIN
SUR,2007,0.431450218323568,climate_readiness_score,ND-GAIN
SWZ,2007,0.528816820402736,climate_readiness_score,ND-GAIN
SWE,2007,0.318396391418866,climate_readiness_score,ND-GAIN
CHE,2007,0.307217505967221,climate_readiness_score,ND-GAIN
SYR,2007,0.484265232402476,climate_readiness_score,ND-GAIN
TJK,2007,0.405819050212705,climate_readiness_score,ND-GAIN
TZA,2007,0.534314056087077,climate_readiness_score,ND-GAIN
THA,2007,0.444767238667757,climate_readiness_score,ND-GAIN
TLS,2007,0.606751887181249,climate_readiness_score,ND-GAIN
TGO,2007,0.534992880917742,climate_readiness_score,ND-GAIN
TON,2007,0.600107365406204,climate_readiness_score,ND-GAIN
TTO,2007,0.403252541616783,climate_readiness_score,ND-GAIN
TUN,2007,0.41876377570605,climate_readiness_score,ND-GAIN
TUR,2007,0.40433576211044,climate_readiness_score,ND-GAIN
TKM,2007,0.451551791842825,climate_readiness_score,ND-GAIN
TUV,2007,0.554717110964138,climate_readiness_score,ND-GAIN
UGA,2007,0.554348085794542,climate_readiness_score,ND-GAIN
UKR,2007,0.412749453242966,climate_readiness_score,ND-GAIN
ARE,2007,0.455100871854445,climate_readiness_score,ND-GAIN
GBR,2007,0.271886413594745,climate_readiness_score,ND-GAIN
USA,2007,0.321365230658064,climate_readiness_score,ND-GAIN
URY,2007,0.415321600845263,climate_readiness_score,ND-GAIN
UZB,2007,0.408062095955528,climate_readiness_score,ND-GAIN
VUT,2007,0.559251093599142,climate_readiness_score,ND-GAIN
VEN,2007,0.384673375275991,climate_readiness_score,ND-GAIN
VNM,2007,0.510666817311088,climate_readiness_score,ND-GAIN
YEM,2007,0.595304687180894,climate_readiness_score,ND-GAIN
ZMB,2007,0.513695698883005,climate_readiness_score,ND-GAIN
ZWE,2007,0.513310737041817,climate_readiness_score,ND-GAIN
AFG,2008,0.632486165661546,climate_readiness_score,ND-GAIN
ALB,2008,0.483344076463963,climate_readiness_score,ND-GAIN
DZA,2008,0.453292182190883,climate_readiness_score,ND-GAIN
AND,2008,0.391535810333527,climate_readiness_score,ND-GAIN
AGO,2008,0.518229453992718,climate_readiness_score,ND-GAIN
ATG,2008,0.492187210407814,climate_readiness_score,ND-GAIN
ARG,2008,0.409181224848364,climate_readiness_score,ND-GAIN
ARM,2008,0.409888312140008,climate_readiness_score,ND-GAIN
AUS,2008,0.328011095047365,climate_readiness_score,ND-GAIN
AUT,2008,0.330271779788422,climate_readiness_score,ND-GAIN
AZE,2008,0.44045039112823,climate_readiness_score,ND-GAIN
BHS,2008,0.473509914303531,climate_readiness_score,ND-GAIN
BHR,2008,0.493529607471314,climate_readiness_score,ND-GAIN
BGD,2008,0.576891065250459,climate_readiness_score,ND-GAIN
BRB,2008,0.431045691558565,climate_readiness_score,ND-GAIN
BLR,2008,0.388522287339219,climate_readiness_score,ND-GAIN
BEL,2008,0.397081236392217,climate_readiness_score,ND-GAIN
BLZ,2008,0.503122931899689,climate_readiness_score,ND-GAIN
BEN,2008,0.596808706426163,climate_readiness_score,ND-GAIN
BTN,2008,0.55937991012402,climate_readiness_score,ND-GAIN
BOL,2008,0.477860805428299,climate_readiness_score,ND-GAIN
BIH,2008,0.395286487980424,climate_readiness_score,ND-GAIN
BWA,2008,0.519027143383942,climate_readiness_score,ND-GAIN
BRA,2008,0.383648142692658,climate_readiness_score,ND-GAIN
BRN,2008,0.429681587574064,climate_readiness_score,ND-GAIN
BGR,2008,0.379679093669861,climate_readiness_score,ND-GAIN
BFA,2008,0.551887067891596,climate_readiness_score,ND-GAIN
BDI,2008,0.620483495280183,climate_readiness_score,ND-GAIN
KHM,2008,0.524053371621738,climate_readiness_score,ND-GAIN
CMR,2008,0.487669936128859,climate_readiness_score,ND-GAIN
CAN,2008,0.310163297593328,climate_readiness_score,ND-GAIN
CPV,2008,0.481111191853038,climate_readiness_score,ND-GAIN
CAF,2008,0.585161505508696,climate_readiness_score,ND-GAIN
TCD,2008,0.639386662878116,climate_readiness_score,ND-GAIN
CHL,2008,0.371942118000873,climate_readiness_score,ND-GAIN
CHN,2008,0.4098204848135,climate_readiness_score,ND-GAIN
COL,2008,0.432940231145546,climate_readiness_score,ND-GAIN
COM,2008,0.536351114399135,climate_readiness_score,ND-GAIN
COG,2008,0.552615534310516,climate_readiness_score,ND-GAIN
COD,2008,0.5818577758419,climate_readiness_score,ND-GAIN
CRI,2008,0.414412591998814,climate_readiness_score,ND-GAIN
CIV,2008,0.503649640173382,climate_readiness_score,ND-GAIN
HRV,2008,0.414294646026411,climate_readiness_score,ND-GAIN
CUB,2008,0.454283842103223,climate_readiness_score,ND-GAIN
CYP,2008,0.36804532278642,climate_readiness_score,ND-GAIN
CZE,2008,0.297755312554243,climate_readiness_score,ND-GAIN
DNK,2008,0.326389477862752,climate_readiness_score,ND-GAIN
DJI,2008,0.608182453606025,climate_readiness_score,ND-GAIN
DMA,2008,0.438540052790493,climate_readiness_score,ND-GAIN
DOM,2008,0.47515475916425,climate_readiness_score,ND-GAIN
ECU,2008,0.485915230637501,climate_readiness_score,ND-GAIN
EGY,2008,0.492623364579191,climate_readiness_score,ND-GAIN
SLV,2008,0.458783778467183,climate_readiness_score,ND-GAIN
GNQ,2008,0.453118545688877,climate_readiness_score,ND-GAIN
ERI,2008,0.646774733985824,climate_readiness_score,ND-GAIN
EST,2008,0.368742852349921,climate_readiness_score,ND-GAIN
ETH,2008,0.576246122006659,climate_readiness_score,ND-GAIN
FJI,2008,0.49974431855984,climate_readiness_score,ND-GAIN
FIN,2008,0.314825973026226,climate_readiness_score,ND-GAIN
FRA,2008,0.329924008755198,climate_readiness_score,ND-GAIN
GAB,2008,0.460959710858254,climate_readiness_score,ND-GAIN
GMB,2008,0.580061133728091,climate_readiness_score,ND-GAIN
GEO,2008,0.431881599331495,climate_readiness_score,ND-GAIN
DEU,2008,0.310494676421901,climate_readiness_score,ND-GAIN
GHA,2008,0.521120589302598,climate_readiness_score,ND-GAIN
GRC,2008,0.365131971896615,climate_readiness_score,ND-GAIN
GRD,2008,0.432486291112034,climate_readiness_score,ND-GAIN
GTM,2008,0.487563810840465,climate_readiness_score,ND-GAIN
GIN,2008,0.484402013935451,climate_readiness_score,ND-GAIN
GNB,2008,0.649097582257411,climate_readiness_score,ND-GAIN
GUY,2008,0.531676029217331,climate_readiness_score,ND-GAIN
HTI,2008,0.55033466998133,climate_readiness_score,ND-GAIN
HND,2008,0.482669303905872,climate_readiness_score,ND-GAIN
HUN,2008,0.402884660448484,climate_readiness_score,ND-GAIN
ISL,2008,0.328621645839946,climate_readiness_score,ND-GAIN
IND,2008,0.524980367388847,climate_readiness_score,ND-GAIN
IDN,2008,0.451345789061702,climate_readiness_score,ND-GAIN
IRN,2008,0.422870069145165,climate_readiness_score,ND-GAIN
IRQ,2008,0.508294266030544,climate_readiness_score,ND-GAIN
IRL,2008,0.32576448197397,climate_readiness_score,ND-GAIN
ISR,2008,0.372857129222192,climate_readiness_score,ND-GAIN
ITA,2008,0.366345978112009,climate_readiness_score,ND-GAIN
JAM,2008,0.448079687270622,climate_readiness_score,ND-GAIN
JPN,2008,0.356334319608947,climate_readiness_score,ND-GAIN
JOR,2008,0.440670869929752,climate_readiness_score,ND-GAIN
KAZ,2008,0.363587938540683,climate_readiness_score,ND-GAIN
KEN,2008,0.518335445585704,climate_readiness_score,ND-GAIN
KIR,2008,0.612128898024402,climate_readiness_score,ND-GAIN
PRK,2008,0.523489534051425,climate_readiness_score,ND-GAIN
KOR,2008,0.369205215402791,climate_readiness_score,ND-GAIN
KWT,2008,0.454102204740361,climate_readiness_score,ND-GAIN
KGZ,2008,0.390548246187277,climate_readiness_score,ND-GAIN
LAO,2008,0.534119551589088,climate_readiness_score,ND-GAIN
LVA,2008,0.395914586670468,climate_readiness_score,ND-GAIN
LBN,2008,0.482125730268236,climate_readiness_score,ND-GAIN
LSO,2008,0.52527295858464,climate_readiness_score,ND-GAIN
LBR,2008,0.605260000959198,climate_readiness_score,ND-GAIN
LBY,2008,0.488450661471296,climate_readiness_score,ND-GAIN
LIE,2008,,climate_readiness_score,ND-GAIN
LTU,2008,0.389383707054358,climate_readiness_score,ND-GAIN
LUX,2008,0.339883940220865,climate_readiness_score,ND-GAIN
MKD,2008,0.407506134903315,climate_readiness_score,ND-GAIN
MDG,2008,0.55850419560832,climate_readiness_score,ND-GAIN
MWI,2008,0.60059724731624,climate_readiness_score,ND-GAIN
MYS,2008,0.398979121405667,climate_readiness_score,ND-GAIN
MDV,2008,0.559809010029083,climate_readiness_score,ND-GAIN
MLI,2008,0.602836572718554,climate_readiness_score,ND-GAIN
MLT,2008,0.381544779649165,climate_readiness_score,ND-GAIN
MHL,2008,0.526532214997732,climate_readiness_score,ND-GAIN
MRT,2008,0.624248163176773,climate_readiness_score,ND-GAIN
MUS,2008,0.490944292758983,climate_readiness_score,ND-GAIN
MEX,2008,0.411201398880929,climate_readiness_score,ND-GAIN
FSM,2008,0.638924898721465,climate_readiness_score,ND-GAIN
MDA,2008,0.466642941118127,climate_readiness_score,ND-GAIN
MCO,2008,0.409920400244396,climate_readiness_score,ND-GAIN
MNG,2008,0.435837464214751,climate_readiness_score,ND-GAIN
MNE,2008,0.451711790472422,climate_readiness_score,ND-GAIN
MAR,2008,0.491968079348376,climate_readiness_score,ND-GAIN
MOZ,2008,0.511853636018822,climate_readiness_score,ND-GAIN
MMR,2008,0.536175653820754,climate_readiness_score,ND-GAIN
NAM,2008,0.55872550986423,climate_readiness_score,ND-GAIN
NRU,2008,0.539425524803857,climate_readiness_score,ND-GAIN
NPL,2008,0.551163037110277,climate_readiness_score,ND-GAIN
NLD,2008,0.371300787985729,climate_readiness_score,ND-GAIN
NZL,2008,0.295347876568785,climate_readiness_score,ND-GAIN
NIC,2008,0.45781093168274,climate_readiness_score,ND-GAIN
NER,2008,0.59567643739785,climate_readiness_score,ND-GAIN
NGA,2008,0.498906208914516,climate_readiness_score,ND-GAIN
NOR,2008,0.264213356817931,climate_readiness_score,ND-GAIN
OMN,2008,0.471097885795011,climate_readiness_score,ND-GAIN
PAK,2008,0.549718515229723,climate_readiness_score,ND-GAIN
PLW,2008,0.515519235089568,climate_readiness_score,ND-GAIN
PAN,2008,0.429439806897567,climate_readiness_score,ND-GAIN
PNG,2008,0.556417793801346,climate_readiness_score,ND-GAIN
PRY,2008,0.40275827493412,climate_readiness_score,ND-GAIN
PER,2008,0.443483528445517,climate_readiness_score,ND-GAIN
PHL,2008,0.468292400768801,climate_readiness_score,ND-GAIN
POL,2008,0.316956446302895,climate_readiness_score,ND-GAIN
PRT,2008,0.382819095449808,climate_readiness_score,ND-GAIN
QAT,2008,0.421369099041353,climate_readiness_score,ND-GAIN
ROU,2008,0.41501117550814,climate_readiness_score,ND-GAIN
RUS,2008,0.318775286129594,climate_readiness_score,ND-GAIN
RWA,2008,0.631634532666111,climate_readiness_score,ND-GAIN
KNA,2008,0.482488312791464,climate_readiness_score,ND-GAIN
LCA,2008,0.358426076167679,climate_readiness_score,ND-GAIN
VCT,2008,0.42458491636259,climate_readiness_score,ND-GAIN
WSM,2008,0.521631135670487,climate_readiness_score,ND-GAIN
SMR,2008,,climate_readiness_score,ND-GAIN
STP,2008,0.537195509202172,climate_readiness_score,ND-GAIN
SAU,2008,0.46755657035874,climate_readiness_score,ND-GAIN
SEN,2008,0.539821118630806,climate_readiness_score,ND-GAIN
SRB,2008,0.474486579939621,climate_readiness_score,ND-GAIN
SYC,2008,0.476712118958519,climate_readiness_score,ND-GAIN
SLE,2008,0.607902439993106,climate_readiness_score,ND-GAIN
SGP,2008,0.402149043788813,climate_readiness_score,ND-GAIN
SVK,2008,0.373369105252765,climate_readiness_score,ND-GAIN
SVN,2008,0.356492735360956,climate_readiness_score,ND-GAIN
SLB,2008,0.643915719025952,climate_readiness_score,ND-GAIN
SOM,2008,0.66153001217753,climate_readiness_score,ND-GAIN
ZAF,2008,0.460017252782233,climate_readiness_score,ND-GAIN
ESP,2008,0.332914549757795,climate_readiness_score,ND-GAIN
LKA,2008,0.458115647250938,climate_readiness_score,ND-GAIN
SDN,2008,0.630249749577399,climate_readiness_score,ND-GAIN
SUR,2008,0.432600043106552,climate_readiness_score,ND-GAIN
SWZ,2008,0.526518382061903,climate_readiness_score,ND-GAIN
SWE,2008,0.3213138210622,climate_readiness_score,ND-GAIN
CHE,2008,0.307176247778798,climate_readiness_score,ND-GAIN
SYR,2008,0.486140884583554,climate_readiness_score,ND-GAIN
TJK,2008,0.402934807547151,climate_readiness_score,ND-GAIN
TZA,2008,0.529228823344136,climate_readiness_score,ND-GAIN
THA,2008,0.445076937712441,climate_readiness_score,ND-GAIN
TLS,2008,0.597822786567338,climate_readiness_score,ND-GAIN
TGO,2008,0.522126643970168,climate_readiness_score,ND-GAIN
TON,2008,0.615517026459484,climate_readiness_score,ND-GAIN
TTO,2008,0.403812358608939,climate_readiness_score,ND-GAIN
TUN,2008,0.421824261920657,climate_readiness_score,ND-GAIN
TUR,2008,0.40208506350593,climate_readiness_score,ND-GAIN
TKM,2008,0.450379022242128,climate_readiness_score,ND-GAIN
TUV,2008,0.546030859586987,climate_readiness_score,ND-GAIN
UGA,2008,0.553870948495882,climate_readiness_score,ND-GAIN
UKR,2008,0.411539835116231,climate_readiness_score,ND-GAIN
ARE,2008,0.455696598664684,climate_readiness_score,ND-GAIN
GBR,2008,0.27378563192879,climate_readiness_score,ND-GAIN
USA,2008,0.3198939587291,climate_readiness_score,ND-GAIN
URY,2008,0.411854594657235,climate_readiness_score,ND-GAIN
UZB,2008,0.403987424062967,climate_readiness_score,ND-GAIN
VUT,2008,0.556347073242575,climate_readiness_score,ND-GAIN
VEN,2008,0.388254541775512,climate_readiness_score,ND-GAIN
VNM,2008,0.50658246366192,climate_readiness_score,ND-GAIN
YEM,2008,0.593149413061366,climate_readiness_score,ND-GAIN
ZMB,2008,0.512033040381854,climate_readiness_score,ND-GAIN
ZWE,2008,0.514250417618122,climate_readiness_score,ND-GAIN
AFG,2009,0.631901436411985,climate_readiness_score,ND-GAIN
ALB,2009,0.483307685742984,climate_readiness_score,ND-GAIN
DZA,2009,0.450522011498205,climate_readiness_score,ND-GAIN
AND,2009,0.390305018279364,climate_readiness_score,ND-GAIN
AGO,2009,0.522619312453244,climate_readiness_score,ND-GAIN
ATG,2009,0.491120024708832,climate_readiness_score,ND-GAIN
ARG,2009,0.407874848423253,climate_readiness_score,ND-GAIN
ARM,2009,0.401283775969234,climate_readiness_score,ND-GAIN
AUS,2009,0.327567425694986,climate_readiness_score,ND-GAIN
AUT,2009,0.330701321625651,climate_readiness_score,ND-GAIN
AZE,2009,0.43890024196085,climate_readiness_score,ND-GAIN
BHS,2009,0.475320273044303,climate_readiness_score,ND-GAIN
BHR,2009,0.493102935316178,climate_readiness_score,ND-GAIN
BGD,2009,0.575110647135526,climate_readiness_score,ND-GAIN
BRB,2009,0.444322362435984,climate_readiness_score,ND-GAIN
BLR,2009,0.38487025247574,climate_readiness_score,ND-GAIN
BEL,2009,0.395568743822561,climate_readiness_score,ND-GAIN
BLZ,2009,0.497873847592624,climate_readiness_score,ND-GAIN
BEN,2009,0.593562348249781,climate_readiness_score,ND-GAIN
BTN,2009,0.553401050925005,climate_readiness_score,ND-GAIN
BOL,2009,0.473301169839634,climate_readiness_score,ND-GAIN
BIH,2009,0.395684330608918,climate_readiness_score,ND-GAIN
BWA,2009,0.513135270079098,climate_readiness_score,ND-GAIN
BRA,2009,0.380868159662889,climate_readiness_score,ND-GAIN
BRN,2009,0.429673777822963,climate_readiness_score,ND-GAIN
BGR,2009,0.37911454016008,climate_readiness_score,ND-GAIN
BFA,2009,0.546885191200127,climate_readiness_score,ND-GAIN
BDI,2009,0.620815945503158,climate_readiness_score,ND-GAIN
KHM,2009,0.525874331512209,climate_readiness_score,ND-GAIN
CMR,2009,0.487070846531893,climate_readiness_score,ND-GAIN
CAN,2009,0.310152339598426,climate_readiness_score,ND-GAIN
CPV,2009,0.477459980627018,climate_readiness_score,ND-GAIN
CAF,2009,0.60140632445964,climate_readiness_score,ND-GAIN
TCD,2009,0.641115374950222,climate_readiness_score,ND-GAIN
CHL,2009,0.37086271974354,climate_readiness_score,ND-GAIN
CHN,2009,0.407481586267555,climate_readiness_score,ND-GAIN
COL,2009,0.429104396595795,climate_readiness_score,ND-GAIN
COM,2009,0.531031278907526,climate_readiness_score,ND-GAIN
COG,2009,0.558736004525626,climate_readiness_score,ND-GAIN
COD,2009,0.581204992788117,climate_readiness_score,ND-GAIN
CRI,2009,0.415270662974394,climate_readiness_score,ND-GAIN
CIV,2009,0.499731594572354,climate_readiness_score,ND-GAIN
HRV,2009,0.412811793059352,climate_readiness_score,ND-GAIN
CUB,2009,0.456780382432055,climate_readiness_score,ND-GAIN
CYP,2009,0.365802850549852,climate_readiness_score,ND-GAIN
CZE,2009,0.296735435665982,climate_readiness_score,ND-GAIN
DNK,2009,0.326638762086121,climate_readiness_score,ND-GAIN
DJI,2009,0.605126596073177,climate_readiness_score,ND-GAIN
DMA,2009,0.439697369495842,climate_readiness_score,ND-GAIN
DOM,2009,0.472135487688467,climate_readiness_score,ND-GAIN
ECU,2009,0.488245460301051,climate_readiness_score,ND-GAIN
EGY,2009,0.491921726674765,climate_readiness_score,ND-GAIN
SLV,2009,0.464230163429606,climate_readiness_score,ND-GAIN
GNQ,2009,0.454884104638582,climate_readiness_score,ND-GAIN
ERI,2009,0.648273094481738,climate_readiness_score,ND-GAIN
EST,2009,0.371788511071581,climate_readiness_score,ND-GAIN
ETH,2009,0.572392421873261,climate_readiness_score,ND-GAIN
FJI,2009,0.503324762349303,climate_readiness_score,ND-GAIN
FIN,2009,0.314154139924314,climate_readiness_score,ND-GAIN
FRA,2009,0.329517854058385,climate_readiness_score,ND-GAIN
GAB,2009,0.454794801383724,climate_readiness_score,ND-GAIN
GMB,2009,0.581570723474592,climate_readiness_score,ND-GAIN
GEO,2009,0.429614035112353,climate_readiness_score,ND-GAIN
DEU,2009,0.311021108981561,climate_readiness_score,ND-GAIN
GHA,2009,0.520900655591185,climate_readiness_score,ND-GAIN
GRC,2009,0.363774090073479,climate_readiness_score,ND-GAIN
GRD,2009,0.430530645915329,climate_readiness_score,ND-GAIN
GTM,2009,0.486318153141988,climate_readiness_score,ND-GAIN
GIN,2009,0.485304143729677,climate_readiness_score,ND-GAIN
GNB,2009,0.650459178393211,climate_readiness_score,ND-GAIN
GUY,2009,0.533004627710117,climate_readiness_score,ND-GAIN
HTI,2009,0.549375261190225,climate_readiness_score,ND-GAIN
HND,2009,0.482240748002479,climate_readiness_score,ND-GAIN
HUN,2009,0.404482382016494,climate_readiness_score,ND-GAIN
ISL,2009,0.323321160350327,climate_readiness_score,ND-GAIN
IND,2009,0.521988315046195,climate_readiness_score,ND-GAIN
IDN,2009,0.451699232888068,climate_readiness_score,ND-GAIN
IRN,2009,0.423216203668655,climate_readiness_score,ND-GAIN
IRQ,2009,0.508039164675681,climate_readiness_score,ND-GAIN
IRL,2009,0.326871570961977,climate_readiness_score,ND-GAIN
ISR,2009,0.375694525036635,climate_readiness_score,ND-GAIN
ITA,2009,0.364763717851037,climate_readiness_score,ND-GAIN
JAM,2009,0.45168942779444,climate_readiness_score,ND-GAIN
JPN,2009,0.356286947399023,climate_readiness_score,ND-GAIN
JOR,2009,0.44205110745209,climate_readiness_score,ND-GAIN
KAZ,2009,0.361307884245543,climate_readiness_score,ND-GAIN
KEN,2009,0.522370816549172,climate_readiness_score,ND-GAIN
KIR,2009,0.62505353640564,climate_readiness_score,ND-GAIN
PRK,2009,0.521042686736868,climate_readiness_score,ND-GAIN
KOR,2009,0.368525573816319,climate_readiness_score,ND-GAIN
KWT,2009,0.451899265997575,climate_readiness_score,ND-GAIN
KGZ,2009,0.391851237132128,climate_readiness_score,ND-GAIN
LAO,2009,0.530354953683337,climate_readiness_score,ND-GAIN
LVA,2009,0.399249006394064,climate_readiness_score,ND-GAIN
LBN,2009,0.474465178894048,climate_readiness_score,ND-GAIN
LSO,2009,0.530416265378577,climate_readiness_score,ND-GAIN
LBR,2009,0.604301552020485,climate_readiness_score,ND-GAIN
LBY,2009,0.485668716776612,climate_readiness_score,ND-GAIN
LIE,2009,,climate_readiness_score,ND-GAIN
LTU,2009,0.386280505192095,climate_readiness_score,ND-GAIN
LUX,2009,0.34015813335938,climate_readiness_score,ND-GAIN
MKD,2009,0.406556933299039,climate_readiness_score,ND-GAIN
MDG,2009,0.558902491626408,climate_readiness_score,ND-GAIN
MWI,2009,0.596540378902071,climate_readiness_score,ND-GAIN
MYS,2009,0.397059132140073,climate_readiness_score,ND-GAIN
MDV,2009,0.556708024884147,climate_readiness_score,ND-GAIN
MLI,2009,0.602712337758855,climate_readiness_score,ND-GAIN
MLT,2009,0.378428993034581,climate_readiness_score,ND-GAIN
MHL,2009,0.525835740806517,climate_readiness_score,ND-GAIN
MRT,2009,0.638030123331784,climate_readiness_score,ND-GAIN
MUS,2009,0.489864409580033,climate_readiness_score,ND-GAIN
MEX,2009,0.408728915843993,climate_readiness_score,ND-GAIN
FSM,2009,0.634400467738107,climate_readiness_score,ND-GAIN
MDA,2009,0.474439040315034,climate_readiness_score,ND-GAIN
MCO,2009,0.411451548847513,climate_readiness_score,ND-GAIN
MNG,2009,0.43362251704466,climate_readiness_score,ND-GAIN
MNE,2009,0.45087181005926,climate_readiness_score,ND-GAIN
MAR,2009,0.486814089617955,climate_readiness_score,ND-GAIN
MOZ,2009,0.512437334913734,climate_readiness_score,ND-GAIN
MMR,2009,0.534432346021,climate_readiness_score,ND-GAIN
NAM,2009,0.556392226744915,climate_readiness_score,ND-GAIN
NRU,2009,0.54017739898214,climate_readiness_score,ND-GAIN
NPL,2009,0.548778894474354,climate_readiness_score,ND-GAIN
NLD,2009,0.371457914625613,climate_readiness_score,ND-GAIN
NZL,2009,0.2966183746884,climate_readiness_score,ND-GAIN
NIC,2009,0.455664060752717,climate_readiness_score,ND-GAIN
NER,2009,0.588850877027258,climate_readiness_score,ND-GAIN
NGA,2009,0.499271579998394,climate_readiness_score,ND-GAIN
NOR,2009,0.262749290683672,climate_readiness_score,ND-GAIN
OMN,2009,0.469672947511028,climate_readiness_score,ND-GAIN
PAK,2009,0.546089088582992,climate_readiness_score,ND-GAIN
PLW,2009,0.513070155267472,climate_readiness_score,ND-GAIN
PAN,2009,0.425973103632568,climate_readiness_score,ND-GAIN
PNG,2009,0.558369342178218,climate_readiness_score,ND-GAIN
PRY,2009,0.402881033831728,climate_readiness_score,ND-GAIN
PER,2009,0.443822195241379,climate_readiness_score,ND-GAIN
PHL,2009,0.465194758721814,climate_readiness_score,ND-GAIN
POL,2009,0.316442153674066,climate_readiness_score,ND-GAIN
PRT,2009,0.382505333323319,climate_readiness_score,ND-GAIN
QAT,2009,0.421663569087905,climate_readiness_score,ND-GAIN
ROU,2009,0.410705643814082,climate_readiness_score,ND-GAIN
RUS,2009,0.319739529910086,climate_readiness_score,ND-GAIN
RWA,2009,0.631710787440692,climate_readiness_score,ND-GAIN
KNA,2009,0.482373828285155,climate_readiness_score,ND-GAIN
LCA,2009,0.357527630822003,climate_readiness_score,ND-GAIN
VCT,2009,0.423788717628297,climate_readiness_score,ND-GAIN
WSM,2009,0.524097509180995,climate_readiness_score,ND-GAIN
SMR,2009,,climate_readiness_score,ND-GAIN
STP,2009,0.541138224443693,climate_readiness_score,ND-GAIN
SAU,2009,0.465338866813203,climate_readiness_score,ND-GAIN
SEN,2009,0.529589983043946,climate_readiness_score,ND-GAIN
SRB,2009,0.471602830768121,climate_readiness_score,ND-GAIN
SYC,2009,0.469074486185388,climate_readiness_score,ND-GAIN
SLE,2009,0.611260830687471,climate_readiness_score,ND-GAIN
SGP,2009,0.399309037878496,climate_readiness_score,ND-GAIN
SVK,2009,0.370121444677187,climate_readiness_score,ND-GAIN
SVN,2009,0.356634223480326,climate_readiness_score,ND-GAIN
SLB,2009,0.649891765417947,climate_readiness_score,ND-GAIN
SOM,2009,0.660582816123763,climate_readiness_score,ND-GAIN
ZAF,2009,0.459732421668962,climate_readiness_score,ND-GAIN
ESP,2009,0.333257326253217,climate_readiness_score,ND-GAIN
LKA,2009,0.458284986632674,climate_readiness_score,ND-GAIN
SDN,2009,0.6304263358473,climate_readiness_score,ND-GAIN
SUR,2009,0.435835836024729,climate_readiness_score,ND-GAIN
SWZ,2009,0.526225370039911,climate_readiness_score,ND-GAIN
SWE,2009,0.322487882939733,climate_readiness_score,ND-GAIN
CHE,2009,0.307019249550227,climate_readiness_score,ND-GAIN
SYR,2009,0.489471429700724,climate_readiness_score,ND-GAIN
TJK,2009,0.402034153984935,climate_readiness_score,ND-GAIN
TZA,2009,0.529989538732436,climate_readiness_score,ND-GAIN
THA,2009,0.444017067131831,climate_readiness_score,ND-GAIN
TLS,2009,0.594748013912793,climate_readiness_score,ND-GAIN
TGO,2009,0.526513856275383,climate_readiness_score,ND-GAIN
TON,2009,0.590086697225223,climate_readiness_score,ND-GAIN
TTO,2009,0.404929410824914,climate_readiness_score,ND-GAIN
TUN,2009,0.42034346942578,climate_readiness_score,ND-GAIN
TUR,2009,0.400706195154347,climate_readiness_score,ND-GAIN
TKM,2009,0.448466231990843,climate_readiness_score,ND-GAIN
TUV,2009,0.56603974971782,climate_readiness_score,ND-GAIN
UGA,2009,0.555985681068446,climate_readiness_score,ND-GAIN
UKR,2009,0.409419313862458,climate_readiness_score,ND-GAIN
ARE,2009,0.45635386960115,climate_readiness_score,ND-GAIN
GBR,2009,0.274892714022526,climate_readiness_score,ND-GAIN
USA,2009,0.319731882065789,climate_readiness_score,ND-GAIN
URY,2009,0.411866057736852,climate_readiness_score,ND-GAIN
UZB,2009,0.40123562558394,climate_readiness_score,ND-GAIN
VUT,2009,0.572045454038046,climate_readiness_score,ND-GAIN
VEN,2009,0.387735173320845,climate_readiness_score,ND-GAIN
VNM,2009,0.503045810130143,climate_readiness_score,ND-GAIN
YEM,2009,0.593058263834078,climate_readiness_score,ND-GAIN
ZMB,2009,0.512184664987864,climate_readiness_score,ND-GAIN
ZWE,2009,0.508302805689475,climate_readiness_score,ND-GAIN
AFG,2010,0.618568772555918,climate_readiness_score,ND-GAIN
ALB,2010,0.475267122651015,climate_readiness_score,ND-GAIN
DZA,2010,0.449317350862362,climate_readiness_score,ND-GAIN
AND,2010,0.389420175435185,climate_readiness_score,ND-GAIN
AGO,2010,0.524529300402461,climate_readiness_score,ND-GAIN
ATG,2010,0.493031168861838,climate_readiness_score,ND-GAIN
ARG,2010,0.40751530139269,climate_readiness_score,ND-GAIN
ARM,2010,0.396598683461332,climate_readiness_score,ND-GAIN
AUS,2010,0.327036560728177,climate_readiness_score,ND-GAIN
AUT,2010,0.330036191363771,climate_readiness_score,ND-GAIN
AZE,2010,0.440129797258514,climate_readiness_score,ND-GAIN
BHS,2010,0.474415502493484,climate_readiness_score,ND-GAIN
BHR,2010,0.493470360349581,climate_readiness_score,ND-GAIN
BGD,2010,0.572872267474532,climate_readiness_score,ND-GAIN
BRB,2010,0.443796475629533,climate_readiness_score,ND-GAIN
BLR,2010,0.386509469154487,climate_readiness_score,ND-GAIN
BEL,2010,0.397144862348147,climate_readiness_score,ND-GAIN
BLZ,2010,0.498644390523068,climate_readiness_score,ND-GAIN
BEN,2010,0.600554239180448,climate_readiness_score,ND-GAIN
BTN,2010,0.555904546640025,climate_readiness_score,ND-GAIN
BOL,2010,0.470162802596868,climate_readiness_score,ND-GAIN
BIH,2010,0.394631451365268,climate_readiness_score,ND-GAIN
BWA,2010,0.506666181888661,climate_readiness_score,ND-GAIN
BRA,2010,0.379471147615072,climate_readiness_score,ND-GAIN
BRN,2010,0.422151416146014,climate_readiness_score,ND-GAIN
BGR,2010,0.37746050003868,climate_readiness_score,ND-GAIN
BFA,2010,0.543330470829973,climate_readiness_score,ND-GAIN
BDI,2010,0.620125768914477,climate_readiness_score,ND-GAIN
KHM,2010,0.52196061074025,climate_readiness_score,ND-GAIN
CMR,2010,0.48361428821464,climate_readiness_score,ND-GAIN
CAN,2010,0.309201855947706,climate_readiness_score,ND-GAIN
CPV,2010,0.475776477812626,climate_readiness_score,ND-GAIN
CAF,2010,0.586140130084722,climate_readiness_score,ND-GAIN
TCD,2010,0.637823463126805,climate_readiness_score,ND-GAIN
CHL,2010,0.370337703952598,climate_readiness_score,ND-GAIN
CHN,2010,0.404813395436727,climate_readiness_score,ND-GAIN
COL,2010,0.426956938865752,climate_readiness_score,ND-GAIN
COM,2010,0.504411733788095,climate_readiness_score,ND-GAIN
COG,2010,0.547006279114707,climate_readiness_score,ND-GAIN
COD,2010,0.580293108315676,climate_readiness_score,ND-GAIN
CRI,2010,0.395937023543395,climate_readiness_score,ND-GAIN
CIV,2010,0.494072797254358,climate_readiness_score,ND-GAIN
HRV,2010,0.413091013025331,climate_readiness_score,ND-GAIN
CUB,2010,0.454128867164439,climate_readiness_score,ND-GAIN
CYP,2010,0.365762659569698,climate_readiness_score,ND-GAIN
CZE,2010,0.296169565069976,climate_readiness_score,ND-GAIN
DNK,2010,0.326229342331739,climate_readiness_score,ND-GAIN
DJI,2010,0.599725638996331,climate_readiness_score,ND-GAIN
DMA,2010,0.439250412953982,climate_readiness_score,ND-GAIN
DOM,2010,0.470266401024184,climate_readiness_score,ND-GAIN
ECU,2010,0.482922328443846,climate_readiness_score,ND-GAIN
EGY,2010,0.488797706962949,climate_readiness_score,ND-GAIN
SLV,2010,0.45872730455103,climate_readiness_score,ND-GAIN
GNQ,2010,0.452906554848817,climate_readiness_score,ND-GAIN
ERI,2010,0.648426669956791,climate_readiness_score,ND-GAIN
EST,2010,0.3697029905963,climate_readiness_score,ND-GAIN
ETH,2010,0.57042819509533,climate_readiness_score,ND-GAIN
FJI,2010,0.498935343681303,climate_readiness_score,ND-GAIN
FIN,2010,0.312313471757543,climate_readiness_score,ND-GAIN
FRA,2010,0.328041654026799,climate_readiness_score,ND-GAIN
GAB,2010,0.451573394100086,climate_readiness_score,ND-GAIN
GMB,2010,0.582935601983035,climate_readiness_score,ND-GAIN
GEO,2010,0.42645706902575,climate_readiness_score,ND-GAIN
DEU,2010,0.308051187916892,climate_readiness_score,ND-GAIN
GHA,2010,0.517581864728322,climate_readiness_score,ND-GAIN
GRC,2010,0.358854743866788,climate_readiness_score,ND-GAIN
GRD,2010,0.428141991319673,climate_readiness_score,ND-GAIN
GTM,2010,0.480999574931073,climate_readiness_score,ND-GAIN
GIN,2010,0.486640139130893,climate_readiness_score,ND-GAIN
GNB,2010,0.65204227585359,climate_readiness_score,ND-GAIN
GUY,2010,0.527829972483792,climate_readiness_score,ND-GAIN
HTI,2010,0.548073841870324,climate_readiness_score,ND-GAIN
HND,2010,0.478535412358366,climate_readiness_score,ND-GAIN
HUN,2010,0.395116835344953,climate_readiness_score,ND-GAIN
ISL,2010,0.321309589427339,climate_readiness_score,ND-GAIN
IND,2010,0.519244322404424,climate_readiness_score,ND-GAIN
IDN,2010,0.449363404911747,climate_readiness_score,ND-GAIN
IRN,2010,0.423666371574098,climate_readiness_score,ND-GAIN
IRQ,2010,0.507554273367924,climate_readiness_score,ND-GAIN
IRL,2010,0.32464812169586,climate_readiness_score,ND-GAIN
ISR,2010,0.37487867315029,climate_readiness_score,ND-GAIN
ITA,2010,0.365023559744735,climate_readiness_score,ND-GAIN
JAM,2010,0.450537578186956,climate_readiness_score,ND-GAIN
JPN,2010,0.353936988117822,climate_readiness_score,ND-GAIN
JOR,2010,0.440225906548628,climate_readiness_score,ND-GAIN
KAZ,2010,0.357421332654306,climate_readiness_score,ND-GAIN
KEN,2010,0.520358046070005,climate_readiness_score,ND-GAIN
KIR,2010,0.589388063941521,climate_readiness_score,ND-GAIN
PRK,2010,0.517878816606013,climate_readiness_score,ND-GAIN
KOR,2010,0.367780291676194,climate_readiness_score,ND-GAIN
KWT,2010,0.446969816553735,climate_readiness_score,ND-GAIN
KGZ,2010,0.385733484804485,climate_readiness_score,ND-GAIN
LAO,2010,0.518105072777695,climate_readiness_score,ND-GAIN
LVA,2010,0.390962380166611,climate_readiness_score,ND-GAIN
LBN,2010,0.465630230879096,climate_readiness_score,ND-GAIN
LSO,2010,0.519757582077223,climate_readiness_score,ND-GAIN
LBR,2010,0.603083955259129,climate_readiness_score,ND-GAIN
LBY,2010,0.486590145052944,climate_readiness_score,ND-GAIN
LIE,2010,,climate_readiness_score,ND-GAIN
LTU,2010,0.389921776900804,climate_readiness_score,ND-GAIN
LUX,2010,0.338960041514318,climate_readiness_score,ND-GAIN
MKD,2010,0.402205536027931,climate_readiness_score,ND-GAIN
MDG,2010,0.549856586658939,climate_readiness_score,ND-GAIN
MWI,2010,0.597560127781073,climate_readiness_score,ND-GAIN
MYS,2010,0.394712169345747,climate_readiness_score,ND-GAIN
MDV,2010,0.554901779822151,climate_readiness_score,ND-GAIN
MLI,2010,0.603740001572845,climate_readiness_score,ND-GAIN
MLT,2010,0.378788687807003,climate_readiness_score,ND-GAIN
MHL,2010,0.523241550545227,climate_readiness_score,ND-GAIN
MRT,2010,0.626234735600231,climate_readiness_score,ND-GAIN
MUS,2010,0.488351307864431,climate_readiness_score,ND-GAIN
MEX,2010,0.406566294199234,climate_readiness_score,ND-GAIN
FSM,2010,0.632335176916389,climate_readiness_score,ND-GAIN
MDA,2010,0.46829137694214,climate_readiness_score,ND-GAIN
MCO,2010,0.41346644931184,climate_readiness_score,ND-GAIN
MNG,2010,0.43067602840041,climate_readiness_score,ND-GAIN
MNE,2010,0.443836224362778,climate_readiness_score,ND-GAIN
MAR,2010,0.479896767802433,climate_readiness_score,ND-GAIN
MOZ,2010,0.50907980910326,climate_readiness_score,ND-GAIN
MMR,2010,0.530545364638371,climate_readiness_score,ND-GAIN
NAM,2010,0.552275431805338,climate_readiness_score,ND-GAIN
NRU,2010,0.541940565550377,climate_readiness_score,ND-GAIN
NPL,2010,0.540728167200516,climate_readiness_score,ND-GAIN
NLD,2010,0.367233785492779,climate_readiness_score,ND-GAIN
NZL,2010,0.294567981232552,climate_readiness_score,ND-GAIN
NIC,2010,0.45667230180558,climate_readiness_score,ND-GAIN
NER,2010,0.591609784908936,climate_readiness_score,ND-GAIN
NGA,2010,0.497469022623886,climate_readiness_score,ND-GAIN
NOR,2010,0.260903494354492,climate_readiness_score,ND-GAIN
OMN,2010,0.469052778130396,climate_readiness_score,ND-GAIN
PAK,2010,0.545377008089123,climate_readiness_score,ND-GAIN
PLW,2010,0.517251480634287,climate_readiness_score,ND-GAIN
PAN,2010,0.427386468395078,climate_readiness_score,ND-GAIN
PNG,2010,0.562001796701784,climate_readiness_score,ND-GAIN
PRY,2010,0.401305117582575,climate_readiness_score,ND-GAIN
PER,2010,0.435156238439534,climate_readiness_score,ND-GAIN
PHL,2010,0.467533206647933,climate_readiness_score,ND-GAIN
POL,2010,0.315425580251939,climate_readiness_score,ND-GAIN
PRT,2010,0.378859944479589,climate_readiness_score,ND-GAIN
QAT,2010,0.419103505474307,climate_readiness_score,ND-GAIN
ROU,2010,0.410889590077738,climate_readiness_score,ND-GAIN
RUS,2010,0.318002045533641,climate_readiness_score,ND-GAIN
RWA,2010,0.628609544424733,climate_readiness_score,ND-GAIN
KNA,2010,0.478870361607958,climate_readiness_score,ND-GAIN
LCA,2010,0.352430420052529,climate_readiness_score,ND-GAIN
VCT,2010,0.427880504030389,climate_readiness_score,ND-GAIN
WSM,2010,0.524573399036654,climate_readiness_score,ND-GAIN
SMR,2010,,climate_readiness_score,ND-GAIN
STP,2010,0.535599938967318,climate_readiness_score,ND-GAIN
SAU,2010,0.462702639214135,climate_readiness_score,ND-GAIN
SEN,2010,0.531224203579181,climate_readiness_score,ND-GAIN
SRB,2010,0.471040655852931,climate_readiness_score,ND-GAIN
SYC,2010,0.453694380458618,climate_readiness_score,ND-GAIN
SLE,2010,0.614319787519568,climate_readiness_score,ND-GAIN
SGP,2010,0.399054595634286,climate_readiness_score,ND-GAIN
SVK,2010,0.366750386509301,climate_readiness_score,ND-GAIN
SVN,2010,0.356953798641493,climate_readiness_score,ND-GAIN
SLB,2010,0.640032139330652,climate_readiness_score,ND-GAIN
SOM,2010,0.648943299909012,climate_readiness_score,ND-GAIN
ZAF,2010,0.45855222963518,climate_readiness_score,ND-GAIN
ESP,2010,0.32992841927857,climate_readiness_score,ND-GAIN
LKA,2010,0.464761506184923,climate_readiness_score,ND-GAIN
SDN,2010,0.6332350548059,climate_readiness_score,ND-GAIN
SUR,2010,0.440714948588762,climate_readiness_score,ND-GAIN
SWZ,2010,0.521958368388862,climate_readiness_score,ND-GAIN
SWE,2010,0.322353389567755,climate_readiness_score,ND-GAIN
CHE,2010,0.306174405538539,climate_readiness_score,ND-GAIN
SYR,2010,0.486937703317098,climate_readiness_score,ND-GAIN
TJK,2010,0.400184547866222,climate_readiness_score,ND-GAIN
TZA,2010,0.530996564746944,climate_readiness_score,ND-GAIN
THA,2010,0.44370758989662,climate_readiness_score,ND-GAIN
TLS,2010,0.589949295388033,climate_readiness_score,ND-GAIN
TGO,2010,0.521205114472632,climate_readiness_score,ND-GAIN
TON,2010,0.610573777728951,climate_readiness_score,ND-GAIN
TTO,2010,0.404186044866469,climate_readiness_score,ND-GAIN
TUN,2010,0.419239760681656,climate_readiness_score,ND-GAIN
TUR,2010,0.404861292962813,climate_readiness_score,ND-GAIN
TKM,2010,0.447227737132384,climate_readiness_score,ND-GAIN
TUV,2010,0.559698727692637,climate_readiness_score,ND-GAIN
UGA,2010,0.554693778263371,climate_readiness_score,ND-GAIN
UKR,2010,0.405302276495636,climate_readiness_score,ND-GAIN
ARE,2010,0.456571348533235,climate_readiness_score,ND-GAIN
GBR,2010,0.275985276105729,climate_readiness_score,ND-GAIN
USA,2010,0.318590811645649,climate_readiness_score,ND-GAIN
URY,2010,0.40638532215749,climate_readiness_score,ND-GAIN
UZB,2010,0.398382445498024,climate_readiness_score,ND-GAIN
VUT,2010,0.572560965089956,climate_readiness_score,ND-GAIN
VEN,2010,0.387405266890656,climate_readiness_score,ND-GAIN
VNM,2010,0.49784064569247,climate_readiness_score,ND-GAIN
YEM,2010,0.592076277904482,climate_readiness_score,ND-GAIN
ZMB,2010,0.512966790808886,climate_readiness_score,ND-GAIN
ZWE,2010,0.512840936809314,climate_readiness_score,ND-GAIN
AFG,2011,0.62398310591739,climate_readiness_score,ND-GAIN
ALB,2011,0.470975270430539,climate_readiness_score,ND-GAIN
DZA,2011,0.451886057546577,climate_readiness_score,ND-GAIN
AND,2011,0.387541814602142,climate_readiness_score,ND-GAIN
AGO,2011,0.518970822700011,climate_readiness_score,ND-GAIN
ATG,2011,0.495524131236082,climate_readiness_score,ND-GAIN
ARG,2011,0.409376615472302,climate_readiness_score,ND-GAIN
ARM,2011,0.397147244723703,climate_readiness_score,ND-GAIN
AUS,2011,0.326401453614294,climate_readiness_score,ND-GAIN
AUT,2011,0.330732757883863,climate_readiness_score,ND-GAIN
AZE,2011,0.436571848765595,climate_readiness_score,ND-GAIN
BHS,2011,0.471639598404477,climate_readiness_score,ND-GAIN
BHR,2011,0.494275607242901,climate_readiness_score,ND-GAIN
BGD,2011,0.572223747562645,climate_readiness_score,ND-GAIN
BRB,2011,0.436429273096044,climate_readiness_score,ND-GAIN
BLR,2011,0.384771992610251,climate_readiness_score,ND-GAIN
BEL,2011,0.391265822411507,climate_readiness_score,ND-GAIN
BLZ,2011,0.495181179971254,climate_readiness_score,ND-GAIN
BEN,2011,0.596559587072278,climate_readiness_score,ND-GAIN
BTN,2011,0.552608631591002,climate_readiness_score,ND-GAIN
BOL,2011,0.470172163121883,climate_readiness_score,ND-GAIN
BIH,2011,0.392350923504065,climate_readiness_score,ND-GAIN
BWA,2011,0.50138928640155,climate_readiness_score,ND-GAIN
BRA,2011,0.378298217588255,climate_readiness_score,ND-GAIN
BRN,2011,0.423449417124086,climate_readiness_score,ND-GAIN
BGR,2011,0.373560743882027,climate_readiness_score,ND-GAIN
BFA,2011,0.540024790198924,climate_readiness_score,ND-GAIN
BDI,2011,0.628109902991862,climate_readiness_score,ND-GAIN
KHM,2011,0.514602300125706,climate_readiness_score,ND-GAIN
CMR,2011,0.489390759825312,climate_readiness_score,ND-GAIN
CAN,2011,0.309173087461438,climate_readiness_score,ND-GAIN
CPV,2011,0.472242008215032,climate_readiness_score,ND-GAIN
CAF,2011,0.59455454968281,climate_readiness_score,ND-GAIN
TCD,2011,0.644172127670297,climate_readiness_score,ND-GAIN
CHL,2011,0.368613201127846,climate_readiness_score,ND-GAIN
CHN,2011,0.4029354547837,climate_readiness_score,ND-GAIN
COL,2011,0.424486396943795,climate_readiness_score,ND-GAIN
COM,2011,0.511132985024937,climate_readiness_score,ND-GAIN
COG,2011,0.554452674918216,climate_readiness_score,ND-GAIN
COD,2011,0.581161831334436,climate_readiness_score,ND-GAIN
CRI,2011,0.394843814387772,climate_readiness_score,ND-GAIN
CIV,2011,0.496339150066371,climate_readiness_score,ND-GAIN
HRV,2011,0.409195377230471,climate_readiness_score,ND-GAIN
CUB,2011,0.45219127958445,climate_readiness_score,ND-GAIN
CYP,2011,0.364217700070546,climate_readiness_score,ND-GAIN
CZE,2011,0.297839291449646,climate_readiness_score,ND-GAIN
DNK,2011,0.32505710990741,climate_readiness_score,ND-GAIN
DJI,2011,0.595295934652111,climate_readiness_score,ND-GAIN
DMA,2011,0.439640219223085,climate_readiness_score,ND-GAIN
DOM,2011,0.469324812674429,climate_readiness_score,ND-GAIN
ECU,2011,0.480550913952016,climate_readiness_score,ND-GAIN
EGY,2011,0.486843410168257,climate_readiness_score,ND-GAIN
SLV,2011,0.451349273335512,climate_readiness_score,ND-GAIN
GNQ,2011,0.453180903281404,climate_readiness_score,ND-GAIN
ERI,2011,0.645139317383031,climate_readiness_score,ND-GAIN
EST,2011,0.36735183761792,climate_readiness_score,ND-GAIN
ETH,2011,0.569079737321716,climate_readiness_score,ND-GAIN
FJI,2011,0.496560768992245,climate_readiness_score,ND-GAIN
FIN,2011,0.31359150866668,climate_readiness_score,ND-GAIN
FRA,2011,0.328197526143502,climate_readiness_score,ND-GAIN
GAB,2011,0.45267050643778,climate_readiness_score,ND-GAIN
GMB,2011,0.57650811925819,climate_readiness_score,ND-GAIN
GEO,2011,0.426240522722525,climate_readiness_score,ND-GAIN
DEU,2011,0.308823012511744,climate_readiness_score,ND-GAIN
GHA,2011,0.504343394972699,climate_readiness_score,ND-GAIN
GRC,2011,0.357535955290783,climate_readiness_score,ND-GAIN
GRD,2011,0.427483785098074,climate_readiness_score,ND-GAIN
GTM,2011,0.478371374871478,climate_readiness_score,ND-GAIN
GIN,2011,0.493857101803653,climate_readiness_score,ND-GAIN
GNB,2011,0.646441841555894,climate_readiness_score,ND-GAIN
GUY,2011,0.517358882073651,climate_readiness_score,ND-GAIN
HTI,2011,0.546857327446863,climate_readiness_score,ND-GAIN
HND,2011,0.476267833062069,climate_readiness_score,ND-GAIN
HUN,2011,0.39170380066274,climate_readiness_score,ND-GAIN
ISL,2011,0.318671239051485,climate_readiness_score,ND-GAIN
IND,2011,0.516180701166686,climate_readiness_score,ND-GAIN
IDN,2011,0.449826971931845,climate_readiness_score,ND-GAIN
IRN,2011,0.424286591540084,climate_readiness_score,ND-GAIN
IRQ,2011,0.507419356162394,climate_readiness_score,ND-GAIN
IRL,2011,0.323484409522526,climate_readiness_score,ND-GAIN
ISR,2011,0.368915862851508,climate_readiness_score,ND-GAIN
ITA,2011,0.364028682936727,climate_readiness_score,ND-GAIN
JAM,2011,0.447590613359534,climate_readiness_score,ND-GAIN
JPN,2011,0.357183089966835,climate_readiness_score,ND-GAIN
JOR,2011,0.438701284031506,climate_readiness_score,ND-GAIN
KAZ,2011,0.356126168863292,climate_readiness_score,ND-GAIN
KEN,2011,0.51377317638541,climate_readiness_score,ND-GAIN
KIR,2011,0.579638042127617,climate_readiness_score,ND-GAIN
PRK,2011,0.51448771528564,climate_readiness_score,ND-GAIN
KOR,2011,0.366577573413687,climate_readiness_score,ND-GAIN
KWT,2011,0.437698397501683,climate_readiness_score,ND-GAIN
KGZ,2011,0.374876704527037,climate_readiness_score,ND-GAIN
LAO,2011,0.517956272008565,climate_readiness_score,ND-GAIN
LVA,2011,0.397027314827344,climate_readiness_score,ND-GAIN
LBN,2011,0.463544353467787,climate_readiness_score,ND-GAIN
LSO,2011,0.523689193646272,climate_readiness_score,ND-GAIN
LBR,2011,0.602523438106176,climate_readiness_score,ND-GAIN
LBY,2011,0.491351911507904,climate_readiness_score,ND-GAIN
LIE,2011,,climate_readiness_score,ND-GAIN
LTU,2011,0.390609306824897,climate_readiness_score,ND-GAIN
LUX,2011,0.337250559827474,climate_readiness_score,ND-GAIN
MKD,2011,0.401819425448155,climate_readiness_score,ND-GAIN
MDG,2011,0.559635867503366,climate_readiness_score,ND-GAIN
MWI,2011,0.594048645496475,climate_readiness_score,ND-GAIN
MYS,2011,0.39369077233538,climate_readiness_score,ND-GAIN
MDV,2011,0.553394502205101,climate_readiness_score,ND-GAIN
MLI,2011,0.608530013274643,climate_readiness_score,ND-GAIN
MLT,2011,0.375131498810675,climate_readiness_score,ND-GAIN
MHL,2011,0.520703875343728,climate_readiness_score,ND-GAIN
MRT,2011,0.634788309787852,climate_readiness_score,ND-GAIN
MUS,2011,0.480109632787919,climate_readiness_score,ND-GAIN
MEX,2011,0.40242607871098,climate_readiness_score,ND-GAIN
FSM,2011,0.628904409341404,climate_readiness_score,ND-GAIN
MDA,2011,0.458629489511671,climate_readiness_score,ND-GAIN
MCO,2011,0.409733518450042,climate_readiness_score,ND-GAIN
MNG,2011,0.431002743235673,climate_readiness_score,ND-GAIN
MNE,2011,0.446434463303981,climate_readiness_score,ND-GAIN
MAR,2011,0.477013813551431,climate_readiness_score,ND-GAIN
MOZ,2011,0.509049136445553,climate_readiness_score,ND-GAIN
MMR,2011,0.52799806947601,climate_readiness_score,ND-GAIN
NAM,2011,0.544861035373523,climate_readiness_score,ND-GAIN
NRU,2011,0.542453057079974,climate_readiness_score,ND-GAIN
NPL,2011,0.534108956269752,climate_readiness_score,ND-GAIN
NLD,2011,0.36571114050818,climate_readiness_score,ND-GAIN
NZL,2011,0.294826059704435,climate_readiness_score,ND-GAIN
NIC,2011,0.447126516659582,climate_readiness_score,ND-GAIN
NER,2011,0.587436932465023,climate_readiness_score,ND-GAIN
NGA,2011,0.505329166646728,climate_readiness_score,ND-GAIN
NOR,2011,0.261455396617028,climate_readiness_score,ND-GAIN
OMN,2011,0.467875407999189,climate_readiness_score,ND-GAIN
PAK,2011,0.54550559681253,climate_readiness_score,ND-GAIN
PLW,2011,0.507410319221596,climate_readiness_score,ND-GAIN
PAN,2011,0.421895753605882,climate_readiness_score,ND-GAIN
PNG,2011,0.558519893370653,climate_readiness_score,ND-GAIN
PRY,2011,0.400055252553031,climate_readiness_score,ND-GAIN
PER,2011,0.43509968626862,climate_readiness_score,ND-GAIN
PHL,2011,0.463126873650156,climate_readiness_score,ND-GAIN
POL,2011,0.31580320001859,climate_readiness_score,ND-GAIN
PRT,2011,0.378588447593406,climate_readiness_score,ND-GAIN
QAT,2011,0.417437101454167,climate_readiness_score,ND-GAIN
ROU,2011,0.407067802056331,climate_readiness_score,ND-GAIN
RUS,2011,0.317659757077703,climate_readiness_score,ND-GAIN
RWA,2011,0.627398838147819,climate_readiness_score,ND-GAIN
KNA,2011,0.480290802254774,climate_readiness_score,ND-GAIN
LCA,2011,0.351647958987421,climate_readiness_score,ND-GAIN
VCT,2011,0.431455780257324,climate_readiness_score,ND-GAIN
WSM,2011,0.532246453293261,climate_readiness_score,ND-GAIN
SMR,2011,,climate_readiness_score,ND-GAIN
STP,2011,0.535438945719536,climate_readiness_score,ND-GAIN
SAU,2011,0.461236587284087,climate_readiness_score,ND-GAIN
SEN,2011,0.528423017413274,climate_readiness_score,ND-GAIN
SRB,2011,0.469556623192765,climate_readiness_score,ND-GAIN
SYC,2011,0.457394349713511,climate_readiness_score,ND-GAIN
SLE,2011,0.607637225581443,climate_readiness_score,ND-GAIN
SGP,2011,0.399994963516246,climate_readiness_score,ND-GAIN
SVK,2011,0.367194222706784,climate_readiness_score,ND-GAIN
SVN,2011,0.353905942124922,climate_readiness_score,ND-GAIN
SLB,2011,0.63621972798926,climate_readiness_score,ND-GAIN
SOM,2011,0.648108222186957,climate_readiness_score,ND-GAIN
ZAF,2011,0.455771599308931,climate_readiness_score,ND-GAIN
ESP,2011,0.32761127312923,climate_readiness_score,ND-GAIN
LKA,2011,0.465307189898856,climate_readiness_score,ND-GAIN
SDN,2011,0.633203639082229,climate_readiness_score,ND-GAIN
SUR,2011,0.438256089519381,climate_readiness_score,ND-GAIN
SWZ,2011,0.525025819474456,climate_readiness_score,ND-GAIN
SWE,2011,0.321906728140523,climate_readiness_score,ND-GAIN
CHE,2011,0.30585525247488,climate_readiness_score,ND-GAIN
SYR,2011,0.486831196135109,climate_readiness_score,ND-GAIN
TJK,2011,0.40918163271904,climate_readiness_score,ND-GAIN
TZA,2011,0.530702533187653,climate_readiness_score,ND-GAIN
THA,2011,0.444237930169395,climate_readiness_score,ND-GAIN
TLS,2011,0.585114549188348,climate_readiness_score,ND-GAIN
TGO,2011,0.517870736726982,climate_readiness_score,ND-GAIN
TON,2011,0.615153211838163,climate_readiness_score,ND-GAIN
TTO,2011,0.4025330732908,climate_readiness_score,ND-GAIN
TUN,2011,0.420898083726334,climate_readiness_score,ND-GAIN
TUR,2011,0.402649767524154,climate_readiness_score,ND-GAIN
TKM,2011,0.447640605811565,climate_readiness_score,ND-GAIN
TUV,2011,0.55825903649519,climate_readiness_score,ND-GAIN
UGA,2011,0.553619375745346,climate_readiness_score,ND-GAIN
UKR,2011,0.402925456749789,climate_readiness_score,ND-GAIN
ARE,2011,0.456367173739466,climate_readiness_score,ND-GAIN
GBR,2011,0.276884114997938,climate_readiness_score,ND-GAIN
USA,2011,0.317662232441943,climate_readiness_score,ND-GAIN
URY,2011,0.405498576781055,climate_readiness_score,ND-GAIN
UZB,2011,0.398234698570899,climate_readiness_score,ND-GAIN
VUT,2011,0.565313645120268,climate_readiness_score,ND-GAIN
VEN,2011,0.388502627947362,climate_readiness_score,ND-GAIN
VNM,2011,0.495734914073043,climate_readiness_score,ND-GAIN
YEM,2011,0.591289762765844,climate_readiness_score,ND-GAIN
ZMB,2011,0.51020182962141,climate_readiness_score,ND-GAIN
ZWE,2011,0.506173572839586,climate_readiness_score,ND-GAIN
AFG,2012,0.617987193773297,climate_readiness_score,ND-GAIN
ALB,2012,0.462016084097123,climate_readiness_score,ND-GAIN
DZA,2012,0.450799700002535,climate_readiness_score,ND-GAIN
AND,2012,0.385982227676776,climate_readiness_score,ND-GAIN
AGO,2012,0.516074094591838,climate_readiness_score,ND-GAIN
ATG,2012,0.491965466770063,climate_readiness_score,ND-GAIN
ARG,2012,0.407536957814668,climate_readiness_score,ND-GAIN
ARM,2012,0.400279316161932,climate_readiness_score,ND-GAIN
AUS,2012,0.325974892812707,climate_readiness_score,ND-GAIN
AUT,2012,0.327247341533694,climate_readiness_score,ND-GAIN
AZE,2012,0.434318230612584,climate_readiness_score,ND-GAIN
BHS,2012,0.44396408079612,climate_readiness_score,ND-GAIN
BHR,2012,0.495716293362282,climate_readiness_score,ND-GAIN
BGD,2012,0.563669502324657,climate_readiness_score,ND-GAIN
BRB,2012,0.425657856444345,climate_readiness_score,ND-GAIN
BLR,2012,0.385782918464168,climate_readiness_score,ND-GAIN
BEL,2012,0.390408636473352,climate_readiness_score,ND-GAIN
BLZ,2012,0.49282283829527,climate_readiness_score,ND-GAIN
BEN,2012,0.594650913586282,climate_readiness_score,ND-GAIN
BTN,2012,0.549231530172097,climate_readiness_score,ND-GAIN
BOL,2012,0.468143740151709,climate_readiness_score,ND-GAIN
BIH,2012,0.387877337976546,climate_readiness_score,ND-GAIN
BWA,2012,0.495394631368381,climate_readiness_score,ND-GAIN
BRA,2012,0.377540514469573,climate_readiness_score,ND-GAIN
BRN,2012,0.422340786846766,climate_readiness_score,ND-GAIN
BGR,2012,0.369254538447499,climate_readiness_score,ND-GAIN
BFA,2012,0.537761476716005,climate_readiness_score,ND-GAIN
BDI,2012,0.63288719013175,climate_readiness_score,ND-GAIN
KHM,2012,0.51633659178119,climate_readiness_score,ND-GAIN
CMR,2012,0.479415559788894,climate_readiness_score,ND-GAIN
CAN,2012,0.308597144078106,climate_readiness_score,ND-GAIN
CPV,2012,0.481974575984822,climate_readiness_score,ND-GAIN
CAF,2012,0.589524288081051,climate_readiness_score,ND-GAIN
TCD,2012,0.640534703804396,climate_readiness_score,ND-GAIN
CHL,2012,0.364260853185114,climate_readiness_score,ND-GAIN
CHN,2012,0.402360566340503,climate_readiness_score,ND-GAIN
COL,2012,0.422811449434678,climate_readiness_score,ND-GAIN
COM,2012,0.510173143940203,climate_readiness_score,ND-GAIN
COG,2012,0.561061936742995,climate_readiness_score,ND-GAIN
COD,2012,0.581589694039883,climate_readiness_score,ND-GAIN
CRI,2012,0.393920502899057,climate_readiness_score,ND-GAIN
CIV,2012,0.499856944169833,climate_readiness_score,ND-GAIN
HRV,2012,0.405922464963168,climate_readiness_score,ND-GAIN
CUB,2012,0.44923033322712,climate_readiness_score,ND-GAIN
CYP,2012,0.363836061099928,climate_readiness_score,ND-GAIN
CZE,2012,0.298159963627817,climate_readiness_score,ND-GAIN
DNK,2012,0.323500149884872,climate_readiness_score,ND-GAIN
DJI,2012,0.608520836136708,climate_readiness_score,ND-GAIN
DMA,2012,0.441280636602601,climate_readiness_score,ND-GAIN
DOM,2012,0.469687364828049,climate_readiness_score,ND-GAIN
ECU,2012,0.48135860632351,climate_readiness_score,ND-GAIN
EGY,2012,0.482299255554085,climate_readiness_score,ND-GAIN
SLV,2012,0.4514585543992,climate_readiness_score,ND-GAIN
GNQ,2012,0.451858297831144,climate_readiness_score,ND-GAIN
ERI,2012,0.639084676203318,climate_readiness_score,ND-GAIN
EST,2012,0.367829520321917,climate_readiness_score,ND-GAIN
ETH,2012,0.561051715831252,climate_readiness_score,ND-GAIN
FJI,2012,0.496797341651112,climate_readiness_score,ND-GAIN
FIN,2012,0.311673975798172,climate_readiness_score,ND-GAIN
FRA,2012,0.327596621102513,climate_readiness_score,ND-GAIN
GAB,2012,0.447104950016066,climate_readiness_score,ND-GAIN
GMB,2012,0.57628145114392,climate_readiness_score,ND-GAIN
GEO,2012,0.425188215207707,climate_readiness_score,ND-GAIN
DEU,2012,0.308065265186803,climate_readiness_score,ND-GAIN
GHA,2012,0.501958877701232,climate_readiness_score,ND-GAIN
GRC,2012,0.357667782591186,climate_readiness_score,ND-GAIN
GRD,2012,0.425948490335349,climate_readiness_score,ND-GAIN
GTM,2012,0.475187952227096,climate_readiness_score,ND-GAIN
GIN,2012,0.491400538547277,climate_readiness_score,ND-GAIN
GNB,2012,0.639175811606809,climate_readiness_score,ND-GAIN
GUY,2012,0.514449074801237,climate_readiness_score,ND-GAIN
HTI,2012,0.546351190582808,climate_readiness_score,ND-GAIN
HND,2012,0.475058366081084,climate_readiness_score,ND-GAIN
HUN,2012,0.390126762424168,climate_readiness_score,ND-GAIN
ISL,2012,0.316942199401695,climate_readiness_score,ND-GAIN
IND,2012,0.51466445565592,climate_readiness_score,ND-GAIN
IDN,2012,0.449134591838186,climate_readiness_score,ND-GAIN
IRN,2012,0.426403529046876,climate_readiness_score,ND-GAIN
IRQ,2012,0.505447574567734,climate_readiness_score,ND-GAIN
IRL,2012,0.327165490911485,climate_readiness_score,ND-GAIN
ISR,2012,0.374662341074439,climate_readiness_score,ND-GAIN
ITA,2012,0.364533596817499,climate_readiness_score,ND-GAIN
JAM,2012,0.443191573951846,climate_readiness_score,ND-GAIN
JPN,2012,0.358246728277113,climate_readiness_score,ND-GAIN
JOR,2012,0.443791188414693,climate_readiness_score,ND-GAIN
KAZ,2012,0.354074219001735,climate_readiness_score,ND-GAIN
KEN,2012,0.509148408333194,climate_readiness_score,ND-GAIN
KIR,2012,0.577214052120918,climate_readiness_score,ND-GAIN
PRK,2012,0.515482975992149,climate_readiness_score,ND-GAIN
KOR,2012,0.367009255014547,climate_readiness_score,ND-GAIN
KWT,2012,0.439643880046586,climate_readiness_score,ND-GAIN
KGZ,2012,0.377724017203023,climate_readiness_score,ND-GAIN
LAO,2012,0.510260155693205,climate_readiness_score,ND-GAIN
LVA,2012,0.397171687378626,climate_readiness_score,ND-GAIN
LBN,2012,0.461768830093566,climate_readiness_score,ND-GAIN
LSO,2012,0.520636663109874,climate_readiness_score,ND-GAIN
LBR,2012,0.59898379311189,climate_readiness_score,ND-GAIN
LBY,2012,0.496152668359163,climate_readiness_score,ND-GAIN
LIE,2012,,climate_readiness_score,ND-GAIN
LTU,2012,0.390124168108421,climate_readiness_score,ND-GAIN
LUX,2012,0.33973287134688,climate_readiness_score,ND-GAIN
MKD,2012,0.40351739909304,climate_readiness_score,ND-GAIN
MDG,2012,0.55328065876784,climate_readiness_score,ND-GAIN
MWI,2012,0.587391473768097,climate_readiness_score,ND-GAIN
MYS,2012,0.392120189210503,climate_readiness_score,ND-GAIN
MDV,2012,0.544644381859448,climate_readiness_score,ND-GAIN
MLI,2012,0.60882495101277,climate_readiness_score,ND-GAIN
MLT,2012,0.36865143371872,climate_readiness_score,ND-GAIN
MHL,2012,0.520453648790141,climate_readiness_score,ND-GAIN
MRT,2012,0.626319846946018,climate_readiness_score,ND-GAIN
MUS,2012,0.471789253132641,climate_readiness_score,ND-GAIN
MEX,2012,0.403953767324531,climate_readiness_score,ND-GAIN
FSM,2012,0.627299674462752,climate_readiness_score,ND-GAIN
MDA,2012,0.455472253564241,climate_readiness_score,ND-GAIN
MCO,2012,0.409983355863176,climate_readiness_score,ND-GAIN
MNG,2012,0.423304801267962,climate_readiness_score,ND-GAIN
MNE,2012,0.44577671725373,climate_readiness_score,ND-GAIN
MAR,2012,0.476394510838768,climate_readiness_score,ND-GAIN
MOZ,2012,0.507655736473025,climate_readiness_score,ND-GAIN
MMR,2012,0.523801040547856,climate_readiness_score,ND-GAIN
NAM,2012,0.535729946551502,climate_readiness_score,ND-GAIN
NRU,2012,0.541605595477408,climate_readiness_score,ND-GAIN
NPL,2012,0.533252620555011,climate_readiness_score,ND-GAIN
NLD,2012,0.366053485416517,climate_readiness_score,ND-GAIN
NZL,2012,0.295869425163381,climate_readiness_score,ND-GAIN
NIC,2012,0.430821362652893,climate_readiness_score,ND-GAIN
NER,2012,0.588112399717816,climate_readiness_score,ND-GAIN
NGA,2012,0.502147860246269,climate_readiness_score,ND-GAIN
NOR,2012,0.262819317154304,climate_readiness_score,ND-GAIN
OMN,2012,0.466992651910527,climate_readiness_score,ND-GAIN
PAK,2012,0.535917017158206,climate_readiness_score,ND-GAIN
PLW,2012,0.50647458878597,climate_readiness_score,ND-GAIN
PAN,2012,0.420165282872192,climate_readiness_score,ND-GAIN
PNG,2012,0.556447181222718,climate_readiness_score,ND-GAIN
PRY,2012,0.399982668986749,climate_readiness_score,ND-GAIN
PER,2012,0.432929390335266,climate_readiness_score,ND-GAIN
PHL,2012,0.462043375624932,climate_readiness_score,ND-GAIN
POL,2012,0.312291359099863,climate_readiness_score,ND-GAIN
PRT,2012,0.376927882094418,climate_readiness_score,ND-GAIN
QAT,2012,0.416063794473913,climate_readiness_score,ND-GAIN
ROU,2012,0.405695647286043,climate_readiness_score,ND-GAIN
RUS,2012,0.320366917401998,climate_readiness_score,ND-GAIN
RWA,2012,0.625417164771431,climate_readiness_score,ND-GAIN
KNA,2012,0.47752107525966,climate_readiness_score,ND-GAIN
LCA,2012,0.346165452809316,climate_readiness_score,ND-GAIN
VCT,2012,0.424364944316657,climate_readiness_score,ND-GAIN
WSM,2012,0.520477533706701,climate_readiness_score,ND-GAIN
SMR,2012,,climate_readiness_score,ND-GAIN
STP,2012,0.535681161543398,climate_readiness_score,ND-GAIN
SAU,2012,0.459558914996264,climate_readiness_score,ND-GAIN
SEN,2012,0.528304187896433,climate_readiness_score,ND-GAIN
SRB,2012,0.462185616007723,climate_readiness_score,ND-GAIN
SYC,2012,0.452823702524794,climate_readiness_score,ND-GAIN
SLE,2012,0.58955685293781,climate_readiness_score,ND-GAIN
SGP,2012,0.399299149866814,climate_readiness_score,ND-GAIN
SVK,2012,0.365884636102671,climate_readiness_score,ND-GAIN
SVN,2012,0.3529716208942,climate_readiness_score,ND-GAIN
SLB,2012,0.636029295487512,climate_readiness_score,ND-GAIN
SOM,2012,0.647246144412851,climate_readiness_score,ND-GAIN
ZAF,2012,0.453064854748053,climate_readiness_score,ND-GAIN
ESP,2012,0.32768426473528,climate_readiness_score,ND-GAIN
LKA,2012,0.466890223331742,climate_readiness_score,ND-GAIN
SDN,2012,0.632290885650789,climate_readiness_score,ND-GAIN
SUR,2012,0.435003455082423,climate_readiness_score,ND-GAIN
SWZ,2012,0.524500858095453,climate_readiness_score,ND-GAIN
SWE,2012,0.320194000374908,climate_readiness_score,ND-GAIN
CHE,2012,0.305686966877157,climate_readiness_score,ND-GAIN
SYR,2012,0.4938964512435,climate_readiness_score,ND-GAIN
TJK,2012,0.40375370642341,climate_readiness_score,ND-GAIN
TZA,2012,0.526700962254824,climate_readiness_score,ND-GAIN
THA,2012,0.44630395744836,climate_readiness_score,ND-GAIN
TLS,2012,0.580090027346911,climate_readiness_score,ND-GAIN
TGO,2012,0.517328595502917,climate_readiness_score,ND-GAIN
TON,2012,0.614506273263221,climate_readiness_score,ND-GAIN
TTO,2012,0.392568608164464,climate_readiness_score,ND-GAIN
TUN,2012,0.418655796607689,climate_readiness_score,ND-GAIN
TUR,2012,0.396255616984461,climate_readiness_score,ND-GAIN
TKM,2012,0.447061987586438,climate_readiness_score,ND-GAIN
TUV,2012,0.553045504957176,climate_readiness_score,ND-GAIN
UGA,2012,0.548724397069312,climate_readiness_score,ND-GAIN
UKR,2012,0.398091371858028,climate_readiness_score,ND-GAIN
ARE,2012,0.455914279053963,climate_readiness_score,ND-GAIN
GBR,2012,0.280119619480863,climate_readiness_score,ND-GAIN
USA,2012,0.316916222969964,climate_readiness_score,ND-GAIN
URY,2012,0.405354702751548,climate_readiness_score,ND-GAIN
UZB,2012,0.397770065464391,climate_readiness_score,ND-GAIN
VUT,2012,0.573049082618745,climate_readiness_score,ND-GAIN
VEN,2012,0.389050175004638,climate_readiness_score,ND-GAIN
VNM,2012,0.493404619479422,climate_readiness_score,ND-GAIN
YEM,2012,0.594382227672759,climate_readiness_score,ND-GAIN
ZMB,2012,0.509054921167592,climate_readiness_score,ND-GAIN
ZWE,2012,0.501892545305324,climate_readiness_score,ND-GAIN
AFG,2013,0.622179704064244,climate_readiness_score,ND-GAIN
ALB,2013,0.461595256873728,climate_readiness_score,ND-GAIN
DZA,2013,0.4490858880743,climate_readiness_score,ND-GAIN
AND,2013,0.364813458271936,climate_readiness_score,ND-GAIN
AGO,2013,0.517998730794403,climate_readiness_score,ND-GAIN
ATG,2013,0.48856002732829,climate_readiness_score,ND-GAIN
ARG,2013,0.409249422217532,climate_readiness_score,ND-GAIN
ARM,2013,0.39954707704482,climate_readiness_score,ND-GAIN
AUS,2013,0.323184890186846,climate_readiness_score,ND-GAIN
AUT,2013,0.328188069167067,climate_readiness_score,ND-GAIN
AZE,2013,0.430596734039646,climate_readiness_score,ND-GAIN
BHS,2013,0.442509844912518,climate_readiness_score,ND-GAIN
BHR,2013,0.495880011525612,climate_readiness_score,ND-GAIN
BGD,2013,0.563594022238231,climate_readiness_score,ND-GAIN
BRB,2013,0.425835041038141,climate_readiness_score,ND-GAIN
BLR,2013,0.386763564895561,climate_readiness_score,ND-GAIN
BEL,2013,0.389252723084207,climate_readiness_score,ND-GAIN
BLZ,2013,0.483814949128235,climate_readiness_score,ND-GAIN
BEN,2013,0.592633709438722,climate_readiness_score,ND-GAIN
BTN,2013,0.549337936783538,climate_readiness_score,ND-GAIN
BOL,2013,0.467125994949879,climate_readiness_score,ND-GAIN
BIH,2013,0.386003873841369,climate_readiness_score,ND-GAIN
BWA,2013,0.499543329501504,climate_readiness_score,ND-GAIN
BRA,2013,0.374696003112625,climate_readiness_score,ND-GAIN
BRN,2013,0.426891401753752,climate_readiness_score,ND-GAIN
BGR,2013,0.369788619459352,climate_readiness_score,ND-GAIN
BFA,2013,0.532869076690907,climate_readiness_score,ND-GAIN
BDI,2013,0.616192473759896,climate_readiness_score,ND-GAIN
KHM,2013,0.50725846908861,climate_readiness_score,ND-GAIN
CMR,2013,0.480469669340873,climate_readiness_score,ND-GAIN
CAN,2013,0.3057671751109,climate_readiness_score,ND-GAIN
CPV,2013,0.484982620915579,climate_readiness_score,ND-GAIN
CAF,2013,0.598061771390765,climate_readiness_score,ND-GAIN
TCD,2013,0.63463956395937,climate_readiness_score,ND-GAIN
CHL,2013,0.362386016095097,climate_readiness_score,ND-GAIN
CHN,2013,0.400634112133677,climate_readiness_score,ND-GAIN
COL,2013,0.42303843637613,climate_readiness_score,ND-GAIN
COM,2013,0.506113737475697,climate_readiness_score,ND-GAIN
COG,2013,0.552438336662492,climate_readiness_score,ND-GAIN
COD,2013,0.58209822148299,climate_readiness_score,ND-GAIN
CRI,2013,0.393422847281322,climate_readiness_score,ND-GAIN
CIV,2013,0.488589075294998,climate_readiness_score,ND-GAIN
HRV,2013,0.390225560430375,climate_readiness_score,ND-GAIN
CUB,2013,0.45259041922338,climate_readiness_score,ND-GAIN
CYP,2013,0.365416435766767,climate_readiness_score,ND-GAIN
CZE,2013,0.298093346269407,climate_readiness_score,ND-GAIN
DNK,2013,0.332222803966884,climate_readiness_score,ND-GAIN
DJI,2013,0.601155935477187,climate_readiness_score,ND-GAIN
DMA,2013,0.435773985019945,climate_readiness_score,ND-GAIN
DOM,2013,0.467865070796234,climate_readiness_score,ND-GAIN
ECU,2013,0.483222313229245,climate_readiness_score,ND-GAIN
EGY,2013,0.48083408386233,climate_readiness_score,ND-GAIN
SLV,2013,0.445370085790622,climate_readiness_score,ND-GAIN
GNQ,2013,0.449451603477877,climate_readiness_score,ND-GAIN
ERI,2013,0.640580773517963,climate_readiness_score,ND-GAIN
EST,2013,0.365177344984186,climate_readiness_score,ND-GAIN
ETH,2013,0.555884029211096,climate_readiness_score,ND-GAIN
FJI,2013,0.492261718082484,climate_readiness_score,ND-GAIN
FIN,2013,0.314955006372892,climate_readiness_score,ND-GAIN
FRA,2013,0.327944360713799,climate_readiness_score,ND-GAIN
GAB,2013,0.44724447862151,climate_readiness_score,ND-GAIN
GMB,2013,0.57813366920373,climate_readiness_score,ND-GAIN
GEO,2013,0.424546008703076,climate_readiness_score,ND-GAIN
DEU,2013,0.306411563076063,climate_readiness_score,ND-GAIN
GHA,2013,0.500826244441289,climate_readiness_score,ND-GAIN
GRC,2013,0.354330029654822,climate_readiness_score,ND-GAIN
GRD,2013,0.431971216830712,climate_readiness_score,ND-GAIN
GTM,2013,0.472442916452839,climate_readiness_score,ND-GAIN
GIN,2013,0.490854038303319,climate_readiness_score,ND-GAIN
GNB,2013,0.634160533255627,climate_readiness_score,ND-GAIN
GUY,2013,0.513735513944107,climate_readiness_score,ND-GAIN
HTI,2013,0.546763484910612,climate_readiness_score,ND-GAIN
HND,2013,0.472265723443217,climate_readiness_score,ND-GAIN
HUN,2013,0.389908569665453,climate_readiness_score,ND-GAIN
ISL,2013,0.317395491141015,climate_readiness_score,ND-GAIN
IND,2013,0.511233670893426,climate_readiness_score,ND-GAIN
IDN,2013,0.448349885513493,climate_readiness_score,ND-GAIN
IRN,2013,0.429133114654567,climate_readiness_score,ND-GAIN
IRQ,2013,0.502896377551896,climate_readiness_score,ND-GAIN
IRL,2013,0.326286222404897,climate_readiness_score,ND-GAIN
ISR,2013,0.370756568379666,climate_readiness_score,ND-GAIN
ITA,2013,0.363906265703004,climate_readiness_score,ND-GAIN
JAM,2013,0.439857626763274,climate_readiness_score,ND-GAIN
JPN,2013,0.358555906281447,climate_readiness_score,ND-GAIN
JOR,2013,0.440300888959491,climate_readiness_score,ND-GAIN
KAZ,2013,0.354585739458235,climate_readiness_score,ND-GAIN
KEN,2013,0.505104256936919,climate_readiness_score,ND-GAIN
KIR,2013,0.584493412336442,climate_readiness_score,ND-GAIN
PRK,2013,0.515506756280906,climate_readiness_score,ND-GAIN
KOR,2013,0.365783988735277,climate_readiness_score,ND-GAIN
KWT,2013,0.438171609512002,climate_readiness_score,ND-GAIN
KGZ,2013,0.375615630071142,climate_readiness_score,ND-GAIN
LAO,2013,0.501955547851748,climate_readiness_score,ND-GAIN
LVA,2013,0.395744602364861,climate_readiness_score,ND-GAIN
LBN,2013,0.460896901293544,climate_readiness_score,ND-GAIN
LSO,2013,0.519639590529429,climate_readiness_score,ND-GAIN
LBR,2013,0.598730698079772,climate_readiness_score,ND-GAIN
LBY,2013,0.496824352438349,climate_readiness_score,ND-GAIN
LIE,2013,,climate_readiness_score,ND-GAIN
LTU,2013,0.387575509299033,climate_readiness_score,ND-GAIN
LUX,2013,0.338027094620624,climate_readiness_score,ND-GAIN
MKD,2013,0.400780577367206,climate_readiness_score,ND-GAIN
MDG,2013,0.556882083079983,climate_readiness_score,ND-GAIN
MWI,2013,0.586914803483462,climate_readiness_score,ND-GAIN
MYS,2013,0.389216800584121,climate_readiness_score,ND-GAIN
MDV,2013,0.544960240177658,climate_readiness_score,ND-GAIN
MLI,2013,0.609419365258799,climate_readiness_score,ND-GAIN
MLT,2013,0.369945689114798,climate_readiness_score,ND-GAIN
MHL,2013,0.519456076109227,climate_readiness_score,ND-GAIN
MRT,2013,0.629380134308627,climate_readiness_score,ND-GAIN
MUS,2013,0.470099228154712,climate_readiness_score,ND-GAIN
MEX,2013,0.402697121255425,climate_readiness_score,ND-GAIN
FSM,2013,0.625409769862483,climate_readiness_score,ND-GAIN
MDA,2013,0.454589201788535,climate_readiness_score,ND-GAIN
MCO,2013,0.409048415186042,climate_readiness_score,ND-GAIN
MNG,2013,0.421838108514923,climate_readiness_score,ND-GAIN
MNE,2013,0.431687193756423,climate_readiness_score,ND-GAIN
MAR,2013,0.475091723541333,climate_readiness_score,ND-GAIN
MOZ,2013,0.50476738385135,climate_readiness_score,ND-GAIN
MMR,2013,0.524117514328844,climate_readiness_score,ND-GAIN
NAM,2013,0.536130231252078,climate_readiness_score,ND-GAIN
NRU,2013,0.536574440888597,climate_readiness_score,ND-GAIN
NPL,2013,0.529206045987535,climate_readiness_score,ND-GAIN
NLD,2013,0.366085010830818,climate_readiness_score,ND-GAIN
NZL,2013,0.296503060826778,climate_readiness_score,ND-GAIN
NIC,2013,0.431228409347214,climate_readiness_score,ND-GAIN
NER,2013,0.587571660281892,climate_readiness_score,ND-GAIN
NGA,2013,0.500553747595877,climate_readiness_score,ND-GAIN
NOR,2013,0.262947194499241,climate_readiness_score,ND-GAIN
OMN,2013,0.466184243355095,climate_readiness_score,ND-GAIN
PAK,2013,0.535224953112889,climate_readiness_score,ND-GAIN
PLW,2013,0.495619981296428,climate_readiness_score,ND-GAIN
PAN,2013,0.41905797041126,climate_readiness_score,ND-GAIN
PNG,2013,0.560369624550203,climate_readiness_score,ND-GAIN
PRY,2013,0.398428282238966,climate_readiness_score,ND-GAIN
PER,2013,0.43121567546504,climate_readiness_score,ND-GAIN
PHL,2013,0.462809514444521,climate_readiness_score,ND-GAIN
POL,2013,0.31313537532756,climate_readiness_score,ND-GAIN
PRT,2013,0.375922202203252,climate_readiness_score,ND-GAIN
QAT,2013,0.419436197814328,climate_readiness_score,ND-GAIN
ROU,2013,0.401070434527378,climate_readiness_score,ND-GAIN
RUS,2013,0.320207371649254,climate_readiness_score,ND-GAIN
RWA,2013,0.62291449249089,climate_readiness_score,ND-GAIN
KNA,2013,0.475453812648628,climate_readiness_score,ND-GAIN
LCA,2013,0.342327108192005,climate_readiness_score,ND-GAIN
VCT,2013,0.412898881355162,climate_readiness_score,ND-GAIN
WSM,2013,0.536113680735491,climate_readiness_score,ND-GAIN
SMR,2013,,climate_readiness_score,ND-GAIN
STP,2013,0.531279956181209,climate_readiness_score,ND-GAIN
SAU,2013,0.45836100052074,climate_readiness_score,ND-GAIN
SEN,2013,0.52995490359908,climate_readiness_score,ND-GAIN
SRB,2013,0.457633611530121,climate_readiness_score,ND-GAIN
SYC,2013,0.457119493170094,climate_readiness_score,ND-GAIN
SLE,2013,0.596512333884602,climate_readiness_score,ND-GAIN
SGP,2013,0.396389893154957,climate_readiness_score,ND-GAIN
SVK,2013,0.364920579568792,climate_readiness_score,ND-GAIN
SVN,2013,0.350613892249848,climate_readiness_score,ND-GAIN
SLB,2013,0.632401649455832,climate_readiness_score,ND-GAIN
SOM,2013,0.646694455782112,climate_readiness_score,ND-GAIN
ZAF,2013,0.453727434050128,climate_readiness_score,ND-GAIN
ESP,2013,0.324523527121287,climate_readiness_score,ND-GAIN
LKA,2013,0.466780545546166,climate_readiness_score,ND-GAIN
SDN,2013,0.631232028340579,climate_readiness_score,ND-GAIN
SUR,2013,0.436940498459334,climate_readiness_score,ND-GAIN
SWZ,2013,0.520959078594618,climate_readiness_score,ND-GAIN
SWE,2013,0.322060417596665,climate_readiness_score,ND-GAIN
CHE,2013,0.304246041814336,climate_readiness_score,ND-GAIN
SYR,2013,0.504801684553389,climate_readiness_score,ND-GAIN
TJK,2013,0.400587443901656,climate_readiness_score,ND-GAIN
TZA,2013,0.52436224921962,climate_readiness_score,ND-GAIN
THA,2013,0.448201125937314,climate_readiness_score,ND-GAIN
TLS,2013,0.574716772259,climate_readiness_score,ND-GAIN
TGO,2013,0.521790467061865,climate_readiness_score,ND-GAIN
TON,2013,0.60139205332767,climate_readiness_score,ND-GAIN
TTO,2013,0.391056028022321,climate_readiness_score,ND-GAIN
TUN,2013,0.423129738866353,climate_readiness_score,ND-GAIN
TUR,2013,0.40163580709982,climate_readiness_score,ND-GAIN
TKM,2013,0.44664708227803,climate_readiness_score,ND-GAIN
TUV,2013,0.573790058204803,climate_readiness_score,ND-GAIN
UGA,2013,0.55034748167665,climate_readiness_score,ND-GAIN
UKR,2013,0.397463904222774,climate_readiness_score,ND-GAIN
ARE,2013,0.455302404510342,climate_readiness_score,ND-GAIN
GBR,2013,0.281892311409312,climate_readiness_score,ND-GAIN
USA,2013,0.316502333767909,climate_readiness_score,ND-GAIN
URY,2013,0.402310436446319,climate_readiness_score,ND-GAIN
UZB,2013,0.39789069442397,climate_readiness_score,ND-GAIN
VUT,2013,0.579044967133071,climate_readiness_score,ND-GAIN
VEN,2013,0.388423105856772,climate_readiness_score,ND-GAIN
VNM,2013,0.489172628055384,climate_readiness_score,ND-GAIN
YEM,2013,0.590541211726952,climate_readiness_score,ND-GAIN
ZMB,2013,0.506940949163219,climate_readiness_score,ND-GAIN
ZWE,2013,0.505710041242706,climate_readiness_score,ND-GAIN
AFG,2014,0.620713777235184,climate_readiness_score,ND-GAIN
ALB,2014,0.456438873179432,climate_readiness_score,ND-GAIN
DZA,2014,0.448291597737207,climate_readiness_score,ND-GAIN
AND,2014,0.361426631141168,climate_readiness_score,ND-GAIN
AGO,2014,0.522961692388272,climate_readiness_score,ND-GAIN
ATG,2014,0.486113880999826,climate_readiness_score,ND-GAIN
ARG,2014,0.409935407627938,climate_readiness_score,ND-GAIN
ARM,2014,0.397737979234732,climate_readiness_score,ND-GAIN
AUS,2014,0.321744262138578,climate_readiness_score,ND-GAIN
AUT,2014,0.331009729589601,climate_readiness_score,ND-GAIN
AZE,2014,0.431102818934359,climate_readiness_score,ND-GAIN
BHS,2014,0.44246001095055,climate_readiness_score,ND-GAIN
BHR,2014,0.497412065568332,climate_readiness_score,ND-GAIN
BGD,2014,0.568204252994606,climate_readiness_score,ND-GAIN
BRB,2014,0.432367620029981,climate_readiness_score,ND-GAIN
BLR,2014,0.388846286071003,climate_readiness_score,ND-GAIN
BEL,2014,0.386135680530553,climate_readiness_score,ND-GAIN
BLZ,2014,0.499065173929435,climate_readiness_score,ND-GAIN
BEN,2014,0.595940531239665,climate_readiness_score,ND-GAIN
BTN,2014,0.546776335244009,climate_readiness_score,ND-GAIN
BOL,2014,0.466689983875338,climate_readiness_score,ND-GAIN
BIH,2014,0.384442348717512,climate_readiness_score,ND-GAIN
BWA,2014,0.496750960042798,climate_readiness_score,ND-GAIN
BRA,2014,0.373103799571523,climate_readiness_score,ND-GAIN
BRN,2014,0.427238153624778,climate_readiness_score,ND-GAIN
BGR,2014,0.368957333635707,climate_readiness_score,ND-GAIN
BFA,2014,0.526089730363692,climate_readiness_score,ND-GAIN
BDI,2014,0.60935663227432,climate_readiness_score,ND-GAIN
KHM,2014,0.503591316098766,climate_readiness_score,ND-GAIN
CMR,2014,0.480966169380854,climate_readiness_score,ND-GAIN
CAN,2014,0.303136503532368,climate_readiness_score,ND-GAIN
CPV,2014,0.481501442429953,climate_readiness_score,ND-GAIN
CAF,2014,0.592945301547961,climate_readiness_score,ND-GAIN
TCD,2014,0.635265386664336,climate_readiness_score,ND-GAIN
CHL,2014,0.36232314042077,climate_readiness_score,ND-GAIN
CHN,2014,0.399966716832612,climate_readiness_score,ND-GAIN
COL,2014,0.423184579633803,climate_readiness_score,ND-GAIN
COM,2014,0.509994826327917,climate_readiness_score,ND-GAIN
COG,2014,0.548081283085486,climate_readiness_score,ND-GAIN
COD,2014,0.583183948917505,climate_readiness_score,ND-GAIN
CRI,2014,0.392974194718345,climate_readiness_score,ND-GAIN
CIV,2014,0.492950007656049,climate_readiness_score,ND-GAIN
HRV,2014,0.39047393077602,climate_readiness_score,ND-GAIN
CUB,2014,0.452591852682971,climate_readiness_score,ND-GAIN
CYP,2014,0.353670016408798,climate_readiness_score,ND-GAIN
CZE,2014,0.298047527412792,climate_readiness_score,ND-GAIN
DNK,2014,0.335588489728754,climate_readiness_score,ND-GAIN
DJI,2014,0.602413779927206,climate_readiness_score,ND-GAIN
DMA,2014,0.436361702329267,climate_readiness_score,ND-GAIN
DOM,2014,0.473936920574983,climate_readiness_score,ND-GAIN
ECU,2014,0.476619671718049,climate_readiness_score,ND-GAIN
EGY,2014,0.486386661728438,climate_readiness_score,ND-GAIN
SLV,2014,0.445561173356082,climate_readiness_score,ND-GAIN
GNQ,2014,0.448784233647157,climate_readiness_score,ND-GAIN
ERI,2014,0.640267780000924,climate_readiness_score,ND-GAIN
EST,2014,0.362241687505835,climate_readiness_score,ND-GAIN
ETH,2014,0.556602425788389,climate_readiness_score,ND-GAIN
FJI,2014,0.492237086401336,climate_readiness_score,ND-GAIN
FIN,2014,0.317052048013816,climate_readiness_score,ND-GAIN
FRA,2014,0.325721975741411,climate_readiness_score,ND-GAIN
GAB,2014,0.445270980861588,climate_readiness_score,ND-GAIN
GMB,2014,0.573422118980832,climate_readiness_score,ND-GAIN
GEO,2014,0.425254320043028,climate_readiness_score,ND-GAIN
DEU,2014,0.307038915113958,climate_readiness_score,ND-GAIN
GHA,2014,0.495343373469454,climate_readiness_score,ND-GAIN
GRC,2014,0.35680492423734,climate_readiness_score,ND-GAIN
GRD,2014,0.426252995147556,climate_readiness_score,ND-GAIN
GTM,2014,0.475940559785478,climate_readiness_score,ND-GAIN
GIN,2014,0.487792999633791,climate_readiness_score,ND-GAIN
GNB,2014,0.637535193029829,climate_readiness_score,ND-GAIN
GUY,2014,0.510240664739662,climate_readiness_score,ND-GAIN
HTI,2014,0.543233488850896,climate_readiness_score,ND-GAIN
HND,2014,0.471907713855896,climate_readiness_score,ND-GAIN
HUN,2014,0.38669048386817,climate_readiness_score,ND-GAIN
ISL,2014,0.315201538278734,climate_readiness_score,ND-GAIN
IND,2014,0.509815385778869,climate_readiness_score,ND-GAIN
IDN,2014,0.446659121611426,climate_readiness_score,ND-GAIN
IRN,2014,0.4270706208129,climate_readiness_score,ND-GAIN
IRQ,2014,0.500083001211786,climate_readiness_score,ND-GAIN
IRL,2014,0.321832578515451,climate_readiness_score,ND-GAIN
ISR,2014,0.367834702442131,climate_readiness_score,ND-GAIN
ITA,2014,0.363024195663683,climate_readiness_score,ND-GAIN
JAM,2014,0.437817654778572,climate_readiness_score,ND-GAIN
JPN,2014,0.357009159437904,climate_readiness_score,ND-GAIN
JOR,2014,0.440724320030977,climate_readiness_score,ND-GAIN
KAZ,2014,0.35601812992746,climate_readiness_score,ND-GAIN
KEN,2014,0.501887926040638,climate_readiness_score,ND-GAIN
KIR,2014,0.581046546132454,climate_readiness_score,ND-GAIN
PRK,2014,0.517125290624895,climate_readiness_score,ND-GAIN
KOR,2014,0.364493053385399,climate_readiness_score,ND-GAIN
KWT,2014,0.435834820454719,climate_readiness_score,ND-GAIN
KGZ,2014,0.37647283582623,climate_readiness_score,ND-GAIN
LAO,2014,0.498639981291497,climate_readiness_score,ND-GAIN
LVA,2014,0.389000286525806,climate_readiness_score,ND-GAIN
LBN,2014,0.459386831723568,climate_readiness_score,ND-GAIN
LSO,2014,0.516302835780389,climate_readiness_score,ND-GAIN
LBR,2014,0.597793169756887,climate_readiness_score,ND-GAIN
LBY,2014,0.497996594940166,climate_readiness_score,ND-GAIN
LIE,2014,,climate_readiness_score,ND-GAIN
LTU,2014,0.384513680184426,climate_readiness_score,ND-GAIN
LUX,2014,0.336033762294029,climate_readiness_score,ND-GAIN
MKD,2014,0.403155715504858,climate_readiness_score,ND-GAIN
MDG,2014,0.556342142775226,climate_readiness_score,ND-GAIN
MWI,2014,0.583638258631216,climate_readiness_score,ND-GAIN
MYS,2014,0.387329340150427,climate_readiness_score,ND-GAIN
MDV,2014,0.542496768415184,climate_readiness_score,ND-GAIN
MLI,2014,0.610016646554476,climate_readiness_score,ND-GAIN
MLT,2014,0.367224473477389,climate_readiness_score,ND-GAIN
MHL,2014,0.518294311584977,climate_readiness_score,ND-GAIN
MRT,2014,0.633024543884451,climate_readiness_score,ND-GAIN
MUS,2014,0.464415859230253,climate_readiness_score,ND-GAIN
MEX,2014,0.402025002347629,climate_readiness_score,ND-GAIN
FSM,2014,0.625607130192587,climate_readiness_score,ND-GAIN
MDA,2014,0.453888023679369,climate_readiness_score,ND-GAIN
MCO,2014,0.408915197544253,climate_readiness_score,ND-GAIN
MNG,2014,0.419803299528897,climate_readiness_score,ND-GAIN
MNE,2014,0.432821101527086,climate_readiness_score,ND-GAIN
MAR,2014,0.476478861474377,climate_readiness_score,ND-GAIN
MOZ,2014,0.503882984150078,climate_readiness_score,ND-GAIN
MMR,2014,0.525295248944425,climate_readiness_score,ND-GAIN
NAM,2014,0.535909584074263,climate_readiness_score,ND-GAIN
NRU,2014,0.508747871249173,climate_readiness_score,ND-GAIN
NPL,2014,0.526266612624411,climate_readiness_score,ND-GAIN
NLD,2014,0.365116307222737,climate_readiness_score,ND-GAIN
NZL,2014,0.295008571196233,climate_readiness_score,ND-GAIN
NIC,2014,0.43023489786622,climate_readiness_score,ND-GAIN
NER,2014,0.588749885594736,climate_readiness_score,ND-GAIN
NGA,2014,0.497895190722542,climate_readiness_score,ND-GAIN
NOR,2014,0.261943321115634,climate_readiness_score,ND-GAIN
OMN,2014,0.46611542320354,climate_readiness_score,ND-GAIN
PAK,2014,0.536272290950652,climate_readiness_score,ND-GAIN
PLW,2014,0.490795933626004,climate_readiness_score,ND-GAIN
PAN,2014,0.418378809617978,climate_readiness_score,ND-GAIN
PNG,2014,0.562163515134975,climate_readiness_score,ND-GAIN
PRY,2014,0.396624771759469,climate_readiness_score,ND-GAIN
PER,2014,0.43157074248004,climate_readiness_score,ND-GAIN
PHL,2014,0.462084574211311,climate_readiness_score,ND-GAIN
POL,2014,0.313348808711506,climate_readiness_score,ND-GAIN
PRT,2014,0.371130811680267,climate_readiness_score,ND-GAIN
QAT,2014,0.425011602660264,climate_readiness_score,ND-GAIN
ROU,2014,0.398175464402012,climate_readiness_score,ND-GAIN
RUS,2014,0.319644240282854,climate_readiness_score,ND-GAIN
RWA,2014,0.619306589564417,climate_readiness_score,ND-GAIN
KNA,2014,0.472345306222323,climate_readiness_score,ND-GAIN
LCA,2014,0.341858803012809,climate_readiness_score,ND-GAIN
VCT,2014,0.412521180935649,climate_readiness_score,ND-GAIN
WSM,2014,0.522634723457773,climate_readiness_score,ND-GAIN
SMR,2014,,climate_readiness_score,ND-GAIN
STP,2014,0.528920870660319,climate_readiness_score,ND-GAIN
SAU,2014,0.456454576236093,climate_readiness_score,ND-GAIN
SEN,2014,0.534857630927717,climate_readiness_score,ND-GAIN
SRB,2014,0.451774922762765,climate_readiness_score,ND-GAIN
SYC,2014,0.449468101601317,climate_readiness_score,ND-GAIN
SLE,2014,0.595320045209979,climate_readiness_score,ND-GAIN
SGP,2014,0.391782708606352,climate_readiness_score,ND-GAIN
SVK,2014,0.364638847335446,climate_readiness_score,ND-GAIN
SVN,2014,0.346932907897805,climate_readiness_score,ND-GAIN
SLB,2014,0.630226139800713,climate_readiness_score,ND-GAIN
SOM,2014,0.645892851465666,climate_readiness_score,ND-GAIN
ZAF,2014,0.451228946867109,climate_readiness_score,ND-GAIN
ESP,2014,0.324278186080503,climate_readiness_score,ND-GAIN
LKA,2014,0.462626975623183,climate_readiness_score,ND-GAIN
SDN,2014,0.631630614129398,climate_readiness_score,ND-GAIN
SUR,2014,0.440278149878164,climate_readiness_score,ND-GAIN
SWZ,2014,0.518718327503522,climate_readiness_score,ND-GAIN
SWE,2014,0.322641932860449,climate_readiness_score,ND-GAIN
CHE,2014,0.302497209757245,climate_readiness_score,ND-GAIN
SYR,2014,0.510432406432676,climate_readiness_score,ND-GAIN
TJK,2014,0.39605404746734,climate_readiness_score,ND-GAIN
TZA,2014,0.521264482768552,climate_readiness_score,ND-GAIN
THA,2014,0.446175421031105,climate_readiness_score,ND-GAIN
TLS,2014,0.579201165558006,climate_readiness_score,ND-GAIN
TGO,2014,0.521557054588447,climate_readiness_score,ND-GAIN
TON,2014,0.611462666287072,climate_readiness_score,ND-GAIN
TTO,2014,0.390714640778532,climate_readiness_score,ND-GAIN
TUN,2014,0.42653927377374,climate_readiness_score,ND-GAIN
TUR,2014,0.40257080953334,climate_readiness_score,ND-GAIN
TKM,2014,0.4466117453641,climate_readiness_score,ND-GAIN
TUV,2014,0.563687082099176,climate_readiness_score,ND-GAIN
UGA,2014,0.547609899713135,climate_readiness_score,ND-GAIN
UKR,2014,0.386121451380173,climate_readiness_score,ND-GAIN
ARE,2014,0.450047689997675,climate_readiness_score,ND-GAIN
GBR,2014,0.279698439246724,climate_readiness_score,ND-GAIN
USA,2014,0.316188309907478,climate_readiness_score,ND-GAIN
URY,2014,0.401040002908629,climate_readiness_score,ND-GAIN
UZB,2014,0.398195572164265,climate_readiness_score,ND-GAIN
VUT,2014,0.57046279472932,climate_readiness_score,ND-GAIN
VEN,2014,0.386386237351398,climate_readiness_score,ND-GAIN
VNM,2014,0.48477310962132,climate_readiness_score,ND-GAIN
YEM,2014,0.599952966204106,climate_readiness_score,ND-GAIN
ZMB,2014,0.505980871879718,climate_readiness_score,ND-GAIN
ZWE,2014,0.508033367116113,climate_readiness_score,ND-GAIN
AFG,2015,0.617663907540975,climate_readiness_score,ND-GAIN
ALB,2015,0.452181910224145,climate_readiness_score,ND-GAIN
DZA,2015,0.44864965887572,climate_readiness_score,ND-GAIN
AND,2015,0.357916938292783,climate_readiness_score,ND-GAIN
AGO,2015,0.524903307025906,climate_readiness_score,ND-GAIN
ATG,2015,0.488862073744939,climate_readiness_score,ND-GAIN
ARG,2015,0.409293505593191,climate_readiness_score,ND-GAIN
ARM,2015,0.398599151443654,climate_readiness_score,ND-GAIN
AUS,2015,0.321087371990985,climate_readiness_score,ND-GAIN
AUT,2015,0.32751881559113,climate_readiness_score,ND-GAIN
AZE,2015,0.430278390416145,climate_readiness_score,ND-GAIN
BHS,2015,0.443460299511792,climate_readiness_score,ND-GAIN
BHR,2015,0.497998413316838,climate_readiness_score,ND-GAIN
BGD,2015,0.557599614003301,climate_readiness_score,ND-GAIN
BRB,2015,0.43477440135922,climate_readiness_score,ND-GAIN
BLR,2015,0.390776222721198,climate_readiness_score,ND-GAIN
BEL,2015,0.38659918701196,climate_readiness_score,ND-GAIN
BLZ,2015,0.487075244617002,climate_readiness_score,ND-GAIN
BEN,2015,0.590573249853364,climate_readiness_score,ND-GAIN
BTN,2015,0.541900954237669,climate_readiness_score,ND-GAIN
BOL,2015,0.466294562675096,climate_readiness_score,ND-GAIN
BIH,2015,0.387060123670184,climate_readiness_score,ND-GAIN
BWA,2015,0.492275496378473,climate_readiness_score,ND-GAIN
BRA,2015,0.369943882098988,climate_readiness_score,ND-GAIN
BRN,2015,0.425724088937624,climate_readiness_score,ND-GAIN
BGR,2015,0.371608236139352,climate_readiness_score,ND-GAIN
BFA,2015,0.528998534755129,climate_readiness_score,ND-GAIN
BDI,2015,0.609482358973147,climate_readiness_score,ND-GAIN
KHM,2015,0.505461689147033,climate_readiness_score,ND-GAIN
CMR,2015,0.478384628664232,climate_readiness_score,ND-GAIN
CAN,2015,0.300409442279627,climate_readiness_score,ND-GAIN
CPV,2015,0.469862684618082,climate_readiness_score,ND-GAIN
CAF,2015,0.588906629480499,climate_readiness_score,ND-GAIN
TCD,2015,0.642063964046542,climate_readiness_score,ND-GAIN
CHL,2015,0.363681364433669,climate_readiness_score,ND-GAIN
CHN,2015,0.399021843224162,climate_readiness_score,ND-GAIN
COL,2015,0.42160530404054,climate_readiness_score,ND-GAIN
COM,2015,0.497721108491476,climate_readiness_score,ND-GAIN
COG,2015,0.542969629255718,climate_readiness_score,ND-GAIN
COD,2015,0.580870172662085,climate_readiness_score,ND-GAIN
CRI,2015,0.393004204001943,climate_readiness_score,ND-GAIN
CIV,2015,0.490393563821672,climate_readiness_score,ND-GAIN
HRV,2015,0.392138563095326,climate_readiness_score,ND-GAIN
CUB,2015,0.451419788807233,climate_readiness_score,ND-GAIN
CYP,2015,0.352826325757178,climate_readiness_score,ND-GAIN
CZE,2015,0.298018300640639,climate_readiness_score,ND-GAIN
DNK,2015,0.334848572247605,climate_readiness_score,ND-GAIN
DJI,2015,0.61326611314967,climate_readiness_score,ND-GAIN
DMA,2015,0.432560175423225,climate_readiness_score,ND-GAIN
DOM,2015,0.476163912422625,climate_readiness_score,ND-GAIN
ECU,2015,0.478368896833309,climate_readiness_score,ND-GAIN
EGY,2015,0.485170689396275,climate_readiness_score,ND-GAIN
SLV,2015,0.450564040621192,climate_readiness_score,ND-GAIN
GNQ,2015,0.452124906300482,climate_readiness_score,ND-GAIN
ERI,2015,0.63731074215843,climate_readiness_score,ND-GAIN
EST,2015,0.362646667752613,climate_readiness_score,ND-GAIN
ETH,2015,0.545638268323555,climate_readiness_score,ND-GAIN
FJI,2015,0.489184431184503,climate_readiness_score,ND-GAIN
FIN,2015,0.31283586479877,climate_readiness_score,ND-GAIN
FRA,2015,0.326052255628907,climate_readiness_score,ND-GAIN
GAB,2015,0.445464296546997,climate_readiness_score,ND-GAIN
GMB,2015,0.570544428769731,climate_readiness_score,ND-GAIN
GEO,2015,0.429733327689573,climate_readiness_score,ND-GAIN
DEU,2015,0.306415612457474,climate_readiness_score,ND-GAIN
GHA,2015,0.502621692814449,climate_readiness_score,ND-GAIN
GRC,2015,0.359512931750354,climate_readiness_score,ND-GAIN
GRD,2015,0.424929001072623,climate_readiness_score,ND-GAIN
GTM,2015,0.476170789725332,climate_readiness_score,ND-GAIN
GIN,2015,0.492120727431346,climate_readiness_score,ND-GAIN
GNB,2015,0.633886634802133,climate_readiness_score,ND-GAIN
GUY,2015,0.510655875345482,climate_readiness_score,ND-GAIN
HTI,2015,0.545013638025575,climate_readiness_score,ND-GAIN
HND,2015,0.467572910665112,climate_readiness_score,ND-GAIN
HUN,2015,0.383503418898893,climate_readiness_score,ND-GAIN
ISL,2015,0.317057228614897,climate_readiness_score,ND-GAIN
IND,2015,0.513105088128197,climate_readiness_score,ND-GAIN
IDN,2015,0.444614055797514,climate_readiness_score,ND-GAIN
IRN,2015,0.426429186259287,climate_readiness_score,ND-GAIN
IRQ,2015,0.497524195496195,climate_readiness_score,ND-GAIN
IRL,2015,0.321524771821705,climate_readiness_score,ND-GAIN
ISR,2015,0.367174781296592,climate_readiness_score,ND-GAIN
ITA,2015,0.361895944020505,climate_readiness_score,ND-GAIN
JAM,2015,0.437700752529736,climate_readiness_score,ND-GAIN
JPN,2015,0.358497672483694,climate_readiness_score,ND-GAIN
JOR,2015,0.435951355642941,climate_readiness_score,ND-GAIN
KAZ,2015,0.353461633570688,climate_readiness_score,ND-GAIN
KEN,2015,0.496643471083605,climate_readiness_score,ND-GAIN
KIR,2015,0.558450443387882,climate_readiness_score,ND-GAIN
PRK,2015,0.516055973022346,climate_readiness_score,ND-GAIN
KOR,2015,0.364559068677373,climate_readiness_score,ND-GAIN
KWT,2015,0.437366726222732,climate_readiness_score,ND-GAIN
KGZ,2015,0.382237474554067,climate_readiness_score,ND-GAIN
LAO,2015,0.499255181564317,climate_readiness_score,ND-GAIN
LVA,2015,0.392316749811207,climate_readiness_score,ND-GAIN
LBN,2015,0.462242936667583,climate_readiness_score,ND-GAIN
LSO,2015,0.511194590944997,climate_readiness_score,ND-GAIN
LBR,2015,0.597083767292732,climate_readiness_score,ND-GAIN
LBY,2015,0.49974670868576,climate_readiness_score,ND-GAIN
LIE,2015,,climate_readiness_score,ND-GAIN
LTU,2015,0.382701483208423,climate_readiness_score,ND-GAIN
LUX,2015,0.33517796588467,climate_readiness_score,ND-GAIN
MKD,2015,0.404053324703373,climate_readiness_score,ND-GAIN
MDG,2015,0.557379293670958,climate_readiness_score,ND-GAIN
MWI,2015,0.580352036006968,climate_readiness_score,ND-GAIN
MYS,2015,0.386260935167402,climate_readiness_score,ND-GAIN
MDV,2015,0.53964034615563,climate_readiness_score,ND-GAIN
MLI,2015,0.609844446049091,climate_readiness_score,ND-GAIN
MLT,2015,0.364651587107663,climate_readiness_score,ND-GAIN
MHL,2015,0.517072808630065,climate_readiness_score,ND-GAIN
MRT,2015,0.636759469264592,climate_readiness_score,ND-GAIN
MUS,2015,0.465563958457217,climate_readiness_score,ND-GAIN
MEX,2015,0.401112370443579,climate_readiness_score,ND-GAIN
FSM,2015,0.624256433076803,climate_readiness_score,ND-GAIN
MDA,2015,0.451571727514946,climate_readiness_score,ND-GAIN
MCO,2015,0.410129090186801,climate_readiness_score,ND-GAIN
MNG,2015,0.419290677257199,climate_readiness_score,ND-GAIN
MNE,2015,0.431359924052733,climate_readiness_score,ND-GAIN
MAR,2015,0.475295949673766,climate_readiness_score,ND-GAIN
MOZ,2015,0.502018844794406,climate_readiness_score,ND-GAIN
MMR,2015,0.510929206122215,climate_readiness_score,ND-GAIN
NAM,2015,0.534301099712961,climate_readiness_score,ND-GAIN
NRU,2015,0.529145430149902,climate_readiness_score,ND-GAIN
NPL,2015,0.525493058890515,climate_readiness_score,ND-GAIN
NLD,2015,0.364253385225721,climate_readiness_score,ND-GAIN
NZL,2015,0.294223319527108,climate_readiness_score,ND-GAIN
NIC,2015,0.426484194861696,climate_readiness_score,ND-GAIN
NER,2015,0.597745578564179,climate_readiness_score,ND-GAIN
NGA,2015,0.495413824836144,climate_readiness_score,ND-GAIN
NOR,2015,0.26498299121228,climate_readiness_score,ND-GAIN
OMN,2015,0.465099457429149,climate_readiness_score,ND-GAIN
PAK,2015,0.531735229643188,climate_readiness_score,ND-GAIN
PLW,2015,0.486154648186856,climate_readiness_score,ND-GAIN
PAN,2015,0.417282903228765,climate_readiness_score,ND-GAIN
PNG,2015,0.545001814939912,climate_readiness_score,ND-GAIN
PRY,2015,0.395349615222872,climate_readiness_score,ND-GAIN
PER,2015,0.429344266006104,climate_readiness_score,ND-GAIN
PHL,2015,0.462398327539396,climate_readiness_score,ND-GAIN
POL,2015,0.313024040885163,climate_readiness_score,ND-GAIN
PRT,2015,0.375759967946238,climate_readiness_score,ND-GAIN
QAT,2015,0.423230266017703,climate_readiness_score,ND-GAIN
ROU,2015,0.397461426718605,climate_readiness_score,ND-GAIN
RUS,2015,0.316662054241561,climate_readiness_score,ND-GAIN
RWA,2015,0.615749125755664,climate_readiness_score,ND-GAIN
KNA,2015,0.472806121950767,climate_readiness_score,ND-GAIN
LCA,2015,0.342185859734075,climate_readiness_score,ND-GAIN
VCT,2015,0.412088302507136,climate_readiness_score,ND-GAIN
WSM,2015,0.529846141713446,climate_readiness_score,ND-GAIN
SMR,2015,,climate_readiness_score,ND-GAIN
STP,2015,0.529829567874136,climate_readiness_score,ND-GAIN
SAU,2015,0.455570189209895,climate_readiness_score,ND-GAIN
SEN,2015,0.537569754623884,climate_readiness_score,ND-GAIN
SRB,2015,0.452598069699101,climate_readiness_score,ND-GAIN
SYC,2015,0.44494344070874,climate_readiness_score,ND-GAIN
SLE,2015,0.601659527722579,climate_readiness_score,ND-GAIN
SGP,2015,0.386067885393896,climate_readiness_score,ND-GAIN
SVK,2015,0.363941498642567,climate_readiness_score,ND-GAIN
SVN,2015,0.347991515852456,climate_readiness_score,ND-GAIN
SLB,2015,0.615666315262292,climate_readiness_score,ND-GAIN
SOM,2015,0.645145922586054,climate_readiness_score,ND-GAIN
ZAF,2015,0.449593510288346,climate_readiness_score,ND-GAIN
ESP,2015,0.321811321738659,climate_readiness_score,ND-GAIN
LKA,2015,0.462574996178829,climate_readiness_score,ND-GAIN
SDN,2015,0.625284824898299,climate_readiness_score,ND-GAIN
SUR,2015,0.435064332876443,climate_readiness_score,ND-GAIN
SWZ,2015,0.517763431955982,climate_readiness_score,ND-GAIN
SWE,2015,0.32226765235298,climate_readiness_score,ND-GAIN
CHE,2015,0.302550803510192,climate_readiness_score,ND-GAIN
SYR,2015,0.516832118075322,climate_readiness_score,ND-GAIN
TJK,2015,0.396924170615463,climate_readiness_score,ND-GAIN
TZA,2015,0.517322380587916,climate_readiness_score,ND-GAIN
THA,2015,0.44716772488151,climate_readiness_score,ND-GAIN
TLS,2015,0.578362822963733,climate_readiness_score,ND-GAIN
TGO,2015,0.516459617037633,climate_readiness_score,ND-GAIN
TON,2015,0.608649223879269,climate_readiness_score,ND-GAIN
TTO,2015,0.39152219803004,climate_readiness_score,ND-GAIN
TUN,2015,0.429175380252002,climate_readiness_score,ND-GAIN
TUR,2015,0.402992147692265,climate_readiness_score,ND-GAIN
TKM,2015,0.444913172402133,climate_readiness_score,ND-GAIN
TUV,2015,0.57452351219971,climate_readiness_score,ND-GAIN
UGA,2015,0.548843034935009,climate_readiness_score,ND-GAIN
UKR,2015,0.386294749971621,climate_readiness_score,ND-GAIN
ARE,2015,0.447568283910213,climate_readiness_score,ND-GAIN
GBR,2015,0.277112920007916,climate_readiness_score,ND-GAIN
USA,2015,0.316394961729648,climate_readiness_score,ND-GAIN
URY,2015,0.399218512129135,climate_readiness_score,ND-GAIN
UZB,2015,0.395312838656678,climate_readiness_score,ND-GAIN
VUT,2015,0.569109381674236,climate_readiness_score,ND-GAIN
VEN,2015,0.386950237315033,climate_readiness_score,ND-GAIN
VNM,2015,0.488076632931935,climate_readiness_score,ND-GAIN
YEM,2015,0.601608456561578,climate_readiness_score,ND-GAIN
ZMB,2015,0.505708993550164,climate_readiness_score,ND-GAIN
ZWE,2015,0.5125670270891,climate_readiness_score,ND-GAIN
AFG,2016,0.61891830302453,climate_readiness_score,ND-GAIN
ALB,2016,0.453082024592574,climate_readiness_score,ND-GAIN
DZA,2016,0.448086433833011,climate_readiness_score,ND-GAIN
AND,2016,0.354835238486357,climate_readiness_score,ND-GAIN
AGO,2016,0.526533690259456,climate_readiness_score,ND-GAIN
ATG,2016,0.485169710539745,climate_readiness_score,ND-GAIN
ARG,2016,0.4089033179451,climate_readiness_score,ND-GAIN
ARM,2016,0.399682030186034,climate_readiness_score,ND-GAIN
AUS,2016,0.321186033058489,climate_readiness_score,ND-GAIN
AUT,2016,0.326311277177668,climate_readiness_score,ND-GAIN
AZE,2016,0.431811358225188,climate_readiness_score,ND-GAIN
BHS,2016,0.443990775645769,climate_readiness_score,ND-GAIN
BHR,2016,0.497431043510987,climate_readiness_score,ND-GAIN
BGD,2016,0.552429115959462,climate_readiness_score,ND-GAIN
BRB,2016,0.434985134069665,climate_readiness_score,ND-GAIN
BLR,2016,0.391945660229781,climate_readiness_score,ND-GAIN
BEL,2016,0.378867804832803,climate_readiness_score,ND-GAIN
BLZ,2016,0.482631227953018,climate_readiness_score,ND-GAIN
BEN,2016,0.599313476543242,climate_readiness_score,ND-GAIN
BTN,2016,0.540721973833022,climate_readiness_score,ND-GAIN
BOL,2016,0.458407479820338,climate_readiness_score,ND-GAIN
BIH,2016,0.384123444442942,climate_readiness_score,ND-GAIN
BWA,2016,0.48716852060324,climate_readiness_score,ND-GAIN
BRA,2016,0.368037212822239,climate_readiness_score,ND-GAIN
BRN,2016,0.426286679963453,climate_readiness_score,ND-GAIN
BGR,2016,0.373862898683282,climate_readiness_score,ND-GAIN
BFA,2016,0.522370129921142,climate_readiness_score,ND-GAIN
BDI,2016,0.613678806057139,climate_readiness_score,ND-GAIN
KHM,2016,0.483686317563374,climate_readiness_score,ND-GAIN
CMR,2016,0.477170923621086,climate_readiness_score,ND-GAIN
CAN,2016,0.298137498093707,climate_readiness_score,ND-GAIN
CPV,2016,0.470081190500244,climate_readiness_score,ND-GAIN
CAF,2016,0.590839129321645,climate_readiness_score,ND-GAIN
TCD,2016,0.649969187419728,climate_readiness_score,ND-GAIN
CHL,2016,0.364769235825175,climate_readiness_score,ND-GAIN
CHN,2016,0.398779332495763,climate_readiness_score,ND-GAIN
COL,2016,0.422387982420696,climate_readiness_score,ND-GAIN
COM,2016,0.49930453346787,climate_readiness_score,ND-GAIN
COG,2016,0.522620543741699,climate_readiness_score,ND-GAIN
COD,2016,0.580140449713375,climate_readiness_score,ND-GAIN
CRI,2016,0.392599353702653,climate_readiness_score,ND-GAIN
CIV,2016,0.492964218494761,climate_readiness_score,ND-GAIN
HRV,2016,0.391268449446953,climate_readiness_score,ND-GAIN
CUB,2016,0.451888829825897,climate_readiness_score,ND-GAIN
CYP,2016,0.349283918911958,climate_readiness_score,ND-GAIN
CZE,2016,0.29759457394619,climate_readiness_score,ND-GAIN
DNK,2016,0.33532927404189,climate_readiness_score,ND-GAIN
DJI,2016,0.608161236103957,climate_readiness_score,ND-GAIN
DMA,2016,0.433951745487401,climate_readiness_score,ND-GAIN
DOM,2016,0.46841513202512,climate_readiness_score,ND-GAIN
ECU,2016,0.475010790316206,climate_readiness_score,ND-GAIN
EGY,2016,0.488282223559953,climate_readiness_score,ND-GAIN
SLV,2016,0.451797180189474,climate_readiness_score,ND-GAIN
GNQ,2016,0.455333554262071,climate_readiness_score,ND-GAIN
ERI,2016,0.625683763011654,climate_readiness_score,ND-GAIN
EST,2016,0.362716481651903,climate_readiness_score,ND-GAIN
ETH,2016,0.539794978579427,climate_readiness_score,ND-GAIN
FJI,2016,0.489526826159101,climate_readiness_score,ND-GAIN
FIN,2016,0.310274713440661,climate_readiness_score,ND-GAIN
FRA,2016,0.324865694036033,climate_readiness_score,ND-GAIN
GAB,2016,0.44871365660878,climate_readiness_score,ND-GAIN
GMB,2016,0.56832412067727,climate_readiness_score,ND-GAIN
GEO,2016,0.427955340774229,climate_readiness_score,ND-GAIN
DEU,2016,0.305355260275153,climate_readiness_score,ND-GAIN
GHA,2016,0.491268927380032,climate_readiness_score,ND-GAIN
GRC,2016,0.357994470483027,climate_readiness_score,ND-GAIN
GRD,2016,0.423852345734875,climate_readiness_score,ND-GAIN
GTM,2016,0.470329758616006,climate_readiness_score,ND-GAIN
GIN,2016,0.498561463788998,climate_readiness_score,ND-GAIN
GNB,2016,0.636223005563992,climate_readiness_score,ND-GAIN
GUY,2016,0.510660120042266,climate_readiness_score,ND-GAIN
HTI,2016,0.547559272487304,climate_readiness_score,ND-GAIN
HND,2016,0.468215257302845,climate_readiness_score,ND-GAIN
HUN,2016,0.382297721908813,climate_readiness_score,ND-GAIN
ISL,2016,0.319688689707691,climate_readiness_score,ND-GAIN
IND,2016,0.501269173495437,climate_readiness_score,ND-GAIN
IDN,2016,0.445428207184135,climate_readiness_score,ND-GAIN
IRN,2016,0.425282628594492,climate_readiness_score,ND-GAIN
IRQ,2016,0.498922004615396,climate_readiness_score,ND-GAIN
IRL,2016,0.317139175184391,climate_readiness_score,ND-GAIN
ISR,2016,0.362698285908872,climate_readiness_score,ND-GAIN
ITA,2016,0.361942627982993,climate_readiness_score,ND-GAIN
JAM,2016,0.440007134530165,climate_readiness_score,ND-GAIN
JPN,2016,0.357605707456105,climate_readiness_score,ND-GAIN
JOR,2016,0.439167602414785,climate_readiness_score,ND-GAIN
KAZ,2016,0.351792174435176,climate_readiness_score,ND-GAIN
KEN,2016,0.491372621550487,climate_readiness_score,ND-GAIN
KIR,2016,0.559790564446024,climate_readiness_score,ND-GAIN
PRK,2016,0.511642098454944,climate_readiness_score,ND-GAIN
KOR,2016,0.363866557699623,climate_readiness_score,ND-GAIN
KWT,2016,0.438090913749693,climate_readiness_score,ND-GAIN
KGZ,2016,0.367574600221289,climate_readiness_score,ND-GAIN
LAO,2016,0.502072616871023,climate_readiness_score,ND-GAIN
LVA,2016,0.391206934412982,climate_readiness_score,ND-GAIN
LBN,2016,0.461852314690347,climate_readiness_score,ND-GAIN
LSO,2016,0.511424419022686,climate_readiness_score,ND-GAIN
LBR,2016,0.601192748002182,climate_readiness_score,ND-GAIN
LBY,2016,0.501415802713997,climate_readiness_score,ND-GAIN
LIE,2016,,climate_readiness_score,ND-GAIN
LTU,2016,0.380088042739581,climate_readiness_score,ND-GAIN
LUX,2016,0.332330495702844,climate_readiness_score,ND-GAIN
MKD,2016,0.406513118876114,climate_readiness_score,ND-GAIN
MDG,2016,0.555124961962517,climate_readiness_score,ND-GAIN
MWI,2016,0.584291441999084,climate_readiness_score,ND-GAIN
MYS,2016,0.388801804064024,climate_readiness_score,ND-GAIN
MDV,2016,0.541868902553057,climate_readiness_score,ND-GAIN
MLI,2016,0.604982357928307,climate_readiness_score,ND-GAIN
MLT,2016,0.364666829397969,climate_readiness_score,ND-GAIN
MHL,2016,0.515916164622873,climate_readiness_score,ND-GAIN
MRT,2016,0.632707194777142,climate_readiness_score,ND-GAIN
MUS,2016,0.45635790615135,climate_readiness_score,ND-GAIN
MEX,2016,0.40212039568485,climate_readiness_score,ND-GAIN
FSM,2016,0.623021701709715,climate_readiness_score,ND-GAIN
MDA,2016,0.447836167755592,climate_readiness_score,ND-GAIN
MCO,2016,0.411151068596653,climate_readiness_score,ND-GAIN
MNG,2016,0.422732558265351,climate_readiness_score,ND-GAIN
MNE,2016,0.433371937026495,climate_readiness_score,ND-GAIN
MAR,2016,0.475698996905043,climate_readiness_score,ND-GAIN
MOZ,2016,0.502209932386784,climate_readiness_score,ND-GAIN
MMR,2016,0.513670103535065,climate_readiness_score,ND-GAIN
NAM,2016,0.528502770265106,climate_readiness_score,ND-GAIN
NRU,2016,0.493995158183545,climate_readiness_score,ND-GAIN
NPL,2016,0.520339225521183,climate_readiness_score,ND-GAIN
NLD,2016,0.361114898462394,climate_readiness_score,ND-GAIN
NZL,2016,0.296883814440724,climate_readiness_score,ND-GAIN
NIC,2016,0.421449378877755,climate_readiness_score,ND-GAIN
NER,2016,0.589281720936185,climate_readiness_score,ND-GAIN
NGA,2016,0.494756969245303,climate_readiness_score,ND-GAIN
NOR,2016,0.265613234051014,climate_readiness_score,ND-GAIN
OMN,2016,0.465607515659994,climate_readiness_score,ND-GAIN
PAK,2016,0.533399336099212,climate_readiness_score,ND-GAIN
PLW,2016,0.476437582167519,climate_readiness_score,ND-GAIN
PAN,2016,0.416295704676863,climate_readiness_score,ND-GAIN
PNG,2016,0.552567262468454,climate_readiness_score,ND-GAIN
PRY,2016,0.39457797149178,climate_readiness_score,ND-GAIN
PER,2016,0.429134274470679,climate_readiness_score,ND-GAIN
PHL,2016,0.461079936920388,climate_readiness_score,ND-GAIN
POL,2016,0.312820370934931,climate_readiness_score,ND-GAIN
PRT,2016,0.368033506132294,climate_readiness_score,ND-GAIN
QAT,2016,0.422234164975401,climate_readiness_score,ND-GAIN
ROU,2016,0.398025924808514,climate_readiness_score,ND-GAIN
RUS,2016,0.314857179222585,climate_readiness_score,ND-GAIN
RWA,2016,0.614568387805213,climate_readiness_score,ND-GAIN
KNA,2016,0.475160516127423,climate_readiness_score,ND-GAIN
LCA,2016,0.340317867549756,climate_readiness_score,ND-GAIN
VCT,2016,0.41149784176131,climate_readiness_score,ND-GAIN
WSM,2016,0.53169980386621,climate_readiness_score,ND-GAIN
SMR,2016,,climate_readiness_score,ND-GAIN
STP,2016,0.530447684659066,climate_readiness_score,ND-GAIN
SAU,2016,0.455410058235384,climate_readiness_score,ND-GAIN
SEN,2016,0.533256387137717,climate_readiness_score,ND-GAIN
SRB,2016,0.452670089228251,climate_readiness_score,ND-GAIN
SYC,2016,0.44060687746935,climate_readiness_score,ND-GAIN
SLE,2016,0.606711254348445,climate_readiness_score,ND-GAIN
SGP,2016,0.385900434418143,climate_readiness_score,ND-GAIN
SVK,2016,0.364268816814437,climate_readiness_score,ND-GAIN
SVN,2016,0.34671824928034,climate_readiness_score,ND-GAIN
SLB,2016,0.617845490227277,climate_readiness_score,ND-GAIN
SOM,2016,0.644407314723433,climate_readiness_score,ND-GAIN
ZAF,2016,0.44659949361073,climate_readiness_score,ND-GAIN
ESP,2016,0.322249607461378,climate_readiness_score,ND-GAIN
LKA,2016,0.463142624206692,climate_readiness_score,ND-GAIN
SDN,2016,0.629603159848942,climate_readiness_score,ND-GAIN
SUR,2016,0.442089967775308,climate_readiness_score,ND-GAIN
SWZ,2016,0.507035240112214,climate_readiness_score,ND-GAIN
SWE,2016,0.323148616499424,climate_readiness_score,ND-GAIN
CHE,2016,0.302885730088361,climate_readiness_score,ND-GAIN
SYR,2016,0.523112105362032,climate_readiness_score,ND-GAIN
TJK,2016,0.391652859602223,climate_readiness_score,ND-GAIN
TZA,2016,0.511622813266924,climate_readiness_score,ND-GAIN
THA,2016,0.447039799176102,climate_readiness_score,ND-GAIN
TLS,2016,0.574972907220089,climate_readiness_score,ND-GAIN
TGO,2016,0.518131244408331,climate_readiness_score,ND-GAIN
TON,2016,0.609879420220322,climate_readiness_score,ND-GAIN
TTO,2016,0.384791155178006,climate_readiness_score,ND-GAIN
TUN,2016,0.430469232743046,climate_readiness_score,ND-GAIN
TUR,2016,0.401962939015898,climate_readiness_score,ND-GAIN
TKM,2016,0.443726286856531,climate_readiness_score,ND-GAIN
TUV,2016,0.567106528977791,climate_readiness_score,ND-GAIN
UGA,2016,0.542262584068988,climate_readiness_score,ND-GAIN
UKR,2016,0.386176083258081,climate_readiness_score,ND-GAIN
ARE,2016,0.445391489921778,climate_readiness_score,ND-GAIN
GBR,2016,0.276684125112315,climate_readiness_score,ND-GAIN
USA,2016,0.316409493277205,climate_readiness_score,ND-GAIN
URY,2016,0.396552934238358,climate_readiness_score,ND-GAIN
UZB,2016,0.39135293747364,climate_readiness_score,ND-GAIN
VUT,2016,0.56660787940006,climate_readiness_score,ND-GAIN
VEN,2016,0.387734668467237,climate_readiness_score,ND-GAIN
VNM,2016,0.491315957212765,climate_readiness_score,ND-GAIN
YEM,2016,0.611457492451638,climate_readiness_score,ND-GAIN
ZMB,2016,0.505541507528307,climate_readiness_score,ND-GAIN
ZWE,2016,0.51666879493078,climate_readiness_score,ND-GAIN
AFG,2017,0.624045312829365,climate_readiness_score,ND-GAIN
ALB,2017,0.454816662591784,climate_readiness_score,ND-GAIN
DZA,2017,0.450024843080413,climate_readiness_score,ND-GAIN
AND,2017,0.353776224387047,climate_readiness_score,ND-GAIN
AGO,2017,0.527919390604736,climate_readiness_score,ND-GAIN
ATG,2017,0.484033884537712,climate_readiness_score,ND-GAIN
ARG,2017,0.409793344766066,climate_readiness_score,ND-GAIN
ARM,2017,0.397143711635547,climate_readiness_score,ND-GAIN
AUS,2017,0.320764556527034,climate_readiness_score,ND-GAIN
AUT,2017,0.326249244231187,climate_readiness_score,ND-GAIN
AZE,2017,0.43245052760717,climate_readiness_score,ND-GAIN
BHS,2017,0.444737987396724,climate_readiness_score,ND-GAIN
BHR,2017,0.498463576554286,climate_readiness_score,ND-GAIN
BGD,2017,0.54932394138848,climate_readiness_score,ND-GAIN
BRB,2017,0.431060301139083,climate_readiness_score,ND-GAIN
BLR,2017,0.390346614916609,climate_readiness_score,ND-GAIN
BEL,2017,0.379517853108954,climate_readiness_score,ND-GAIN
BLZ,2017,0.48234969365976,climate_readiness_score,ND-GAIN
BEN,2017,0.600762354513538,climate_readiness_score,ND-GAIN
BTN,2017,0.545626580919345,climate_readiness_score,ND-GAIN
BOL,2017,0.451038679432796,climate_readiness_score,ND-GAIN
BIH,2017,0.384400888335892,climate_readiness_score,ND-GAIN
BWA,2017,0.488648443084964,climate_readiness_score,ND-GAIN
BRA,2017,0.366754200705663,climate_readiness_score,ND-GAIN
BRN,2017,0.425538700861046,climate_readiness_score,ND-GAIN
BGR,2017,0.377303318660473,climate_readiness_score,ND-GAIN
BFA,2017,0.508433462249922,climate_readiness_score,ND-GAIN
BDI,2017,0.613568479943284,climate_readiness_score,ND-GAIN
KHM,2017,0.470622792203931,climate_readiness_score,ND-GAIN
CMR,2017,0.474801726722025,climate_readiness_score,ND-GAIN
CAN,2017,0.296831752756861,climate_readiness_score,ND-GAIN
CPV,2017,0.467034138248245,climate_readiness_score,ND-GAIN
CAF,2017,0.595175042252839,climate_readiness_score,ND-GAIN
TCD,2017,0.645998067603622,climate_readiness_score,ND-GAIN
CHL,2017,0.365163168911127,climate_readiness_score,ND-GAIN
CHN,2017,0.398231107968176,climate_readiness_score,ND-GAIN
COL,2017,0.420762320662478,climate_readiness_score,ND-GAIN
COM,2017,0.497853271897161,climate_readiness_score,ND-GAIN
COG,2017,0.530124259036837,climate_readiness_score,ND-GAIN
COD,2017,0.576896790751154,climate_readiness_score,ND-GAIN
CRI,2017,0.392511871119059,climate_readiness_score,ND-GAIN
CIV,2017,0.488285216915675,climate_readiness_score,ND-GAIN
HRV,2017,0.392943032571904,climate_readiness_score,ND-GAIN
CUB,2017,0.451894017614477,climate_readiness_score,ND-GAIN
CYP,2017,0.350403461830898,climate_readiness_score,ND-GAIN
CZE,2017,0.297334760856275,climate_readiness_score,ND-GAIN
DNK,2017,0.333229793620584,climate_readiness_score,ND-GAIN
DJI,2017,0.603279310353712,climate_readiness_score,ND-GAIN
DMA,2017,0.433010324162328,climate_readiness_score,ND-GAIN
DOM,2017,0.466898929243024,climate_readiness_score,ND-GAIN
ECU,2017,0.460056759600663,climate_readiness_score,ND-GAIN
EGY,2017,0.480293452735437,climate_readiness_score,ND-GAIN
SLV,2017,0.446395673444319,climate_readiness_score,ND-GAIN
GNQ,2017,0.453519002719087,climate_readiness_score,ND-GAIN
ERI,2017,0.633984244813081,climate_readiness_score,ND-GAIN
EST,2017,0.361852925233784,climate_readiness_score,ND-GAIN
ETH,2017,0.536726905560838,climate_readiness_score,ND-GAIN
FJI,2017,0.485877526135071,climate_readiness_score,ND-GAIN
FIN,2017,0.309670487826761,climate_readiness_score,ND-GAIN
FRA,2017,0.324543805613885,climate_readiness_score,ND-GAIN
GAB,2017,0.448951828693618,climate_readiness_score,ND-GAIN
GMB,2017,0.565897831730031,climate_readiness_score,ND-GAIN
GEO,2017,0.425514006024172,climate_readiness_score,ND-GAIN
DEU,2017,0.30587592863605,climate_readiness_score,ND-GAIN
GHA,2017,0.492582296783676,climate_readiness_score,ND-GAIN
GRC,2017,0.35779563271995,climate_readiness_score,ND-GAIN
GRD,2017,0.422383977588706,climate_readiness_score,ND-GAIN
GTM,2017,0.457520377456817,climate_readiness_score,ND-GAIN
GIN,2017,0.479809108563343,climate_readiness_score,ND-GAIN
GNB,2017,0.629771481201412,climate_readiness_score,ND-GAIN
GUY,2017,0.509789201201864,climate_readiness_score,ND-GAIN
HTI,2017,0.54192499641885,climate_readiness_score,ND-GAIN
HND,2017,0.471505417154647,climate_readiness_score,ND-GAIN
HUN,2017,0.388588633415229,climate_readiness_score,ND-GAIN
ISL,2017,0.318125940508026,climate_readiness_score,ND-GAIN
IND,2017,0.491233205234193,climate_readiness_score,ND-GAIN
IDN,2017,0.442160088069544,climate_readiness_score,ND-GAIN
IRN,2017,0.424200195906666,climate_readiness_score,ND-GAIN
IRQ,2017,0.499241469413531,climate_readiness_score,ND-GAIN
IRL,2017,0.315741854372968,climate_readiness_score,ND-GAIN
ISR,2017,0.367140203345549,climate_readiness_score,ND-GAIN
ITA,2017,0.361149527122615,climate_readiness_score,ND-GAIN
JAM,2017,0.43734210677592,climate_readiness_score,ND-GAIN
JPN,2017,0.356464360303806,climate_readiness_score,ND-GAIN
JOR,2017,0.437371032691603,climate_readiness_score,ND-GAIN
KAZ,2017,0.352740352156346,climate_readiness_score,ND-GAIN
KEN,2017,0.499881893652719,climate_readiness_score,ND-GAIN
KIR,2017,0.565837689619933,climate_readiness_score,ND-GAIN
PRK,2017,0.509453269165224,climate_readiness_score,ND-GAIN
KOR,2017,0.364137632698211,climate_readiness_score,ND-GAIN
KWT,2017,0.438152703925364,climate_readiness_score,ND-GAIN
KGZ,2017,0.358144012137682,climate_readiness_score,ND-GAIN
LAO,2017,0.493444123453854,climate_readiness_score,ND-GAIN
LVA,2017,0.391750272017376,climate_readiness_score,ND-GAIN
LBN,2017,0.462216371730848,climate_readiness_score,ND-GAIN
LSO,2017,0.512757083683605,climate_readiness_score,ND-GAIN
LBR,2017,0.600069004749691,climate_readiness_score,ND-GAIN
LBY,2017,0.499493055887697,climate_readiness_score,ND-GAIN
LIE,2017,,climate_readiness_score,ND-GAIN
LTU,2017,0.381485388691928,climate_readiness_score,ND-GAIN
LUX,2017,0.334901006982313,climate_readiness_score,ND-GAIN
MKD,2017,0.408200961683187,climate_readiness_score,ND-GAIN
MDG,2017,0.552227477005217,climate_readiness_score,ND-GAIN
MWI,2017,0.578870029064817,climate_readiness_score,ND-GAIN
MYS,2017,0.38687797558725,climate_readiness_score,ND-GAIN
MDV,2017,0.537373000834332,climate_readiness_score,ND-GAIN
MLI,2017,0.60348617457913,climate_readiness_score,ND-GAIN
MLT,2017,0.366945490677766,climate_readiness_score,ND-GAIN
MHL,2017,0.51452361253174,climate_readiness_score,ND-GAIN
MRT,2017,0.635498258594198,climate_readiness_score,ND-GAIN
MUS,2017,0.453972621585092,climate_readiness_score,ND-GAIN
MEX,2017,0.402756925817813,climate_readiness_score,ND-GAIN
FSM,2017,0.62359097588859,climate_readiness_score,ND-GAIN
MDA,2017,0.449782018552733,climate_readiness_score,ND-GAIN
MCO,2017,0.411958852180865,climate_readiness_score,ND-GAIN
MNG,2017,0.41999375459883,climate_readiness_score,ND-GAIN
MNE,2017,0.431404863394173,climate_readiness_score,ND-GAIN
MAR,2017,0.473680998713972,climate_readiness_score,ND-GAIN
MOZ,2017,0.501914047121648,climate_readiness_score,ND-GAIN
MMR,2017,0.502872121615892,climate_readiness_score,ND-GAIN
NAM,2017,0.512473206906276,climate_readiness_score,ND-GAIN
NRU,2017,0.525076673368527,climate_readiness_score,ND-GAIN
NPL,2017,0.525482529337504,climate_readiness_score,ND-GAIN
NLD,2017,0.361092581819876,climate_readiness_score,ND-GAIN
NZL,2017,0.294714958073299,climate_readiness_score,ND-GAIN
NIC,2017,0.423031663028649,climate_readiness_score,ND-GAIN
NER,2017,0.590280810862436,climate_readiness_score,ND-GAIN
NGA,2017,0.491708509110531,climate_readiness_score,ND-GAIN
NOR,2017,0.265763232160278,climate_readiness_score,ND-GAIN
OMN,2017,0.466597058903436,climate_readiness_score,ND-GAIN
PAK,2017,0.53406056208594,climate_readiness_score,ND-GAIN
PLW,2017,0.48076018238864,climate_readiness_score,ND-GAIN
PAN,2017,0.416343225668655,climate_readiness_score,ND-GAIN
PNG,2017,0.549146266655496,climate_readiness_score,ND-GAIN
PRY,2017,0.392785225453854,climate_readiness_score,ND-GAIN
PER,2017,0.429597250343291,climate_readiness_score,ND-GAIN
PHL,2017,0.459490509778994,climate_readiness_score,ND-GAIN
POL,2017,0.314726187228714,climate_readiness_score,ND-GAIN
PRT,2017,0.359682115399314,climate_readiness_score,ND-GAIN
QAT,2017,0.42165586739122,climate_readiness_score,ND-GAIN
ROU,2017,0.397556375117985,climate_readiness_score,ND-GAIN
RUS,2017,0.31258776095487,climate_readiness_score,ND-GAIN
RWA,2017,0.615815990405418,climate_readiness_score,ND-GAIN
KNA,2017,0.475687543094892,climate_readiness_score,ND-GAIN
LCA,2017,0.337349744689983,climate_readiness_score,ND-GAIN
VCT,2017,0.41531169869892,climate_readiness_score,ND-GAIN
WSM,2017,0.523853505445184,climate_readiness_score,ND-GAIN
SMR,2017,,climate_readiness_score,ND-GAIN
STP,2017,0.525827232943954,climate_readiness_score,ND-GAIN
SAU,2017,0.45860676853802,climate_readiness_score,ND-GAIN
SEN,2017,0.535253297164436,climate_readiness_score,ND-GAIN
SRB,2017,0.452623040589388,climate_readiness_score,ND-GAIN
SYC,2017,0.427944265494184,climate_readiness_score,ND-GAIN
SLE,2017,0.609721913355038,climate_readiness_score,ND-GAIN
SGP,2017,0.385297238065184,climate_readiness_score,ND-GAIN
SVK,2017,0.367108694339673,climate_readiness_score,ND-GAIN
SVN,2017,0.346734299135453,climate_readiness_score,ND-GAIN
SLB,2017,0.611780483644785,climate_readiness_score,ND-GAIN
SOM,2017,0.642353857163326,climate_readiness_score,ND-GAIN
ZAF,2017,0.445226265329067,climate_readiness_score,ND-GAIN
ESP,2017,0.321494539182742,climate_readiness_score,ND-GAIN
LKA,2017,0.459952949749204,climate_readiness_score,ND-GAIN
SDN,2017,0.62738927683063,climate_readiness_score,ND-GAIN
SUR,2017,0.437479766513319,climate_readiness_score,ND-GAIN
SWZ,2017,0.495830056558098,climate_readiness_score,ND-GAIN
SWE,2017,0.321426122112272,climate_readiness_score,ND-GAIN
CHE,2017,0.303755637961594,climate_readiness_score,ND-GAIN
SYR,2017,0.517036746364055,climate_readiness_score,ND-GAIN
TJK,2017,0.370673872286424,climate_readiness_score,ND-GAIN
TZA,2017,0.509749826055326,climate_readiness_score,ND-GAIN
THA,2017,0.44824693623956,climate_readiness_score,ND-GAIN
TLS,2017,0.56498673399629,climate_readiness_score,ND-GAIN
TGO,2017,0.51708912582359,climate_readiness_score,ND-GAIN
TON,2017,0.608017724051545,climate_readiness_score,ND-GAIN
TTO,2017,0.395746081769475,climate_readiness_score,ND-GAIN
TUN,2017,0.432280582253491,climate_readiness_score,ND-GAIN
TUR,2017,0.402623195819764,climate_readiness_score,ND-GAIN
TKM,2017,0.44389115323314,climate_readiness_score,ND-GAIN
TUV,2017,0.568654452046951,climate_readiness_score,ND-GAIN
UGA,2017,0.54164213933802,climate_readiness_score,ND-GAIN
UKR,2017,0.39027909393406,climate_readiness_score,ND-GAIN
ARE,2017,0.436482337214884,climate_readiness_score,ND-GAIN
GBR,2017,0.277539783312114,climate_readiness_score,ND-GAIN
USA,2017,0.315650885862177,climate_readiness_score,ND-GAIN
URY,2017,0.395564097050685,climate_readiness_score,ND-GAIN
UZB,2017,0.390361741250319,climate_readiness_score,ND-GAIN
VUT,2017,0.570706638490196,climate_readiness_score,ND-GAIN
VEN,2017,0.387978001904453,climate_readiness_score,ND-GAIN
VNM,2017,0.491600117824265,climate_readiness_score,ND-GAIN
YEM,2017,0.606572391649293,climate_readiness_score,ND-GAIN
ZMB,2017,0.503977101364702,climate_readiness_score,ND-GAIN
ZWE,2017,0.514219556621842,climate_readiness_score,ND-GAIN
AFG,2018,0.621219895745992,climate_readiness_score,ND-GAIN
ALB,2018,0.445776530529326,climate_readiness_score,ND-GAIN
DZA,2018,0.451835527605685,climate_readiness_score,ND-GAIN
AND,2018,0.352272052521354,climate_readiness_score,ND-GAIN
AGO,2018,0.53066874562908,climate_readiness_score,ND-GAIN
ATG,2018,0.486469338910529,climate_readiness_score,ND-GAIN
ARG,2018,0.409693047678998,climate_readiness_score,ND-GAIN
ARM,2018,0.405011751057139,climate_readiness_score,ND-GAIN
AUS,2018,0.307421493893753,climate_readiness_score,ND-GAIN
AUT,2018,0.325375657611493,climate_readiness_score,ND-GAIN
AZE,2018,0.429907331669035,climate_readiness_score,ND-GAIN
BHS,2018,0.445630969631325,climate_readiness_score,ND-GAIN
BHR,2018,0.498979753478191,climate_readiness_score,ND-GAIN
BGD,2018,0.545788982319367,climate_readiness_score,ND-GAIN
BRB,2018,0.392247679329681,climate_readiness_score,ND-GAIN
BLR,2018,0.388115610979802,climate_readiness_score,ND-GAIN
BEL,2018,0.382258468460838,climate_readiness_score,ND-GAIN
BLZ,2018,0.481276369994785,climate_readiness_score,ND-GAIN
BEN,2018,0.59487893155132,climate_readiness_score,ND-GAIN
BTN,2018,0.536713585157137,climate_readiness_score,ND-GAIN
BOL,2018,0.449399354011287,climate_readiness_score,ND-GAIN
BIH,2018,0.37990145662364,climate_readiness_score,ND-GAIN
BWA,2018,0.474746808902273,climate_readiness_score,ND-GAIN
BRA,2018,0.36590360239069,climate_readiness_score,ND-GAIN
BRN,2018,0.423745882954981,climate_readiness_score,ND-GAIN
BGR,2018,0.354120457169062,climate_readiness_score,ND-GAIN
BFA,2018,0.503978099894153,climate_readiness_score,ND-GAIN
BDI,2018,0.610869012889503,climate_readiness_score,ND-GAIN
KHM,2018,0.47050099517753,climate_readiness_score,ND-GAIN
CMR,2018,0.478104105709849,climate_readiness_score,ND-GAIN
CAN,2018,0.295491235870898,climate_readiness_score,ND-GAIN
CPV,2018,0.466685177585382,climate_readiness_score,ND-GAIN
CAF,2018,0.596376581927882,climate_readiness_score,ND-GAIN
TCD,2018,0.643828079905839,climate_readiness_score,ND-GAIN
CHL,2018,0.359528852183975,climate_readiness_score,ND-GAIN
CHN,2018,0.397430332177677,climate_readiness_score,ND-GAIN
COL,2018,0.418901461441774,climate_readiness_score,ND-GAIN
COM,2018,0.49137522576826,climate_readiness_score,ND-GAIN
COG,2018,0.528843142138947,climate_readiness_score,ND-GAIN
COD,2018,0.57389701257267,climate_readiness_score,ND-GAIN
CRI,2018,0.391279587514848,climate_readiness_score,ND-GAIN
CIV,2018,0.487161175834903,climate_readiness_score,ND-GAIN
HRV,2018,0.392562563008672,climate_readiness_score,ND-GAIN
CUB,2018,0.451103278143847,climate_readiness_score,ND-GAIN
CYP,2018,0.350940139472572,climate_readiness_score,ND-GAIN
CZE,2018,0.296710984925801,climate_readiness_score,ND-GAIN
DNK,2018,0.33705880007599,climate_readiness_score,ND-GAIN
DJI,2018,0.59065104079319,climate_readiness_score,ND-GAIN
DMA,2018,0.429655261039225,climate_readiness_score,ND-GAIN
DOM,2018,0.467259585420273,climate_readiness_score,ND-GAIN
ECU,2018,0.456773141422115,climate_readiness_score,ND-GAIN
EGY,2018,0.474656570860248,climate_readiness_score,ND-GAIN
SLV,2018,0.446392441247005,climate_readiness_score,ND-GAIN
GNQ,2018,0.45237961908644,climate_readiness_score,ND-GAIN
ERI,2018,0.635395027483511,climate_readiness_score,ND-GAIN
EST,2018,0.360590693470115,climate_readiness_score,ND-GAIN
ETH,2018,0.527352223744299,climate_readiness_score,ND-GAIN
FJI,2018,0.489505741545237,climate_readiness_score,ND-GAIN
FIN,2018,0.309532910825543,climate_readiness_score,ND-GAIN
FRA,2018,0.321575994558445,climate_readiness_score,ND-GAIN
GAB,2018,0.449635893042079,climate_readiness_score,ND-GAIN
GMB,2018,0.565047246567586,climate_readiness_score,ND-GAIN
GEO,2018,0.421369461033702,climate_readiness_score,ND-GAIN
DEU,2018,0.305395913922914,climate_readiness_score,ND-GAIN
GHA,2018,0.483983264925078,climate_readiness_score,ND-GAIN
GRC,2018,0.357559934242118,climate_readiness_score,ND-GAIN
GRD,2018,0.416210051010732,climate_readiness_score,ND-GAIN
GTM,2018,0.45454915861708,climate_readiness_score,ND-GAIN
GIN,2018,0.479015968169429,climate_readiness_score,ND-GAIN
GNB,2018,0.629255006433943,climate_readiness_score,ND-GAIN
GUY,2018,0.507598818129328,climate_readiness_score,ND-GAIN
HTI,2018,0.539920593214343,climate_readiness_score,ND-GAIN
HND,2018,0.464133129469383,climate_readiness_score,ND-GAIN
HUN,2018,0.388151699503117,climate_readiness_score,ND-GAIN
ISL,2018,0.317200409893837,climate_readiness_score,ND-GAIN
IND,2018,0.484031216003039,climate_readiness_score,ND-GAIN
IDN,2018,0.43816980148424,climate_readiness_score,ND-GAIN
IRN,2018,0.426468231813074,climate_readiness_score,ND-GAIN
IRQ,2018,0.492827564073948,climate_readiness_score,ND-GAIN
IRL,2018,0.319250641872156,climate_readiness_score,ND-GAIN
ISR,2018,0.364995056697258,climate_readiness_score,ND-GAIN
ITA,2018,0.36044168935565,climate_readiness_score,ND-GAIN
JAM,2018,0.434973632818967,climate_readiness_score,ND-GAIN
JPN,2018,0.354832783714315,climate_readiness_score,ND-GAIN
JOR,2018,0.434072398859548,climate_readiness_score,ND-GAIN
KAZ,2018,0.354501817736392,climate_readiness_score,ND-GAIN
KEN,2018,0.498614204159385,climate_readiness_score,ND-GAIN
KIR,2018,0.573726591903058,climate_readiness_score,ND-GAIN
PRK,2018,0.506216907372975,climate_readiness_score,ND-GAIN
KOR,2018,0.364233944676744,climate_readiness_score,ND-GAIN
KWT,2018,0.438117244023647,climate_readiness_score,ND-GAIN
KGZ,2018,0.348109466205997,climate_readiness_score,ND-GAIN
LAO,2018,0.48539913776144,climate_readiness_score,ND-GAIN
LVA,2018,0.392288324676303,climate_readiness_score,ND-GAIN
LBN,2018,0.462124188243516,climate_readiness_score,ND-GAIN
LSO,2018,0.510635276530536,climate_readiness_score,ND-GAIN
LBR,2018,0.591031354581416,climate_readiness_score,ND-GAIN
LBY,2018,0.496411798576172,climate_readiness_score,ND-GAIN
LIE,2018,,climate_readiness_score,ND-GAIN
LTU,2018,0.385212024781556,climate_readiness_score,ND-GAIN
LUX,2018,0.339325944679007,climate_readiness_score,ND-GAIN
MKD,2018,0.412261593573975,climate_readiness_score,ND-GAIN
MDG,2018,0.550581923781405,climate_readiness_score,ND-GAIN
MWI,2018,0.575657411055686,climate_readiness_score,ND-GAIN
MYS,2018,0.386663738776137,climate_readiness_score,ND-GAIN
MDV,2018,0.529129639718038,climate_readiness_score,ND-GAIN
MLI,2018,0.600424561333673,climate_readiness_score,ND-GAIN
MLT,2018,0.366525563045827,climate_readiness_score,ND-GAIN
MHL,2018,0.51175648857109,climate_readiness_score,ND-GAIN
MRT,2018,0.630761019689007,climate_readiness_score,ND-GAIN
MUS,2018,0.450965529292308,climate_readiness_score,ND-GAIN
MEX,2018,0.402585309213123,climate_readiness_score,ND-GAIN
FSM,2018,0.611798810931037,climate_readiness_score,ND-GAIN
MDA,2018,0.448893949315855,climate_readiness_score,ND-GAIN
MCO,2018,0.411922719976556,climate_readiness_score,ND-GAIN
MNG,2018,0.414976913839939,climate_readiness_score,ND-GAIN
MNE,2018,0.425528148172454,climate_readiness_score,ND-GAIN
MAR,2018,0.458015250414639,climate_readiness_score,ND-GAIN
MOZ,2018,0.498678893442044,climate_readiness_score,ND-GAIN
MMR,2018,0.510272900443441,climate_readiness_score,ND-GAIN
NAM,2018,0.528482802680081,climate_readiness_score,ND-GAIN
NRU,2018,0.495419900409045,climate_readiness_score,ND-GAIN
NPL,2018,0.509811949699366,climate_readiness_score,ND-GAIN
NLD,2018,0.364584521322174,climate_readiness_score,ND-GAIN
NZL,2018,0.294520058366264,climate_readiness_score,ND-GAIN
NIC,2018,0.420685898593178,climate_readiness_score,ND-GAIN
NER,2018,0.59204050285175,climate_readiness_score,ND-GAIN
NGA,2018,0.485234851047816,climate_readiness_score,ND-GAIN
NOR,2018,0.266470088380717,climate_readiness_score,ND-GAIN
OMN,2018,0.46850363180991,climate_readiness_score,ND-GAIN
PAK,2018,0.533974201625737,climate_readiness_score,ND-GAIN
PLW,2018,0.477047696955956,climate_readiness_score,ND-GAIN
PAN,2018,0.417138664778722,climate_readiness_score,ND-GAIN
PNG,2018,0.557057988071477,climate_readiness_score,ND-GAIN
PRY,2018,0.390221299264986,climate_readiness_score,ND-GAIN
PER,2018,0.428882903957662,climate_readiness_score,ND-GAIN
PHL,2018,0.453576894754451,climate_readiness_score,ND-GAIN
POL,2018,0.314507314402347,climate_readiness_score,ND-GAIN
PRT,2018,0.357600516919593,climate_readiness_score,ND-GAIN
QAT,2018,0.42060945574716,climate_readiness_score,ND-GAIN
ROU,2018,0.39662624171319,climate_readiness_score,ND-GAIN
RUS,2018,0.311283594268911,climate_readiness_score,ND-GAIN
RWA,2018,0.613014256809455,climate_readiness_score,ND-GAIN
KNA,2018,0.47542601321528,climate_readiness_score,ND-GAIN
LCA,2018,0.335541587169891,climate_readiness_score,ND-GAIN
VCT,2018,0.410697551377614,climate_readiness_score,ND-GAIN
WSM,2018,0.513763846081322,climate_readiness_score,ND-GAIN
SMR,2018,,climate_readiness_score,ND-GAIN
STP,2018,0.52588079560374,climate_readiness_score,ND-GAIN
SAU,2018,0.450798851005599,climate_readiness_score,ND-GAIN
SEN,2018,0.534611755282414,climate_readiness_score,ND-GAIN
SRB,2018,0.47559373179679,climate_readiness_score,ND-GAIN
SYC,2018,0.4333997221068,climate_readiness_score,ND-GAIN
SLE,2018,0.607892796599406,climate_readiness_score,ND-GAIN
SGP,2018,0.385880762777345,climate_readiness_score,ND-GAIN
SVK,2018,0.367823682285478,climate_readiness_score,ND-GAIN
SVN,2018,0.346010524770768,climate_readiness_score,ND-GAIN
SLB,2018,0.599000741300417,climate_readiness_score,ND-GAIN
SOM,2018,0.641194845652023,climate_readiness_score,ND-GAIN
ZAF,2018,0.446472872198323,climate_readiness_score,ND-GAIN
ESP,2018,0.320538584149562,climate_readiness_score,ND-GAIN
LKA,2018,0.449668147906883,climate_readiness_score,ND-GAIN
SDN,2018,0.633648191661536,climate_readiness_score,ND-GAIN
SUR,2018,0.433779831485749,climate_readiness_score,ND-GAIN
SWZ,2018,0.497971751322317,climate_readiness_score,ND-GAIN
SWE,2018,0.322257005489164,climate_readiness_score,ND-GAIN
CHE,2018,0.299889925928679,climate_readiness_score,ND-GAIN
SYR,2018,0.517168626589681,climate_readiness_score,ND-GAIN
TJK,2018,0.355899026103044,climate_readiness_score,ND-GAIN
TZA,2018,0.504781294590087,climate_readiness_score,ND-GAIN
THA,2018,0.45040002695961,climate_readiness_score,ND-GAIN
TLS,2018,0.569824833885579,climate_readiness_score,ND-GAIN
TGO,2018,0.51040558404608,climate_readiness_score,ND-GAIN
TON,2018,0.605103486677274,climate_readiness_score,ND-GAIN
TTO,2018,0.392158925828304,climate_readiness_score,ND-GAIN
TUN,2018,0.435423562076357,climate_readiness_score,ND-GAIN
TUR,2018,0.401856326375815,climate_readiness_score,ND-GAIN
TKM,2018,0.444621856919127,climate_readiness_score,ND-GAIN
TUV,2018,0.559794144699355,climate_readiness_score,ND-GAIN
UGA,2018,0.534997341940069,climate_readiness_score,ND-GAIN
UKR,2018,0.392674582981863,climate_readiness_score,ND-GAIN
ARE,2018,0.436096240584236,climate_readiness_score,ND-GAIN
GBR,2018,0.277874407853219,climate_readiness_score,ND-GAIN
USA,2018,0.319118149550455,climate_readiness_score,ND-GAIN
URY,2018,0.397882740237393,climate_readiness_score,ND-GAIN
UZB,2018,0.389110752766443,climate_readiness_score,ND-GAIN
VUT,2018,0.571745220217056,climate_readiness_score,ND-GAIN
VEN,2018,0.388635193891728,climate_readiness_score,ND-GAIN
VNM,2018,0.487603395013954,climate_readiness_score,ND-GAIN
YEM,2018,0.609768419479663,climate_readiness_score,ND-GAIN
ZMB,2018,0.503566840812738,climate_readiness_score,ND-GAIN
ZWE,2018,0.51041217302572,climate_readiness_score,ND-GAIN
AFG,2019,0.616649620725657,climate_readiness_score,ND-GAIN
ALB,2019,0.439418986495686,climate_readiness_score,ND-GAIN
DZA,2019,0.454771992884195,climate_readiness_score,ND-GAIN
AND,2019,0.352558170892091,climate_readiness_score,ND-GAIN
AGO,2019,0.530217865623582,climate_readiness_score,ND-GAIN
ATG,2019,0.479871061313673,climate_readiness_score,ND-GAIN
ARG,2019,0.407502362732722,climate_readiness_score,ND-GAIN
ARM,2019,0.40589482596938,climate_readiness_score,ND-GAIN
AUS,2019,0.304318911027216,climate_readiness_score,ND-GAIN
AUT,2019,0.325826661510204,climate_readiness_score,ND-GAIN
AZE,2019,0.42885403155403,climate_readiness_score,ND-GAIN
BHS,2019,0.444355896126357,climate_readiness_score,ND-GAIN
BHR,2019,0.49738150741025,climate_readiness_score,ND-GAIN
BGD,2019,0.54436344044613,climate_readiness_score,ND-GAIN
BRB,2019,0.391610399169125,climate_readiness_score,ND-GAIN
BLR,2019,0.362827713224386,climate_readiness_score,ND-GAIN
BEL,2019,0.379182489380123,climate_readiness_score,ND-GAIN
BLZ,2019,0.488189005226766,climate_readiness_score,ND-GAIN
BEN,2019,0.588947433413853,climate_readiness_score,ND-GAIN
BTN,2019,0.536519976293021,climate_readiness_score,ND-GAIN
BOL,2019,0.447554827722256,climate_readiness_score,ND-GAIN
BIH,2019,0.38088872194961,climate_readiness_score,ND-GAIN
BWA,2019,0.476659923693223,climate_readiness_score,ND-GAIN
BRA,2019,0.370678440412506,climate_readiness_score,ND-GAIN
BRN,2019,0.424053354664969,climate_readiness_score,ND-GAIN
BGR,2019,0.353764637566217,climate_readiness_score,ND-GAIN
BFA,2019,0.502450519292982,climate_readiness_score,ND-GAIN
BDI,2019,0.61015259616255,climate_readiness_score,ND-GAIN
KHM,2019,0.470639436818198,climate_readiness_score,ND-GAIN
CMR,2019,0.476812482640762,climate_readiness_score,ND-GAIN
CAN,2019,0.285849641481935,climate_readiness_score,ND-GAIN
CPV,2019,0.463117596775646,climate_readiness_score,ND-GAIN
CAF,2019,0.589417938591011,climate_readiness_score,ND-GAIN
TCD,2019,0.644248375501293,climate_readiness_score,ND-GAIN
CHL,2019,0.348348670553981,climate_readiness_score,ND-GAIN
CHN,2019,0.396722633567341,climate_readiness_score,ND-GAIN
COL,2019,0.407828480867853,climate_readiness_score,ND-GAIN
COM,2019,0.494003343204335,climate_readiness_score,ND-GAIN
COG,2019,0.534339840703198,climate_readiness_score,ND-GAIN
COD,2019,0.573241387696298,climate_readiness_score,ND-GAIN
CRI,2019,0.390584178891625,climate_readiness_score,ND-GAIN
CIV,2019,0.488083066190719,climate_readiness_score,ND-GAIN
HRV,2019,0.394100908206196,climate_readiness_score,ND-GAIN
CUB,2019,0.452076463726841,climate_readiness_score,ND-GAIN
CYP,2019,0.351354378419266,climate_readiness_score,ND-GAIN
CZE,2019,0.299303700935807,climate_readiness_score,ND-GAIN
DNK,2019,0.342411928450484,climate_readiness_score,ND-GAIN
DJI,2019,0.588587040761631,climate_readiness_score,ND-GAIN
DMA,2019,0.426950052910146,climate_readiness_score,ND-GAIN
DOM,2019,0.468205616191045,climate_readiness_score,ND-GAIN
ECU,2019,0.45465799539168,climate_readiness_score,ND-GAIN
EGY,2019,0.471453786224662,climate_readiness_score,ND-GAIN
SLV,2019,0.449069199358476,climate_readiness_score,ND-GAIN
GNQ,2019,0.45186303142662,climate_readiness_score,ND-GAIN
ERI,2019,0.634286648538705,climate_readiness_score,ND-GAIN
EST,2019,0.358990744852242,climate_readiness_score,ND-GAIN
ETH,2019,0.51507267511216,climate_readiness_score,ND-GAIN
FJI,2019,0.487574934289121,climate_readiness_score,ND-GAIN
FIN,2019,0.308502334528285,climate_readiness_score,ND-GAIN
FRA,2019,0.322806743434448,climate_readiness_score,ND-GAIN
GAB,2019,0.448211274576969,climate_readiness_score,ND-GAIN
GMB,2019,0.557673133808833,climate_readiness_score,ND-GAIN
GEO,2019,0.445341842170265,climate_readiness_score,ND-GAIN
DEU,2019,0.305882614518512,climate_readiness_score,ND-GAIN
GHA,2019,0.467765386396584,climate_readiness_score,ND-GAIN
GRC,2019,0.358134756719347,climate_readiness_score,ND-GAIN
GRD,2019,0.416801441607885,climate_readiness_score,ND-GAIN
GTM,2019,0.46276935415722,climate_readiness_score,ND-GAIN
GIN,2019,0.477969121188508,climate_readiness_score,ND-GAIN
GNB,2019,0.624530112609927,climate_readiness_score,ND-GAIN
GUY,2019,0.503517349516786,climate_readiness_score,ND-GAIN
HTI,2019,0.539045542259675,climate_readiness_score,ND-GAIN
HND,2019,0.46408716572923,climate_readiness_score,ND-GAIN
HUN,2019,0.39046256608128,climate_readiness_score,ND-GAIN
ISL,2019,0.315637251732455,climate_readiness_score,ND-GAIN
IND,2019,0.481304151820802,climate_readiness_score,ND-GAIN
IDN,2019,0.435134403804152,climate_readiness_score,ND-GAIN
IRN,2019,0.42839940491349,climate_readiness_score,ND-GAIN
IRQ,2019,0.497248893441188,climate_readiness_score,ND-GAIN
IRL,2019,0.315216289931144,climate_readiness_score,ND-GAIN
ISR,2019,0.367802981120821,climate_readiness_score,ND-GAIN
ITA,2019,0.360944625947193,climate_readiness_score,ND-GAIN
JAM,2019,0.433707126509561,climate_readiness_score,ND-GAIN
JPN,2019,0.35520898727341,climate_readiness_score,ND-GAIN
JOR,2019,0.43328944614626,climate_readiness_score,ND-GAIN
KAZ,2019,0.355479274648069,climate_readiness_score,ND-GAIN
KEN,2019,0.492146722974033,climate_readiness_score,ND-GAIN
KIR,2019,0.527883136656247,climate_readiness_score,ND-GAIN
PRK,2019,0.511695956419778,climate_readiness_score,ND-GAIN
KOR,2019,0.360743844841323,climate_readiness_score,ND-GAIN
KWT,2019,0.438825647608922,climate_readiness_score,ND-GAIN
KGZ,2019,0.343291422688014,climate_readiness_score,ND-GAIN
LAO,2019,0.488214634312952,climate_readiness_score,ND-GAIN
LVA,2019,0.392351930344625,climate_readiness_score,ND-GAIN
LBN,2019,0.451414520759889,climate_readiness_score,ND-GAIN
LSO,2019,0.508969873368515,climate_readiness_score,ND-GAIN
LBR,2019,0.578504650006929,climate_readiness_score,ND-GAIN
LBY,2019,0.49444976967224,climate_readiness_score,ND-GAIN
LIE,2019,,climate_readiness_score,ND-GAIN
LTU,2019,0.38454292531054,climate_readiness_score,ND-GAIN
LUX,2019,0.33841103514948,climate_readiness_score,ND-GAIN
MKD,2019,0.409478904585074,climate_readiness_score,ND-GAIN
MDG,2019,0.553454709962509,climate_readiness_score,ND-GAIN
MWI,2019,0.577733633574031,climate_readiness_score,ND-GAIN
MYS,2019,0.379275524448959,climate_readiness_score,ND-GAIN
MDV,2019,0.536866930789026,climate_readiness_score,ND-GAIN
MLI,2019,0.590024500145573,climate_readiness_score,ND-GAIN
MLT,2019,0.36383219773056,climate_readiness_score,ND-GAIN
MHL,2019,0.510717598020433,climate_readiness_score,ND-GAIN
MRT,2019,0.631046008129405,climate_readiness_score,ND-GAIN
MUS,2019,0.446845557326271,climate_readiness_score,ND-GAIN
MEX,2019,0.403094214964327,climate_readiness_score,ND-GAIN
FSM,2019,0.612214943247847,climate_readiness_score,ND-GAIN
MDA,2019,0.450865103534331,climate_readiness_score,ND-GAIN
MCO,2019,0.40803309536611,climate_readiness_score,ND-GAIN
MNG,2019,0.403738467513775,climate_readiness_score,ND-GAIN
MNE,2019,0.425207261356237,climate_readiness_score,ND-GAIN
MAR,2019,0.453361674635493,climate_readiness_score,ND-GAIN
MOZ,2019,0.49805654320159,climate_readiness_score,ND-GAIN
MMR,2019,0.512428681916813,climate_readiness_score,ND-GAIN
NAM,2019,0.524788870958399,climate_readiness_score,ND-GAIN
NRU,2019,0.490444021333272,climate_readiness_score,ND-GAIN
NPL,2019,0.497167109935056,climate_readiness_score,ND-GAIN
NLD,2019,0.367597678424097,climate_readiness_score,ND-GAIN
NZL,2019,0.295027369026052,climate_readiness_score,ND-GAIN
NIC,2019,0.421820924033788,climate_readiness_score,ND-GAIN
NER,2019,0.582382133039377,climate_readiness_score,ND-GAIN
NGA,2019,0.488535151808194,climate_readiness_score,ND-GAIN
NOR,2019,0.266176534068617,climate_readiness_score,ND-GAIN
OMN,2019,0.470254500402645,climate_readiness_score,ND-GAIN
PAK,2019,0.523305004963516,climate_readiness_score,ND-GAIN
PLW,2019,0.47617905591772,climate_readiness_score,ND-GAIN
PAN,2019,0.417194762483846,climate_readiness_score,ND-GAIN
PNG,2019,0.562426909032828,climate_readiness_score,ND-GAIN
PRY,2019,0.389650813544419,climate_readiness_score,ND-GAIN
PER,2019,0.425250569522309,climate_readiness_score,ND-GAIN
PHL,2019,0.444600164611634,climate_readiness_score,ND-GAIN
POL,2019,0.313312806761798,climate_readiness_score,ND-GAIN
PRT,2019,0.355673606927174,climate_readiness_score,ND-GAIN
QAT,2019,0.420336129804173,climate_readiness_score,ND-GAIN
ROU,2019,0.398415852421073,climate_readiness_score,ND-GAIN
RUS,2019,0.31111492029472,climate_readiness_score,ND-GAIN
RWA,2019,0.609891843528345,climate_readiness_score,ND-GAIN
KNA,2019,0.475645936030998,climate_readiness_score,ND-GAIN
LCA,2019,0.336336902179573,climate_readiness_score,ND-GAIN
VCT,2019,0.41397765691443,climate_readiness_score,ND-GAIN
WSM,2019,0.512565589652987,climate_readiness_score,ND-GAIN
SMR,2019,,climate_readiness_score,ND-GAIN
STP,2019,0.523800248181315,climate_readiness_score,ND-GAIN
SAU,2019,0.449526979180392,climate_readiness_score,ND-GAIN
SEN,2019,0.530353271042534,climate_readiness_score,ND-GAIN
SRB,2019,0.475070602740073,climate_readiness_score,ND-GAIN
SYC,2019,0.433091164931013,climate_readiness_score,ND-GAIN
SLE,2019,0.606531589167604,climate_readiness_score,ND-GAIN
SGP,2019,0.386354845990102,climate_readiness_score,ND-GAIN
SVK,2019,0.370995897677268,climate_readiness_score,ND-GAIN
SVN,2019,0.345816209340973,climate_readiness_score,ND-GAIN
SLB,2019,0.626632000913972,climate_readiness_score,ND-GAIN
SOM,2019,0.641251504531279,climate_readiness_score,ND-GAIN
ZAF,2019,0.4454563766911,climate_readiness_score,ND-GAIN
ESP,2019,0.32096491619675,climate_readiness_score,ND-GAIN
LKA,2019,0.43862938190111,climate_readiness_score,ND-GAIN
SDN,2019,0.622860772654408,climate_readiness_score,ND-GAIN
SUR,2019,0.436568723694489,climate_readiness_score,ND-GAIN
SWZ,2019,0.492735240800666,climate_readiness_score,ND-GAIN
SWE,2019,0.322936142814806,climate_readiness_score,ND-GAIN
CHE,2019,0.299521328961573,climate_readiness_score,ND-GAIN
SYR,2019,0.513658854371029,climate_readiness_score,ND-GAIN
TJK,2019,0.353754415970516,climate_readiness_score,ND-GAIN
TZA,2019,0.502157858645446,climate_readiness_score,ND-GAIN
THA,2019,0.449855825741544,climate_readiness_score,ND-GAIN
TLS,2019,0.568722555895184,climate_readiness_score,ND-GAIN
TGO,2019,0.507401141915935,climate_readiness_score,ND-GAIN
TON,2019,0.602934452313295,climate_readiness_score,ND-GAIN
TTO,2019,0.38980440753771,climate_readiness_score,ND-GAIN
TUN,2019,0.436592331220111,climate_readiness_score,ND-GAIN
TUR,2019,0.40090597325253,climate_readiness_score,ND-GAIN
TKM,2019,0.444361486522817,climate_readiness_score,ND-GAIN
TUV,2019,0.564784542241934,climate_readiness_score,ND-GAIN
UGA,2019,0.531883044255799,climate_readiness_score,ND-GAIN
UKR,2019,0.392476903070936,climate_readiness_score,ND-GAIN
ARE,2019,0.435162299104274,climate_readiness_score,ND-GAIN
GBR,2019,0.277373623615711,climate_readiness_score,ND-GAIN
USA,2019,0.31658999603157,climate_readiness_score,ND-GAIN
URY,2019,0.395747190130899,climate_readiness_score,ND-GAIN
UZB,2019,0.389066842907884,climate_readiness_score,ND-GAIN
VUT,2019,0.565471181913185,climate_readiness_score,ND-GAIN
VEN,2019,0.388383257560937,climate_readiness_score,ND-GAIN
VNM,2019,0.491055547569613,climate_readiness_score,ND-GAIN
YEM,2019,0.610753751042218,climate_readiness_score,ND-GAIN
ZMB,2019,0.498312592408509,climate_readiness_score,ND-GAIN
ZWE,2019,0.501343451512827,climate_readiness_score,ND-GAIN
AFG,2020,0.610147247224136,climate_readiness_score,ND-GAIN
ALB,2020,0.432774768062685,climate_readiness_score,ND-GAIN
DZA,2020,0.431743451631365,climate_readiness_score,ND-GAIN
AND,2020,0.349697710794489,climate_readiness_score,ND-GAIN
AGO,2020,0.532385848406537,climate_readiness_score,ND-GAIN
ATG,2020,0.480574422930946,climate_readiness_score,ND-GAIN
ARG,2020,0.407799758969648,climate_readiness_score,ND-GAIN
ARM,2020,0.407865476947376,climate_readiness_score,ND-GAIN
AUS,2020,0.302663607998795,climate_readiness_score,ND-GAIN
AUT,2020,0.321308730761841,climate_readiness_score,ND-GAIN
AZE,2020,0.430230595876268,climate_readiness_score,ND-GAIN
BHS,2020,0.44583138379908,climate_readiness_score,ND-GAIN
BHR,2020,0.495911047095161,climate_readiness_score,ND-GAIN
BGD,2020,0.543714757470049,climate_readiness_score,ND-GAIN
BRB,2020,0.392337970217266,climate_readiness_score,ND-GAIN
BLR,2020,0.363049027124425,climate_readiness_score,ND-GAIN
BEL,2020,0.378754280119117,climate_readiness_score,ND-GAIN
BLZ,2020,0.489714850393796,climate_readiness_score,ND-GAIN
BEN,2020,0.58502195238536,climate_readiness_score,ND-GAIN
BTN,2020,0.532402777416946,climate_readiness_score,ND-GAIN
BOL,2020,0.44919418742724,climate_readiness_score,ND-GAIN
BIH,2020,0.379600046486329,climate_readiness_score,ND-GAIN
BWA,2020,0.47012538330141,climate_readiness_score,ND-GAIN
BRA,2020,0.370162659955946,climate_readiness_score,ND-GAIN
BRN,2020,0.425737759616524,climate_readiness_score,ND-GAIN
BGR,2020,0.354229215120032,climate_readiness_score,ND-GAIN
BFA,2020,0.502267833153351,climate_readiness_score,ND-GAIN
BDI,2020,0.609658656402151,climate_readiness_score,ND-GAIN
KHM,2020,0.475606389996952,climate_readiness_score,ND-GAIN
CMR,2020,0.47485419779244,climate_readiness_score,ND-GAIN
CAN,2020,0.285431676383597,climate_readiness_score,ND-GAIN
CPV,2020,0.474108297900197,climate_readiness_score,ND-GAIN
CAF,2020,0.589746293147282,climate_readiness_score,ND-GAIN
TCD,2020,0.634758607693767,climate_readiness_score,ND-GAIN
CHL,2020,0.348730265126447,climate_readiness_score,ND-GAIN
CHN,2020,0.396558052846859,climate_readiness_score,ND-GAIN
COL,2020,0.408209601814469,climate_readiness_score,ND-GAIN
COM,2020,0.481930292738385,climate_readiness_score,ND-GAIN
COG,2020,0.540596901966305,climate_readiness_score,ND-GAIN
COD,2020,0.573893532964,climate_readiness_score,ND-GAIN
CRI,2020,0.387581174551608,climate_readiness_score,ND-GAIN
CIV,2020,0.489648717540749,climate_readiness_score,ND-GAIN
HRV,2020,0.393002649711079,climate_readiness_score,ND-GAIN
CUB,2020,0.453700060058588,climate_readiness_score,ND-GAIN
CYP,2020,0.352406645332297,climate_readiness_score,ND-GAIN
CZE,2020,0.299774682648093,climate_readiness_score,ND-GAIN
DNK,2020,0.343275526557909,climate_readiness_score,ND-GAIN
DJI,2020,0.594110298465749,climate_readiness_score,ND-GAIN
DMA,2020,0.44811304753274,climate_readiness_score,ND-GAIN
DOM,2020,0.467669474602257,climate_readiness_score,ND-GAIN
ECU,2020,0.46773743549926,climate_readiness_score,ND-GAIN
EGY,2020,0.469233287842655,climate_readiness_score,ND-GAIN
SLV,2020,0.446609579578541,climate_readiness_score,ND-GAIN
GNQ,2020,0.451701260528466,climate_readiness_score,ND-GAIN
ERI,2020,0.632820040219865,climate_readiness_score,ND-GAIN
EST,2020,0.359895612741872,climate_readiness_score,ND-GAIN
ETH,2020,0.515532663659436,climate_readiness_score,ND-GAIN
FJI,2020,0.485974840131167,climate_readiness_score,ND-GAIN
FIN,2020,0.307557646104409,climate_readiness_score,ND-GAIN
FRA,2020,0.321070374494757,climate_readiness_score,ND-GAIN
GAB,2020,0.460721907533562,climate_readiness_score,ND-GAIN
GMB,2020,0.546704762621085,climate_readiness_score,ND-GAIN
GEO,2020,0.417871537789784,climate_readiness_score,ND-GAIN
DEU,2020,0.304566373303484,climate_readiness_score,ND-GAIN
GHA,2020,0.469136587274512,climate_readiness_score,ND-GAIN
GRC,2020,0.356546177737986,climate_readiness_score,ND-GAIN
GRD,2020,0.41828556687091,climate_readiness_score,ND-GAIN
GTM,2020,0.464621426924522,climate_readiness_score,ND-GAIN
GIN,2020,0.476380814596952,climate_readiness_score,ND-GAIN
GNB,2020,0.629447434230226,climate_readiness_score,ND-GAIN
GUY,2020,0.474353432578817,climate_readiness_score,ND-GAIN
HTI,2020,0.539617064195386,climate_readiness_score,ND-GAIN
HND,2020,0.466786844379119,climate_readiness_score,ND-GAIN
HUN,2020,0.386379393244083,climate_readiness_score,ND-GAIN
ISL,2020,0.312809166337198,climate_readiness_score,ND-GAIN
IND,2020,0.480453690433912,climate_readiness_score,ND-GAIN
IDN,2020,0.433556953531597,climate_readiness_score,ND-GAIN
IRN,2020,0.428444138846197,climate_readiness_score,ND-GAIN
IRQ,2020,0.496889559113404,climate_readiness_score,ND-GAIN
IRL,2020,0.311897299223848,climate_readiness_score,ND-GAIN
ISR,2020,0.357970171459358,climate_readiness_score,ND-GAIN
ITA,2020,0.35933639948006,climate_readiness_score,ND-GAIN
JAM,2020,0.431949121240942,climate_readiness_score,ND-GAIN
JPN,2020,0.355137043910792,climate_readiness_score,ND-GAIN
JOR,2020,0.43719462439375,climate_readiness_score,ND-GAIN
KAZ,2020,0.361714861154073,climate_readiness_score,ND-GAIN
KEN,2020,0.49028271145565,climate_readiness_score,ND-GAIN
KIR,2020,0.557784364282798,climate_readiness_score,ND-GAIN
PRK,2020,0.513231700842587,climate_readiness_score,ND-GAIN
KOR,2020,0.35834641150816,climate_readiness_score,ND-GAIN
KWT,2020,0.439648650609245,climate_readiness_score,ND-GAIN
KGZ,2020,0.351711397385701,climate_readiness_score,ND-GAIN
LAO,2020,0.484385930023942,climate_readiness_score,ND-GAIN
LVA,2020,0.391907685979148,climate_readiness_score,ND-GAIN
LBN,2020,0.459009798719635,climate_readiness_score,ND-GAIN
LSO,2020,0.508723472509654,climate_readiness_score,ND-GAIN
LBR,2020,0.561457939034662,climate_readiness_score,ND-GAIN
LBY,2020,0.494207905324049,climate_readiness_score,ND-GAIN
LIE,2020,,climate_readiness_score,ND-GAIN
LTU,2020,0.38365850395891,climate_readiness_score,ND-GAIN
LUX,2020,0.339178915977495,climate_readiness_score,ND-GAIN
MKD,2020,0.40717455761966,climate_readiness_score,ND-GAIN
MDG,2020,0.553443021683282,climate_readiness_score,ND-GAIN
MWI,2020,0.576497967151544,climate_readiness_score,ND-GAIN
MYS,2020,0.374200003917363,climate_readiness_score,ND-GAIN
MDV,2020,0.535826842459811,climate_readiness_score,ND-GAIN
MLI,2020,0.571428216333301,climate_readiness_score,ND-GAIN
MLT,2020,0.358322640647189,climate_readiness_score,ND-GAIN
MHL,2020,0.509660569279462,climate_readiness_score,ND-GAIN
MRT,2020,0.632110249078815,climate_readiness_score,ND-GAIN
MUS,2020,0.449908568255377,climate_readiness_score,ND-GAIN
MEX,2020,0.401099127953954,climate_readiness_score,ND-GAIN
FSM,2020,0.615448736284379,climate_readiness_score,ND-GAIN
MDA,2020,0.452181400272857,climate_readiness_score,ND-GAIN
MCO,2020,0.404834964212471,climate_readiness_score,ND-GAIN
MNG,2020,0.40400874700538,climate_readiness_score,ND-GAIN
MNE,2020,0.421967501588927,climate_readiness_score,ND-GAIN
MAR,2020,0.45444087218453,climate_readiness_score,ND-GAIN
MOZ,2020,0.501869860929812,climate_readiness_score,ND-GAIN
MMR,2020,0.516831435105836,climate_readiness_score,ND-GAIN
NAM,2020,0.511479911333618,climate_readiness_score,ND-GAIN
NRU,2020,0.493851984948692,climate_readiness_score,ND-GAIN
NPL,2020,0.504397378341543,climate_readiness_score,ND-GAIN
NLD,2020,0.367748486243051,climate_readiness_score,ND-GAIN
NZL,2020,0.294677810913457,climate_readiness_score,ND-GAIN
NIC,2020,0.422483107285756,climate_readiness_score,ND-GAIN
NER,2020,0.586417968656806,climate_readiness_score,ND-GAIN
NGA,2020,0.488432231374376,climate_readiness_score,ND-GAIN
NOR,2020,0.266400145349405,climate_readiness_score,ND-GAIN
OMN,2020,0.470997222091753,climate_readiness_score,ND-GAIN
PAK,2020,0.525048173191152,climate_readiness_score,ND-GAIN
PLW,2020,0.484151184691679,climate_readiness_score,ND-GAIN
PAN,2020,0.419609620838927,climate_readiness_score,ND-GAIN
PNG,2020,0.556141381314026,climate_readiness_score,ND-GAIN
PRY,2020,0.390382551270579,climate_readiness_score,ND-GAIN
PER,2020,0.417940923397566,climate_readiness_score,ND-GAIN
PHL,2020,0.440190972740789,climate_readiness_score,ND-GAIN
POL,2020,0.312837047065487,climate_readiness_score,ND-GAIN
PRT,2020,0.352474770036392,climate_readiness_score,ND-GAIN
QAT,2020,0.420812303115436,climate_readiness_score,ND-GAIN
ROU,2020,0.39809054281698,climate_readiness_score,ND-GAIN
RUS,2020,0.312287248250687,climate_readiness_score,ND-GAIN
RWA,2020,0.608109645873842,climate_readiness_score,ND-GAIN
KNA,2020,0.475935226857785,climate_readiness_score,ND-GAIN
LCA,2020,0.357014496469758,climate_readiness_score,ND-GAIN
VCT,2020,0.416558438276249,climate_readiness_score,ND-GAIN
WSM,2020,0.513756788793334,climate_readiness_score,ND-GAIN
SMR,2020,,climate_readiness_score,ND-GAIN
STP,2020,0.523367368507332,climate_readiness_score,ND-GAIN
SAU,2020,0.44830294967931,climate_readiness_score,ND-GAIN
SEN,2020,0.528549948139334,climate_readiness_score,ND-GAIN
SRB,2020,0.468913322514748,climate_readiness_score,ND-GAIN
SYC,2020,0.431987631107276,climate_readiness_score,ND-GAIN
SLE,2020,0.606774379581713,climate_readiness_score,ND-GAIN
SGP,2020,0.384327940150762,climate_readiness_score,ND-GAIN
SVK,2020,0.366719315872844,climate_readiness_score,ND-GAIN
SVN,2020,0.343129604691175,climate_readiness_score,ND-GAIN
SLB,2020,0.585800167415635,climate_readiness_score,ND-GAIN
SOM,2020,0.640389863387299,climate_readiness_score,ND-GAIN
ZAF,2020,0.444176310136192,climate_readiness_score,ND-GAIN
ESP,2020,0.317524904204867,climate_readiness_score,ND-GAIN
LKA,2020,0.428906080602494,climate_readiness_score,ND-GAIN
SDN,2020,0.622259677744511,climate_readiness_score,ND-GAIN
SUR,2020,0.43656503434806,climate_readiness_score,ND-GAIN
SWZ,2020,0.488848336267415,climate_readiness_score,ND-GAIN
SWE,2020,0.324141029323521,climate_readiness_score,ND-GAIN
CHE,2020,0.298665378862756,climate_readiness_score,ND-GAIN
SYR,2020,0.51585649197597,climate_readiness_score,ND-GAIN
TJK,2020,0.361909038411387,climate_readiness_score,ND-GAIN
TZA,2020,0.501896334331927,climate_readiness_score,ND-GAIN
THA,2020,0.447691088545995,climate_readiness_score,ND-GAIN
TLS,2020,0.569603164267252,climate_readiness_score,ND-GAIN
TGO,2020,0.510894105616288,climate_readiness_score,ND-GAIN
TON,2020,0.594739821195964,climate_readiness_score,ND-GAIN
TTO,2020,0.391565106072938,climate_readiness_score,ND-GAIN
TUN,2020,0.438029556247963,climate_readiness_score,ND-GAIN
TUR,2020,0.399366534601744,climate_readiness_score,ND-GAIN
TKM,2020,0.444954222520672,climate_readiness_score,ND-GAIN
TUV,2020,0.553594484402561,climate_readiness_score,ND-GAIN
UGA,2020,0.534841358768069,climate_readiness_score,ND-GAIN
UKR,2020,0.390773412260426,climate_readiness_score,ND-GAIN
ARE,2020,0.421464178110204,climate_readiness_score,ND-GAIN
GBR,2020,0.276469133984343,climate_readiness_score,ND-GAIN
USA,2020,0.317972633552861,climate_readiness_score,ND-GAIN
URY,2020,0.396470256310188,climate_readiness_score,ND-GAIN
UZB,2020,0.38714489415317,climate_readiness_score,ND-GAIN
VUT,2020,0.537593944209423,climate_readiness_score,ND-GAIN
VEN,2020,0.38780213785668,climate_readiness_score,ND-GAIN
VNM,2020,0.49782206551807,climate_readiness_score,ND-GAIN
YEM,2020,0.608217971494441,climate_readiness_score,ND-GAIN
ZMB,2020,0.496920316924494,climate_readiness_score,ND-GAIN
ZWE,2020,0.504156740690839,climate_readiness_score,ND-GAIN
AFG,2021,0.612745880916543,climate_readiness_score,ND-GAIN
ALB,2021,0.420492256110072,climate_readiness_score,ND-GAIN
DZA,2021,0.432066351604459,climate_readiness_score,ND-GAIN
AND,2021,0.350660095726382,climate_readiness_score,ND-GAIN
AGO,2021,0.528720273479562,climate_readiness_score,ND-GAIN
ATG,2021,0.480432612454753,climate_readiness_score,ND-GAIN
ARG,2021,0.409286782919935,climate_readiness_score,ND-GAIN
ARM,2021,0.400923782238149,climate_readiness_score,ND-GAIN
AUS,2021,0.301286399691263,climate_readiness_score,ND-GAIN
AUT,2021,0.318892641027564,climate_readiness_score,ND-GAIN
AZE,2021,0.430743821519259,climate_readiness_score,ND-GAIN
BHS,2021,0.446357794615594,climate_readiness_score,ND-GAIN
BHR,2021,0.493515015242671,climate_readiness_score,ND-GAIN
BGD,2021,0.544224894309398,climate_readiness_score,ND-GAIN
BRB,2021,0.394447801312696,climate_readiness_score,ND-GAIN
BLR,2021,0.361258453211852,climate_readiness_score,ND-GAIN
BEL,2021,0.375615018584275,climate_readiness_score,ND-GAIN
BLZ,2021,0.49075730770651,climate_readiness_score,ND-GAIN
BEN,2021,0.588163762995539,climate_readiness_score,ND-GAIN
BTN,2021,0.549093115082813,climate_readiness_score,ND-GAIN
BOL,2021,0.454816458026921,climate_readiness_score,ND-GAIN
BIH,2021,0.378608473078501,climate_readiness_score,ND-GAIN
BWA,2021,0.465278059042203,climate_readiness_score,ND-GAIN
BRA,2021,0.367905174856047,climate_readiness_score,ND-GAIN
BRN,2021,0.423036077511456,climate_readiness_score,ND-GAIN
BGR,2021,0.350821866459481,climate_readiness_score,ND-GAIN
BFA,2021,0.512147102420983,climate_readiness_score,ND-GAIN
BDI,2021,0.608641265425137,climate_readiness_score,ND-GAIN
KHM,2021,0.473912175658608,climate_readiness_score,ND-GAIN
CMR,2021,0.480299128230747,climate_readiness_score,ND-GAIN
CAN,2021,0.284132748794522,climate_readiness_score,ND-GAIN
CPV,2021,0.466015198747279,climate_readiness_score,ND-GAIN
CAF,2021,0.590845050555021,climate_readiness_score,ND-GAIN
TCD,2021,0.629980132572001,climate_readiness_score,ND-GAIN
CHL,2021,0.349037482110638,climate_readiness_score,ND-GAIN
CHN,2021,0.395393694570601,climate_readiness_score,ND-GAIN
COL,2021,0.407035164735552,climate_readiness_score,ND-GAIN
COM,2021,0.485145424205916,climate_readiness_score,ND-GAIN
COG,2021,0.540907311632787,climate_readiness_score,ND-GAIN
COD,2021,0.574963183191668,climate_readiness_score,ND-GAIN
CRI,2021,0.387979516879895,climate_readiness_score,ND-GAIN
CIV,2021,0.490468152861846,climate_readiness_score,ND-GAIN
HRV,2021,0.393454304216551,climate_readiness_score,ND-GAIN
CUB,2021,0.455623259065141,climate_readiness_score,ND-GAIN
CYP,2021,0.35531997183381,climate_readiness_score,ND-GAIN
CZE,2021,0.304512617680328,climate_readiness_score,ND-GAIN
DNK,2021,0.338346752783416,climate_readiness_score,ND-GAIN
DJI,2021,0.605439947938175,climate_readiness_score,ND-GAIN
DMA,2021,0.455421350716718,climate_readiness_score,ND-GAIN
DOM,2021,0.468700493394275,climate_readiness_score,ND-GAIN
ECU,2021,0.458408344592512,climate_readiness_score,ND-GAIN
EGY,2021,0.468442837498829,climate_readiness_score,ND-GAIN
SLV,2021,0.445418979670013,climate_readiness_score,ND-GAIN
GNQ,2021,0.451614739617549,climate_readiness_score,ND-GAIN
ERI,2021,0.63065178816832,climate_readiness_score,ND-GAIN
EST,2021,0.357873114425168,climate_readiness_score,ND-GAIN
ETH,2021,0.517843558406975,climate_readiness_score,ND-GAIN
FJI,2021,0.488951273509149,climate_readiness_score,ND-GAIN
FIN,2021,0.305476694176328,climate_readiness_score,ND-GAIN
FRA,2021,0.320410707693445,climate_readiness_score,ND-GAIN
GAB,2021,0.451618681164356,climate_readiness_score,ND-GAIN
GMB,2021,0.568132629862581,climate_readiness_score,ND-GAIN
GEO,2021,0.413414732704993,climate_readiness_score,ND-GAIN
DEU,2021,0.304385099723193,climate_readiness_score,ND-GAIN
GHA,2021,0.47868824494123,climate_readiness_score,ND-GAIN
GRC,2021,0.352659183561852,climate_readiness_score,ND-GAIN
GRD,2021,0.42161251213403,climate_readiness_score,ND-GAIN
GTM,2021,0.462231287498806,climate_readiness_score,ND-GAIN
GIN,2021,0.484003717081922,climate_readiness_score,ND-GAIN
GNB,2021,0.621520618131083,climate_readiness_score,ND-GAIN
GUY,2021,0.47021714253458,climate_readiness_score,ND-GAIN
HTI,2021,0.539578934301133,climate_readiness_score,ND-GAIN
HND,2021,0.464408093263463,climate_readiness_score,ND-GAIN
HUN,2021,0.381091589564638,climate_readiness_score,ND-GAIN
ISL,2021,0.312680016408163,climate_readiness_score,ND-GAIN
IND,2021,0.477219094643957,climate_readiness_score,ND-GAIN
IDN,2021,0.430124946182191,climate_readiness_score,ND-GAIN
IRN,2021,0.430050806551984,climate_readiness_score,ND-GAIN
IRQ,2021,0.496938840198412,climate_readiness_score,ND-GAIN
IRL,2021,0.315863056762659,climate_readiness_score,ND-GAIN
ISR,2021,0.349416115132641,climate_readiness_score,ND-GAIN
ITA,2021,0.359505034363649,climate_readiness_score,ND-GAIN
JAM,2021,0.430820610515228,climate_readiness_score,ND-GAIN
JPN,2021,0.354567378623041,climate_readiness_score,ND-GAIN
JOR,2021,0.437306510000696,climate_readiness_score,ND-GAIN
KAZ,2021,0.359643590730992,climate_readiness_score,ND-GAIN
KEN,2021,0.487610237480695,climate_readiness_score,ND-GAIN
KIR,2021,0.547325426395169,climate_readiness_score,ND-GAIN
PRK,2021,0.513796545387655,climate_readiness_score,ND-GAIN
KOR,2021,0.357191153132602,climate_readiness_score,ND-GAIN
KWT,2021,0.437558471625252,climate_readiness_score,ND-GAIN
KGZ,2021,0.349756089695285,climate_readiness_score,ND-GAIN
LAO,2021,0.495216175381851,climate_readiness_score,ND-GAIN
LVA,2021,0.387972409455907,climate_readiness_score,ND-GAIN
LBN,2021,0.46603716886188,climate_readiness_score,ND-GAIN
LSO,2021,0.507213055364953,climate_readiness_score,ND-GAIN
LBR,2021,0.590408160452395,climate_readiness_score,ND-GAIN
LBY,2021,0.493780100163661,climate_readiness_score,ND-GAIN
LIE,2021,,climate_readiness_score,ND-GAIN
LTU,2021,0.379106130968653,climate_readiness_score,ND-GAIN
LUX,2021,0.3379491597185,climate_readiness_score,ND-GAIN
MKD,2021,0.407498822709326,climate_readiness_score,ND-GAIN
MDG,2021,0.553938991290831,climate_readiness_score,ND-GAIN
MWI,2021,0.570627365410436,climate_readiness_score,ND-GAIN
MYS,2021,0.371542978266731,climate_readiness_score,ND-GAIN
MDV,2021,0.553173670643913,climate_readiness_score,ND-GAIN
MLI,2021,0.585851039290622,climate_readiness_score,ND-GAIN
MLT,2021,0.354084431827739,climate_readiness_score,ND-GAIN
MHL,2021,0.508817070031481,climate_readiness_score,ND-GAIN
MRT,2021,0.639271910729516,climate_readiness_score,ND-GAIN
MUS,2021,0.449304813654204,climate_readiness_score,ND-GAIN
MEX,2021,0.401662768946184,climate_readiness_score,ND-GAIN
FSM,2021,0.623977522047746,climate_readiness_score,ND-GAIN
MDA,2021,0.450870837683984,climate_readiness_score,ND-GAIN
MCO,2021,0.402165106602883,climate_readiness_score,ND-GAIN
MNG,2021,0.404642433328378,climate_readiness_score,ND-GAIN
MNE,2021,0.425128576466658,climate_readiness_score,ND-GAIN
MAR,2021,0.454203872516851,climate_readiness_score,ND-GAIN
MOZ,2021,0.504988042881183,climate_readiness_score,ND-GAIN
MMR,2021,0.527929741879527,climate_readiness_score,ND-GAIN
NAM,2021,0.509157989295718,climate_readiness_score,ND-GAIN
NRU,2021,0.49340476001679,climate_readiness_score,ND-GAIN
NPL,2021,0.509921639666386,climate_readiness_score,ND-GAIN
NLD,2021,0.364748747289188,climate_readiness_score,ND-GAIN
NZL,2021,0.29411960622029,climate_readiness_score,ND-GAIN
NIC,2021,0.421666599846333,climate_readiness_score,ND-GAIN
NER,2021,0.586540907704319,climate_readiness_score,ND-GAIN
NGA,2021,0.489998855659587,climate_readiness_score,ND-GAIN
NOR,2021,0.265864769913787,climate_readiness_score,ND-GAIN
OMN,2021,0.470422530732365,climate_readiness_score,ND-GAIN
PAK,2021,0.528391139640084,climate_readiness_score,ND-GAIN
PLW,2021,0.478035648426937,climate_readiness_score,ND-GAIN
PAN,2021,0.424641373234069,climate_readiness_score,ND-GAIN
PNG,2021,0.562574028182875,climate_readiness_score,ND-GAIN
PRY,2021,0.384262157292911,climate_readiness_score,ND-GAIN
PER,2021,0.419521978931228,climate_readiness_score,ND-GAIN
PHL,2021,0.434903712138628,climate_readiness_score,ND-GAIN
POL,2021,0.31140221229642,climate_readiness_score,ND-GAIN
PRT,2021,0.35242516472224,climate_readiness_score,ND-GAIN
QAT,2021,0.418699679664572,climate_readiness_score,ND-GAIN
ROU,2021,0.400708258316783,climate_readiness_score,ND-GAIN
RUS,2021,0.311417974495542,climate_readiness_score,ND-GAIN
RWA,2021,0.609239530834251,climate_readiness_score,ND-GAIN
KNA,2021,0.476165461944808,climate_readiness_score,ND-GAIN
LCA,2021,0.358009501426014,climate_readiness_score,ND-GAIN
VCT,2021,0.417104176073455,climate_readiness_score,ND-GAIN
WSM,2021,0.523956150099564,climate_readiness_score,ND-GAIN
SMR,2021,,climate_readiness_score,ND-GAIN
STP,2021,0.52593716486873,climate_readiness_score,ND-GAIN
SAU,2021,0.472404473890337,climate_readiness_score,ND-GAIN
SEN,2021,0.531104421792256,climate_readiness_score,ND-GAIN
SRB,2021,0.466627240099443,climate_readiness_score,ND-GAIN
SYC,2021,0.432419511246504,climate_readiness_score,ND-GAIN
SLE,2021,0.602161271272369,climate_readiness_score,ND-GAIN
SGP,2021,0.376453714563076,climate_readiness_score,ND-GAIN
SVK,2021,0.365414661464907,climate_readiness_score,ND-GAIN
SVN,2021,0.343807012977367,climate_readiness_score,ND-GAIN
SLB,2021,0.590875698890197,climate_readiness_score,ND-GAIN
SOM,2021,0.63996880580429,climate_readiness_score,ND-GAIN
ZAF,2021,0.443259236950768,climate_readiness_score,ND-GAIN
ESP,2021,0.317994828793603,climate_readiness_score,ND-GAIN
LKA,2021,0.437824427577115,climate_readiness_score,ND-GAIN
SDN,2021,0.626565423952261,climate_readiness_score,ND-GAIN
SUR,2021,0.439737776104912,climate_readiness_score,ND-GAIN
SWZ,2021,0.489003211465498,climate_readiness_score,ND-GAIN
SWE,2021,0.320859480506493,climate_readiness_score,ND-GAIN
CHE,2021,0.295780031341503,climate_readiness_score,ND-GAIN
SYR,2021,0.513566546262969,climate_readiness_score,ND-GAIN
TJK,2021,0.364571045290506,climate_readiness_score,ND-GAIN
TZA,2021,0.505293521920141,climate_readiness_score,ND-GAIN
THA,2021,0.445949403644718,climate_readiness_score,ND-GAIN
TLS,2021,0.56900461945264,climate_readiness_score,ND-GAIN
TGO,2021,0.508536341944563,climate_readiness_score,ND-GAIN
TON,2021,0.597804218855992,climate_readiness_score,ND-GAIN
TTO,2021,0.390727433229915,climate_readiness_score,ND-GAIN
TUN,2021,0.438123126482283,climate_readiness_score,ND-GAIN
TUR,2021,0.398134548679523,climate_readiness_score,ND-GAIN
TKM,2021,0.444632423950159,climate_readiness_score,ND-GAIN
TUV,2021,0.574225393234705,climate_readiness_score,ND-GAIN
UGA,2021,0.538318308280663,climate_readiness_score,ND-GAIN
UKR,2021,0.390015336433496,climate_readiness_score,ND-GAIN
ARE,2021,0.419366752455163,climate_readiness_score,ND-GAIN
GBR,2021,0.279433909251451,climate_readiness_score,ND-GAIN
USA,2021,0.316351625777922,climate_readiness_score,ND-GAIN
URY,2021,0.394860321460338,climate_readiness_score,ND-GAIN
UZB,2021,0.388235890646746,climate_readiness_score,ND-GAIN
VUT,2021,0.543209892231648,climate_readiness_score,ND-GAIN
VEN,2021,0.387332372071634,climate_readiness_score,ND-GAIN
VNM,2021,0.49183525780377,climate_readiness_score,ND-GAIN
YEM,2021,0.616593302896077,climate_readiness_score,ND-GAIN
ZMB,2021,0.496606489450324,climate_readiness_score,ND-GAIN
ZWE,2021,0.510075794000166,climate_readiness_score,ND-GAIN
AFG,2022,0.613643080264228,climate_readiness_score,ND-GAIN
ALB,2022,0.41484199288523,climate_readiness_score,ND-GAIN
DZA,2022,0.430263770218528,climate_readiness_score,ND-GAIN
AND,2022,0.349690346299216,climate_readiness_score,ND-GAIN
AGO,2022,0.526648612374127,climate_readiness_score,ND-GAIN
ATG,2022,0.480401290006308,climate_readiness_score,ND-GAIN
ARG,2022,0.408216379456173,climate_readiness_score,ND-GAIN
ARM,2022,0.396590143272068,climate_readiness_score,ND-GAIN
AUS,2022,0.303339755064493,climate_readiness_score,ND-GAIN
AUT,2022,0.326405509943662,climate_readiness_score,ND-GAIN
AZE,2022,0.43372689991636,climate_readiness_score,ND-GAIN
BHS,2022,0.446238193961372,climate_readiness_score,ND-GAIN
BHR,2022,0.497117133661356,climate_readiness_score,ND-GAIN
BGD,2022,0.545014563269302,climate_readiness_score,ND-GAIN
BRB,2022,0.389491406939015,climate_readiness_score,ND-GAIN
BLR,2022,0.355825080032552,climate_readiness_score,ND-GAIN
BEL,2022,0.377154354353864,climate_readiness_score,ND-GAIN
BLZ,2022,0.496553186835831,climate_readiness_score,ND-GAIN
BEN,2022,0.581292627043785,climate_readiness_score,ND-GAIN
BTN,2022,0.538781473761485,climate_readiness_score,ND-GAIN
BOL,2022,0.458036627171963,climate_readiness_score,ND-GAIN
BIH,2022,0.379926171774466,climate_readiness_score,ND-GAIN
BWA,2022,0.4797341981869,climate_readiness_score,ND-GAIN
BRA,2022,0.366596214880835,climate_readiness_score,ND-GAIN
BRN,2022,0.423805754771361,climate_readiness_score,ND-GAIN
BGR,2022,0.375312609267432,climate_readiness_score,ND-GAIN
BFA,2022,0.522620871799361,climate_readiness_score,ND-GAIN
BDI,2022,0.607193286592515,climate_readiness_score,ND-GAIN
KHM,2022,0.471729041013092,climate_readiness_score,ND-GAIN
CMR,2022,0.479138621857018,climate_readiness_score,ND-GAIN
CAN,2022,0.282734280535723,climate_readiness_score,ND-GAIN
CPV,2022,0.474142876449687,climate_readiness_score,ND-GAIN
CAF,2022,0.587160341434513,climate_readiness_score,ND-GAIN
TCD,2022,0.63482388979519,climate_readiness_score,ND-GAIN
CHL,2022,0.348140489470504,climate_readiness_score,ND-GAIN
CHN,2022,0.393691136315004,climate_readiness_score,ND-GAIN
COL,2022,0.406427263823625,climate_readiness_score,ND-GAIN
COM,2022,0.496810285555073,climate_readiness_score,ND-GAIN
COG,2022,0.550442609394877,climate_readiness_score,ND-GAIN
COD,2022,0.572707549754093,climate_readiness_score,ND-GAIN
CRI,2022,0.385059070534879,climate_readiness_score,ND-GAIN
CIV,2022,0.485694417967456,climate_readiness_score,ND-GAIN
HRV,2022,0.395313639170352,climate_readiness_score,ND-GAIN
CUB,2022,0.456788946129368,climate_readiness_score,ND-GAIN
CYP,2022,0.355366112455512,climate_readiness_score,ND-GAIN
CZE,2022,0.305031765654876,climate_readiness_score,ND-GAIN
DNK,2022,0.342215173923499,climate_readiness_score,ND-GAIN
DJI,2022,0.601258931736686,climate_readiness_score,ND-GAIN
DMA,2022,0.43518517915077,climate_readiness_score,ND-GAIN
DOM,2022,0.474569735095177,climate_readiness_score,ND-GAIN
ECU,2022,0.4660048822083,climate_readiness_score,ND-GAIN
EGY,2022,0.469851510199677,climate_readiness_score,ND-GAIN
SLV,2022,0.451547673978598,climate_readiness_score,ND-GAIN
GNQ,2022,0.450771286494229,climate_readiness_score,ND-GAIN
ERI,2022,0.622552111132212,climate_readiness_score,ND-GAIN
EST,2022,0.357878180617916,climate_readiness_score,ND-GAIN
ETH,2022,0.511778745300686,climate_readiness_score,ND-GAIN
FJI,2022,0.488269294162733,climate_readiness_score,ND-GAIN
FIN,2022,0.306896939114576,climate_readiness_score,ND-GAIN
FRA,2022,0.323191532524663,climate_readiness_score,ND-GAIN
GAB,2022,0.448605431796854,climate_readiness_score,ND-GAIN
GMB,2022,0.558163209149137,climate_readiness_score,ND-GAIN
GEO,2022,0.412741097396703,climate_readiness_score,ND-GAIN
DEU,2022,0.294209825910338,climate_readiness_score,ND-GAIN
GHA,2022,0.477126118974239,climate_readiness_score,ND-GAIN
GRC,2022,0.355498273722902,climate_readiness_score,ND-GAIN
GRD,2022,0.419506978483664,climate_readiness_score,ND-GAIN
GTM,2022,0.454020105570709,climate_readiness_score,ND-GAIN
GIN,2022,0.478927849336803,climate_readiness_score,ND-GAIN
GNB,2022,0.614761824100127,climate_readiness_score,ND-GAIN
GUY,2022,0.473771562664048,climate_readiness_score,ND-GAIN
HTI,2022,0.537936601488066,climate_readiness_score,ND-GAIN
HND,2022,0.462560166131404,climate_readiness_score,ND-GAIN
HUN,2022,0.384721692516295,climate_readiness_score,ND-GAIN
ISL,2022,0.312091289755822,climate_readiness_score,ND-GAIN
IND,2022,0.475829287058316,climate_readiness_score,ND-GAIN
IDN,2022,0.428568557514262,climate_readiness_score,ND-GAIN
IRN,2022,0.429227678189213,climate_readiness_score,ND-GAIN
IRQ,2022,0.496728733759981,climate_readiness_score,ND-GAIN
IRL,2022,0.317222078927034,climate_readiness_score,ND-GAIN
ISR,2022,0.349479839945976,climate_readiness_score,ND-GAIN
ITA,2022,0.356379826795799,climate_readiness_score,ND-GAIN
JAM,2022,0.424877683207616,climate_readiness_score,ND-GAIN
JPN,2022,0.353612165060076,climate_readiness_score,ND-GAIN
JOR,2022,0.433518281892923,climate_readiness_score,ND-GAIN
KAZ,2022,0.356927104359612,climate_readiness_score,ND-GAIN
KEN,2022,0.484230130042499,climate_readiness_score,ND-GAIN
KIR,2022,0.537663409725198,climate_readiness_score,ND-GAIN
PRK,2022,0.514092445224119,climate_readiness_score,ND-GAIN
KOR,2022,0.356088917675465,climate_readiness_score,ND-GAIN
KWT,2022,0.435350450341241,climate_readiness_score,ND-GAIN
KGZ,2022,0.35039924114431,climate_readiness_score,ND-GAIN
LAO,2022,0.491201747624946,climate_readiness_score,ND-GAIN
LVA,2022,0.3861958319956,climate_readiness_score,ND-GAIN
LBN,2022,0.460860468497654,climate_readiness_score,ND-GAIN
LSO,2022,0.509647070034221,climate_readiness_score,ND-GAIN
LBR,2022,0.58458888406964,climate_readiness_score,ND-GAIN
LBY,2022,0.492964318524397,climate_readiness_score,ND-GAIN
LIE,2022,,climate_readiness_score,ND-GAIN
LTU,2022,0.376116875423326,climate_readiness_score,ND-GAIN
LUX,2022,0.340326030711306,climate_readiness_score,ND-GAIN
MKD,2022,0.407856923184653,climate_readiness_score,ND-GAIN
MDG,2022,0.552791214049289,climate_readiness_score,ND-GAIN
MWI,2022,0.567382782519416,climate_readiness_score,ND-GAIN
MYS,2022,0.371471819712147,climate_readiness_score,ND-GAIN
MDV,2022,0.538462287884968,climate_readiness_score,ND-GAIN
MLI,2022,0.588931773321677,climate_readiness_score,ND-GAIN
MLT,2022,0.349318492969297,climate_readiness_score,ND-GAIN
MHL,2022,0.50941921119408,climate_readiness_score,ND-GAIN
MRT,2022,0.654307130855304,climate_readiness_score,ND-GAIN
MUS,2022,0.45224571672038,climate_readiness_score,ND-GAIN
MEX,2022,0.409456251932,climate_readiness_score,ND-GAIN
FSM,2022,0.622739363940419,climate_readiness_score,ND-GAIN
MDA,2022,0.451540282517237,climate_readiness_score,ND-GAIN
MCO,2022,0.398246285734212,climate_readiness_score,ND-GAIN
MNG,2022,0.417212159801112,climate_readiness_score,ND-GAIN
MNE,2022,0.42505500092658,climate_readiness_score,ND-GAIN
MAR,2022,0.451075115663884,climate_readiness_score,ND-GAIN
MOZ,2022,0.503229298627136,climate_readiness_score,ND-GAIN
MMR,2022,0.528124523239803,climate_readiness_score,ND-GAIN
NAM,2022,0.504797837320591,climate_readiness_score,ND-GAIN
NRU,2022,0.49843882498454,climate_readiness_score,ND-GAIN
NPL,2022,0.510279409250406,climate_readiness_score,ND-GAIN
NLD,2022,0.375683734916377,climate_readiness_score,ND-GAIN
NZL,2022,0.293631617200037,climate_readiness_score,ND-GAIN
NIC,2022,0.4246687773867,climate_readiness_score,ND-GAIN
NER,2022,0.586406831114596,climate_readiness_score,ND-GAIN
NGA,2022,0.48686005346742,climate_readiness_score,ND-GAIN
NOR,2022,0.264730768406969,climate_readiness_score,ND-GAIN
OMN,2022,0.46855911969552,climate_readiness_score,ND-GAIN
PAK,2022,0.529094966949424,climate_readiness_score,ND-GAIN
PLW,2022,0.483527213183654,climate_readiness_score,ND-GAIN
PAN,2022,0.424476709233825,climate_readiness_score,ND-GAIN
PNG,2022,0.561677065835963,climate_readiness_score,ND-GAIN
PRY,2022,0.381287646165543,climate_readiness_score,ND-GAIN
PER,2022,0.418656752000123,climate_readiness_score,ND-GAIN
PHL,2022,0.431180769702693,climate_readiness_score,ND-GAIN
POL,2022,0.313253461613338,climate_readiness_score,ND-GAIN
PRT,2022,0.353827997205918,climate_readiness_score,ND-GAIN
QAT,2022,0.413922272084676,climate_readiness_score,ND-GAIN
ROU,2022,0.398034334080248,climate_readiness_score,ND-GAIN
RUS,2022,0.30910675617102,climate_readiness_score,ND-GAIN
RWA,2022,0.609816783195134,climate_readiness_score,ND-GAIN
KNA,2022,0.476333178544283,climate_readiness_score,ND-GAIN
LCA,2022,0.347074459710825,climate_readiness_score,ND-GAIN
VCT,2022,0.413490251251733,climate_readiness_score,ND-GAIN
WSM,2022,0.556912058619981,climate_readiness_score,ND-GAIN
SMR,2022,,climate_readiness_score,ND-GAIN
STP,2022,0.525878325378784,climate_readiness_score,ND-GAIN
SAU,2022,0.472127337840308,climate_readiness_score,ND-GAIN
SEN,2022,0.529585538686229,climate_readiness_score,ND-GAIN
SRB,2022,0.46950391625684,climate_readiness_score,ND-GAIN
SYC,2022,0.4218994860735,climate_readiness_score,ND-GAIN
SLE,2022,0.601208291635121,climate_readiness_score,ND-GAIN
SGP,2022,0.371830954403334,climate_readiness_score,ND-GAIN
SVK,2022,0.370758889045553,climate_readiness_score,ND-GAIN
SVN,2022,0.345237330773858,climate_readiness_score,ND-GAIN
SLB,2022,0.619033326426023,climate_readiness_score,ND-GAIN
SOM,2022,0.639259522480692,climate_readiness_score,ND-GAIN
ZAF,2022,0.436881394445169,climate_readiness_score,ND-GAIN
ESP,2022,0.324026524854261,climate_readiness_score,ND-GAIN
LKA,2022,0.441045848155008,climate_readiness_score,ND-GAIN
SDN,2022,0.647250453436769,climate_readiness_score,ND-GAIN
SUR,2022,0.439091791894984,climate_readiness_score,ND-GAIN
SWZ,2022,0.48344557972221,climate_readiness_score,ND-GAIN
SWE,2022,0.321861553449224,climate_readiness_score,ND-GAIN
CHE,2022,0.294210802455139,climate_readiness_score,ND-GAIN
SYR,2022,0.523220140858226,climate_readiness_score,ND-GAIN
TJK,2022,0.362148904493186,climate_readiness_score,ND-GAIN
TZA,2022,0.506746790786675,climate_readiness_score,ND-GAIN
THA,2022,0.44514891595981,climate_readiness_score,ND-GAIN
TLS,2022,0.555841319571741,climate_readiness_score,ND-GAIN
TGO,2022,0.509093553131128,climate_readiness_score,ND-GAIN
TON,2022,0.594786668624509,climate_readiness_score,ND-GAIN
TTO,2022,0.390699884159329,climate_readiness_score,ND-GAIN
TUN,2022,0.441793006585503,climate_readiness_score,ND-GAIN
TUR,2022,0.3978487071981,climate_readiness_score,ND-GAIN
TKM,2022,0.444029404617399,climate_readiness_score,ND-GAIN
TUV,2022,0.563034963913064,climate_readiness_score,ND-GAIN
UGA,2022,0.539783659955278,climate_readiness_score,ND-GAIN
UKR,2022,0.385161567858508,climate_readiness_score,ND-GAIN
ARE,2022,0.420268826016156,climate_readiness_score,ND-GAIN
GBR,2022,0.278925710518626,climate_readiness_score,ND-GAIN
USA,2022,0.316403954909734,climate_readiness_score,ND-GAIN
URY,2022,0.394659964617162,climate_readiness_score,ND-GAIN
UZB,2022,0.390069605864499,climate_readiness_score,ND-GAIN
VUT,2022,0.542094084992804,climate_readiness_score,ND-GAIN
VEN,2022,0.386654346285916,climate_readiness_score,ND-GAIN
VNM,2022,0.495635888663576,climate_readiness_score,ND-GAIN
YEM,2022,0.622161685541869,climate_readiness_score,ND-GAIN
ZMB,2022,0.49387987284245,climate_readiness_score,ND-GAIN
ZWE,2022,0.507661238706996,climate_readiness_score,ND-GAIN
AFG,2023,0.612285423456143,climate_readiness_score,ND-GAIN
ALB,2023,0.41369605417545,climate_readiness_score,ND-GAIN
DZA,2023,0.429949996638863,climate_readiness_score,ND-GAIN
AND,2023,0.350519777143216,climate_readiness_score,ND-GAIN
AGO,2023,0.527344928530993,climate_readiness_score,ND-GAIN
ATG,2023,0.482784667906382,climate_readiness_score,ND-GAIN
ARG,2023,0.409084075419005,climate_readiness_score,ND-GAIN
ARM,2023,0.394645286235298,climate_readiness_score,ND-GAIN
AUS,2023,0.299908043620797,climate_readiness_score,ND-GAIN
AUT,2023,0.32432397481076,climate_readiness_score,ND-GAIN
AZE,2023,0.428217466974561,climate_readiness_score,ND-GAIN
BHS,2023,0.447344950667431,climate_readiness_score,ND-GAIN
BHR,2023,0.499361243015042,climate_readiness_score,ND-GAIN
BGD,2023,0.544058938965523,climate_readiness_score,ND-GAIN
BRB,2023,0.395212520960258,climate_readiness_score,ND-GAIN
BLR,2023,0.35355636248916,climate_readiness_score,ND-GAIN
BEL,2023,0.365263983643453,climate_readiness_score,ND-GAIN
BLZ,2023,0.48319552007423,climate_readiness_score,ND-GAIN
BEN,2023,0.58370424815721,climate_readiness_score,ND-GAIN
BTN,2023,0.528006817283229,climate_readiness_score,ND-GAIN
BOL,2023,0.453191814136906,climate_readiness_score,ND-GAIN
BIH,2023,0.378509393844001,climate_readiness_score,ND-GAIN
BWA,2023,0.485834427309302,climate_readiness_score,ND-GAIN
BRA,2023,0.366526874181763,climate_readiness_score,ND-GAIN
BRN,2023,0.42441581650174,climate_readiness_score,ND-GAIN
BGR,2023,0.359206461926749,climate_readiness_score,ND-GAIN
BFA,2023,0.523136567794521,climate_readiness_score,ND-GAIN
BDI,2023,0.606687766947185,climate_readiness_score,ND-GAIN
KHM,2023,0.473564010598888,climate_readiness_score,ND-GAIN
CMR,2023,0.477804707513461,climate_readiness_score,ND-GAIN
CAN,2023,0.281918273081301,climate_readiness_score,ND-GAIN
CPV,2023,0.472750624586084,climate_readiness_score,ND-GAIN
CAF,2023,0.587110593570822,climate_readiness_score,ND-GAIN
TCD,2023,0.638413126469221,climate_readiness_score,ND-GAIN
CHL,2023,0.347644265400611,climate_readiness_score,ND-GAIN
CHN,2023,0.394836941608003,climate_readiness_score,ND-GAIN
COL,2023,0.406991410371171,climate_readiness_score,ND-GAIN
COM,2023,0.490633491190252,climate_readiness_score,ND-GAIN
COG,2023,0.54915957532507,climate_readiness_score,ND-GAIN
COD,2023,0.5707571817196,climate_readiness_score,ND-GAIN
CRI,2023,0.387274775804488,climate_readiness_score,ND-GAIN
CIV,2023,0.486379842720379,climate_readiness_score,ND-GAIN
HRV,2023,0.395789367021583,climate_readiness_score,ND-GAIN
CUB,2023,0.457169744242829,climate_readiness_score,ND-GAIN
CYP,2023,0.353566380101546,climate_readiness_score,ND-GAIN
CZE,2023,0.305683345971407,climate_readiness_score,ND-GAIN
DNK,2023,0.341215435181261,climate_readiness_score,ND-GAIN
DJI,2023,0.598486370284431,climate_readiness_score,ND-GAIN
DMA,2023,0.44101248057488,climate_readiness_score,ND-GAIN
DOM,2023,0.469620068072787,climate_readiness_score,ND-GAIN
ECU,2023,0.47671643963548,climate_readiness_score,ND-GAIN
EGY,2023,0.470801145030331,climate_readiness_score,ND-GAIN
SLV,2023,0.451627825077762,climate_readiness_score,ND-GAIN
GNQ,2023,0.449850974196225,climate_readiness_score,ND-GAIN
ERI,2023,0.62894166610134,climate_readiness_score,ND-GAIN
EST,2023,0.357268156357321,climate_readiness_score,ND-GAIN
ETH,2023,0.508303555367165,climate_readiness_score,ND-GAIN
FJI,2023,0.488597553655855,climate_readiness_score,ND-GAIN
FIN,2023,0.304322061072161,climate_readiness_score,ND-GAIN
FRA,2023,0.322375656425419,climate_readiness_score,ND-GAIN
GAB,2023,0.449632576729081,climate_readiness_score,ND-GAIN
GMB,2023,0.545348762922498,climate_readiness_score,ND-GAIN
GEO,2023,0.412738224174227,climate_readiness_score,ND-GAIN
DEU,2023,0.295076220001045,climate_readiness_score,ND-GAIN
GHA,2023,0.455450465878511,climate_readiness_score,ND-GAIN
GRC,2023,0.353467430042983,climate_readiness_score,ND-GAIN
GRD,2023,0.423852802834834,climate_readiness_score,ND-GAIN
GTM,2023,0.457647271749792,climate_readiness_score,ND-GAIN
GIN,2023,0.473778956095756,climate_readiness_score,ND-GAIN
GNB,2023,0.622166054631104,climate_readiness_score,ND-GAIN
GUY,2023,0.467762464729164,climate_readiness_score,ND-GAIN
HTI,2023,0.534732656394744,climate_readiness_score,ND-GAIN
HND,2023,0.471146811069206,climate_readiness_score,ND-GAIN
HUN,2023,0.384661999278904,climate_readiness_score,ND-GAIN
ISL,2023,0.314866397424961,climate_readiness_score,ND-GAIN
IND,2023,0.475778341239381,climate_readiness_score,ND-GAIN
IDN,2023,0.430720395697127,climate_readiness_score,ND-GAIN
IRN,2023,0.428270644021912,climate_readiness_score,ND-GAIN
IRQ,2023,0.496956928841778,climate_readiness_score,ND-GAIN
IRL,2023,0.316170489238801,climate_readiness_score,ND-GAIN
ISR,2023,0.346516741821003,climate_readiness_score,ND-GAIN
ITA,2023,0.356889652275375,climate_readiness_score,ND-GAIN
JAM,2023,0.451657198070388,climate_readiness_score,ND-GAIN
JPN,2023,0.353129330637374,climate_readiness_score,ND-GAIN
JOR,2023,0.429278925238798,climate_readiness_score,ND-GAIN
KAZ,2023,0.352287523946332,climate_readiness_score,ND-GAIN
KEN,2023,0.485424853787924,climate_readiness_score,ND-GAIN
KIR,2023,0.527583045455167,climate_readiness_score,ND-GAIN
PRK,2023,0.512628513985853,climate_readiness_score,ND-GAIN
KOR,2023,0.355818059181202,climate_readiness_score,ND-GAIN
KWT,2023,0.434112446764718,climate_readiness_score,ND-GAIN
KGZ,2023,0.34869793841164,climate_readiness_score,ND-GAIN
LAO,2023,0.468178651995328,climate_readiness_score,ND-GAIN
LVA,2023,0.388019865831933,climate_readiness_score,ND-GAIN
LBN,2023,0.454384961821388,climate_readiness_score,ND-GAIN
LSO,2023,0.507527907968609,climate_readiness_score,ND-GAIN
LBR,2023,0.581739178051956,climate_readiness_score,ND-GAIN
LBY,2023,0.490608512633573,climate_readiness_score,ND-GAIN
LIE,2023,,climate_readiness_score,ND-GAIN
LTU,2023,0.373753256800995,climate_readiness_score,ND-GAIN
LUX,2023,0.340345747764957,climate_readiness_score,ND-GAIN
MKD,2023,0.408053259732568,climate_readiness_score,ND-GAIN
MDG,2023,0.55038636018385,climate_readiness_score,ND-GAIN
MWI,2023,0.565780431578423,climate_readiness_score,ND-GAIN
MYS,2023,0.36775131049105,climate_readiness_score,ND-GAIN
MDV,2023,0.533591908976575,climate_readiness_score,ND-GAIN
MLI,2023,0.588688034806751,climate_readiness_score,ND-GAIN
MLT,2023,0.351282073902524,climate_readiness_score,ND-GAIN
MHL,2023,0.498814392623714,climate_readiness_score,ND-GAIN
MRT,2023,0.65582194730129,climate_readiness_score,ND-GAIN
MUS,2023,0.454683666746678,climate_readiness_score,ND-GAIN
MEX,2023,0.409715569837177,climate_readiness_score,ND-GAIN
FSM,2023,0.621516776428594,climate_readiness_score,ND-GAIN
MDA,2023,0.448701271007828,climate_readiness_score,ND-GAIN
MCO,2023,0.39396723837929,climate_readiness_score,ND-GAIN
MNG,2023,0.396772758668074,climate_readiness_score,ND-GAIN
MNE,2023,0.425711803155342,climate_readiness_score,ND-GAIN
MAR,2023,0.451348666144287,climate_readiness_score,ND-GAIN
MOZ,2023,0.507815713612982,climate_readiness_score,ND-GAIN
MMR,2023,0.488720114023664,climate_readiness_score,ND-GAIN
NAM,2023,0.515164474015955,climate_readiness_score,ND-GAIN
NRU,2023,0.502143650912067,climate_readiness_score,ND-GAIN
NPL,2023,0.50513497508457,climate_readiness_score,ND-GAIN
NLD,2023,0.371637304099793,climate_readiness_score,ND-GAIN
NZL,2023,0.294557288454929,climate_readiness_score,ND-GAIN
NIC,2023,0.422535899353663,climate_readiness_score,ND-GAIN
NER,2023,0.578855711336892,climate_readiness_score,ND-GAIN
NGA,2023,0.489912917097295,climate_readiness_score,ND-GAIN
NOR,2023,0.263703378387109,climate_readiness_score,ND-GAIN
OMN,2023,0.449710534244024,climate_readiness_score,ND-GAIN
PAK,2023,0.526247585277766,climate_readiness_score,ND-GAIN
PLW,2023,0.481240107851864,climate_readiness_score,ND-GAIN
PAN,2023,0.427181311098142,climate_readiness_score,ND-GAIN
PNG,2023,0.549165799309143,climate_readiness_score,ND-GAIN
PRY,2023,0.379432053737149,climate_readiness_score,ND-GAIN
PER,2023,0.418537750178791,climate_readiness_score,ND-GAIN
PHL,2023,0.430063286554678,climate_readiness_score,ND-GAIN
POL,2023,0.3147855806816,climate_readiness_score,ND-GAIN
PRT,2023,0.35261744650439,climate_readiness_score,ND-GAIN
QAT,2023,0.413700668691347,climate_readiness_score,ND-GAIN
ROU,2023,0.397316072371255,climate_readiness_score,ND-GAIN
RUS,2023,0.308399561053518,climate_readiness_score,ND-GAIN
RWA,2023,0.609644343521315,climate_readiness_score,ND-GAIN
KNA,2023,0.472361022682055,climate_readiness_score,ND-GAIN
LCA,2023,0.344345209497158,climate_readiness_score,ND-GAIN
VCT,2023,0.417699564292542,climate_readiness_score,ND-GAIN
WSM,2023,0.538924367294929,climate_readiness_score,ND-GAIN
SMR,2023,,climate_readiness_score,ND-GAIN
STP,2023,0.526734891833547,climate_readiness_score,ND-GAIN
SAU,2023,0.471645637749088,climate_readiness_score,ND-GAIN
SEN,2023,0.529097727779025,climate_readiness_score,ND-GAIN
SRB,2023,0.469350990620044,climate_readiness_score,ND-GAIN
SYC,2023,0.427307991401025,climate_readiness_score,ND-GAIN
SLE,2023,0.602621195319676,climate_readiness_score,ND-GAIN
SGP,2023,0.375095202068539,climate_readiness_score,ND-GAIN
SVK,2023,0.36758860906764,climate_readiness_score,ND-GAIN
SVN,2023,0.344379571006387,climate_readiness_score,ND-GAIN
SLB,2023,0.620833714372699,climate_readiness_score,ND-GAIN
SOM,2023,0.638433064706975,climate_readiness_score,ND-GAIN
ZAF,2023,0.436116895139531,climate_readiness_score,ND-GAIN
ESP,2023,0.322229883244238,climate_readiness_score,ND-GAIN
LKA,2023,0.437035274871547,climate_readiness_score,ND-GAIN
SDN,2023,0.629298366404132,climate_readiness_score,ND-GAIN
SUR,2023,0.441816913682385,climate_readiness_score,ND-GAIN
SWZ,2023,0.472888444910409,climate_readiness_score,ND-GAIN
SWE,2023,0.32294112183485,climate_readiness_score,ND-GAIN
CHE,2023,0.29721365913647,climate_readiness_score,ND-GAIN
SYR,2023,0.521533528999252,climate_readiness_score,ND-GAIN
TJK,2023,0.367122591215406,climate_readiness_score,ND-GAIN
TZA,2023,0.505903521933805,climate_readiness_score,ND-GAIN
THA,2023,0.444336610386379,climate_readiness_score,ND-GAIN
TLS,2023,0.546020919083841,climate_readiness_score,ND-GAIN
TGO,2023,0.509841065801297,climate_readiness_score,ND-GAIN
TON,2023,0.595939425625676,climate_readiness_score,ND-GAIN
TTO,2023,0.384049778937974,climate_readiness_score,ND-GAIN
TUN,2023,0.441061656412161,climate_readiness_score,ND-GAIN
TUR,2023,0.397025200663487,climate_readiness_score,ND-GAIN
TKM,2023,0.447101013271767,climate_readiness_score,ND-GAIN
TUV,2023,0.571203074172096,climate_readiness_score,ND-GAIN
UGA,2023,0.536803469836928,climate_readiness_score,ND-GAIN
UKR,2023,0.384741584936516,climate_readiness_score,ND-GAIN
ARE,2023,0.418120016948131,climate_readiness_score,ND-GAIN
GBR,2023,0.280446005365854,climate_readiness_score,ND-GAIN
USA,2023,0.316661052604701,climate_readiness_score,ND-GAIN
URY,2023,0.394941225237999,climate_readiness_score,ND-GAIN
UZB,2023,0.392341640021155,climate_readiness_score,ND-GAIN
VUT,2023,0.546990855277229,climate_readiness_score,ND-GAIN
VEN,2023,0.386295211042482,climate_readiness_score,ND-GAIN
VNM,2023,0.49925954279382,climate_readiness_score,ND-GAIN
YEM,2023,0.629722631102786,climate_readiness_score,ND-GAIN
ZMB,2023,0.491955333290287,climate_readiness_score,ND-GAIN
ZWE,2023,0.506782903060142,climate_readiness_score,ND-GAIN
AFG,2024,0.611631396660846,climate_readiness_score,ND-GAIN
ALB,2024,0.416322992249691,climate_readiness_score,ND-GAIN
DZA,2024,0.429883579325037,climate_readiness_score,ND-GAIN
AND,2024,0.350781221558211,climate_readiness_score,ND-GAIN
AGO,2024,0.527907173262356,climate_readiness_score,ND-GAIN
ATG,2024,0.484818895524531,climate_readiness_score,ND-GAIN
ARG,2024,0.407881465765316,climate_readiness_score,ND-GAIN
ARM,2024,0.393642365399574,climate_readiness_score,ND-GAIN
AUS,2024,0.300140571857323,climate_readiness_score,ND-GAIN
AUT,2024,0.32277793492033,climate_readiness_score,ND-GAIN
AZE,2024,0.427502121495016,climate_readiness_score,ND-GAIN
BHS,2024,0.447497606278051,climate_readiness_score,ND-GAIN
BHR,2024,0.498974724042067,climate_readiness_score,ND-GAIN
BGD,2024,0.543533510007927,climate_readiness_score,ND-GAIN
BRB,2024,0.396989620041102,climate_readiness_score,ND-GAIN
BLR,2024,0.35456427179041,climate_readiness_score,ND-GAIN
BEL,2024,0.365557735107329,climate_readiness_score,ND-GAIN
BLZ,2024,0.482829364848673,climate_readiness_score,ND-GAIN
BEN,2024,0.583662682479402,climate_readiness_score,ND-GAIN
BTN,2024,0.52801539338826,climate_readiness_score,ND-GAIN
BOL,2024,0.453168003737546,climate_readiness_score,ND-GAIN
BIH,2024,0.380471274937269,climate_readiness_score,ND-GAIN
BWA,2024,0.484177412028985,climate_readiness_score,ND-GAIN
BRA,2024,0.366346352367594,climate_readiness_score,ND-GAIN
BRN,2024,0.424482746377342,climate_readiness_score,ND-GAIN
BGR,2024,0.361049975261115,climate_readiness_score,ND-GAIN
BFA,2024,0.522513365133152,climate_readiness_score,ND-GAIN
BDI,2024,0.610409619844343,climate_readiness_score,ND-GAIN
KHM,2024,0.472346602660018,climate_readiness_score,ND-GAIN
CMR,2024,0.47761377739775,climate_readiness_score,ND-GAIN
CAN,2024,0.28242526681381,climate_readiness_score,ND-GAIN
CPV,2024,0.477880174984703,climate_readiness_score,ND-GAIN
CAF,2024,0.588267161763796,climate_readiness_score,ND-GAIN
TCD,2024,0.637829601475467,climate_readiness_score,ND-GAIN
CHL,2024,0.346583112469936,climate_readiness_score,ND-GAIN
CHN,2024,0.394127021337838,climate_readiness_score,ND-GAIN
COL,2024,0.40667956463587,climate_readiness_score,ND-GAIN
COM,2024,0.490113253246172,climate_readiness_score,ND-GAIN
COG,2024,0.548901367074036,climate_readiness_score,ND-GAIN
COD,2024,0.570653651365249,climate_readiness_score,ND-GAIN
CRI,2024,0.387068930111985,climate_readiness_score,ND-GAIN
CIV,2024,0.487551450812507,climate_readiness_score,ND-GAIN
HRV,2024,0.398597553548534,climate_readiness_score,ND-GAIN
CUB,2024,0.457075951798497,climate_readiness_score,ND-GAIN
CYP,2024,0.354660330841481,climate_readiness_score,ND-GAIN
CZE,2024,0.305117504592286,climate_readiness_score,ND-GAIN
DNK,2024,0.341581596937965,climate_readiness_score,ND-GAIN
DJI,2024,0.598361572476778,climate_readiness_score,ND-GAIN
DMA,2024,0.442460718799105,climate_readiness_score,ND-GAIN
DOM,2024,0.469902300602134,climate_readiness_score,ND-GAIN
ECU,2024,0.47601951334325,climate_readiness_score,ND-GAIN
EGY,2024,0.468995783671781,climate_readiness_score,ND-GAIN
SLV,2024,0.45173058771027,climate_readiness_score,ND-GAIN
GNQ,2024,0.449854852679219,climate_readiness_score,ND-GAIN
ERI,2024,0.628631763174002,climate_readiness_score,ND-GAIN
EST,2024,0.3605983790192,climate_readiness_score,ND-GAIN
ETH,2024,0.507933731799742,climate_readiness_score,ND-GAIN
FJI,2024,0.488745940494656,climate_readiness_score,ND-GAIN
FIN,2024,0.305513983672894,climate_readiness_score,ND-GAIN
FRA,2024,0.321209947161785,climate_readiness_score,ND-GAIN
GAB,2024,0.449536217743472,climate_readiness_score,ND-GAIN
GMB,2024,0.551328104364644,climate_readiness_score,ND-GAIN
GEO,2024,0.413219260379206,climate_readiness_score,ND-GAIN
DEU,2024,0.295589152589316,climate_readiness_score,ND-GAIN
GHA,2024,0.454633705517705,climate_readiness_score,ND-GAIN
GRC,2024,0.355585279739415,climate_readiness_score,ND-GAIN
GRD,2024,0.424655148195556,climate_readiness_score,ND-GAIN
GTM,2024,0.455432679166548,climate_readiness_score,ND-GAIN
GIN,2024,0.473598046098685,climate_readiness_score,ND-GAIN
GNB,2024,0.621615559058244,climate_readiness_score,ND-GAIN
GUY,2024,0.46666353595074,climate_readiness_score,ND-GAIN
HTI,2024,0.5344937638164,climate_readiness_score,ND-GAIN
HND,2024,0.47093910103503,climate_readiness_score,ND-GAIN
HUN,2024,0.380366757382679,climate_readiness_score,ND-GAIN
ISL,2024,0.31480615888223,climate_readiness_score,ND-GAIN
IND,2024,0.474859584632094,climate_readiness_score,ND-GAIN
IDN,2024,0.430901880625814,climate_readiness_score,ND-GAIN
IRN,2024,0.428648407980709,climate_readiness_score,ND-GAIN
IRQ,2024,0.496947333807058,climate_readiness_score,ND-GAIN
IRL,2024,0.317435771967295,climate_readiness_score,ND-GAIN
ISR,2024,0.344488030960562,climate_readiness_score,ND-GAIN
ITA,2024,0.357393597123316,climate_readiness_score,ND-GAIN
JAM,2024,0.451296671461053,climate_readiness_score,ND-GAIN
JPN,2024,0.35311478817066,climate_readiness_score,ND-GAIN
JOR,2024,0.428631907247517,climate_readiness_score,ND-GAIN
KAZ,2024,0.355038964494091,climate_readiness_score,ND-GAIN
KEN,2024,0.481851096061834,climate_readiness_score,ND-GAIN
KIR,2024,0.527603833992109,climate_readiness_score,ND-GAIN
PRK,2024,0.512913737284308,climate_readiness_score,ND-GAIN
KOR,2024,0.355877385957679,climate_readiness_score,ND-GAIN
KWT,2024,0.435111126092237,climate_readiness_score,ND-GAIN
KGZ,2024,0.343801369205769,climate_readiness_score,ND-GAIN
LAO,2024,0.451550049940917,climate_readiness_score,ND-GAIN
LVA,2024,0.386768735501481,climate_readiness_score,ND-GAIN
LBN,2024,0.45461976128072,climate_readiness_score,ND-GAIN
LSO,2024,0.50679701506504,climate_readiness_score,ND-GAIN
LBR,2024,0.581511731241774,climate_readiness_score,ND-GAIN
LBY,2024,0.49006927814624,climate_readiness_score,ND-GAIN
LIE,2024,,climate_readiness_score,ND-GAIN
LTU,2024,0.373763903778594,climate_readiness_score,ND-GAIN
LUX,2024,0.341472020693569,climate_readiness_score,ND-GAIN
MKD,2024,0.409887518457299,climate_readiness_score,ND-GAIN
MDG,2024,0.550272383098899,climate_readiness_score,ND-GAIN
MWI,2024,0.566603043418741,climate_readiness_score,ND-GAIN
MYS,2024,0.365348909963364,climate_readiness_score,ND-GAIN
MDV,2024,0.534238663759645,climate_readiness_score,ND-GAIN
MLI,2024,0.584660315585995,climate_readiness_score,ND-GAIN
MLT,2024,0.351138702400051,climate_readiness_score,ND-GAIN
MHL,2024,0.498858371100596,climate_readiness_score,ND-GAIN
MRT,2024,0.655125155055334,climate_readiness_score,ND-GAIN
MUS,2024,0.454642684656149,climate_readiness_score,ND-GAIN
MEX,2024,0.412118258967016,climate_readiness_score,ND-GAIN
FSM,2024,0.621437120156525,climate_readiness_score,ND-GAIN
MDA,2024,0.45043767587263,climate_readiness_score,ND-GAIN
MCO,2024,0.390358227788071,climate_readiness_score,ND-GAIN
MNG,2024,0.395970761446559,climate_readiness_score,ND-GAIN
MNE,2024,0.421169073444813,climate_readiness_score,ND-GAIN
MAR,2024,0.449760924509321,climate_readiness_score,ND-GAIN
MOZ,2024,0.511197695255677,climate_readiness_score,ND-GAIN
MMR,2024,0.487602195757458,climate_readiness_score,ND-GAIN
NAM,2024,0.510721560030414,climate_readiness_score,ND-GAIN
NRU,2024,0.502089896559704,climate_readiness_score,ND-GAIN
NPL,2024,0.504183206999263,climate_readiness_score,ND-GAIN
NLD,2024,0.371475012358381,climate_readiness_score,ND-GAIN
NZL,2024,0.296718167249517,climate_readiness_score,ND-GAIN
NIC,2024,0.422829301286107,climate_readiness_score,ND-GAIN
NER,2024,0.586889314258958,climate_readiness_score,ND-GAIN
NGA,2024,0.489551018255141,climate_readiness_score,ND-GAIN
NOR,2024,0.263479129443056,climate_readiness_score,ND-GAIN
OMN,2024,0.450114443436123,climate_readiness_score,ND-GAIN
PAK,2024,0.525114836028279,climate_readiness_score,ND-GAIN
PLW,2024,0.48155554653438,climate_readiness_score,ND-GAIN
PAN,2024,0.42805997376676,climate_readiness_score,ND-GAIN
PNG,2024,0.549283680495628,climate_readiness_score,ND-GAIN
PRY,2024,0.379546029884011,climate_readiness_score,ND-GAIN
PER,2024,0.417779188042438,climate_readiness_score,ND-GAIN
PHL,2024,0.430001326203024,climate_readiness_score,ND-GAIN
POL,2024,0.314307112750078,climate_readiness_score,ND-GAIN
PRT,2024,0.352331044146868,climate_readiness_score,ND-GAIN
QAT,2024,0.418018229695923,climate_readiness_score,ND-GAIN
ROU,2024,0.39820979866064,climate_readiness_score,ND-GAIN
RUS,2024,0.3098257268424,climate_readiness_score,ND-GAIN
RWA,2024,0.609511202843651,climate_readiness_score,ND-GAIN
KNA,2024,0.472847290328961,climate_readiness_score,ND-GAIN
LCA,2024,0.344941795256938,climate_readiness_score,ND-GAIN
VCT,2024,0.417671995635368,climate_readiness_score,ND-GAIN
WSM,2024,0.537949032096937,climate_readiness_score,ND-GAIN
SMR,2024,,climate_readiness_score,ND-GAIN
STP,2024,0.526573760980068,climate_readiness_score,ND-GAIN
SAU,2024,0.471292133183345,climate_readiness_score,ND-GAIN
SEN,2024,0.528878387104357,climate_readiness_score,ND-GAIN
SRB,2024,0.469822390844807,climate_readiness_score,ND-GAIN
SYC,2024,0.427958230503949,climate_readiness_score,ND-GAIN
SLE,2024,0.601974331532953,climate_readiness_score,ND-GAIN
SGP,2024,0.379490531900278,climate_readiness_score,ND-GAIN
SVK,2024,0.366808796798146,climate_readiness_score,ND-GAIN
SVN,2024,0.344064686795972,climate_readiness_score,ND-GAIN
SLB,2024,0.62242457189267,climate_readiness_score,ND-GAIN
SOM,2024,0.638285337505113,climate_readiness_score,ND-GAIN
ZAF,2024,0.436239815065598,climate_readiness_score,ND-GAIN
ESP,2024,0.323034973499402,climate_readiness_score,ND-GAIN
LKA,2024,0.435967030467049,climate_readiness_score,ND-GAIN
SDN,2024,0.629158346222797,climate_readiness_score,ND-GAIN
SUR,2024,0.441658609170938,climate_readiness_score,ND-GAIN
SWZ,2024,0.482046438211589,climate_readiness_score,ND-GAIN
SWE,2024,0.323148191850965,climate_readiness_score,ND-GAIN
CHE,2024,0.296346485664518,climate_readiness_score,ND-GAIN
SYR,2024,0.520747317617057,climate_readiness_score,ND-GAIN
TJK,2024,0.367038597338355,climate_readiness_score,ND-GAIN
TZA,2024,0.50548838457689,climate_readiness_score,ND-GAIN
THA,2024,0.443413767667469,climate_readiness_score,ND-GAIN
TLS,2024,0.545449817565224,climate_readiness_score,ND-GAIN
TGO,2024,0.508814332883552,climate_readiness_score,ND-GAIN
TON,2024,0.594873276299833,climate_readiness_score,ND-GAIN
TTO,2024,0.386030305300588,climate_readiness_score,ND-GAIN
TUN,2024,0.440625999654821,climate_readiness_score,ND-GAIN
TUR,2024,0.39576210822062,climate_readiness_score,ND-GAIN
TKM,2024,0.447624356197373,climate_readiness_score,ND-GAIN
TUV,2024,0.572510899488948,climate_readiness_score,ND-GAIN
UGA,2024,0.536277668889937,climate_readiness_score,ND-GAIN
UKR,2024,0.384692832175473,climate_readiness_score,ND-GAIN
ARE,2024,0.416309791298487,climate_readiness_score,ND-GAIN
GBR,2024,0.28150875662824,climate_readiness_score,ND-GAIN
USA,2024,0.316878152294868,climate_readiness_score,ND-GAIN
URY,2024,0.394090646693043,climate_readiness_score,ND-GAIN
UZB,2024,0.392824302560207,climate_readiness_score,ND-GAIN
VUT,2024,0.546767558936559,climate_readiness_score,ND-GAIN
VEN,2024,0.386097378830989,climate_readiness_score,ND-GAIN
VNM,2024,0.498956687021145,climate_readiness_score,ND-GAIN
YEM,2024,0.629403026758848,climate_readiness_score,ND-GAIN
ZMB,2024,0.492172412803817,climate_readiness_score,ND-GAIN
ZWE,2024,0.511050170650953,climate_readiness_score,ND-GAIN
