,Country,year,value,indicator,source,iso3
0,Algeria,2000,3.43,military_spending_gdp,SIPRI,DZA
1,Libya,2000,2.75,military_spending_gdp,SIPRI,LBY
2,Morocco,2000,2.21,military_spending_gdp,SIPRI,MAR
3,Tunisia,2000,1.55,military_spending_gdp,SIPRI,TUN
4,Angola,2000,6.39,military_spending_gdp,SIPRI,AGO
5,Benin,2000,0.41,military_spending_gdp,SIPRI,BEN
6,Botswana,2000,3.19,military_spending_gdp,SIPRI,BWA
7,Burkina Faso,2000,1.24,military_spending_gdp,SIPRI,BFA
8,Burundi,2000,4.86,military_spending_gdp,SIPRI,BDI
9,Cameroon,2000,1.32,military_spending_gdp,SIPRI,CMR
12,Chad,2000,1.0,military_spending_gdp,SIPRI,TCD
16,Djibouti,2000,5.07,military_spending_gdp,SIPRI,DJI
18,Eritrea,2000,32.66,military_spending_gdp,SIPRI,ERI
19,Ethiopia,2000,7.69,military_spending_gdp,SIPRI,ETH
20,Gabon,2000,1.69,military_spending_gdp,SIPRI,GAB
22,Ghana,2000,0.44,military_spending_gdp,SIPRI,GHA
23,Guinea,2000,1.53,military_spending_gdp,SIPRI,GIN
24,Guinea-Bissau,2000,2.63,military_spending_gdp,SIPRI,GNB
25,Kenya,2000,1.31,military_spending_gdp,SIPRI,KEN
26,Lesotho,2000,3.28,military_spending_gdp,SIPRI,LSO
28,Madagascar,2000,1.22,military_spending_gdp,SIPRI,MDG
29,Malawi,2000,0.28,military_spending_gdp,SIPRI,MWI
30,Mali,2000,1.48,military_spending_gdp,SIPRI,MLI
31,Mauritania,2000,2.93,military_spending_gdp,SIPRI,MRT
32,Mauritius,2000,0.2,military_spending_gdp,SIPRI,MUS
33,Mozambique,2000,0.93,military_spending_gdp,SIPRI,MOZ
34,Namibia,2000,2.71,military_spending_gdp,SIPRI,NAM
35,Niger,2000,1.16,military_spending_gdp,SIPRI,NER
36,Nigeria,2000,0.54,military_spending_gdp,SIPRI,NGA
37,Rwanda,2000,3.54,military_spending_gdp,SIPRI,RWA
38,Senegal,2000,1.05,military_spending_gdp,SIPRI,SEN
39,Seychelles,2000,1.68,military_spending_gdp,SIPRI,SYC
40,Sierra Leone,2000,1.58,military_spending_gdp,SIPRI,SLE
42,South Africa,2000,1.39,military_spending_gdp,SIPRI,ZAF
44,Sudan,2000,4.47,military_spending_gdp,SIPRI,SDN
45,Eswatini,2000,1.46,military_spending_gdp,SIPRI,SWZ
46,Tanzania,2000,1.49,military_spending_gdp,SIPRI,TZA
48,Uganda,2000,1.76,military_spending_gdp,SIPRI,UGA
50,Zimbabwe,2000,3.05,military_spending_gdp,SIPRI,ZWE
51,Belize,2000,0.67,military_spending_gdp,SIPRI,BLZ
52,Costa Rica,2000,0.0,military_spending_gdp,SIPRI,CRI
54,Dominican Republic,2000,1.03,military_spending_gdp,SIPRI,DOM
55,El Salvador,2000,0.84,military_spending_gdp,SIPRI,SLV
56,Guatemala,2000,0.92,military_spending_gdp,SIPRI,GTM
58,Honduras,2000,0.73,military_spending_gdp,SIPRI,HND
59,Jamaica,2000,0.49,military_spending_gdp,SIPRI,JAM
60,Mexico,2000,0.41,military_spending_gdp,SIPRI,MEX
61,Nicaragua,2000,0.78,military_spending_gdp,SIPRI,NIC
62,Panama,2000,0.0,military_spending_gdp,SIPRI,PAN
64,Canada,2000,1.11,military_spending_gdp,SIPRI,CAN
65,United States of America,2000,3.11,military_spending_gdp,SIPRI,USA
66,Argentina,2000,1.15,military_spending_gdp,SIPRI,ARG
67,Bolivia,2000,2.06,military_spending_gdp,SIPRI,BOL
68,Brazil,2000,1.73,military_spending_gdp,SIPRI,BRA
69,Chile,2000,2.69,military_spending_gdp,SIPRI,CHL
70,Colombia,2000,3.03,military_spending_gdp,SIPRI,COL
71,Ecuador,2000,1.52,military_spending_gdp,SIPRI,ECU
72,Guyana,2000,1.77,military_spending_gdp,SIPRI,GUY
73,Paraguay,2000,1.24,military_spending_gdp,SIPRI,PRY
74,Peru,2000,1.79,military_spending_gdp,SIPRI,PER
75,Uruguay,2000,2.44,military_spending_gdp,SIPRI,URY
76,Venezuela,2000,1.53,military_spending_gdp,SIPRI,VEN
77,Australia,2000,1.82,military_spending_gdp,SIPRI,AUS
78,Fiji,2000,1.76,military_spending_gdp,SIPRI,FJI
79,New Zealand,2000,1.6,military_spending_gdp,SIPRI,NZL
80,Papua New Guinea,2000,0.64,military_spending_gdp,SIPRI,PNG
82,Bangladesh,2000,1.4,military_spending_gdp,SIPRI,BGD
83,India,2000,2.95,military_spending_gdp,SIPRI,IND
84,Nepal,2000,0.78,military_spending_gdp,SIPRI,NPL
85,Pakistan,2000,4.17,military_spending_gdp,SIPRI,PAK
86,Sri Lanka,2000,5.03,military_spending_gdp,SIPRI,LKA
87,China,2000,1.82,military_spending_gdp,SIPRI,CHN
88,Japan,2000,0.9,military_spending_gdp,SIPRI,JPN
91,Mongolia,2000,2.02,military_spending_gdp,SIPRI,MNG
92,Taiwan,2000,2.66,military_spending_gdp,SIPRI,TWN
94,Cambodia,2000,2.19,military_spending_gdp,SIPRI,KHM
95,Indonesia,2000,0.68,military_spending_gdp,SIPRI,IDN
96,Laos,2000,0.79,military_spending_gdp,SIPRI,LAO
97,Malaysia,2000,1.63,military_spending_gdp,SIPRI,MYS
98,Myanmar,2000,2.18,military_spending_gdp,SIPRI,MMR
99,Philippines,2000,1.61,military_spending_gdp,SIPRI,PHL
100,Singapore,2000,4.51,military_spending_gdp,SIPRI,SGP
101,Thailand,2000,1.49,military_spending_gdp,SIPRI,THA
104,Kazakhstan,2000,0.78,military_spending_gdp,SIPRI,KAZ
105,Kyrgyz Republic,2000,2.88,military_spending_gdp,SIPRI,KGZ
106,Tajikistan,2000,0.6,military_spending_gdp,SIPRI,TJK
108,Uzbekistan,2000,0.92,military_spending_gdp,SIPRI,UZB
109,Albania,2000,1.26,military_spending_gdp,SIPRI,ALB
111,Bulgaria,2000,2.65,military_spending_gdp,SIPRI,BGR
112,Croatia,2000,3.02,military_spending_gdp,SIPRI,HRV
113,Czechia,2000,1.86,military_spending_gdp,SIPRI,CZE
115,Estonia,2000,1.38,military_spending_gdp,SIPRI,EST
117,Hungary,2000,1.51,military_spending_gdp,SIPRI,HUN
119,Latvia,2000,0.9,military_spending_gdp,SIPRI,LVA
120,Lithuania,2000,1.22,military_spending_gdp,SIPRI,LTU
121,North Macedonia,2000,1.85,military_spending_gdp,SIPRI,MKD
123,Poland,2000,1.82,military_spending_gdp,SIPRI,POL
124,Romania,2000,2.5,military_spending_gdp,SIPRI,ROU
125,Serbia,2000,4.6,military_spending_gdp,SIPRI,SRB
126,Slovakia,2000,1.65,military_spending_gdp,SIPRI,SVK
127,Slovenia,2000,1.1,military_spending_gdp,SIPRI,SVN
129,Armenia,2000,3.56,military_spending_gdp,SIPRI,ARM
130,Azerbaijan,2000,2.27,military_spending_gdp,SIPRI,AZE
131,Belarus,2000,1.37,military_spending_gdp,SIPRI,BLR
132,Georgia,2000,0.62,military_spending_gdp,SIPRI,GEO
133,Moldova,2000,0.4,military_spending_gdp,SIPRI,MDA
135,Ukraine,2000,3.51,military_spending_gdp,SIPRI,UKR
137,Austria,2000,0.98,military_spending_gdp,SIPRI,AUT
138,Belgium,2000,1.35,military_spending_gdp,SIPRI,BEL
139,Cyprus,2000,2.82,military_spending_gdp,SIPRI,CYP
140,Denmark,2000,1.46,military_spending_gdp,SIPRI,DNK
141,Finland,2000,1.24,military_spending_gdp,SIPRI,FIN
142,France,2000,2.09,military_spending_gdp,SIPRI,FRA
143,Germany,2000,1.34,military_spending_gdp,SIPRI,DEU
144,Greece,2000,3.59,military_spending_gdp,SIPRI,GRC
145,Iceland,2000,0.0,military_spending_gdp,SIPRI,ISL
146,Ireland,2000,0.69,military_spending_gdp,SIPRI,IRL
147,Italy,2000,1.73,military_spending_gdp,SIPRI,ITA
148,Luxembourg,2000,0.6,military_spending_gdp,SIPRI,LUX
149,Malta,2000,0.63,military_spending_gdp,SIPRI,MLT
150,Netherlands,2000,1.43,military_spending_gdp,SIPRI,NLD
151,Norway,2000,1.7,military_spending_gdp,SIPRI,NOR
152,Portugal,2000,1.41,military_spending_gdp,SIPRI,PRT
153,Spain,2000,1.73,military_spending_gdp,SIPRI,ESP
154,Sweden,2000,1.82,military_spending_gdp,SIPRI,SWE
155,Switzerland,2000,1.03,military_spending_gdp,SIPRI,CHE
156,United Kingdom,2000,2.35,military_spending_gdp,SIPRI,GBR
158,Bahrain,2000,3.96,military_spending_gdp,SIPRI,BHR
159,Egypt,2000,2.55,military_spending_gdp,SIPRI,EGY
160,Iran,2000,2.3,military_spending_gdp,SIPRI,IRN
162,Israel,2000,6.02,military_spending_gdp,SIPRI,ISR
163,Jordan,2000,6.26,military_spending_gdp,SIPRI,JOR
164,Kuwait,2000,7.15,military_spending_gdp,SIPRI,KWT
165,Lebanon,2000,5.39,military_spending_gdp,SIPRI,LBN
166,Oman,2000,7.09,military_spending_gdp,SIPRI,OMN
168,Saudi Arabia,2000,10.53,military_spending_gdp,SIPRI,SAU
169,Syria,2000,5.45,military_spending_gdp,SIPRI,SYR
170,Türkiye,2000,3.64,military_spending_gdp,SIPRI,TUR
171,United Arab Emirates,2000,8.32,military_spending_gdp,SIPRI,ARE
173,Yemen,2000,4.92,military_spending_gdp,SIPRI,YEM
174,Algeria,2001,3.52,military_spending_gdp,SIPRI,DZA
175,Libya,2001,2.33,military_spending_gdp,SIPRI,LBY
176,Morocco,2001,3.73,military_spending_gdp,SIPRI,MAR
177,Tunisia,2001,1.52,military_spending_gdp,SIPRI,TUN
178,Angola,2001,4.52,military_spending_gdp,SIPRI,AGO
179,Benin,2001,0.36,military_spending_gdp,SIPRI,BEN
180,Botswana,2001,3.83,military_spending_gdp,SIPRI,BWA
181,Burkina Faso,2001,1.16,military_spending_gdp,SIPRI,BFA
182,Burundi,2001,6.07,military_spending_gdp,SIPRI,BDI
183,Cameroon,2001,1.29,military_spending_gdp,SIPRI,CMR
186,Chad,2001,0.99,military_spending_gdp,SIPRI,TCD
192,Eritrea,2001,22.14,military_spending_gdp,SIPRI,ERI
193,Ethiopia,2001,4.39,military_spending_gdp,SIPRI,ETH
194,Gabon,2001,1.79,military_spending_gdp,SIPRI,GAB
196,Ghana,2001,0.26,military_spending_gdp,SIPRI,GHA
197,Guinea,2001,3.1,military_spending_gdp,SIPRI,GIN
198,Guinea-Bissau,2001,1.63,military_spending_gdp,SIPRI,GNB
199,Kenya,2001,1.5,military_spending_gdp,SIPRI,KEN
200,Lesotho,2001,2.74,military_spending_gdp,SIPRI,LSO
202,Madagascar,2001,1.44,military_spending_gdp,SIPRI,MDG
203,Malawi,2001,0.3,military_spending_gdp,SIPRI,MWI
204,Mali,2001,1.3,military_spending_gdp,SIPRI,MLI
205,Mauritania,2001,4.0,military_spending_gdp,SIPRI,MRT
206,Mauritius,2001,0.19,military_spending_gdp,SIPRI,MUS
207,Mozambique,2001,0.9,military_spending_gdp,SIPRI,MOZ
208,Namibia,2001,3.01,military_spending_gdp,SIPRI,NAM
209,Niger,2001,1.32,military_spending_gdp,SIPRI,NER
210,Nigeria,2001,0.78,military_spending_gdp,SIPRI,NGA
211,Rwanda,2001,3.4,military_spending_gdp,SIPRI,RWA
212,Senegal,2001,1.12,military_spending_gdp,SIPRI,SEN
213,Seychelles,2001,1.78,military_spending_gdp,SIPRI,SYC
214,Sierra Leone,2001,1.72,military_spending_gdp,SIPRI,SLE
216,South Africa,2001,1.48,military_spending_gdp,SIPRI,ZAF
218,Sudan,2001,2.47,military_spending_gdp,SIPRI,SDN
219,Eswatini,2001,1.26,military_spending_gdp,SIPRI,SWZ
220,Tanzania,2001,1.45,military_spending_gdp,SIPRI,TZA
222,Uganda,2001,1.68,military_spending_gdp,SIPRI,UGA
224,Zimbabwe,2001,2.55,military_spending_gdp,SIPRI,ZWE
225,Belize,2001,0.68,military_spending_gdp,SIPRI,BLZ
226,Costa Rica,2001,0.0,military_spending_gdp,SIPRI,CRI
228,Dominican Republic,2001,1.21,military_spending_gdp,SIPRI,DOM
229,El Salvador,2001,1.09,military_spending_gdp,SIPRI,SLV
230,Guatemala,2001,1.05,military_spending_gdp,SIPRI,GTM
232,Honduras,2001,0.82,military_spending_gdp,SIPRI,HND
233,Jamaica,2001,0.5,military_spending_gdp,SIPRI,JAM
234,Mexico,2001,0.41,military_spending_gdp,SIPRI,MEX
235,Nicaragua,2001,0.68,military_spending_gdp,SIPRI,NIC
236,Panama,2001,0.0,military_spending_gdp,SIPRI,PAN
237,Trinidad and Tobago,2001,0.16,military_spending_gdp,SIPRI,TTO
238,Canada,2001,1.13,military_spending_gdp,SIPRI,CAN
239,United States of America,2001,3.12,military_spending_gdp,SIPRI,USA
240,Argentina,2001,1.18,military_spending_gdp,SIPRI,ARG
241,Bolivia,2001,2.32,military_spending_gdp,SIPRI,BOL
242,Brazil,2001,1.95,military_spending_gdp,SIPRI,BRA
243,Chile,2001,2.65,military_spending_gdp,SIPRI,CHL
244,Colombia,2001,3.32,military_spending_gdp,SIPRI,COL
245,Ecuador,2001,1.66,military_spending_gdp,SIPRI,ECU
246,Guyana,2001,2.02,military_spending_gdp,SIPRI,GUY
247,Paraguay,2001,1.07,military_spending_gdp,SIPRI,PRY
248,Peru,2001,1.75,military_spending_gdp,SIPRI,PER
249,Uruguay,2001,2.5,military_spending_gdp,SIPRI,URY
250,Venezuela,2001,1.56,military_spending_gdp,SIPRI,VEN
251,Australia,2001,1.86,military_spending_gdp,SIPRI,AUS
252,Fiji,2001,1.82,military_spending_gdp,SIPRI,FJI
253,New Zealand,2001,1.5,military_spending_gdp,SIPRI,NZL
254,Papua New Guinea,2001,0.55,military_spending_gdp,SIPRI,PNG
256,Bangladesh,2001,1.34,military_spending_gdp,SIPRI,BGD
257,India,2001,2.92,military_spending_gdp,SIPRI,IND
258,Nepal,2001,0.96,military_spending_gdp,SIPRI,NPL
259,Pakistan,2001,3.88,military_spending_gdp,SIPRI,PAK
260,Sri Lanka,2001,4.29,military_spending_gdp,SIPRI,LKA
261,China,2001,1.96,military_spending_gdp,SIPRI,CHN
262,Japan,2001,0.92,military_spending_gdp,SIPRI,JPN
265,Mongolia,2001,1.78,military_spending_gdp,SIPRI,MNG
266,Taiwan,2001,2.67,military_spending_gdp,SIPRI,TWN
268,Cambodia,2001,1.71,military_spending_gdp,SIPRI,KHM
269,Indonesia,2001,0.57,military_spending_gdp,SIPRI,IDN
270,Laos,2001,0.72,military_spending_gdp,SIPRI,LAO
271,Malaysia,2001,2.08,military_spending_gdp,SIPRI,MYS
272,Myanmar,2001,1.84,military_spending_gdp,SIPRI,MMR
273,Philippines,2001,1.47,military_spending_gdp,SIPRI,PHL
274,Singapore,2001,4.8,military_spending_gdp,SIPRI,SGP
275,Thailand,2001,1.43,military_spending_gdp,SIPRI,THA
278,Kazakhstan,2001,1.0,military_spending_gdp,SIPRI,KAZ
279,Kyrgyz Republic,2001,2.35,military_spending_gdp,SIPRI,KGZ
280,Tajikistan,2001,0.58,military_spending_gdp,SIPRI,TJK
282,Uzbekistan,2001,0.67,military_spending_gdp,SIPRI,UZB
283,Albania,2001,1.31,military_spending_gdp,SIPRI,ALB
285,Bulgaria,2001,2.86,military_spending_gdp,SIPRI,BGR
286,Croatia,2001,2.71,military_spending_gdp,SIPRI,HRV
287,Czechia,2001,1.74,military_spending_gdp,SIPRI,CZE
289,Estonia,2001,1.5,military_spending_gdp,SIPRI,EST
291,Hungary,2001,1.57,military_spending_gdp,SIPRI,HUN
293,Latvia,2001,1.06,military_spending_gdp,SIPRI,LVA
294,Lithuania,2001,1.36,military_spending_gdp,SIPRI,LTU
295,North Macedonia,2001,6.1,military_spending_gdp,SIPRI,MKD
297,Poland,2001,1.89,military_spending_gdp,SIPRI,POL
298,Romania,2001,2.42,military_spending_gdp,SIPRI,ROU
299,Serbia,2001,3.63,military_spending_gdp,SIPRI,SRB
300,Slovakia,2001,1.84,military_spending_gdp,SIPRI,SVK
301,Slovenia,2001,1.31,military_spending_gdp,SIPRI,SVN
303,Armenia,2001,3.13,military_spending_gdp,SIPRI,ARM
304,Azerbaijan,2001,2.31,military_spending_gdp,SIPRI,AZE
305,Belarus,2001,3.34,military_spending_gdp,SIPRI,BLR
306,Georgia,2001,0.74,military_spending_gdp,SIPRI,GEO
307,Moldova,2001,0.4,military_spending_gdp,SIPRI,MDA
309,Ukraine,2001,2.77,military_spending_gdp,SIPRI,UKR
311,Austria,2001,0.91,military_spending_gdp,SIPRI,AUT
312,Belgium,2001,1.28,military_spending_gdp,SIPRI,BEL
313,Cyprus,2001,3.15,military_spending_gdp,SIPRI,CYP
314,Denmark,2001,1.53,military_spending_gdp,SIPRI,DNK
315,Finland,2001,1.14,military_spending_gdp,SIPRI,FIN
316,France,2001,2.04,military_spending_gdp,SIPRI,FRA
317,Germany,2001,1.31,military_spending_gdp,SIPRI,DEU
318,Greece,2001,3.36,military_spending_gdp,SIPRI,GRC
319,Iceland,2001,0.0,military_spending_gdp,SIPRI,ISL
320,Ireland,2001,0.7,military_spending_gdp,SIPRI,IRL
321,Italy,2001,1.67,military_spending_gdp,SIPRI,ITA
322,Luxembourg,2001,0.75,military_spending_gdp,SIPRI,LUX
323,Malta,2001,0.67,military_spending_gdp,SIPRI,MLT
324,Netherlands,2001,1.43,military_spending_gdp,SIPRI,NLD
325,Norway,2001,1.7,military_spending_gdp,SIPRI,NOR
326,Portugal,2001,1.45,military_spending_gdp,SIPRI,PRT
327,Spain,2001,1.63,military_spending_gdp,SIPRI,ESP
328,Sweden,2001,1.7,military_spending_gdp,SIPRI,SWE
329,Switzerland,2001,0.99,military_spending_gdp,SIPRI,CHE
330,United Kingdom,2001,2.39,military_spending_gdp,SIPRI,GBR
332,Bahrain,2001,4.15,military_spending_gdp,SIPRI,BHR
333,Egypt,2001,2.99,military_spending_gdp,SIPRI,EGY
334,Iran,2001,2.42,military_spending_gdp,SIPRI,IRN
336,Israel,2001,6.21,military_spending_gdp,SIPRI,ISR
337,Jordan,2001,5.89,military_spending_gdp,SIPRI,JOR
338,Kuwait,2001,7.7,military_spending_gdp,SIPRI,KWT
339,Lebanon,2001,5.45,military_spending_gdp,SIPRI,LBN
340,Oman,2001,8.2,military_spending_gdp,SIPRI,OMN
342,Saudi Arabia,2001,11.42,military_spending_gdp,SIPRI,SAU
343,Syria,2001,5.48,military_spending_gdp,SIPRI,SYR
344,Türkiye,2001,3.57,military_spending_gdp,SIPRI,TUR
345,United Arab Emirates,2001,5.61,military_spending_gdp,SIPRI,ARE
347,Yemen,2001,5.48,military_spending_gdp,SIPRI,YEM
348,Algeria,2002,3.41,military_spending_gdp,SIPRI,DZA
349,Libya,2002,2.14,military_spending_gdp,SIPRI,LBY
350,Morocco,2002,3.49,military_spending_gdp,SIPRI,MAR
351,Tunisia,2002,1.49,military_spending_gdp,SIPRI,TUN
352,Angola,2002,2.87,military_spending_gdp,SIPRI,AGO
353,Benin,2002,0.62,military_spending_gdp,SIPRI,BEN
354,Botswana,2002,4.11,military_spending_gdp,SIPRI,BWA
355,Burkina Faso,2002,1.18,military_spending_gdp,SIPRI,BFA
356,Burundi,2002,5.44,military_spending_gdp,SIPRI,BDI
357,Cameroon,2002,1.34,military_spending_gdp,SIPRI,CMR
359,Central African Republic,2002,1.09,military_spending_gdp,SIPRI,CAF
360,Chad,2002,1.12,military_spending_gdp,SIPRI,TCD
366,Eritrea,2002,20.67,military_spending_gdp,SIPRI,ERI
367,Ethiopia,2002,3.76,military_spending_gdp,SIPRI,ETH
368,Gabon,2002,1.78,military_spending_gdp,SIPRI,GAB
370,Ghana,2002,0.26,military_spending_gdp,SIPRI,GHA
371,Guinea,2002,3.32,military_spending_gdp,SIPRI,GIN
372,Guinea-Bissau,2002,1.56,military_spending_gdp,SIPRI,GNB
373,Kenya,2002,1.63,military_spending_gdp,SIPRI,KEN
374,Lesotho,2002,2.52,military_spending_gdp,SIPRI,LSO
376,Madagascar,2002,1.31,military_spending_gdp,SIPRI,MDG
377,Malawi,2002,0.3,military_spending_gdp,SIPRI,MWI
378,Mali,2002,1.27,military_spending_gdp,SIPRI,MLI
379,Mauritania,2002,2.74,military_spending_gdp,SIPRI,MRT
380,Mauritius,2002,0.2,military_spending_gdp,SIPRI,MUS
381,Mozambique,2002,0.9,military_spending_gdp,SIPRI,MOZ
382,Namibia,2002,2.62,military_spending_gdp,SIPRI,NAM
383,Niger,2002,0.96,military_spending_gdp,SIPRI,NER
384,Nigeria,2002,0.95,military_spending_gdp,SIPRI,NGA
385,Rwanda,2002,3.05,military_spending_gdp,SIPRI,RWA
386,Senegal,2002,1.1,military_spending_gdp,SIPRI,SEN
387,Seychelles,2002,1.68,military_spending_gdp,SIPRI,SYC
388,Sierra Leone,2002,1.36,military_spending_gdp,SIPRI,SLE
390,South Africa,2002,1.53,military_spending_gdp,SIPRI,ZAF
392,Sudan,2002,2.67,military_spending_gdp,SIPRI,SDN
393,Eswatini,2002,1.39,military_spending_gdp,SIPRI,SWZ
394,Tanzania,2002,1.3,military_spending_gdp,SIPRI,TZA
396,Uganda,2002,1.63,military_spending_gdp,SIPRI,UGA
398,Zimbabwe,2002,6.31,military_spending_gdp,SIPRI,ZWE
399,Belize,2002,0.64,military_spending_gdp,SIPRI,BLZ
400,Costa Rica,2002,0.0,military_spending_gdp,SIPRI,CRI
402,Dominican Republic,2002,1.06,military_spending_gdp,SIPRI,DOM
403,El Salvador,2002,1.13,military_spending_gdp,SIPRI,SLV
404,Guatemala,2002,0.76,military_spending_gdp,SIPRI,GTM
406,Honduras,2002,0.81,military_spending_gdp,SIPRI,HND
407,Jamaica,2002,0.59,military_spending_gdp,SIPRI,JAM
408,Mexico,2002,0.39,military_spending_gdp,SIPRI,MEX
409,Nicaragua,2002,0.87,military_spending_gdp,SIPRI,NIC
410,Panama,2002,0.0,military_spending_gdp,SIPRI,PAN
411,Trinidad and Tobago,2002,0.21,military_spending_gdp,SIPRI,TTO
412,Canada,2002,1.12,military_spending_gdp,SIPRI,CAN
413,United States of America,2002,3.45,military_spending_gdp,SIPRI,USA
414,Argentina,2002,1.09,military_spending_gdp,SIPRI,ARG
415,Bolivia,2002,1.99,military_spending_gdp,SIPRI,BOL
416,Brazil,2002,1.9,military_spending_gdp,SIPRI,BRA
417,Chile,2002,2.53,military_spending_gdp,SIPRI,CHL
418,Colombia,2002,3.42,military_spending_gdp,SIPRI,COL
419,Ecuador,2002,1.87,military_spending_gdp,SIPRI,ECU
420,Guyana,2002,2.29,military_spending_gdp,SIPRI,GUY
421,Paraguay,2002,0.97,military_spending_gdp,SIPRI,PRY
422,Peru,2002,1.54,military_spending_gdp,SIPRI,PER
423,Uruguay,2002,2.53,military_spending_gdp,SIPRI,URY
424,Venezuela,2002,1.15,military_spending_gdp,SIPRI,VEN
425,Australia,2002,1.86,military_spending_gdp,SIPRI,AUS
426,Fiji,2002,1.55,military_spending_gdp,SIPRI,FJI
427,New Zealand,2002,1.4,military_spending_gdp,SIPRI,NZL
428,Papua New Guinea,2002,0.37,military_spending_gdp,SIPRI,PNG
430,Bangladesh,2002,1.25,military_spending_gdp,SIPRI,BGD
431,India,2002,2.83,military_spending_gdp,SIPRI,IND
432,Nepal,2002,1.27,military_spending_gdp,SIPRI,NPL
433,Pakistan,2002,4.07,military_spending_gdp,SIPRI,PAK
434,Sri Lanka,2002,3.34,military_spending_gdp,SIPRI,LKA
435,China,2002,2.03,military_spending_gdp,SIPRI,CHN
436,Japan,2002,0.93,military_spending_gdp,SIPRI,JPN
439,Mongolia,2002,1.8,military_spending_gdp,SIPRI,MNG
440,Taiwan,2002,2.45,military_spending_gdp,SIPRI,TWN
442,Cambodia,2002,1.45,military_spending_gdp,SIPRI,KHM
443,Indonesia,2002,0.7,military_spending_gdp,SIPRI,IDN
444,Laos,2002,0.58,military_spending_gdp,SIPRI,LAO
445,Malaysia,2002,2.22,military_spending_gdp,SIPRI,MYS
446,Myanmar,2002,1.4,military_spending_gdp,SIPRI,MMR
447,Philippines,2002,1.47,military_spending_gdp,SIPRI,PHL
448,Singapore,2002,4.89,military_spending_gdp,SIPRI,SGP
449,Thailand,2002,1.33,military_spending_gdp,SIPRI,THA
452,Kazakhstan,2002,1.0,military_spending_gdp,SIPRI,KAZ
453,Kyrgyz Republic,2002,2.73,military_spending_gdp,SIPRI,KGZ
454,Tajikistan,2002,1.05,military_spending_gdp,SIPRI,TJK
456,Uzbekistan,2002,0.48,military_spending_gdp,SIPRI,UZB
457,Albania,2002,1.3,military_spending_gdp,SIPRI,ALB
458,Bosnia and Herzegovina,2002,3.9,military_spending_gdp,SIPRI,BIH
459,Bulgaria,2002,2.78,military_spending_gdp,SIPRI,BGR
460,Croatia,2002,2.71,military_spending_gdp,SIPRI,HRV
461,Czechia,2002,1.81,military_spending_gdp,SIPRI,CZE
463,Estonia,2002,1.66,military_spending_gdp,SIPRI,EST
465,Hungary,2002,1.6,military_spending_gdp,SIPRI,HUN
467,Latvia,2002,1.59,military_spending_gdp,SIPRI,LVA
468,Lithuania,2002,1.27,military_spending_gdp,SIPRI,LTU
469,North Macedonia,2002,2.65,military_spending_gdp,SIPRI,MKD
471,Poland,2002,1.89,military_spending_gdp,SIPRI,POL
472,Romania,2002,2.29,military_spending_gdp,SIPRI,ROU
473,Serbia,2002,3.78,military_spending_gdp,SIPRI,SRB
474,Slovakia,2002,1.78,military_spending_gdp,SIPRI,SVK
475,Slovenia,2002,1.41,military_spending_gdp,SIPRI,SVN
477,Armenia,2002,2.7,military_spending_gdp,SIPRI,ARM
478,Azerbaijan,2002,2.24,military_spending_gdp,SIPRI,AZE
479,Belarus,2002,5.22,military_spending_gdp,SIPRI,BLR
480,Georgia,2002,1.0,military_spending_gdp,SIPRI,GEO
481,Moldova,2002,0.42,military_spending_gdp,SIPRI,MDA
483,Ukraine,2002,2.68,military_spending_gdp,SIPRI,UKR
485,Austria,2002,0.89,military_spending_gdp,SIPRI,AUT
486,Belgium,2002,1.22,military_spending_gdp,SIPRI,BEL
487,Cyprus,2002,2.13,military_spending_gdp,SIPRI,CYP
488,Denmark,2002,1.51,military_spending_gdp,SIPRI,DNK
489,Finland,2002,1.15,military_spending_gdp,SIPRI,FIN
490,France,2002,2.06,military_spending_gdp,SIPRI,FRA
491,Germany,2002,1.31,military_spending_gdp,SIPRI,DEU
492,Greece,2002,3.17,military_spending_gdp,SIPRI,GRC
493,Iceland,2002,0.0,military_spending_gdp,SIPRI,ISL
494,Ireland,2002,0.63,military_spending_gdp,SIPRI,IRL
495,Italy,2002,1.69,military_spending_gdp,SIPRI,ITA
496,Luxembourg,2002,0.65,military_spending_gdp,SIPRI,LUX
497,Malta,2002,0.64,military_spending_gdp,SIPRI,MLT
498,Netherlands,2002,1.42,military_spending_gdp,SIPRI,NLD
499,Norway,2002,2.08,military_spending_gdp,SIPRI,NOR
500,Portugal,2002,1.46,military_spending_gdp,SIPRI,PRT
501,Spain,2002,1.46,military_spending_gdp,SIPRI,ESP
502,Sweden,2002,1.63,military_spending_gdp,SIPRI,SWE
503,Switzerland,2002,0.96,military_spending_gdp,SIPRI,CHE
504,United Kingdom,2002,2.47,military_spending_gdp,SIPRI,GBR
506,Bahrain,2002,4.61,military_spending_gdp,SIPRI,BHR
507,Egypt,2002,3.28,military_spending_gdp,SIPRI,EGY
508,Iran,2002,2.17,military_spending_gdp,SIPRI,IRN
510,Israel,2002,6.32,military_spending_gdp,SIPRI,ISR
511,Jordan,2002,5.45,military_spending_gdp,SIPRI,JOR
512,Kuwait,2002,7.4,military_spending_gdp,SIPRI,KWT
513,Lebanon,2002,4.75,military_spending_gdp,SIPRI,LBN
514,Oman,2002,8.1,military_spending_gdp,SIPRI,OMN
515,Qatar,2002,3.93,military_spending_gdp,SIPRI,QAT
516,Saudi Arabia,2002,9.76,military_spending_gdp,SIPRI,SAU
517,Syria,2002,5.41,military_spending_gdp,SIPRI,SYR
518,Türkiye,2002,3.76,military_spending_gdp,SIPRI,TUR
519,United Arab Emirates,2002,4.88,military_spending_gdp,SIPRI,ARE
521,Yemen,2002,6.9,military_spending_gdp,SIPRI,YEM
522,Algeria,2003,3.0,military_spending_gdp,SIPRI,DZA
523,Libya,2003,2.02,military_spending_gdp,SIPRI,LBY
524,Morocco,2003,3.49,military_spending_gdp,SIPRI,MAR
525,Tunisia,2003,1.48,military_spending_gdp,SIPRI,TUN
526,Angola,2003,3.76,military_spending_gdp,SIPRI,AGO
527,Benin,2003,0.65,military_spending_gdp,SIPRI,BEN
528,Botswana,2003,4.01,military_spending_gdp,SIPRI,BWA
529,Burkina Faso,2003,1.07,military_spending_gdp,SIPRI,BFA
530,Burundi,2003,5.53,military_spending_gdp,SIPRI,BDI
531,Cameroon,2003,1.38,military_spending_gdp,SIPRI,CMR
533,Central African Republic,2003,1.26,military_spending_gdp,SIPRI,CAF
534,Chad,2003,0.97,military_spending_gdp,SIPRI,TCD
540,Eritrea,2003,20.87,military_spending_gdp,SIPRI,ERI
541,Ethiopia,2003,3.3,military_spending_gdp,SIPRI,ETH
542,Gabon,2003,1.67,military_spending_gdp,SIPRI,GAB
544,Ghana,2003,0.3,military_spending_gdp,SIPRI,GHA
545,Guinea,2003,2.44,military_spending_gdp,SIPRI,GIN
546,Guinea-Bissau,2003,1.58,military_spending_gdp,SIPRI,GNB
547,Kenya,2003,1.65,military_spending_gdp,SIPRI,KEN
548,Lesotho,2003,2.37,military_spending_gdp,SIPRI,LSO
550,Madagascar,2003,1.32,military_spending_gdp,SIPRI,MDG
551,Malawi,2003,0.29,military_spending_gdp,SIPRI,MWI
552,Mali,2003,1.42,military_spending_gdp,SIPRI,MLI
553,Mauritania,2003,4.0,military_spending_gdp,SIPRI,MRT
554,Mauritius,2003,0.19,military_spending_gdp,SIPRI,MUS
555,Mozambique,2003,0.91,military_spending_gdp,SIPRI,MOZ
556,Namibia,2003,2.62,military_spending_gdp,SIPRI,NAM
557,Niger,2003,0.93,military_spending_gdp,SIPRI,NER
558,Nigeria,2003,0.57,military_spending_gdp,SIPRI,NGA
559,Rwanda,2003,2.45,military_spending_gdp,SIPRI,RWA
560,Senegal,2003,1.12,military_spending_gdp,SIPRI,SEN
561,Seychelles,2003,1.73,military_spending_gdp,SIPRI,SYC
562,Sierra Leone,2003,1.28,military_spending_gdp,SIPRI,SLE
564,South Africa,2003,1.47,military_spending_gdp,SIPRI,ZAF
566,Sudan,2003,1.86,military_spending_gdp,SIPRI,SDN
567,Eswatini,2003,1.48,military_spending_gdp,SIPRI,SWZ
568,Tanzania,2003,1.07,military_spending_gdp,SIPRI,TZA
569,Togo,2003,1.37,military_spending_gdp,SIPRI,TGO
570,Uganda,2003,1.69,military_spending_gdp,SIPRI,UGA
572,Zimbabwe,2003,2.03,military_spending_gdp,SIPRI,ZWE
573,Belize,2003,0.68,military_spending_gdp,SIPRI,BLZ
574,Costa Rica,2003,0.0,military_spending_gdp,SIPRI,CRI
576,Dominican Republic,2003,0.76,military_spending_gdp,SIPRI,DOM
577,El Salvador,2003,0.84,military_spending_gdp,SIPRI,SLV
578,Guatemala,2003,0.82,military_spending_gdp,SIPRI,GTM
580,Honduras,2003,1.0,military_spending_gdp,SIPRI,HND
581,Jamaica,2003,0.58,military_spending_gdp,SIPRI,JAM
582,Mexico,2003,0.39,military_spending_gdp,SIPRI,MEX
583,Nicaragua,2003,0.86,military_spending_gdp,SIPRI,NIC
584,Panama,2003,0.0,military_spending_gdp,SIPRI,PAN
585,Trinidad and Tobago,2003,0.29,military_spending_gdp,SIPRI,TTO
586,Canada,2003,1.11,military_spending_gdp,SIPRI,CAN
587,United States of America,2003,3.83,military_spending_gdp,SIPRI,USA
588,Argentina,2003,1.06,military_spending_gdp,SIPRI,ARG
589,Bolivia,2003,2.15,military_spending_gdp,SIPRI,BOL
590,Brazil,2003,1.5,military_spending_gdp,SIPRI,BRA
591,Chile,2003,2.7,military_spending_gdp,SIPRI,CHL
592,Colombia,2003,3.46,military_spending_gdp,SIPRI,COL
593,Ecuador,2003,2.39,military_spending_gdp,SIPRI,ECU
594,Guyana,2003,2.2,military_spending_gdp,SIPRI,GUY
595,Paraguay,2003,0.83,military_spending_gdp,SIPRI,PRY
596,Peru,2003,1.51,military_spending_gdp,SIPRI,PER
597,Uruguay,2003,2.24,military_spending_gdp,SIPRI,URY
598,Venezuela,2003,1.18,military_spending_gdp,SIPRI,VEN
599,Australia,2003,1.84,military_spending_gdp,SIPRI,AUS
600,Fiji,2003,1.49,military_spending_gdp,SIPRI,FJI
601,New Zealand,2003,1.33,military_spending_gdp,SIPRI,NZL
602,Papua New Guinea,2003,0.35,military_spending_gdp,SIPRI,PNG
604,Bangladesh,2003,1.2,military_spending_gdp,SIPRI,BGD
605,India,2003,2.68,military_spending_gdp,SIPRI,IND
606,Nepal,2003,1.39,military_spending_gdp,SIPRI,NPL
607,Pakistan,2003,4.09,military_spending_gdp,SIPRI,PAK
608,Sri Lanka,2003,2.87,military_spending_gdp,SIPRI,LKA
609,China,2003,1.97,military_spending_gdp,SIPRI,CHN
610,Japan,2003,0.93,military_spending_gdp,SIPRI,JPN
613,Mongolia,2003,1.51,military_spending_gdp,SIPRI,MNG
614,Taiwan,2003,2.35,military_spending_gdp,SIPRI,TWN
616,Cambodia,2003,1.34,military_spending_gdp,SIPRI,KHM
617,Indonesia,2003,0.91,military_spending_gdp,SIPRI,IDN
618,Laos,2003,0.49,military_spending_gdp,SIPRI,LAO
619,Malaysia,2003,2.61,military_spending_gdp,SIPRI,MYS
620,Myanmar,2003,1.96,military_spending_gdp,SIPRI,MMR
621,Philippines,2003,1.55,military_spending_gdp,SIPRI,PHL
622,Singapore,2003,4.84,military_spending_gdp,SIPRI,SGP
623,Thailand,2003,1.23,military_spending_gdp,SIPRI,THA
625,Viet Nam,2003,2.13,military_spending_gdp,SIPRI,VNM
626,Kazakhstan,2003,1.03,military_spending_gdp,SIPRI,KAZ
627,Kyrgyz Republic,2003,2.87,military_spending_gdp,SIPRI,KGZ
628,Tajikistan,2003,1.12,military_spending_gdp,SIPRI,TJK
630,Uzbekistan,2003,0.43,military_spending_gdp,SIPRI,UZB
631,Albania,2003,1.32,military_spending_gdp,SIPRI,ALB
632,Bosnia and Herzegovina,2003,2.42,military_spending_gdp,SIPRI,BIH
633,Bulgaria,2003,2.69,military_spending_gdp,SIPRI,BGR
634,Croatia,2003,2.03,military_spending_gdp,SIPRI,HRV
635,Czechia,2003,1.88,military_spending_gdp,SIPRI,CZE
637,Estonia,2003,1.74,military_spending_gdp,SIPRI,EST
639,Hungary,2003,1.65,military_spending_gdp,SIPRI,HUN
641,Latvia,2003,1.68,military_spending_gdp,SIPRI,LVA
642,Lithuania,2003,1.12,military_spending_gdp,SIPRI,LTU
643,North Macedonia,2003,2.34,military_spending_gdp,SIPRI,MKD
645,Poland,2003,1.9,military_spending_gdp,SIPRI,POL
646,Romania,2003,2.09,military_spending_gdp,SIPRI,ROU
647,Serbia,2003,3.1,military_spending_gdp,SIPRI,SRB
648,Slovakia,2003,1.85,military_spending_gdp,SIPRI,SVK
649,Slovenia,2003,1.42,military_spending_gdp,SIPRI,SVN
651,Armenia,2003,2.73,military_spending_gdp,SIPRI,ARM
652,Azerbaijan,2003,2.43,military_spending_gdp,SIPRI,AZE
653,Belarus,2003,9.16,military_spending_gdp,SIPRI,BLR
654,Georgia,2003,1.07,military_spending_gdp,SIPRI,GEO
655,Moldova,2003,0.42,military_spending_gdp,SIPRI,MDA
657,Ukraine,2003,2.75,military_spending_gdp,SIPRI,UKR
659,Austria,2003,0.92,military_spending_gdp,SIPRI,AUT
660,Belgium,2003,1.22,military_spending_gdp,SIPRI,BEL
661,Cyprus,2003,1.99,military_spending_gdp,SIPRI,CYP
662,Denmark,2003,1.46,military_spending_gdp,SIPRI,DNK
663,Finland,2003,1.45,military_spending_gdp,SIPRI,FIN
664,France,2003,2.11,military_spending_gdp,SIPRI,FRA
665,Germany,2003,1.3,military_spending_gdp,SIPRI,DEU
666,Greece,2003,2.56,military_spending_gdp,SIPRI,GRC
667,Iceland,2003,0.0,military_spending_gdp,SIPRI,ISL
668,Ireland,2003,0.59,military_spending_gdp,SIPRI,IRL
669,Italy,2003,1.7,military_spending_gdp,SIPRI,ITA
670,Luxembourg,2003,0.67,military_spending_gdp,SIPRI,LUX
671,Malta,2003,0.63,military_spending_gdp,SIPRI,MLT
672,Netherlands,2003,1.44,military_spending_gdp,SIPRI,NLD
673,Norway,2003,1.97,military_spending_gdp,SIPRI,NOR
674,Portugal,2003,1.43,military_spending_gdp,SIPRI,PRT
675,Spain,2003,1.42,military_spending_gdp,SIPRI,ESP
676,Sweden,2003,1.59,military_spending_gdp,SIPRI,SWE
677,Switzerland,2003,0.93,military_spending_gdp,SIPRI,CHE
678,United Kingdom,2003,2.54,military_spending_gdp,SIPRI,GBR
680,Bahrain,2003,4.66,military_spending_gdp,SIPRI,BHR
681,Egypt,2003,3.18,military_spending_gdp,SIPRI,EGY
682,Iran,2003,2.41,military_spending_gdp,SIPRI,IRN
684,Israel,2003,6.2,military_spending_gdp,SIPRI,ISR
685,Jordan,2003,6.0,military_spending_gdp,SIPRI,JOR
686,Kuwait,2003,6.54,military_spending_gdp,SIPRI,KWT
687,Lebanon,2003,4.68,military_spending_gdp,SIPRI,LBN
688,Oman,2003,7.96,military_spending_gdp,SIPRI,OMN
689,Qatar,2003,3.33,military_spending_gdp,SIPRI,QAT
690,Saudi Arabia,2003,8.69,military_spending_gdp,SIPRI,SAU
691,Syria,2003,6.25,military_spending_gdp,SIPRI,SYR
692,Türkiye,2003,3.26,military_spending_gdp,SIPRI,TUR
693,United Arab Emirates,2003,4.69,military_spending_gdp,SIPRI,ARE
695,Yemen,2003,6.85,military_spending_gdp,SIPRI,YEM
696,Algeria,2004,3.05,military_spending_gdp,SIPRI,DZA
697,Libya,2004,2.01,military_spending_gdp,SIPRI,LBY
698,Morocco,2004,3.25,military_spending_gdp,SIPRI,MAR
699,Tunisia,2004,1.43,military_spending_gdp,SIPRI,TUN
700,Angola,2004,3.47,military_spending_gdp,SIPRI,AGO
701,Benin,2004,0.68,military_spending_gdp,SIPRI,BEN
702,Botswana,2004,3.51,military_spending_gdp,SIPRI,BWA
703,Burkina Faso,2004,1.21,military_spending_gdp,SIPRI,BFA
704,Burundi,2004,4.9,military_spending_gdp,SIPRI,BDI
705,Cameroon,2004,1.4,military_spending_gdp,SIPRI,CMR
707,Central African Republic,2004,1.15,military_spending_gdp,SIPRI,CAF
708,Chad,2004,0.74,military_spending_gdp,SIPRI,TCD
712,Djibouti,2004,5.61,military_spending_gdp,SIPRI,DJI
715,Ethiopia,2004,3.13,military_spending_gdp,SIPRI,ETH
716,Gabon,2004,1.61,military_spending_gdp,SIPRI,GAB
718,Ghana,2004,0.28,military_spending_gdp,SIPRI,GHA
719,Guinea,2004,2.23,military_spending_gdp,SIPRI,GIN
721,Kenya,2004,1.61,military_spending_gdp,SIPRI,KEN
722,Lesotho,2004,2.13,military_spending_gdp,SIPRI,LSO
723,Liberia,2004,0.35,military_spending_gdp,SIPRI,LBR
724,Madagascar,2004,1.25,military_spending_gdp,SIPRI,MDG
725,Malawi,2004,0.45,military_spending_gdp,SIPRI,MWI
726,Mali,2004,1.42,military_spending_gdp,SIPRI,MLI
727,Mauritania,2004,3.84,military_spending_gdp,SIPRI,MRT
728,Mauritius,2004,0.17,military_spending_gdp,SIPRI,MUS
729,Mozambique,2004,0.98,military_spending_gdp,SIPRI,MOZ
730,Namibia,2004,2.53,military_spending_gdp,SIPRI,NAM
731,Niger,2004,1.09,military_spending_gdp,SIPRI,NER
732,Nigeria,2004,0.49,military_spending_gdp,SIPRI,NGA
733,Rwanda,2004,1.97,military_spending_gdp,SIPRI,RWA
734,Senegal,2004,1.06,military_spending_gdp,SIPRI,SEN
735,Seychelles,2004,1.9,military_spending_gdp,SIPRI,SYC
736,Sierra Leone,2004,0.97,military_spending_gdp,SIPRI,SLE
738,South Africa,2004,1.36,military_spending_gdp,SIPRI,ZAF
740,Sudan,2004,4.66,military_spending_gdp,SIPRI,SDN
741,Eswatini,2004,1.58,military_spending_gdp,SIPRI,SWZ
742,Tanzania,2004,0.99,military_spending_gdp,SIPRI,TZA
743,Togo,2004,1.41,military_spending_gdp,SIPRI,TGO
744,Uganda,2004,1.77,military_spending_gdp,SIPRI,UGA
745,Zambia,2004,1.58,military_spending_gdp,SIPRI,ZMB
746,Zimbabwe,2004,2.71,military_spending_gdp,SIPRI,ZWE
747,Belize,2004,0.7,military_spending_gdp,SIPRI,BLZ
748,Costa Rica,2004,0.0,military_spending_gdp,SIPRI,CRI
750,Dominican Republic,2004,0.69,military_spending_gdp,SIPRI,DOM
751,El Salvador,2004,0.81,military_spending_gdp,SIPRI,SLV
752,Guatemala,2004,0.48,military_spending_gdp,SIPRI,GTM
754,Honduras,2004,0.68,military_spending_gdp,SIPRI,HND
755,Jamaica,2004,0.54,military_spending_gdp,SIPRI,JAM
756,Mexico,2004,0.35,military_spending_gdp,SIPRI,MEX
757,Nicaragua,2004,0.73,military_spending_gdp,SIPRI,NIC
758,Panama,2004,0.0,military_spending_gdp,SIPRI,PAN
759,Trinidad and Tobago,2004,0.56,military_spending_gdp,SIPRI,TTO
760,Canada,2004,1.1,military_spending_gdp,SIPRI,CAN
761,United States of America,2004,4.02,military_spending_gdp,SIPRI,USA
762,Argentina,2004,0.88,military_spending_gdp,SIPRI,ARG
763,Bolivia,2004,1.9,military_spending_gdp,SIPRI,BOL
764,Brazil,2004,1.46,military_spending_gdp,SIPRI,BRA
765,Chile,2004,2.71,military_spending_gdp,SIPRI,CHL
766,Colombia,2004,3.47,military_spending_gdp,SIPRI,COL
767,Ecuador,2004,2.02,military_spending_gdp,SIPRI,ECU
768,Guyana,2004,2.81,military_spending_gdp,SIPRI,GUY
769,Paraguay,2004,0.88,military_spending_gdp,SIPRI,PRY
770,Peru,2004,1.38,military_spending_gdp,SIPRI,PER
771,Uruguay,2004,2.04,military_spending_gdp,SIPRI,URY
772,Venezuela,2004,1.29,military_spending_gdp,SIPRI,VEN
773,Australia,2004,1.82,military_spending_gdp,SIPRI,AUS
774,Fiji,2004,1.58,military_spending_gdp,SIPRI,FJI
775,New Zealand,2004,1.18,military_spending_gdp,SIPRI,NZL
776,Papua New Guinea,2004,0.39,military_spending_gdp,SIPRI,PNG
777,Afghanistan,2004,2.43,military_spending_gdp,SIPRI,AFG
778,Bangladesh,2004,1.19,military_spending_gdp,SIPRI,BGD
779,India,2004,2.83,military_spending_gdp,SIPRI,IND
780,Nepal,2004,1.57,military_spending_gdp,SIPRI,NPL
781,Pakistan,2004,3.96,military_spending_gdp,SIPRI,PAK
782,Sri Lanka,2004,3.0,military_spending_gdp,SIPRI,LKA
783,China,2004,1.91,military_spending_gdp,SIPRI,CHN
784,Japan,2004,0.92,military_spending_gdp,SIPRI,JPN
787,Mongolia,2004,1.38,military_spending_gdp,SIPRI,MNG
788,Taiwan,2004,2.26,military_spending_gdp,SIPRI,TWN
790,Cambodia,2004,1.18,military_spending_gdp,SIPRI,KHM
791,Indonesia,2004,0.95,military_spending_gdp,SIPRI,IDN
792,Laos,2004,0.43,military_spending_gdp,SIPRI,LAO
793,Malaysia,2004,2.26,military_spending_gdp,SIPRI,MYS
794,Myanmar,2004,1.81,military_spending_gdp,SIPRI,MMR
795,Philippines,2004,1.36,military_spending_gdp,SIPRI,PHL
796,Singapore,2004,4.38,military_spending_gdp,SIPRI,SGP
797,Thailand,2004,1.13,military_spending_gdp,SIPRI,THA
799,Viet Nam,2004,2.01,military_spending_gdp,SIPRI,VNM
800,Kazakhstan,2004,0.99,military_spending_gdp,SIPRI,KAZ
801,Kyrgyz Republic,2004,2.85,military_spending_gdp,SIPRI,KGZ
802,Tajikistan,2004,1.13,military_spending_gdp,SIPRI,TJK
805,Albania,2004,1.36,military_spending_gdp,SIPRI,ALB
806,Bosnia and Herzegovina,2004,1.89,military_spending_gdp,SIPRI,BIH
807,Bulgaria,2004,2.37,military_spending_gdp,SIPRI,BGR
808,Croatia,2004,1.74,military_spending_gdp,SIPRI,HRV
809,Czechia,2004,1.7,military_spending_gdp,SIPRI,CZE
811,Estonia,2004,1.69,military_spending_gdp,SIPRI,EST
813,Hungary,2004,1.47,military_spending_gdp,SIPRI,HUN
815,Latvia,2004,1.66,military_spending_gdp,SIPRI,LVA
816,Lithuania,2004,1.19,military_spending_gdp,SIPRI,LTU
817,North Macedonia,2004,2.38,military_spending_gdp,SIPRI,MKD
819,Poland,2004,1.86,military_spending_gdp,SIPRI,POL
820,Romania,2004,2.01,military_spending_gdp,SIPRI,ROU
821,Serbia,2004,2.75,military_spending_gdp,SIPRI,SRB
822,Slovakia,2004,1.66,military_spending_gdp,SIPRI,SVK
823,Slovenia,2004,1.44,military_spending_gdp,SIPRI,SVN
825,Armenia,2004,2.74,military_spending_gdp,SIPRI,ARM
826,Azerbaijan,2004,2.63,military_spending_gdp,SIPRI,AZE
827,Belarus,2004,8.52,military_spending_gdp,SIPRI,BLR
828,Georgia,2004,1.37,military_spending_gdp,SIPRI,GEO
829,Moldova,2004,0.36,military_spending_gdp,SIPRI,MDA
831,Ukraine,2004,2.51,military_spending_gdp,SIPRI,UKR
833,Austria,2004,0.9,military_spending_gdp,SIPRI,AUT
834,Belgium,2004,1.16,military_spending_gdp,SIPRI,BEL
835,Cyprus,2004,1.96,military_spending_gdp,SIPRI,CYP
836,Denmark,2004,1.42,military_spending_gdp,SIPRI,DNK
837,Finland,2004,1.47,military_spending_gdp,SIPRI,FIN
838,France,2004,2.11,military_spending_gdp,SIPRI,FRA
839,Germany,2004,1.25,military_spending_gdp,SIPRI,DEU
840,Greece,2004,2.67,military_spending_gdp,SIPRI,GRC
841,Iceland,2004,0.0,military_spending_gdp,SIPRI,ISL
842,Ireland,2004,0.57,military_spending_gdp,SIPRI,IRL
843,Italy,2004,1.67,military_spending_gdp,SIPRI,ITA
844,Luxembourg,2004,0.67,military_spending_gdp,SIPRI,LUX
845,Malta,2004,0.66,military_spending_gdp,SIPRI,MLT
846,Netherlands,2004,1.42,military_spending_gdp,SIPRI,NLD
847,Norway,2004,1.84,military_spending_gdp,SIPRI,NOR
848,Portugal,2004,1.51,military_spending_gdp,SIPRI,PRT
849,Spain,2004,1.43,military_spending_gdp,SIPRI,ESP
850,Sweden,2004,1.43,military_spending_gdp,SIPRI,SWE
851,Switzerland,2004,0.89,military_spending_gdp,SIPRI,CHE
852,United Kingdom,2004,2.48,military_spending_gdp,SIPRI,GBR
854,Bahrain,2004,4.04,military_spending_gdp,SIPRI,BHR
855,Egypt,2004,2.88,military_spending_gdp,SIPRI,EGY
856,Iran,2004,2.83,military_spending_gdp,SIPRI,IRN
857,Iraq,2004,1.68,military_spending_gdp,SIPRI,IRQ
858,Israel,2004,6.12,military_spending_gdp,SIPRI,ISR
859,Jordan,2004,5.14,military_spending_gdp,SIPRI,JOR
860,Kuwait,2004,5.8,military_spending_gdp,SIPRI,KWT
861,Lebanon,2004,4.51,military_spending_gdp,SIPRI,LBN
862,Oman,2004,7.86,military_spending_gdp,SIPRI,OMN
863,Qatar,2004,2.43,military_spending_gdp,SIPRI,QAT
864,Saudi Arabia,2004,8.08,military_spending_gdp,SIPRI,SAU
865,Syria,2004,5.54,military_spending_gdp,SIPRI,SYR
866,Türkiye,2004,2.66,military_spending_gdp,SIPRI,TUR
867,United Arab Emirates,2004,4.61,military_spending_gdp,SIPRI,ARE
869,Yemen,2004,5.3,military_spending_gdp,SIPRI,YEM
870,Algeria,2005,2.73,military_spending_gdp,SIPRI,DZA
871,Libya,2005,1.41,military_spending_gdp,SIPRI,LBY
872,Morocco,2005,3.26,military_spending_gdp,SIPRI,MAR
873,Tunisia,2005,1.45,military_spending_gdp,SIPRI,TUN
874,Angola,2005,3.69,military_spending_gdp,SIPRI,AGO
875,Benin,2005,0.68,military_spending_gdp,SIPRI,BEN
876,Botswana,2005,2.86,military_spending_gdp,SIPRI,BWA
877,Burkina Faso,2005,1.2,military_spending_gdp,SIPRI,BFA
878,Burundi,2005,4.44,military_spending_gdp,SIPRI,BDI
879,Cameroon,2005,1.14,military_spending_gdp,SIPRI,CMR
881,Central African Republic,2005,1.09,military_spending_gdp,SIPRI,CAF
882,Chad,2005,0.61,military_spending_gdp,SIPRI,TCD
886,Djibouti,2005,4.51,military_spending_gdp,SIPRI,DJI
889,Ethiopia,2005,2.81,military_spending_gdp,SIPRI,ETH
890,Gabon,2005,1.25,military_spending_gdp,SIPRI,GAB
892,Ghana,2005,0.26,military_spending_gdp,SIPRI,GHA
894,Guinea-Bissau,2005,1.89,military_spending_gdp,SIPRI,GNB
895,Kenya,2005,1.69,military_spending_gdp,SIPRI,KEN
896,Lesotho,2005,2.05,military_spending_gdp,SIPRI,LSO
897,Liberia,2005,0.85,military_spending_gdp,SIPRI,LBR
898,Madagascar,2005,1.07,military_spending_gdp,SIPRI,MDG
899,Malawi,2005,0.74,military_spending_gdp,SIPRI,MWI
900,Mali,2005,1.38,military_spending_gdp,SIPRI,MLI
901,Mauritania,2005,3.05,military_spending_gdp,SIPRI,MRT
902,Mauritius,2005,0.16,military_spending_gdp,SIPRI,MUS
903,Mozambique,2005,0.7,military_spending_gdp,SIPRI,MOZ
904,Namibia,2005,2.65,military_spending_gdp,SIPRI,NAM
905,Niger,2005,0.72,military_spending_gdp,SIPRI,NER
906,Nigeria,2005,0.4,military_spending_gdp,SIPRI,NGA
907,Rwanda,2005,1.74,military_spending_gdp,SIPRI,RWA
908,Senegal,2005,1.13,military_spending_gdp,SIPRI,SEN
909,Seychelles,2005,1.6,military_spending_gdp,SIPRI,SYC
910,Sierra Leone,2005,0.86,military_spending_gdp,SIPRI,SLE
912,South Africa,2005,1.23,military_spending_gdp,SIPRI,ZAF
914,Sudan,2005,3.31,military_spending_gdp,SIPRI,SDN
915,Eswatini,2005,2.03,military_spending_gdp,SIPRI,SWZ
916,Tanzania,2005,0.82,military_spending_gdp,SIPRI,TZA
917,Togo,2005,1.46,military_spending_gdp,SIPRI,TGO
918,Uganda,2005,1.68,military_spending_gdp,SIPRI,UGA
919,Zambia,2005,1.85,military_spending_gdp,SIPRI,ZMB
920,Zimbabwe,2005,1.45,military_spending_gdp,SIPRI,ZWE
921,Belize,2005,0.76,military_spending_gdp,SIPRI,BLZ
922,Costa Rica,2005,0.0,military_spending_gdp,SIPRI,CRI
924,Dominican Republic,2005,0.77,military_spending_gdp,SIPRI,DOM
925,El Salvador,2005,0.9,military_spending_gdp,SIPRI,SLV
926,Guatemala,2005,0.38,military_spending_gdp,SIPRI,GTM
928,Honduras,2005,0.64,military_spending_gdp,SIPRI,HND
929,Jamaica,2005,0.53,military_spending_gdp,SIPRI,JAM
930,Mexico,2005,0.34,military_spending_gdp,SIPRI,MEX
931,Nicaragua,2005,0.7,military_spending_gdp,SIPRI,NIC
932,Panama,2005,0.0,military_spending_gdp,SIPRI,PAN
933,Trinidad and Tobago,2005,0.6,military_spending_gdp,SIPRI,TTO
934,Canada,2005,1.11,military_spending_gdp,SIPRI,CAN
935,United States of America,2005,4.09,military_spending_gdp,SIPRI,USA
936,Argentina,2005,0.85,military_spending_gdp,SIPRI,ARG
937,Bolivia,2005,1.72,military_spending_gdp,SIPRI,BOL
938,Brazil,2005,1.52,military_spending_gdp,SIPRI,BRA
939,Chile,2005,2.53,military_spending_gdp,SIPRI,CHL
940,Colombia,2005,3.37,military_spending_gdp,SIPRI,COL
941,Ecuador,2005,2.37,military_spending_gdp,SIPRI,ECU
942,Guyana,2005,1.41,military_spending_gdp,SIPRI,GUY
943,Paraguay,2005,0.72,military_spending_gdp,SIPRI,PRY
944,Peru,2005,1.58,military_spending_gdp,SIPRI,PER
945,Uruguay,2005,2.0,military_spending_gdp,SIPRI,URY
946,Venezuela,2005,1.83,military_spending_gdp,SIPRI,VEN
947,Australia,2005,1.79,military_spending_gdp,SIPRI,AUS
948,Fiji,2005,1.32,military_spending_gdp,SIPRI,FJI
949,New Zealand,2005,1.14,military_spending_gdp,SIPRI,NZL
950,Papua New Guinea,2005,0.42,military_spending_gdp,SIPRI,PNG
951,Afghanistan,2005,1.99,military_spending_gdp,SIPRI,AFG
952,Bangladesh,2005,1.16,military_spending_gdp,SIPRI,BGD
953,India,2005,2.91,military_spending_gdp,SIPRI,IND
954,Nepal,2005,1.69,military_spending_gdp,SIPRI,NPL
955,Pakistan,2005,3.9,military_spending_gdp,SIPRI,PAK
956,Sri Lanka,2005,2.64,military_spending_gdp,SIPRI,LKA
957,China,2005,1.85,military_spending_gdp,SIPRI,CHN
958,Japan,2005,0.91,military_spending_gdp,SIPRI,JPN
961,Mongolia,2005,1.02,military_spending_gdp,SIPRI,MNG
962,Taiwan,2005,2.14,military_spending_gdp,SIPRI,TWN
964,Cambodia,2005,1.0,military_spending_gdp,SIPRI,KHM
965,Indonesia,2005,0.75,military_spending_gdp,SIPRI,IDN
966,Laos,2005,0.39,military_spending_gdp,SIPRI,LAO
967,Malaysia,2005,2.17,military_spending_gdp,SIPRI,MYS
968,Myanmar,2005,1.58,military_spending_gdp,SIPRI,MMR
969,Philippines,2005,1.28,military_spending_gdp,SIPRI,PHL
970,Singapore,2005,4.28,military_spending_gdp,SIPRI,SGP
971,Thailand,2005,0.99,military_spending_gdp,SIPRI,THA
973,Viet Nam,2005,1.78,military_spending_gdp,SIPRI,VNM
974,Kazakhstan,2005,1.04,military_spending_gdp,SIPRI,KAZ
975,Kyrgyz Republic,2005,3.08,military_spending_gdp,SIPRI,KGZ
979,Albania,2005,1.33,military_spending_gdp,SIPRI,ALB
980,Bosnia and Herzegovina,2005,1.54,military_spending_gdp,SIPRI,BIH
981,Bulgaria,2005,2.24,military_spending_gdp,SIPRI,BGR
982,Croatia,2005,1.74,military_spending_gdp,SIPRI,HRV
983,Czechia,2005,1.78,military_spending_gdp,SIPRI,CZE
985,Estonia,2005,1.45,military_spending_gdp,SIPRI,EST
987,Hungary,2005,1.41,military_spending_gdp,SIPRI,HUN
989,Latvia,2005,1.67,military_spending_gdp,SIPRI,LVA
990,Lithuania,2005,1.16,military_spending_gdp,SIPRI,LTU
991,North Macedonia,2005,2.03,military_spending_gdp,SIPRI,MKD
992,Montenegro,2005,2.69,military_spending_gdp,SIPRI,MNE
993,Poland,2005,1.92,military_spending_gdp,SIPRI,POL
994,Romania,2005,2.01,military_spending_gdp,SIPRI,ROU
995,Serbia,2005,2.22,military_spending_gdp,SIPRI,SRB
996,Slovakia,2005,1.69,military_spending_gdp,SIPRI,SVK
997,Slovenia,2005,1.43,military_spending_gdp,SIPRI,SVN
999,Armenia,2005,2.87,military_spending_gdp,SIPRI,ARM
1000,Azerbaijan,2005,2.3,military_spending_gdp,SIPRI,AZE
1001,Belarus,2005,5.61,military_spending_gdp,SIPRI,BLR
1002,Georgia,2005,3.34,military_spending_gdp,SIPRI,GEO
1003,Moldova,2005,0.4,military_spending_gdp,SIPRI,MDA
1005,Ukraine,2005,2.79,military_spending_gdp,SIPRI,UKR
1007,Austria,2005,0.86,military_spending_gdp,SIPRI,AUT
1008,Belgium,2005,1.1,military_spending_gdp,SIPRI,BEL
1009,Cyprus,2005,2.04,military_spending_gdp,SIPRI,CYP
1010,Denmark,2005,1.31,military_spending_gdp,SIPRI,DNK
1011,Finland,2005,1.46,military_spending_gdp,SIPRI,FIN
1012,France,2005,2.03,military_spending_gdp,SIPRI,FRA
1013,Germany,2005,1.23,military_spending_gdp,SIPRI,DEU
1014,Greece,2005,2.9,military_spending_gdp,SIPRI,GRC
1015,Iceland,2005,0.0,military_spending_gdp,SIPRI,ISL
1016,Ireland,2005,0.54,military_spending_gdp,SIPRI,IRL
1017,Italy,2005,1.6,military_spending_gdp,SIPRI,ITA
1018,Luxembourg,2005,0.65,military_spending_gdp,SIPRI,LUX
1019,Malta,2005,0.82,military_spending_gdp,SIPRI,MLT
1020,Netherlands,2005,1.39,military_spending_gdp,SIPRI,NLD
1021,Norway,2005,1.58,military_spending_gdp,SIPRI,NOR
1022,Portugal,2005,1.59,military_spending_gdp,SIPRI,PRT
1023,Spain,2005,1.39,military_spending_gdp,SIPRI,ESP
1024,Sweden,2005,1.41,military_spending_gdp,SIPRI,SWE
1025,Switzerland,2005,0.83,military_spending_gdp,SIPRI,CHE
1026,United Kingdom,2005,2.42,military_spending_gdp,SIPRI,GBR
1028,Bahrain,2005,3.21,military_spending_gdp,SIPRI,BHR
1029,Egypt,2005,2.71,military_spending_gdp,SIPRI,EGY
1030,Iran,2005,3.04,military_spending_gdp,SIPRI,IRN
1031,Iraq,2005,2.24,military_spending_gdp,SIPRI,IRQ
1032,Israel,2005,5.98,military_spending_gdp,SIPRI,ISR
1033,Jordan,2005,4.8,military_spending_gdp,SIPRI,JOR
1034,Kuwait,2005,4.34,military_spending_gdp,SIPRI,KWT
1035,Lebanon,2005,4.48,military_spending_gdp,SIPRI,LBN
1036,Oman,2005,7.71,military_spending_gdp,SIPRI,OMN
1037,Qatar,2005,1.99,military_spending_gdp,SIPRI,QAT
1038,Saudi Arabia,2005,7.73,military_spending_gdp,SIPRI,SAU
1039,Syria,2005,5.03,military_spending_gdp,SIPRI,SYR
1040,Türkiye,2005,2.38,military_spending_gdp,SIPRI,TUR
1041,United Arab Emirates,2005,3.66,military_spending_gdp,SIPRI,ARE
1043,Yemen,2005,4.87,military_spending_gdp,SIPRI,YEM
1044,Algeria,2006,2.51,military_spending_gdp,SIPRI,DZA
1045,Libya,2006,1.02,military_spending_gdp,SIPRI,LBY
1046,Morocco,2006,3.11,military_spending_gdp,SIPRI,MAR
1047,Tunisia,2006,1.45,military_spending_gdp,SIPRI,TUN
1048,Angola,2006,3.76,military_spending_gdp,SIPRI,AGO
1049,Benin,2006,0.67,military_spending_gdp,SIPRI,BEN
1050,Botswana,2006,2.75,military_spending_gdp,SIPRI,BWA
1051,Burkina Faso,2006,1.11,military_spending_gdp,SIPRI,BFA
1052,Burundi,2006,3.51,military_spending_gdp,SIPRI,BDI
1053,Cameroon,2006,1.23,military_spending_gdp,SIPRI,CMR
1056,Chad,2006,2.18,military_spending_gdp,SIPRI,TCD
1060,Djibouti,2006,4.59,military_spending_gdp,SIPRI,DJI
1063,Ethiopia,2006,2.31,military_spending_gdp,SIPRI,ETH
1064,Gabon,2006,1.28,military_spending_gdp,SIPRI,GAB
1066,Ghana,2006,0.26,military_spending_gdp,SIPRI,GHA
1069,Kenya,2006,1.46,military_spending_gdp,SIPRI,KEN
1070,Lesotho,2006,2.07,military_spending_gdp,SIPRI,LSO
1071,Liberia,2006,0.35,military_spending_gdp,SIPRI,LBR
1072,Madagascar,2006,0.98,military_spending_gdp,SIPRI,MDG
1073,Malawi,2006,0.55,military_spending_gdp,SIPRI,MWI
1074,Mali,2006,1.39,military_spending_gdp,SIPRI,MLI
1075,Mauritania,2006,2.69,military_spending_gdp,SIPRI,MRT
1076,Mauritius,2006,0.15,military_spending_gdp,SIPRI,MUS
1077,Mozambique,2006,0.6,military_spending_gdp,SIPRI,MOZ
1078,Namibia,2006,2.5,military_spending_gdp,SIPRI,NAM
1080,Nigeria,2006,0.35,military_spending_gdp,SIPRI,NGA
1081,Rwanda,2006,1.64,military_spending_gdp,SIPRI,RWA
1082,Senegal,2006,1.27,military_spending_gdp,SIPRI,SEN
1083,Seychelles,2006,1.41,military_spending_gdp,SIPRI,SYC
1084,Sierra Leone,2006,0.89,military_spending_gdp,SIPRI,SLE
1086,South Africa,2006,1.15,military_spending_gdp,SIPRI,ZAF
1088,Sudan,2006,3.64,military_spending_gdp,SIPRI,SDN
1089,Eswatini,2006,1.67,military_spending_gdp,SIPRI,SWZ
1090,Tanzania,2006,0.79,military_spending_gdp,SIPRI,TZA
1092,Uganda,2006,1.5,military_spending_gdp,SIPRI,UGA
1093,Zambia,2006,1.74,military_spending_gdp,SIPRI,ZMB
1094,Zimbabwe,2006,1.99,military_spending_gdp,SIPRI,ZWE
1095,Belize,2006,0.8,military_spending_gdp,SIPRI,BLZ
1096,Costa Rica,2006,0.0,military_spending_gdp,SIPRI,CRI
1098,Dominican Republic,2006,0.68,military_spending_gdp,SIPRI,DOM
1099,El Salvador,2006,0.89,military_spending_gdp,SIPRI,SLV
1100,Guatemala,2006,0.43,military_spending_gdp,SIPRI,GTM
1102,Honduras,2006,0.69,military_spending_gdp,SIPRI,HND
1103,Jamaica,2006,0.61,military_spending_gdp,SIPRI,JAM
1104,Mexico,2006,0.3,military_spending_gdp,SIPRI,MEX
1105,Nicaragua,2006,0.55,military_spending_gdp,SIPRI,NIC
1106,Panama,2006,0.0,military_spending_gdp,SIPRI,PAN
1107,Trinidad and Tobago,2006,0.62,military_spending_gdp,SIPRI,TTO
1108,Canada,2006,1.12,military_spending_gdp,SIPRI,CAN
1109,United States of America,2006,4.04,military_spending_gdp,SIPRI,USA
1110,Argentina,2006,0.79,military_spending_gdp,SIPRI,ARG
1111,Bolivia,2006,1.47,military_spending_gdp,SIPRI,BOL
1112,Brazil,2006,1.48,military_spending_gdp,SIPRI,BRA
1113,Chile,2006,2.51,military_spending_gdp,SIPRI,CHL
1114,Colombia,2006,3.3,military_spending_gdp,SIPRI,COL
1115,Ecuador,2006,2.08,military_spending_gdp,SIPRI,ECU
1116,Guyana,2006,0.81,military_spending_gdp,SIPRI,GUY
1117,Paraguay,2006,0.79,military_spending_gdp,SIPRI,PRY
1118,Peru,2006,1.46,military_spending_gdp,SIPRI,PER
1119,Uruguay,2006,2.01,military_spending_gdp,SIPRI,URY
1120,Venezuela,2006,1.98,military_spending_gdp,SIPRI,VEN
1121,Australia,2006,1.81,military_spending_gdp,SIPRI,AUS
1122,Fiji,2006,1.61,military_spending_gdp,SIPRI,FJI
1123,New Zealand,2006,1.24,military_spending_gdp,SIPRI,NZL
1124,Papua New Guinea,2006,0.38,military_spending_gdp,SIPRI,PNG
1125,Afghanistan,2006,1.9,military_spending_gdp,SIPRI,AFG
1126,Bangladesh,2006,1.19,military_spending_gdp,SIPRI,BGD
1127,India,2006,2.68,military_spending_gdp,SIPRI,IND
1128,Nepal,2006,1.53,military_spending_gdp,SIPRI,NPL
1129,Pakistan,2006,3.65,military_spending_gdp,SIPRI,PAK
1130,Sri Lanka,2006,2.8,military_spending_gdp,SIPRI,LKA
1131,China,2006,1.84,military_spending_gdp,SIPRI,CHN
1132,Japan,2006,0.89,military_spending_gdp,SIPRI,JPN
1135,Mongolia,2006,0.96,military_spending_gdp,SIPRI,MNG
1136,Taiwan,2006,1.98,military_spending_gdp,SIPRI,TWN
1138,Cambodia,2006,0.91,military_spending_gdp,SIPRI,KHM
1139,Indonesia,2006,0.66,military_spending_gdp,SIPRI,IDN
1140,Laos,2006,0.34,military_spending_gdp,SIPRI,LAO
1141,Malaysia,2006,2.01,military_spending_gdp,SIPRI,MYS
1143,Philippines,2006,1.26,military_spending_gdp,SIPRI,PHL
1144,Singapore,2006,3.92,military_spending_gdp,SIPRI,SGP
1145,Thailand,2006,0.95,military_spending_gdp,SIPRI,THA
1147,Viet Nam,2006,1.94,military_spending_gdp,SIPRI,VNM
1148,Kazakhstan,2006,0.98,military_spending_gdp,SIPRI,KAZ
1149,Kyrgyz Republic,2006,3.17,military_spending_gdp,SIPRI,KGZ
1153,Albania,2006,1.54,military_spending_gdp,SIPRI,ALB
1154,Bosnia and Herzegovina,2006,1.39,military_spending_gdp,SIPRI,BIH
1155,Bulgaria,2006,2.08,military_spending_gdp,SIPRI,BGR
1156,Croatia,2006,1.67,military_spending_gdp,SIPRI,HRV
1157,Czechia,2006,1.57,military_spending_gdp,SIPRI,CZE
1159,Estonia,2006,1.39,military_spending_gdp,SIPRI,EST
1161,Hungary,2006,1.22,military_spending_gdp,SIPRI,HUN
1163,Latvia,2006,1.8,military_spending_gdp,SIPRI,LVA
1164,Lithuania,2006,1.17,military_spending_gdp,SIPRI,LTU
1165,North Macedonia,2006,1.84,military_spending_gdp,SIPRI,MKD
1166,Montenegro,2006,2.29,military_spending_gdp,SIPRI,MNE
1167,Poland,2006,1.91,military_spending_gdp,SIPRI,POL
1168,Romania,2006,1.85,military_spending_gdp,SIPRI,ROU
1169,Serbia,2006,2.12,military_spending_gdp,SIPRI,SRB
1170,Slovakia,2006,1.59,military_spending_gdp,SIPRI,SVK
1171,Slovenia,2006,1.55,military_spending_gdp,SIPRI,SVN
1173,Armenia,2006,2.95,military_spending_gdp,SIPRI,ARM
1174,Azerbaijan,2006,3.42,military_spending_gdp,SIPRI,AZE
1175,Belarus,2006,3.65,military_spending_gdp,SIPRI,BLR
1176,Georgia,2006,5.22,military_spending_gdp,SIPRI,GEO
1177,Moldova,2006,0.48,military_spending_gdp,SIPRI,MDA
1179,Ukraine,2006,2.77,military_spending_gdp,SIPRI,UKR
1181,Austria,2006,0.79,military_spending_gdp,SIPRI,AUT
1182,Belgium,2006,1.06,military_spending_gdp,SIPRI,BEL
1183,Cyprus,2006,1.9,military_spending_gdp,SIPRI,CYP
1184,Denmark,2006,1.38,military_spending_gdp,SIPRI,DNK
1185,Finland,2006,1.44,military_spending_gdp,SIPRI,FIN
1186,France,2006,1.98,military_spending_gdp,SIPRI,FRA
1187,Germany,2006,1.18,military_spending_gdp,SIPRI,DEU
1188,Greece,2006,2.83,military_spending_gdp,SIPRI,GRC
1189,Iceland,2006,0.0,military_spending_gdp,SIPRI,ISL
1190,Ireland,2006,0.51,military_spending_gdp,SIPRI,IRL
1191,Italy,2006,1.51,military_spending_gdp,SIPRI,ITA
1192,Luxembourg,2006,0.58,military_spending_gdp,SIPRI,LUX
1193,Malta,2006,0.66,military_spending_gdp,SIPRI,MLT
1194,Netherlands,2006,1.39,military_spending_gdp,SIPRI,NLD
1195,Norway,2006,1.44,military_spending_gdp,SIPRI,NOR
1196,Portugal,2006,1.51,military_spending_gdp,SIPRI,PRT
1197,Spain,2006,1.37,military_spending_gdp,SIPRI,ESP
1198,Sweden,2006,1.32,military_spending_gdp,SIPRI,SWE
1199,Switzerland,2006,0.75,military_spending_gdp,SIPRI,CHE
1200,United Kingdom,2006,2.36,military_spending_gdp,SIPRI,GBR
1202,Bahrain,2006,3.1,military_spending_gdp,SIPRI,BHR
1203,Egypt,2006,2.61,military_spending_gdp,SIPRI,EGY
1204,Iran,2006,3.32,military_spending_gdp,SIPRI,IRN
1205,Iraq,2006,1.9,military_spending_gdp,SIPRI,IRQ
1206,Israel,2006,5.81,military_spending_gdp,SIPRI,ISR
1207,Jordan,2006,4.66,military_spending_gdp,SIPRI,JOR
1208,Kuwait,2006,3.54,military_spending_gdp,SIPRI,KWT
1209,Lebanon,2006,4.58,military_spending_gdp,SIPRI,LBN
1210,Oman,2006,7.1,military_spending_gdp,SIPRI,OMN
1211,Qatar,2006,1.75,military_spending_gdp,SIPRI,QAT
1212,Saudi Arabia,2006,7.85,military_spending_gdp,SIPRI,SAU
1213,Syria,2006,4.39,military_spending_gdp,SIPRI,SYR
1214,Türkiye,2006,2.33,military_spending_gdp,SIPRI,TUR
1215,United Arab Emirates,2006,3.23,military_spending_gdp,SIPRI,ARE
1217,Yemen,2006,4.31,military_spending_gdp,SIPRI,YEM
1218,Algeria,2007,2.77,military_spending_gdp,SIPRI,DZA
1219,Libya,2007,0.94,military_spending_gdp,SIPRI,LBY
1220,Morocco,2007,3.05,military_spending_gdp,SIPRI,MAR
1221,Tunisia,2007,1.26,military_spending_gdp,SIPRI,TUN
1222,Angola,2007,3.11,military_spending_gdp,SIPRI,AGO
1224,Botswana,2007,2.9,military_spending_gdp,SIPRI,BWA
1225,Burkina Faso,2007,1.42,military_spending_gdp,SIPRI,BFA
1226,Burundi,2007,3.41,military_spending_gdp,SIPRI,BDI
1227,Cameroon,2007,1.24,military_spending_gdp,SIPRI,CMR
1229,Central African Republic,2007,1.09,military_spending_gdp,SIPRI,CAF
1230,Chad,2007,3.25,military_spending_gdp,SIPRI,TCD
1234,Djibouti,2007,2.9,military_spending_gdp,SIPRI,DJI
1235,Equatorial Guinea,2007,1.5,military_spending_gdp,SIPRI,GNQ
1237,Ethiopia,2007,1.91,military_spending_gdp,SIPRI,ETH
1240,Ghana,2007,0.37,military_spending_gdp,SIPRI,GHA
1243,Kenya,2007,1.55,military_spending_gdp,SIPRI,KEN
1244,Lesotho,2007,2.37,military_spending_gdp,SIPRI,LSO
1245,Liberia,2007,0.26,military_spending_gdp,SIPRI,LBR
1246,Madagascar,2007,0.96,military_spending_gdp,SIPRI,MDG
1247,Malawi,2007,0.54,military_spending_gdp,SIPRI,MWI
1248,Mali,2007,1.36,military_spending_gdp,SIPRI,MLI
1250,Mauritius,2007,0.14,military_spending_gdp,SIPRI,MUS
1251,Mozambique,2007,0.63,military_spending_gdp,SIPRI,MOZ
1252,Namibia,2007,2.61,military_spending_gdp,SIPRI,NAM
1254,Nigeria,2007,0.37,military_spending_gdp,SIPRI,NGA
1255,Rwanda,2007,1.37,military_spending_gdp,SIPRI,RWA
1256,Senegal,2007,1.38,military_spending_gdp,SIPRI,SEN
1257,Seychelles,2007,1.47,military_spending_gdp,SIPRI,SYC
1258,Sierra Leone,2007,0.84,military_spending_gdp,SIPRI,SLE
1260,South Africa,2007,1.06,military_spending_gdp,SIPRI,ZAF
1262,Sudan,2007,4.08,military_spending_gdp,SIPRI,SDN
1263,Eswatini,2007,1.64,military_spending_gdp,SIPRI,SWZ
1264,Tanzania,2007,0.76,military_spending_gdp,SIPRI,TZA
1266,Uganda,2007,1.39,military_spending_gdp,SIPRI,UGA
1267,Zambia,2007,2.06,military_spending_gdp,SIPRI,ZMB
1269,Belize,2007,0.83,military_spending_gdp,SIPRI,BLZ
1270,Costa Rica,2007,0.0,military_spending_gdp,SIPRI,CRI
1272,Dominican Republic,2007,0.63,military_spending_gdp,SIPRI,DOM
1273,El Salvador,2007,0.97,military_spending_gdp,SIPRI,SLV
1274,Guatemala,2007,0.4,military_spending_gdp,SIPRI,GTM
1276,Honduras,2007,0.78,military_spending_gdp,SIPRI,HND
1277,Jamaica,2007,0.65,military_spending_gdp,SIPRI,JAM
1278,Mexico,2007,0.38,military_spending_gdp,SIPRI,MEX
1279,Nicaragua,2007,0.53,military_spending_gdp,SIPRI,NIC
1280,Panama,2007,0.0,military_spending_gdp,SIPRI,PAN
1281,Trinidad and Tobago,2007,0.57,military_spending_gdp,SIPRI,TTO
1282,Canada,2007,1.19,military_spending_gdp,SIPRI,CAN
1283,United States of America,2007,4.07,military_spending_gdp,SIPRI,USA
1284,Argentina,2007,0.79,military_spending_gdp,SIPRI,ARG
1285,Bolivia,2007,1.49,military_spending_gdp,SIPRI,BOL
1286,Brazil,2007,1.47,military_spending_gdp,SIPRI,BRA
1287,Chile,2007,2.33,military_spending_gdp,SIPRI,CHL
1288,Colombia,2007,3.29,military_spending_gdp,SIPRI,COL
1289,Ecuador,2007,2.63,military_spending_gdp,SIPRI,ECU
1290,Guyana,2007,0.91,military_spending_gdp,SIPRI,GUY
1291,Paraguay,2007,0.74,military_spending_gdp,SIPRI,PRY
1292,Peru,2007,1.3,military_spending_gdp,SIPRI,PER
1293,Uruguay,2007,1.78,military_spending_gdp,SIPRI,URY
1294,Venezuela,2007,1.89,military_spending_gdp,SIPRI,VEN
1295,Australia,2007,1.81,military_spending_gdp,SIPRI,AUS
1296,Fiji,2007,2.24,military_spending_gdp,SIPRI,FJI
1297,New Zealand,2007,1.18,military_spending_gdp,SIPRI,NZL
1298,Papua New Guinea,2007,0.41,military_spending_gdp,SIPRI,PNG
1299,Afghanistan,2007,2.57,military_spending_gdp,SIPRI,AFG
1300,Bangladesh,2007,1.19,military_spending_gdp,SIPRI,BGD
1301,India,2007,2.48,military_spending_gdp,SIPRI,IND
1302,Nepal,2007,1.35,military_spending_gdp,SIPRI,NPL
1303,Pakistan,2007,3.51,military_spending_gdp,SIPRI,PAK
1304,Sri Lanka,2007,3.26,military_spending_gdp,SIPRI,LKA
1305,China,2007,1.72,military_spending_gdp,SIPRI,CHN
1306,Japan,2007,0.88,military_spending_gdp,SIPRI,JPN
1309,Mongolia,2007,1.05,military_spending_gdp,SIPRI,MNG
1310,Taiwan,2007,2.0,military_spending_gdp,SIPRI,TWN
1312,Cambodia,2007,0.78,military_spending_gdp,SIPRI,KHM
1313,Indonesia,2007,0.71,military_spending_gdp,SIPRI,IDN
1314,Laos,2007,0.31,military_spending_gdp,SIPRI,LAO
1315,Malaysia,2007,1.96,military_spending_gdp,SIPRI,MYS
1317,Philippines,2007,1.29,military_spending_gdp,SIPRI,PHL
1318,Singapore,2007,3.6,military_spending_gdp,SIPRI,SGP
1319,Thailand,2007,1.02,military_spending_gdp,SIPRI,THA
1321,Viet Nam,2007,2.3,military_spending_gdp,SIPRI,VNM
1322,Kazakhstan,2007,1.3,military_spending_gdp,SIPRI,KAZ
1323,Kyrgyz Republic,2007,3.06,military_spending_gdp,SIPRI,KGZ
1327,Albania,2007,1.75,military_spending_gdp,SIPRI,ALB
1328,Bosnia and Herzegovina,2007,1.24,military_spending_gdp,SIPRI,BIH
1329,Bulgaria,2007,2.23,military_spending_gdp,SIPRI,BGR
1330,Croatia,2007,1.61,military_spending_gdp,SIPRI,HRV
1331,Czechia,2007,1.42,military_spending_gdp,SIPRI,CZE
1333,Estonia,2007,1.66,military_spending_gdp,SIPRI,EST
1335,Hungary,2007,1.27,military_spending_gdp,SIPRI,HUN
1337,Latvia,2007,1.64,military_spending_gdp,SIPRI,LVA
1338,Lithuania,2007,1.11,military_spending_gdp,SIPRI,LTU
1339,North Macedonia,2007,1.95,military_spending_gdp,SIPRI,MKD
1340,Montenegro,2007,1.74,military_spending_gdp,SIPRI,MNE
1341,Poland,2007,2.0,military_spending_gdp,SIPRI,POL
1342,Romania,2007,1.49,military_spending_gdp,SIPRI,ROU
1343,Serbia,2007,2.16,military_spending_gdp,SIPRI,SRB
1344,Slovakia,2007,1.48,military_spending_gdp,SIPRI,SVK
1345,Slovenia,2007,1.45,military_spending_gdp,SIPRI,SVN
1347,Armenia,2007,3.04,military_spending_gdp,SIPRI,ARM
1348,Azerbaijan,2007,2.86,military_spending_gdp,SIPRI,AZE
1349,Belarus,2007,3.03,military_spending_gdp,SIPRI,BLR
1350,Georgia,2007,9.16,military_spending_gdp,SIPRI,GEO
1351,Moldova,2007,0.52,military_spending_gdp,SIPRI,MDA
1353,Ukraine,2007,2.87,military_spending_gdp,SIPRI,UKR
1355,Austria,2007,0.91,military_spending_gdp,SIPRI,AUT
1356,Belgium,2007,1.1,military_spending_gdp,SIPRI,BEL
1357,Cyprus,2007,1.68,military_spending_gdp,SIPRI,CYP
1358,Denmark,2007,1.3,military_spending_gdp,SIPRI,DNK
1359,Finland,2007,1.29,military_spending_gdp,SIPRI,FIN
1360,France,2007,1.91,military_spending_gdp,SIPRI,FRA
1361,Germany,2007,1.15,military_spending_gdp,SIPRI,DEU
1362,Greece,2007,2.72,military_spending_gdp,SIPRI,GRC
1363,Iceland,2007,0.0,military_spending_gdp,SIPRI,ISL
1364,Ireland,2007,0.51,military_spending_gdp,SIPRI,IRL
1365,Italy,2007,1.44,military_spending_gdp,SIPRI,ITA
1366,Luxembourg,2007,0.56,military_spending_gdp,SIPRI,LUX
1367,Malta,2007,0.62,military_spending_gdp,SIPRI,MLT
1368,Netherlands,2007,1.35,military_spending_gdp,SIPRI,NLD
1369,Norway,2007,1.46,military_spending_gdp,SIPRI,NOR
1370,Portugal,2007,1.38,military_spending_gdp,SIPRI,PRT
1371,Spain,2007,1.36,military_spending_gdp,SIPRI,ESP
1372,Sweden,2007,1.3,military_spending_gdp,SIPRI,SWE
1373,Switzerland,2007,0.72,military_spending_gdp,SIPRI,CHE
1374,United Kingdom,2007,2.37,military_spending_gdp,SIPRI,GBR
1376,Bahrain,2007,2.96,military_spending_gdp,SIPRI,BHR
1377,Egypt,2007,2.38,military_spending_gdp,SIPRI,EGY
1378,Iran,2007,2.65,military_spending_gdp,SIPRI,IRN
1379,Iraq,2007,2.24,military_spending_gdp,SIPRI,IRQ
1380,Israel,2007,6.09,military_spending_gdp,SIPRI,ISR
1381,Jordan,2007,5.85,military_spending_gdp,SIPRI,JOR
1382,Kuwait,2007,3.59,military_spending_gdp,SIPRI,KWT
1383,Lebanon,2007,4.64,military_spending_gdp,SIPRI,LBN
1384,Oman,2007,6.72,military_spending_gdp,SIPRI,OMN
1385,Qatar,2007,1.96,military_spending_gdp,SIPRI,QAT
1386,Saudi Arabia,2007,8.53,military_spending_gdp,SIPRI,SAU
1387,Syria,2007,4.1,military_spending_gdp,SIPRI,SYR
1388,Türkiye,2007,2.19,military_spending_gdp,SIPRI,TUR
1389,United Arab Emirates,2007,3.28,military_spending_gdp,SIPRI,ARE
1391,Yemen,2007,4.85,military_spending_gdp,SIPRI,YEM
1392,Algeria,2008,2.87,military_spending_gdp,SIPRI,DZA
1393,Libya,2008,1.27,military_spending_gdp,SIPRI,LBY
1394,Morocco,2008,3.18,military_spending_gdp,SIPRI,MAR
1395,Tunisia,2008,1.29,military_spending_gdp,SIPRI,TUN
1396,Angola,2008,3.57,military_spending_gdp,SIPRI,AGO
1397,Benin,2008,0.66,military_spending_gdp,SIPRI,BEN
1398,Botswana,2008,3.1,military_spending_gdp,SIPRI,BWA
1399,Burkina Faso,2008,1.24,military_spending_gdp,SIPRI,BFA
1400,Burundi,2008,2.72,military_spending_gdp,SIPRI,BDI
1401,Cameroon,2008,1.26,military_spending_gdp,SIPRI,CMR
1403,Central African Republic,2008,1.55,military_spending_gdp,SIPRI,CAF
1404,Chad,2008,4.28,military_spending_gdp,SIPRI,TCD
1408,Djibouti,2008,2.63,military_spending_gdp,SIPRI,DJI
1409,Equatorial Guinea,2008,1.48,military_spending_gdp,SIPRI,GNQ
1411,Ethiopia,2008,1.53,military_spending_gdp,SIPRI,ETH
1414,Ghana,2008,0.29,military_spending_gdp,SIPRI,GHA
1417,Kenya,2008,1.62,military_spending_gdp,SIPRI,KEN
1418,Lesotho,2008,1.55,military_spending_gdp,SIPRI,LSO
1419,Liberia,2008,0.23,military_spending_gdp,SIPRI,LBR
1420,Madagascar,2008,0.96,military_spending_gdp,SIPRI,MDG
1421,Malawi,2008,0.59,military_spending_gdp,SIPRI,MWI
1422,Mali,2008,1.47,military_spending_gdp,SIPRI,MLI
1423,Mauritania,2008,3.06,military_spending_gdp,SIPRI,MRT
1424,Mauritius,2008,0.16,military_spending_gdp,SIPRI,MUS
1425,Mozambique,2008,0.65,military_spending_gdp,SIPRI,MOZ
1426,Namibia,2008,3.14,military_spending_gdp,SIPRI,NAM
1427,Niger,2008,0.74,military_spending_gdp,SIPRI,NER
1428,Nigeria,2008,0.49,military_spending_gdp,SIPRI,NGA
1429,Rwanda,2008,1.31,military_spending_gdp,SIPRI,RWA
1430,Senegal,2008,1.29,military_spending_gdp,SIPRI,SEN
1431,Seychelles,2008,1.15,military_spending_gdp,SIPRI,SYC
1432,Sierra Leone,2008,0.6,military_spending_gdp,SIPRI,SLE
1434,South Africa,2008,1.04,military_spending_gdp,SIPRI,ZAF
1435,South Sudan,2008,5.76,military_spending_gdp,SIPRI,SSD
1436,Sudan,2008,4.98,military_spending_gdp,SIPRI,SDN
1437,Eswatini,2008,2.0,military_spending_gdp,SIPRI,SWZ
1438,Tanzania,2008,0.7,military_spending_gdp,SIPRI,TZA
1439,Togo,2008,1.72,military_spending_gdp,SIPRI,TGO
1440,Uganda,2008,1.35,military_spending_gdp,SIPRI,UGA
1441,Zambia,2008,2.08,military_spending_gdp,SIPRI,ZMB
1443,Belize,2008,1.08,military_spending_gdp,SIPRI,BLZ
1444,Costa Rica,2008,0.0,military_spending_gdp,SIPRI,CRI
1446,Dominican Republic,2008,0.7,military_spending_gdp,SIPRI,DOM
1447,El Salvador,2008,0.96,military_spending_gdp,SIPRI,SLV
1448,Guatemala,2008,0.47,military_spending_gdp,SIPRI,GTM
1450,Honduras,2008,0.95,military_spending_gdp,SIPRI,HND
1451,Jamaica,2008,0.95,military_spending_gdp,SIPRI,JAM
1452,Mexico,2008,0.37,military_spending_gdp,SIPRI,MEX
1453,Nicaragua,2008,0.5,military_spending_gdp,SIPRI,NIC
1454,Panama,2008,0.0,military_spending_gdp,SIPRI,PAN
1455,Trinidad and Tobago,2008,0.49,military_spending_gdp,SIPRI,TTO
1456,Canada,2008,1.25,military_spending_gdp,SIPRI,CAN
1457,United States of America,2008,4.45,military_spending_gdp,SIPRI,USA
1458,Argentina,2008,0.76,military_spending_gdp,SIPRI,ARG
1459,Bolivia,2008,2.19,military_spending_gdp,SIPRI,BOL
1460,Brazil,2008,1.44,military_spending_gdp,SIPRI,BRA
1461,Chile,2008,2.58,military_spending_gdp,SIPRI,CHL
1462,Colombia,2008,3.74,military_spending_gdp,SIPRI,COL
1463,Ecuador,2008,2.69,military_spending_gdp,SIPRI,ECU
1464,Guyana,2008,1.01,military_spending_gdp,SIPRI,GUY
1465,Paraguay,2008,0.68,military_spending_gdp,SIPRI,PRY
1466,Peru,2008,1.25,military_spending_gdp,SIPRI,PER
1467,Uruguay,2008,1.87,military_spending_gdp,SIPRI,URY
1468,Venezuela,2008,1.79,military_spending_gdp,SIPRI,VEN
1469,Australia,2008,1.79,military_spending_gdp,SIPRI,AUS
1470,Fiji,2008,1.52,military_spending_gdp,SIPRI,FJI
1471,New Zealand,2008,1.15,military_spending_gdp,SIPRI,NZL
1472,Papua New Guinea,2008,0.34,military_spending_gdp,SIPRI,PNG
1473,Afghanistan,2008,2.34,military_spending_gdp,SIPRI,AFG
1474,Bangladesh,2008,1.12,military_spending_gdp,SIPRI,BGD
1475,India,2008,2.63,military_spending_gdp,SIPRI,IND
1476,Nepal,2008,1.4,military_spending_gdp,SIPRI,NPL
1477,Pakistan,2008,3.46,military_spending_gdp,SIPRI,PAK
1478,Sri Lanka,2008,3.24,military_spending_gdp,SIPRI,LKA
1479,China,2008,1.69,military_spending_gdp,SIPRI,CHN
1480,Japan,2008,0.9,military_spending_gdp,SIPRI,JPN
1483,Mongolia,2008,0.82,military_spending_gdp,SIPRI,MNG
1484,Taiwan,2008,2.15,military_spending_gdp,SIPRI,TWN
1486,Cambodia,2008,0.68,military_spending_gdp,SIPRI,KHM
1487,Indonesia,2008,0.58,military_spending_gdp,SIPRI,IDN
1488,Laos,2008,0.27,military_spending_gdp,SIPRI,LAO
1489,Malaysia,2008,1.82,military_spending_gdp,SIPRI,MYS
1491,Philippines,2008,1.25,military_spending_gdp,SIPRI,PHL
1492,Singapore,2008,3.85,military_spending_gdp,SIPRI,SGP
1493,Thailand,2008,1.25,military_spending_gdp,SIPRI,THA
1495,Viet Nam,2008,2.07,military_spending_gdp,SIPRI,VNM
1496,Kazakhstan,2008,1.15,military_spending_gdp,SIPRI,KAZ
1497,Kyrgyz Republic,2008,2.9,military_spending_gdp,SIPRI,KGZ
1498,Tajikistan,2008,1.02,military_spending_gdp,SIPRI,TJK
1501,Albania,2008,1.93,military_spending_gdp,SIPRI,ALB
1502,Bosnia and Herzegovina,2008,1.22,military_spending_gdp,SIPRI,BIH
1503,Bulgaria,2008,2.13,military_spending_gdp,SIPRI,BGR
1504,Croatia,2008,1.82,military_spending_gdp,SIPRI,HRV
1505,Czechia,2008,1.23,military_spending_gdp,SIPRI,CZE
1507,Estonia,2008,1.77,military_spending_gdp,SIPRI,EST
1509,Hungary,2008,1.18,military_spending_gdp,SIPRI,HUN
1511,Latvia,2008,1.7,military_spending_gdp,SIPRI,LVA
1512,Lithuania,2008,1.13,military_spending_gdp,SIPRI,LTU
1513,North Macedonia,2008,1.74,military_spending_gdp,SIPRI,MKD
1514,Montenegro,2008,1.87,military_spending_gdp,SIPRI,MNE
1515,Poland,2008,1.75,military_spending_gdp,SIPRI,POL
1516,Romania,2008,1.4,military_spending_gdp,SIPRI,ROU
1517,Serbia,2008,2.05,military_spending_gdp,SIPRI,SRB
1518,Slovakia,2008,1.46,military_spending_gdp,SIPRI,SVK
1519,Slovenia,2008,1.5,military_spending_gdp,SIPRI,SVN
1521,Armenia,2008,3.4,military_spending_gdp,SIPRI,ARM
1522,Azerbaijan,2008,3.29,military_spending_gdp,SIPRI,AZE
1523,Belarus,2008,2.91,military_spending_gdp,SIPRI,BLR
1524,Georgia,2008,8.52,military_spending_gdp,SIPRI,GEO
1525,Moldova,2008,0.61,military_spending_gdp,SIPRI,MDA
1527,Ukraine,2008,2.67,military_spending_gdp,SIPRI,UKR
1529,Austria,2008,0.88,military_spending_gdp,SIPRI,AUT
1530,Belgium,2008,1.22,military_spending_gdp,SIPRI,BEL
1531,Cyprus,2008,1.63,military_spending_gdp,SIPRI,CYP
1532,Denmark,2008,1.35,military_spending_gdp,SIPRI,DNK
1533,Finland,2008,1.39,military_spending_gdp,SIPRI,FIN
1534,France,2008,1.9,military_spending_gdp,SIPRI,FRA
1535,Germany,2008,1.19,military_spending_gdp,SIPRI,DEU
1536,Greece,2008,3.02,military_spending_gdp,SIPRI,GRC
1537,Iceland,2008,0.0,military_spending_gdp,SIPRI,ISL
1538,Ireland,2008,0.58,military_spending_gdp,SIPRI,IRL
1539,Italy,2008,1.53,military_spending_gdp,SIPRI,ITA
1540,Luxembourg,2008,0.3,military_spending_gdp,SIPRI,LUX
1541,Malta,2008,0.61,military_spending_gdp,SIPRI,MLT
1542,Netherlands,2008,1.3,military_spending_gdp,SIPRI,NLD
1543,Norway,2008,1.37,military_spending_gdp,SIPRI,NOR
1544,Portugal,2008,1.42,military_spending_gdp,SIPRI,PRT
1545,Spain,2008,1.37,military_spending_gdp,SIPRI,ESP
1546,Sweden,2008,1.17,military_spending_gdp,SIPRI,SWE
1547,Switzerland,2008,0.72,military_spending_gdp,SIPRI,CHE
1548,United Kingdom,2008,2.48,military_spending_gdp,SIPRI,GBR
1550,Bahrain,2008,2.8,military_spending_gdp,SIPRI,BHR
1551,Egypt,2008,2.18,military_spending_gdp,SIPRI,EGY
1552,Iran,2008,2.68,military_spending_gdp,SIPRI,IRN
1553,Iraq,2008,2.37,military_spending_gdp,SIPRI,IRQ
1554,Israel,2008,6.17,military_spending_gdp,SIPRI,ISR
1555,Jordan,2008,5.99,military_spending_gdp,SIPRI,JOR
1556,Kuwait,2008,3.01,military_spending_gdp,SIPRI,KWT
1557,Lebanon,2008,4.02,military_spending_gdp,SIPRI,LBN
1558,Oman,2008,4.96,military_spending_gdp,SIPRI,OMN
1559,Qatar,2008,2.01,military_spending_gdp,SIPRI,QAT
1560,Saudi Arabia,2008,7.35,military_spending_gdp,SIPRI,SAU
1561,Syria,2008,3.55,military_spending_gdp,SIPRI,SYR
1562,Türkiye,2008,2.17,military_spending_gdp,SIPRI,TUR
1563,United Arab Emirates,2008,3.67,military_spending_gdp,SIPRI,ARE
1565,Yemen,2008,4.45,military_spending_gdp,SIPRI,YEM
1566,Algeria,2009,3.51,military_spending_gdp,SIPRI,DZA
1568,Morocco,2009,3.29,military_spending_gdp,SIPRI,MAR
1569,Tunisia,2009,1.29,military_spending_gdp,SIPRI,TUN
1570,Angola,2009,4.71,military_spending_gdp,SIPRI,AGO
1572,Botswana,2009,3.26,military_spending_gdp,SIPRI,BWA
1573,Burkina Faso,2009,1.35,military_spending_gdp,SIPRI,BFA
1575,Cameroon,2009,1.23,military_spending_gdp,SIPRI,CMR
1577,Central African Republic,2009,1.75,military_spending_gdp,SIPRI,CAF
1578,Chad,2009,5.7,military_spending_gdp,SIPRI,TCD
1583,Equatorial Guinea,2009,2.47,military_spending_gdp,SIPRI,GNQ
1585,Ethiopia,2009,1.2,military_spending_gdp,SIPRI,ETH
1588,Ghana,2009,0.34,military_spending_gdp,SIPRI,GHA
1590,Guinea-Bissau,2009,1.55,military_spending_gdp,SIPRI,GNB
1591,Kenya,2009,1.37,military_spending_gdp,SIPRI,KEN
1592,Lesotho,2009,2.72,military_spending_gdp,SIPRI,LSO
1593,Liberia,2009,0.41,military_spending_gdp,SIPRI,LBR
1594,Madagascar,2009,0.74,military_spending_gdp,SIPRI,MDG
1595,Malawi,2009,0.67,military_spending_gdp,SIPRI,MWI
1596,Mali,2009,1.42,military_spending_gdp,SIPRI,MLI
1597,Mauritania,2009,3.14,military_spending_gdp,SIPRI,MRT
1598,Mauritius,2009,0.17,military_spending_gdp,SIPRI,MUS
1599,Mozambique,2009,0.69,military_spending_gdp,SIPRI,MOZ
1600,Namibia,2009,3.37,military_spending_gdp,SIPRI,NAM
1601,Niger,2009,0.74,military_spending_gdp,SIPRI,NER
1602,Nigeria,2009,0.51,military_spending_gdp,SIPRI,NGA
1603,Rwanda,2009,1.33,military_spending_gdp,SIPRI,RWA
1604,Senegal,2009,1.34,military_spending_gdp,SIPRI,SEN
1605,Seychelles,2009,1.02,military_spending_gdp,SIPRI,SYC
1606,Sierra Leone,2009,0.7,military_spending_gdp,SIPRI,SLE
1608,South Africa,2009,1.09,military_spending_gdp,SIPRI,ZAF
1609,South Sudan,2009,4.97,military_spending_gdp,SIPRI,SSD
1610,Sudan,2009,5.45,military_spending_gdp,SIPRI,SDN
1611,Eswatini,2009,2.09,military_spending_gdp,SIPRI,SWZ
1612,Tanzania,2009,0.76,military_spending_gdp,SIPRI,TZA
1613,Togo,2009,1.64,military_spending_gdp,SIPRI,TGO
1614,Uganda,2009,1.43,military_spending_gdp,SIPRI,UGA
1615,Zambia,2009,1.73,military_spending_gdp,SIPRI,ZMB
1617,Belize,2009,1.07,military_spending_gdp,SIPRI,BLZ
1618,Costa Rica,2009,0.0,military_spending_gdp,SIPRI,CRI
1619,Cuba,2009,3.38,military_spending_gdp,SIPRI,CUB
1620,Dominican Republic,2009,0.67,military_spending_gdp,SIPRI,DOM
1621,El Salvador,2009,1.08,military_spending_gdp,SIPRI,SLV
1622,Guatemala,2009,0.4,military_spending_gdp,SIPRI,GTM
1624,Honduras,2009,1.07,military_spending_gdp,SIPRI,HND
1625,Jamaica,2009,0.95,military_spending_gdp,SIPRI,JAM
1626,Mexico,2009,0.48,military_spending_gdp,SIPRI,MEX
1627,Nicaragua,2009,0.5,military_spending_gdp,SIPRI,NIC
1628,Panama,2009,0.0,military_spending_gdp,SIPRI,PAN
1629,Trinidad and Tobago,2009,0.71,military_spending_gdp,SIPRI,TTO
1630,Canada,2009,1.38,military_spending_gdp,SIPRI,CAN
1631,United States of America,2009,4.88,military_spending_gdp,SIPRI,USA
1632,Argentina,2009,0.89,military_spending_gdp,SIPRI,ARG
1633,Bolivia,2009,1.76,military_spending_gdp,SIPRI,BOL
1634,Brazil,2009,1.54,military_spending_gdp,SIPRI,BRA
1635,Chile,2009,2.28,military_spending_gdp,SIPRI,CHL
1636,Colombia,2009,3.89,military_spending_gdp,SIPRI,COL
1637,Ecuador,2009,3.24,military_spending_gdp,SIPRI,ECU
1638,Guyana,2009,0.98,military_spending_gdp,SIPRI,GUY
1639,Paraguay,2009,0.75,military_spending_gdp,SIPRI,PRY
1640,Peru,2009,1.53,military_spending_gdp,SIPRI,PER
1641,Uruguay,2009,1.82,military_spending_gdp,SIPRI,URY
1642,Venezuela,2009,1.23,military_spending_gdp,SIPRI,VEN
1643,Australia,2009,1.92,military_spending_gdp,SIPRI,AUS
1644,Fiji,2009,1.79,military_spending_gdp,SIPRI,FJI
1645,New Zealand,2009,1.22,military_spending_gdp,SIPRI,NZL
1646,Papua New Guinea,2009,0.45,military_spending_gdp,SIPRI,PNG
1647,Afghanistan,2009,2.09,military_spending_gdp,SIPRI,AFG
1648,Bangladesh,2009,1.23,military_spending_gdp,SIPRI,BGD
1649,India,2009,3.13,military_spending_gdp,SIPRI,IND
1650,Nepal,2009,1.44,military_spending_gdp,SIPRI,NPL
1651,Pakistan,2009,3.27,military_spending_gdp,SIPRI,PAK
1652,Sri Lanka,2009,3.16,military_spending_gdp,SIPRI,LKA
1653,China,2009,1.86,military_spending_gdp,SIPRI,CHN
1654,Japan,2009,0.96,military_spending_gdp,SIPRI,JPN
1657,Mongolia,2009,0.63,military_spending_gdp,SIPRI,MNG
1658,Taiwan,2009,2.33,military_spending_gdp,SIPRI,TWN
1660,Cambodia,2009,1.09,military_spending_gdp,SIPRI,KHM
1661,Indonesia,2009,0.57,military_spending_gdp,SIPRI,IDN
1662,Laos,2009,0.22,military_spending_gdp,SIPRI,LAO
1663,Malaysia,2009,1.87,military_spending_gdp,SIPRI,MYS
1665,Philippines,2009,1.2,military_spending_gdp,SIPRI,PHL
1666,Singapore,2009,3.88,military_spending_gdp,SIPRI,SGP
1667,Thailand,2009,1.54,military_spending_gdp,SIPRI,THA
1669,Viet Nam,2009,2.73,military_spending_gdp,SIPRI,VNM
1670,Kazakhstan,2009,1.1,military_spending_gdp,SIPRI,KAZ
1671,Kyrgyz Republic,2009,3.18,military_spending_gdp,SIPRI,KGZ
1672,Tajikistan,2009,0.95,military_spending_gdp,SIPRI,TJK
1675,Albania,2009,1.48,military_spending_gdp,SIPRI,ALB
1676,Bosnia and Herzegovina,2009,1.38,military_spending_gdp,SIPRI,BIH
1677,Bulgaria,2009,1.74,military_spending_gdp,SIPRI,BGR
1678,Croatia,2009,1.77,military_spending_gdp,SIPRI,HRV
1679,Czechia,2009,1.31,military_spending_gdp,SIPRI,CZE
1681,Estonia,2009,1.8,military_spending_gdp,SIPRI,EST
1683,Hungary,2009,1.13,military_spending_gdp,SIPRI,HUN
1685,Latvia,2009,1.42,military_spending_gdp,SIPRI,LVA
1686,Lithuania,2009,1.08,military_spending_gdp,SIPRI,LTU
1687,North Macedonia,2009,1.69,military_spending_gdp,SIPRI,MKD
1688,Montenegro,2009,1.84,military_spending_gdp,SIPRI,MNE
1689,Poland,2009,1.79,military_spending_gdp,SIPRI,POL
1690,Romania,2009,1.28,military_spending_gdp,SIPRI,ROU
1691,Serbia,2009,2.07,military_spending_gdp,SIPRI,SRB
1692,Slovakia,2009,1.52,military_spending_gdp,SIPRI,SVK
1693,Slovenia,2009,1.6,military_spending_gdp,SIPRI,SVN
1695,Armenia,2009,4.16,military_spending_gdp,SIPRI,ARM
1696,Azerbaijan,2009,3.33,military_spending_gdp,SIPRI,AZE
1697,Belarus,2009,2.52,military_spending_gdp,SIPRI,BLR
1698,Georgia,2009,5.61,military_spending_gdp,SIPRI,GEO
1699,Moldova,2009,0.46,military_spending_gdp,SIPRI,MDA
1701,Ukraine,2009,2.84,military_spending_gdp,SIPRI,UKR
1703,Austria,2009,0.84,military_spending_gdp,SIPRI,AUT
1704,Belgium,2009,1.16,military_spending_gdp,SIPRI,BEL
1705,Cyprus,2009,1.82,military_spending_gdp,SIPRI,CYP
1706,Denmark,2009,1.34,military_spending_gdp,SIPRI,DNK
1707,Finland,2009,1.56,military_spending_gdp,SIPRI,FIN
1708,France,2009,2.1,military_spending_gdp,SIPRI,FRA
1709,Germany,2009,1.29,military_spending_gdp,SIPRI,DEU
1710,Greece,2009,3.27,military_spending_gdp,SIPRI,GRC
1711,Iceland,2009,0.0,military_spending_gdp,SIPRI,ISL
1712,Ireland,2009,0.6,military_spending_gdp,SIPRI,IRL
1713,Italy,2009,1.55,military_spending_gdp,SIPRI,ITA
1714,Luxembourg,2009,0.34,military_spending_gdp,SIPRI,LUX
1715,Malta,2009,0.68,military_spending_gdp,SIPRI,MLT
1716,Netherlands,2009,1.39,military_spending_gdp,SIPRI,NLD
1717,Norway,2009,1.6,military_spending_gdp,SIPRI,NOR
1718,Portugal,2009,1.55,military_spending_gdp,SIPRI,PRT
1719,Spain,2009,1.36,military_spending_gdp,SIPRI,ESP
1720,Sweden,2009,1.17,military_spending_gdp,SIPRI,SWE
1721,Switzerland,2009,0.73,military_spending_gdp,SIPRI,CHE
1722,United Kingdom,2009,2.63,military_spending_gdp,SIPRI,GBR
1724,Bahrain,2009,3.61,military_spending_gdp,SIPRI,BHR
1725,Egypt,2009,2.03,military_spending_gdp,SIPRI,EGY
1726,Iran,2009,3.05,military_spending_gdp,SIPRI,IRN
1727,Iraq,2009,2.9,military_spending_gdp,SIPRI,IRQ
1728,Israel,2009,5.92,military_spending_gdp,SIPRI,ISR
1729,Jordan,2009,6.39,military_spending_gdp,SIPRI,JOR
1730,Kuwait,2009,3.97,military_spending_gdp,SIPRI,KWT
1731,Lebanon,2009,4.03,military_spending_gdp,SIPRI,LBN
1732,Oman,2009,6.07,military_spending_gdp,SIPRI,OMN
1733,Qatar,2009,1.99,military_spending_gdp,SIPRI,QAT
1734,Saudi Arabia,2009,9.62,military_spending_gdp,SIPRI,SAU
1735,Syria,2009,4.03,military_spending_gdp,SIPRI,SYR
1736,Türkiye,2009,2.45,military_spending_gdp,SIPRI,TUR
1737,United Arab Emirates,2009,5.46,military_spending_gdp,SIPRI,ARE
1739,Yemen,2009,5.65,military_spending_gdp,SIPRI,YEM
1740,Algeria,2010,3.19,military_spending_gdp,SIPRI,DZA
1742,Morocco,2010,3.39,military_spending_gdp,SIPRI,MAR
1743,Tunisia,2010,1.24,military_spending_gdp,SIPRI,TUN
1744,Angola,2010,4.18,military_spending_gdp,SIPRI,AGO
1746,Botswana,2010,2.76,military_spending_gdp,SIPRI,BWA
1747,Burkina Faso,2010,1.22,military_spending_gdp,SIPRI,BFA
1749,Cameroon,2010,1.29,military_spending_gdp,SIPRI,CMR
1751,Central African Republic,2010,2.41,military_spending_gdp,SIPRI,CAF
1752,Chad,2010,4.32,military_spending_gdp,SIPRI,TCD
1759,Ethiopia,2010,1.11,military_spending_gdp,SIPRI,ETH
1760,Gabon,2010,1.87,military_spending_gdp,SIPRI,GAB
1762,Ghana,2010,0.28,military_spending_gdp,SIPRI,GHA
1764,Guinea-Bissau,2010,1.82,military_spending_gdp,SIPRI,GNB
1765,Kenya,2010,1.37,military_spending_gdp,SIPRI,KEN
1766,Lesotho,2010,3.16,military_spending_gdp,SIPRI,LSO
1767,Liberia,2010,0.43,military_spending_gdp,SIPRI,LBR
1768,Madagascar,2010,0.57,military_spending_gdp,SIPRI,MDG
1769,Malawi,2010,0.51,military_spending_gdp,SIPRI,MWI
1770,Mali,2010,1.37,military_spending_gdp,SIPRI,MLI
1772,Mauritius,2010,0.15,military_spending_gdp,SIPRI,MUS
1773,Mozambique,2010,0.87,military_spending_gdp,SIPRI,MOZ
1774,Namibia,2010,3.51,military_spending_gdp,SIPRI,NAM
1775,Niger,2010,0.88,military_spending_gdp,SIPRI,NER
1776,Nigeria,2010,0.54,military_spending_gdp,SIPRI,NGA
1777,Rwanda,2010,1.22,military_spending_gdp,SIPRI,RWA
1778,Senegal,2010,1.22,military_spending_gdp,SIPRI,SEN
1779,Seychelles,2010,0.74,military_spending_gdp,SIPRI,SYC
1780,Sierra Leone,2010,0.6,military_spending_gdp,SIPRI,SLE
1782,South Africa,2010,1.0,military_spending_gdp,SIPRI,ZAF
1783,South Sudan,2010,4.14,military_spending_gdp,SIPRI,SSD
1785,Eswatini,2010,2.37,military_spending_gdp,SIPRI,SWZ
1786,Tanzania,2010,0.9,military_spending_gdp,SIPRI,TZA
1787,Togo,2010,1.66,military_spending_gdp,SIPRI,TGO
1788,Uganda,2010,2.46,military_spending_gdp,SIPRI,UGA
1789,Zambia,2010,1.38,military_spending_gdp,SIPRI,ZMB
1790,Zimbabwe,2010,0.82,military_spending_gdp,SIPRI,ZWE
1791,Belize,2010,0.87,military_spending_gdp,SIPRI,BLZ
1792,Costa Rica,2010,0.0,military_spending_gdp,SIPRI,CRI
1793,Cuba,2010,3.33,military_spending_gdp,SIPRI,CUB
1794,Dominican Republic,2010,0.67,military_spending_gdp,SIPRI,DOM
1795,El Salvador,2010,1.09,military_spending_gdp,SIPRI,SLV
1796,Guatemala,2010,0.44,military_spending_gdp,SIPRI,GTM
1798,Honduras,2010,1.07,military_spending_gdp,SIPRI,HND
1799,Jamaica,2010,0.87,military_spending_gdp,SIPRI,JAM
1800,Mexico,2010,0.43,military_spending_gdp,SIPRI,MEX
1801,Nicaragua,2010,0.51,military_spending_gdp,SIPRI,NIC
1802,Panama,2010,0.0,military_spending_gdp,SIPRI,PAN
1803,Trinidad and Tobago,2010,0.64,military_spending_gdp,SIPRI,TTO
1804,Canada,2010,1.19,military_spending_gdp,SIPRI,CAN
1805,United States of America,2010,4.9,military_spending_gdp,SIPRI,USA
1806,Argentina,2010,0.81,military_spending_gdp,SIPRI,ARG
1807,Bolivia,2010,2.79,military_spending_gdp,SIPRI,BOL
1808,Brazil,2010,1.54,military_spending_gdp,SIPRI,BRA
1809,Chile,2010,2.25,military_spending_gdp,SIPRI,CHL
1810,Colombia,2010,3.64,military_spending_gdp,SIPRI,COL
1811,Ecuador,2010,3.07,military_spending_gdp,SIPRI,ECU
1812,Guyana,2010,0.91,military_spending_gdp,SIPRI,GUY
1813,Paraguay,2010,0.75,military_spending_gdp,SIPRI,PRY
1814,Peru,2010,1.48,military_spending_gdp,SIPRI,PER
1815,Uruguay,2010,1.88,military_spending_gdp,SIPRI,URY
1816,Venezuela,2010,1.01,military_spending_gdp,SIPRI,VEN
1817,Australia,2010,1.85,military_spending_gdp,SIPRI,AUS
1818,Fiji,2010,1.61,military_spending_gdp,SIPRI,FJI
1819,New Zealand,2010,1.21,military_spending_gdp,SIPRI,NZL
1820,Papua New Guinea,2010,0.33,military_spending_gdp,SIPRI,PNG
1821,Afghanistan,2010,1.95,military_spending_gdp,SIPRI,AFG
1822,Bangladesh,2010,1.42,military_spending_gdp,SIPRI,BGD
1823,India,2010,2.89,military_spending_gdp,SIPRI,IND
1824,Nepal,2010,1.37,military_spending_gdp,SIPRI,NPL
1825,Pakistan,2010,3.04,military_spending_gdp,SIPRI,PAK
1826,Sri Lanka,2010,2.7,military_spending_gdp,SIPRI,LKA
1827,China,2010,1.7,military_spending_gdp,SIPRI,CHN
1828,Japan,2010,0.94,military_spending_gdp,SIPRI,JPN
1831,Mongolia,2010,0.76,military_spending_gdp,SIPRI,MNG
1832,Taiwan,2010,2.05,military_spending_gdp,SIPRI,TWN
1834,Cambodia,2010,1.22,military_spending_gdp,SIPRI,KHM
1835,Indonesia,2010,0.62,military_spending_gdp,SIPRI,IDN
1836,Laos,2010,0.2,military_spending_gdp,SIPRI,LAO
1837,Malaysia,2010,1.49,military_spending_gdp,SIPRI,MYS
1839,Philippines,2010,1.17,military_spending_gdp,SIPRI,PHL
1840,Singapore,2010,3.38,military_spending_gdp,SIPRI,SGP
1841,Thailand,2010,1.52,military_spending_gdp,SIPRI,THA
1843,Viet Nam,2010,1.84,military_spending_gdp,SIPRI,VNM
1844,Kazakhstan,2010,1.01,military_spending_gdp,SIPRI,KAZ
1845,Kyrgyz Republic,2010,3.85,military_spending_gdp,SIPRI,KGZ
1846,Tajikistan,2010,0.95,military_spending_gdp,SIPRI,TJK
1849,Albania,2010,1.54,military_spending_gdp,SIPRI,ALB
1850,Bosnia and Herzegovina,2010,1.28,military_spending_gdp,SIPRI,BIH
1851,Bulgaria,2010,1.64,military_spending_gdp,SIPRI,BGR
1852,Croatia,2010,1.67,military_spending_gdp,SIPRI,HRV
1853,Czechia,2010,1.18,military_spending_gdp,SIPRI,CZE
1855,Estonia,2010,1.7,military_spending_gdp,SIPRI,EST
1857,Hungary,2010,1.02,military_spending_gdp,SIPRI,HUN
1859,Latvia,2010,1.11,military_spending_gdp,SIPRI,LVA
1860,Lithuania,2010,0.89,military_spending_gdp,SIPRI,LTU
1861,North Macedonia,2010,1.38,military_spending_gdp,SIPRI,MKD
1862,Montenegro,2010,1.82,military_spending_gdp,SIPRI,MNE
1863,Poland,2010,1.84,military_spending_gdp,SIPRI,POL
1864,Romania,2010,1.23,military_spending_gdp,SIPRI,ROU
1865,Serbia,2010,2.0,military_spending_gdp,SIPRI,SRB
1866,Slovakia,2010,1.25,military_spending_gdp,SIPRI,SVK
1867,Slovenia,2010,1.62,military_spending_gdp,SIPRI,SVN
1869,Armenia,2010,4.27,military_spending_gdp,SIPRI,ARM
1870,Azerbaijan,2010,2.79,military_spending_gdp,SIPRI,AZE
1871,Belarus,2010,2.31,military_spending_gdp,SIPRI,BLR
1872,Georgia,2010,3.65,military_spending_gdp,SIPRI,GEO
1873,Moldova,2010,0.26,military_spending_gdp,SIPRI,MDA
1875,Ukraine,2010,2.74,military_spending_gdp,SIPRI,UKR
1877,Austria,2010,0.83,military_spending_gdp,SIPRI,AUT
1878,Belgium,2010,1.09,military_spending_gdp,SIPRI,BEL
1879,Cyprus,2010,1.85,military_spending_gdp,SIPRI,CYP
1880,Denmark,2010,1.4,military_spending_gdp,SIPRI,DNK
1881,Finland,2010,1.49,military_spending_gdp,SIPRI,FIN
1882,France,2010,1.97,military_spending_gdp,SIPRI,FRA
1883,Germany,2010,1.24,military_spending_gdp,SIPRI,DEU
1884,Greece,2010,2.76,military_spending_gdp,SIPRI,GRC
1885,Iceland,2010,0.0,military_spending_gdp,SIPRI,ISL
1886,Ireland,2010,0.58,military_spending_gdp,SIPRI,IRL
1887,Italy,2010,1.49,military_spending_gdp,SIPRI,ITA
1888,Luxembourg,2010,0.32,military_spending_gdp,SIPRI,LUX
1889,Malta,2010,0.65,military_spending_gdp,SIPRI,MLT
1890,Netherlands,2010,1.32,military_spending_gdp,SIPRI,NLD
1891,Norway,2010,1.51,military_spending_gdp,SIPRI,NOR
1892,Portugal,2010,1.6,military_spending_gdp,SIPRI,PRT
1893,Spain,2010,1.38,military_spending_gdp,SIPRI,ESP
1894,Sweden,2010,1.19,military_spending_gdp,SIPRI,SWE
1895,Switzerland,2010,0.69,military_spending_gdp,SIPRI,CHE
1896,United Kingdom,2010,2.56,military_spending_gdp,SIPRI,GBR
1898,Bahrain,2010,3.28,military_spending_gdp,SIPRI,BHR
1899,Egypt,2010,1.95,military_spending_gdp,SIPRI,EGY
1900,Iran,2010,2.79,military_spending_gdp,SIPRI,IRN
1901,Iraq,2010,2.71,military_spending_gdp,SIPRI,IRQ
1902,Israel,2010,5.71,military_spending_gdp,SIPRI,ISR
1903,Jordan,2010,5.74,military_spending_gdp,SIPRI,JOR
1904,Kuwait,2010,3.76,military_spending_gdp,SIPRI,KWT
1905,Lebanon,2010,4.12,military_spending_gdp,SIPRI,LBN
1906,Oman,2010,5.65,military_spending_gdp,SIPRI,OMN
1907,Qatar,2010,1.47,military_spending_gdp,SIPRI,QAT
1908,Saudi Arabia,2010,8.57,military_spending_gdp,SIPRI,SAU
1909,Syria,2010,4.06,military_spending_gdp,SIPRI,SYR
1910,Türkiye,2010,2.26,military_spending_gdp,SIPRI,TUR
1911,United Arab Emirates,2010,6.04,military_spending_gdp,SIPRI,ARE
1913,Yemen,2010,4.69,military_spending_gdp,SIPRI,YEM
1914,Algeria,2011,3.96,military_spending_gdp,SIPRI,DZA
1916,Morocco,2011,3.3,military_spending_gdp,SIPRI,MAR
1917,Tunisia,2011,1.49,military_spending_gdp,SIPRI,TUN
1918,Angola,2011,3.26,military_spending_gdp,SIPRI,AGO
1920,Botswana,2011,2.4,military_spending_gdp,SIPRI,BWA
1921,Burkina Faso,2011,1.15,military_spending_gdp,SIPRI,BFA
1923,Cameroon,2011,1.14,military_spending_gdp,SIPRI,CMR
1925,Central African Republic,2011,2.05,military_spending_gdp,SIPRI,CAF
1926,Chad,2011,3.76,military_spending_gdp,SIPRI,TCD
1933,Ethiopia,2011,1.06,military_spending_gdp,SIPRI,ETH
1934,Gabon,2011,1.46,military_spending_gdp,SIPRI,GAB
1936,Ghana,2011,0.44,military_spending_gdp,SIPRI,GHA
1938,Guinea-Bissau,2011,1.52,military_spending_gdp,SIPRI,GNB
1939,Kenya,2011,1.38,military_spending_gdp,SIPRI,KEN
1940,Lesotho,2011,2.26,military_spending_gdp,SIPRI,LSO
1941,Liberia,2011,0.57,military_spending_gdp,SIPRI,LBR
1942,Madagascar,2011,0.62,military_spending_gdp,SIPRI,MDG
1943,Malawi,2011,0.47,military_spending_gdp,SIPRI,MWI
1944,Mali,2011,1.24,military_spending_gdp,SIPRI,MLI
1946,Mauritius,2011,0.15,military_spending_gdp,SIPRI,MUS
1947,Mozambique,2011,0.81,military_spending_gdp,SIPRI,MOZ
1948,Namibia,2011,3.57,military_spending_gdp,SIPRI,NAM
1949,Niger,2011,0.98,military_spending_gdp,SIPRI,NER
1950,Nigeria,2011,0.58,military_spending_gdp,SIPRI,NGA
1951,Rwanda,2011,1.09,military_spending_gdp,SIPRI,RWA
1952,Senegal,2011,1.29,military_spending_gdp,SIPRI,SEN
1953,Seychelles,2011,0.86,military_spending_gdp,SIPRI,SYC
1954,Sierra Leone,2011,0.53,military_spending_gdp,SIPRI,SLE
1956,South Africa,2011,1.0,military_spending_gdp,SIPRI,ZAF
1957,South Sudan,2011,6.09,military_spending_gdp,SIPRI,SSD
1959,Eswatini,2011,2.22,military_spending_gdp,SIPRI,SWZ
1960,Tanzania,2011,0.9,military_spending_gdp,SIPRI,TZA
1961,Togo,2011,1.53,military_spending_gdp,SIPRI,TGO
1962,Uganda,2011,2.54,military_spending_gdp,SIPRI,UGA
1963,Zambia,2011,1.32,military_spending_gdp,SIPRI,ZMB
1964,Zimbabwe,2011,1.41,military_spending_gdp,SIPRI,ZWE
1965,Belize,2011,0.87,military_spending_gdp,SIPRI,BLZ
1966,Costa Rica,2011,0.0,military_spending_gdp,SIPRI,CRI
1967,Cuba,2011,3.08,military_spending_gdp,SIPRI,CUB
1968,Dominican Republic,2011,0.6,military_spending_gdp,SIPRI,DOM
1969,El Salvador,2011,1.09,military_spending_gdp,SIPRI,SLV
1970,Guatemala,2011,0.46,military_spending_gdp,SIPRI,GTM
1972,Honduras,2011,1.13,military_spending_gdp,SIPRI,HND
1973,Jamaica,2011,0.93,military_spending_gdp,SIPRI,JAM
1974,Mexico,2011,0.45,military_spending_gdp,SIPRI,MEX
1975,Nicaragua,2011,0.53,military_spending_gdp,SIPRI,NIC
1976,Panama,2011,0.0,military_spending_gdp,SIPRI,PAN
1977,Trinidad and Tobago,2011,0.57,military_spending_gdp,SIPRI,TTO
1978,Canada,2011,1.19,military_spending_gdp,SIPRI,CAN
1979,United States of America,2011,4.82,military_spending_gdp,SIPRI,USA
1980,Argentina,2011,0.76,military_spending_gdp,SIPRI,ARG
1981,Bolivia,2011,1.68,military_spending_gdp,SIPRI,BOL
1982,Brazil,2011,1.41,military_spending_gdp,SIPRI,BRA
1983,Chile,2011,2.26,military_spending_gdp,SIPRI,CHL
1984,Colombia,2011,3.08,military_spending_gdp,SIPRI,COL
1985,Ecuador,2011,3.11,military_spending_gdp,SIPRI,ECU
1986,Guyana,2011,0.88,military_spending_gdp,SIPRI,GUY
1987,Paraguay,2011,0.84,military_spending_gdp,SIPRI,PRY
1988,Peru,2011,1.37,military_spending_gdp,SIPRI,PER
1989,Uruguay,2011,1.72,military_spending_gdp,SIPRI,URY
1990,Venezuela,2011,1.13,military_spending_gdp,SIPRI,VEN
1991,Australia,2011,1.75,military_spending_gdp,SIPRI,AUS
1992,Fiji,2011,1.61,military_spending_gdp,SIPRI,FJI
1993,New Zealand,2011,1.16,military_spending_gdp,SIPRI,NZL
1994,Papua New Guinea,2011,0.36,military_spending_gdp,SIPRI,PNG
1995,Afghanistan,2011,1.82,military_spending_gdp,SIPRI,AFG
1996,Bangladesh,2011,1.46,military_spending_gdp,SIPRI,BGD
1997,India,2011,2.7,military_spending_gdp,SIPRI,IND
1998,Nepal,2011,1.35,military_spending_gdp,SIPRI,NPL
1999,Pakistan,2011,2.92,military_spending_gdp,SIPRI,PAK
2000,Sri Lanka,2011,2.69,military_spending_gdp,SIPRI,LKA
2001,China,2011,1.63,military_spending_gdp,SIPRI,CHN
2002,Japan,2011,0.97,military_spending_gdp,SIPRI,JPN
2005,Mongolia,2011,0.84,military_spending_gdp,SIPRI,MNG
2006,Taiwan,2011,2.07,military_spending_gdp,SIPRI,TWN
2008,Cambodia,2011,1.2,military_spending_gdp,SIPRI,KHM
2009,Indonesia,2011,0.65,military_spending_gdp,SIPRI,IDN
2010,Laos,2011,0.21,military_spending_gdp,SIPRI,LAO
2011,Malaysia,2011,1.55,military_spending_gdp,SIPRI,MYS
2013,Philippines,2011,1.15,military_spending_gdp,SIPRI,PHL
2014,Singapore,2011,3.19,military_spending_gdp,SIPRI,SGP
2015,Thailand,2011,1.39,military_spending_gdp,SIPRI,THA
2017,Viet Nam,2011,1.76,military_spending_gdp,SIPRI,VNM
2018,Kazakhstan,2011,0.94,military_spending_gdp,SIPRI,KAZ
2019,Kyrgyz Republic,2011,3.4,military_spending_gdp,SIPRI,KGZ
2020,Tajikistan,2011,1.09,military_spending_gdp,SIPRI,TJK
2023,Albania,2011,1.52,military_spending_gdp,SIPRI,ALB
2024,Bosnia and Herzegovina,2011,1.14,military_spending_gdp,SIPRI,BIH
2025,Bulgaria,2011,1.31,military_spending_gdp,SIPRI,BGR
2026,Croatia,2011,1.74,military_spending_gdp,SIPRI,HRV
2027,Czechia,2011,1.07,military_spending_gdp,SIPRI,CZE
2029,Estonia,2011,1.67,military_spending_gdp,SIPRI,EST
2031,Hungary,2011,1.04,military_spending_gdp,SIPRI,HUN
2033,Latvia,2011,1.11,military_spending_gdp,SIPRI,LVA
2034,Lithuania,2011,0.8,military_spending_gdp,SIPRI,LTU
2035,North Macedonia,2011,1.26,military_spending_gdp,SIPRI,MKD
2036,Montenegro,2011,1.76,military_spending_gdp,SIPRI,MNE
2037,Poland,2011,1.79,military_spending_gdp,SIPRI,POL
2038,Romania,2011,1.24,military_spending_gdp,SIPRI,ROU
2039,Serbia,2011,1.93,military_spending_gdp,SIPRI,SRB
2040,Slovakia,2011,1.07,military_spending_gdp,SIPRI,SVK
2041,Slovenia,2011,1.3,military_spending_gdp,SIPRI,SVN
2043,Armenia,2011,3.85,military_spending_gdp,SIPRI,ARM
2044,Azerbaijan,2011,4.67,military_spending_gdp,SIPRI,AZE
2045,Belarus,2011,1.97,military_spending_gdp,SIPRI,BLR
2046,Georgia,2011,3.03,military_spending_gdp,SIPRI,GEO
2047,Moldova,2011,0.27,military_spending_gdp,SIPRI,MDA
2049,Ukraine,2011,2.26,military_spending_gdp,SIPRI,UKR
2051,Austria,2011,0.8,military_spending_gdp,SIPRI,AUT
2052,Belgium,2011,1.04,military_spending_gdp,SIPRI,BEL
2053,Cyprus,2011,1.74,military_spending_gdp,SIPRI,CYP
2054,Denmark,2011,1.31,military_spending_gdp,SIPRI,DNK
2055,Finland,2011,1.49,military_spending_gdp,SIPRI,FIN
2056,France,2011,1.89,military_spending_gdp,SIPRI,FRA
2057,Germany,2011,1.18,military_spending_gdp,SIPRI,DEU
2058,Greece,2011,2.52,military_spending_gdp,SIPRI,GRC
2059,Iceland,2011,0.0,military_spending_gdp,SIPRI,ISL
2060,Ireland,2011,0.54,military_spending_gdp,SIPRI,IRL
2061,Italy,2011,1.47,military_spending_gdp,SIPRI,ITA
2062,Luxembourg,2011,0.32,military_spending_gdp,SIPRI,LUX
2063,Malta,2011,0.57,military_spending_gdp,SIPRI,MLT
2064,Netherlands,2011,1.28,military_spending_gdp,SIPRI,NLD
2065,Norway,2011,1.44,military_spending_gdp,SIPRI,NOR
2066,Portugal,2011,1.57,military_spending_gdp,SIPRI,PRT
2067,Spain,2011,1.33,military_spending_gdp,SIPRI,ESP
2068,Sweden,2011,1.11,military_spending_gdp,SIPRI,SWE
2069,Switzerland,2011,0.69,military_spending_gdp,SIPRI,CHE
2070,United Kingdom,2011,2.49,military_spending_gdp,SIPRI,GBR
2072,Bahrain,2011,3.59,military_spending_gdp,SIPRI,BHR
2073,Egypt,2011,1.84,military_spending_gdp,SIPRI,EGY
2074,Iran,2011,2.38,military_spending_gdp,SIPRI,IRN
2075,Iraq,2011,2.3,military_spending_gdp,SIPRI,IRQ
2076,Israel,2011,5.43,military_spending_gdp,SIPRI,ISR
2077,Jordan,2011,5.4,military_spending_gdp,SIPRI,JOR
2078,Kuwait,2011,3.5,military_spending_gdp,SIPRI,KWT
2079,Lebanon,2011,4.07,military_spending_gdp,SIPRI,LBN
2080,Oman,2011,6.45,military_spending_gdp,SIPRI,OMN
2082,Saudi Arabia,2011,7.13,military_spending_gdp,SIPRI,SAU
2084,Türkiye,2011,2.01,military_spending_gdp,SIPRI,TUR
2085,United Arab Emirates,2011,5.47,military_spending_gdp,SIPRI,ARE
2087,Yemen,2011,4.93,military_spending_gdp,SIPRI,YEM
2088,Algeria,2012,4.11,military_spending_gdp,SIPRI,DZA
2089,Libya,2012,3.23,military_spending_gdp,SIPRI,LBY
2090,Morocco,2012,3.46,military_spending_gdp,SIPRI,MAR
2091,Tunisia,2012,1.44,military_spending_gdp,SIPRI,TUN
2092,Angola,2012,3.24,military_spending_gdp,SIPRI,AGO
2093,Benin,2012,0.7,military_spending_gdp,SIPRI,BEN
2094,Botswana,2012,2.34,military_spending_gdp,SIPRI,BWA
2095,Burkina Faso,2012,1.18,military_spending_gdp,SIPRI,BFA
2096,Burundi,2012,2.53,military_spending_gdp,SIPRI,BDI
2097,Cameroon,2012,1.18,military_spending_gdp,SIPRI,CMR
2099,Central African Republic,2012,1.7,military_spending_gdp,SIPRI,CAF
2107,Ethiopia,2012,0.87,military_spending_gdp,SIPRI,ETH
2108,Gabon,2012,1.62,military_spending_gdp,SIPRI,GAB
2110,Ghana,2012,0.59,military_spending_gdp,SIPRI,GHA
2111,Guinea,2012,2.25,military_spending_gdp,SIPRI,GIN
2112,Guinea-Bissau,2012,2.33,military_spending_gdp,SIPRI,GNB
2113,Kenya,2012,1.49,military_spending_gdp,SIPRI,KEN
2114,Lesotho,2012,2.15,military_spending_gdp,SIPRI,LSO
2115,Liberia,2012,0.57,military_spending_gdp,SIPRI,LBR
2116,Madagascar,2012,0.59,military_spending_gdp,SIPRI,MDG
2117,Malawi,2012,0.54,military_spending_gdp,SIPRI,MWI
2118,Mali,2012,1.2,military_spending_gdp,SIPRI,MLI
2119,Mauritania,2012,2.11,military_spending_gdp,SIPRI,MRT
2120,Mauritius,2012,0.14,military_spending_gdp,SIPRI,MUS
2121,Mozambique,2012,0.83,military_spending_gdp,SIPRI,MOZ
2122,Namibia,2012,3.17,military_spending_gdp,SIPRI,NAM
2123,Niger,2012,1.62,military_spending_gdp,SIPRI,NER
2124,Nigeria,2012,0.5,military_spending_gdp,SIPRI,NGA
2125,Rwanda,2012,1.04,military_spending_gdp,SIPRI,RWA
2126,Senegal,2012,1.11,military_spending_gdp,SIPRI,SEN
2127,Seychelles,2012,0.94,military_spending_gdp,SIPRI,SYC
2128,Sierra Leone,2012,0.52,military_spending_gdp,SIPRI,SLE
2130,South Africa,2012,1.03,military_spending_gdp,SIPRI,ZAF
2131,South Sudan,2012,8.77,military_spending_gdp,SIPRI,SSD
2133,Eswatini,2012,1.91,military_spending_gdp,SIPRI,SWZ
2134,Tanzania,2012,0.91,military_spending_gdp,SIPRI,TZA
2135,Togo,2012,1.62,military_spending_gdp,SIPRI,TGO
2136,Uganda,2012,1.18,military_spending_gdp,SIPRI,UGA
2137,Zambia,2012,1.36,military_spending_gdp,SIPRI,ZMB
2138,Zimbabwe,2012,1.86,military_spending_gdp,SIPRI,ZWE
2139,Belize,2012,0.81,military_spending_gdp,SIPRI,BLZ
2140,Costa Rica,2012,0.0,military_spending_gdp,SIPRI,CRI
2141,Cuba,2012,3.94,military_spending_gdp,SIPRI,CUB
2142,Dominican Republic,2012,0.65,military_spending_gdp,SIPRI,DOM
2143,El Salvador,2012,1.05,military_spending_gdp,SIPRI,SLV
2144,Guatemala,2012,0.48,military_spending_gdp,SIPRI,GTM
2146,Honduras,2012,1.13,military_spending_gdp,SIPRI,HND
2147,Jamaica,2012,0.93,military_spending_gdp,SIPRI,JAM
2148,Mexico,2012,0.46,military_spending_gdp,SIPRI,MEX
2149,Nicaragua,2012,0.67,military_spending_gdp,SIPRI,NIC
2150,Panama,2012,0.0,military_spending_gdp,SIPRI,PAN
2151,Trinidad and Tobago,2012,0.64,military_spending_gdp,SIPRI,TTO
2152,Canada,2012,1.12,military_spending_gdp,SIPRI,CAN
2153,United States of America,2012,4.46,military_spending_gdp,SIPRI,USA
2154,Argentina,2012,0.78,military_spending_gdp,SIPRI,ARG
2155,Bolivia,2012,1.85,military_spending_gdp,SIPRI,BOL
2156,Brazil,2012,1.38,military_spending_gdp,SIPRI,BRA
2157,Chile,2012,2.05,military_spending_gdp,SIPRI,CHL
2158,Colombia,2012,3.16,military_spending_gdp,SIPRI,COL
2159,Ecuador,2012,2.95,military_spending_gdp,SIPRI,ECU
2160,Guyana,2012,0.83,military_spending_gdp,SIPRI,GUY
2161,Paraguay,2012,0.96,military_spending_gdp,SIPRI,PRY
2162,Peru,2012,1.48,military_spending_gdp,SIPRI,PER
2163,Uruguay,2012,1.61,military_spending_gdp,SIPRI,URY
2164,Venezuela,2012,1.34,military_spending_gdp,SIPRI,VEN
2165,Australia,2012,1.66,military_spending_gdp,SIPRI,AUS
2166,Fiji,2012,1.49,military_spending_gdp,SIPRI,FJI
2167,New Zealand,2012,1.12,military_spending_gdp,SIPRI,NZL
2168,Papua New Guinea,2012,0.52,military_spending_gdp,SIPRI,PNG
2169,Afghanistan,2012,1.18,military_spending_gdp,SIPRI,AFG
2170,Bangladesh,2012,1.41,military_spending_gdp,SIPRI,BGD
2171,India,2012,2.62,military_spending_gdp,SIPRI,IND
2172,Nepal,2012,1.24,military_spending_gdp,SIPRI,NPL
2173,Pakistan,2012,3.1,military_spending_gdp,SIPRI,PAK
2174,Sri Lanka,2012,2.16,military_spending_gdp,SIPRI,LKA
2175,China,2012,1.67,military_spending_gdp,SIPRI,CHN
2176,Japan,2012,0.95,military_spending_gdp,SIPRI,JPN
2179,Mongolia,2012,0.92,military_spending_gdp,SIPRI,MNG
2180,Taiwan,2012,2.12,military_spending_gdp,SIPRI,TWN
2182,Cambodia,2012,1.22,military_spending_gdp,SIPRI,KHM
2183,Indonesia,2012,0.71,military_spending_gdp,SIPRI,IDN
2184,Laos,2012,0.2,military_spending_gdp,SIPRI,LAO
2185,Malaysia,2012,1.41,military_spending_gdp,SIPRI,MYS
2186,Myanmar,2012,3.9,military_spending_gdp,SIPRI,MMR
2187,Philippines,2012,1.11,military_spending_gdp,SIPRI,PHL
2188,Singapore,2012,3.11,military_spending_gdp,SIPRI,SGP
2189,Thailand,2012,1.39,military_spending_gdp,SIPRI,THA
2191,Viet Nam,2012,2.42,military_spending_gdp,SIPRI,VNM
2192,Kazakhstan,2012,1.05,military_spending_gdp,SIPRI,KAZ
2193,Kyrgyz Republic,2012,3.21,military_spending_gdp,SIPRI,KGZ
2194,Tajikistan,2012,1.0,military_spending_gdp,SIPRI,TJK
2197,Albania,2012,1.5,military_spending_gdp,SIPRI,ALB
2198,Bosnia and Herzegovina,2012,1.15,military_spending_gdp,SIPRI,BIH
2199,Bulgaria,2012,1.33,military_spending_gdp,SIPRI,BGR
2200,Croatia,2012,1.66,military_spending_gdp,SIPRI,HRV
2201,Czechia,2012,1.06,military_spending_gdp,SIPRI,CZE
2203,Estonia,2012,1.88,military_spending_gdp,SIPRI,EST
2205,Hungary,2012,1.03,military_spending_gdp,SIPRI,HUN
2207,Latvia,2012,0.94,military_spending_gdp,SIPRI,LVA
2208,Lithuania,2012,0.77,military_spending_gdp,SIPRI,LTU
2209,North Macedonia,2012,1.23,military_spending_gdp,SIPRI,MKD
2210,Montenegro,2012,1.66,military_spending_gdp,SIPRI,MNE
2211,Poland,2012,1.8,military_spending_gdp,SIPRI,POL
2212,Romania,2012,1.17,military_spending_gdp,SIPRI,ROU
2213,Serbia,2012,1.92,military_spending_gdp,SIPRI,SRB
2214,Slovakia,2012,1.08,military_spending_gdp,SIPRI,SVK
2215,Slovenia,2012,1.18,military_spending_gdp,SIPRI,SVN
2217,Armenia,2012,3.58,military_spending_gdp,SIPRI,ARM
2218,Azerbaijan,2012,4.66,military_spending_gdp,SIPRI,AZE
2219,Belarus,2012,2.04,military_spending_gdp,SIPRI,BLR
2220,Georgia,2012,2.91,military_spending_gdp,SIPRI,GEO
2221,Moldova,2012,0.27,military_spending_gdp,SIPRI,MDA
2223,Ukraine,2012,2.35,military_spending_gdp,SIPRI,UKR
2225,Austria,2012,0.78,military_spending_gdp,SIPRI,AUT
2226,Belgium,2012,1.04,military_spending_gdp,SIPRI,BEL
2227,Cyprus,2012,1.65,military_spending_gdp,SIPRI,CYP
2228,Denmark,2012,1.35,military_spending_gdp,SIPRI,DNK
2229,Finland,2012,1.53,military_spending_gdp,SIPRI,FIN
2230,France,2012,1.87,military_spending_gdp,SIPRI,FRA
2231,Germany,2012,1.22,military_spending_gdp,SIPRI,DEU
2232,Greece,2012,2.48,military_spending_gdp,SIPRI,GRC
2233,Iceland,2012,0.0,military_spending_gdp,SIPRI,ISL
2234,Ireland,2012,0.51,military_spending_gdp,SIPRI,IRL
2235,Italy,2012,1.42,military_spending_gdp,SIPRI,ITA
2236,Luxembourg,2012,0.31,military_spending_gdp,SIPRI,LUX
2237,Malta,2012,0.52,military_spending_gdp,SIPRI,MLT
2238,Netherlands,2012,1.23,military_spending_gdp,SIPRI,NLD
2239,Norway,2012,1.39,military_spending_gdp,SIPRI,NOR
2240,Portugal,2012,1.82,military_spending_gdp,SIPRI,PRT
2241,Spain,2012,1.42,military_spending_gdp,SIPRI,ESP
2242,Sweden,2012,1.14,military_spending_gdp,SIPRI,SWE
2243,Switzerland,2012,0.67,military_spending_gdp,SIPRI,CHE
2244,United Kingdom,2012,2.41,military_spending_gdp,SIPRI,GBR
2246,Bahrain,2012,3.84,military_spending_gdp,SIPRI,BHR
2247,Egypt,2012,1.65,military_spending_gdp,SIPRI,EGY
2248,Iran,2012,2.69,military_spending_gdp,SIPRI,IRN
2249,Iraq,2012,1.9,military_spending_gdp,SIPRI,IRQ
2250,Israel,2012,5.31,military_spending_gdp,SIPRI,ISR
2251,Jordan,2012,4.66,military_spending_gdp,SIPRI,JOR
2252,Kuwait,2012,3.41,military_spending_gdp,SIPRI,KWT
2253,Lebanon,2012,3.99,military_spending_gdp,SIPRI,LBN
2254,Oman,2012,10.58,military_spending_gdp,SIPRI,OMN
2256,Saudi Arabia,2012,7.51,military_spending_gdp,SIPRI,SAU
2258,Türkiye,2012,2.0,military_spending_gdp,SIPRI,TUR
2259,United Arab Emirates,2012,5.08,military_spending_gdp,SIPRI,ARE
2261,Yemen,2012,4.57,military_spending_gdp,SIPRI,YEM
2262,Algeria,2013,4.42,military_spending_gdp,SIPRI,DZA
2263,Libya,2013,5.26,military_spending_gdp,SIPRI,LBY
2264,Morocco,2013,3.81,military_spending_gdp,SIPRI,MAR
2265,Tunisia,2013,1.56,military_spending_gdp,SIPRI,TUN
2266,Angola,2013,4.46,military_spending_gdp,SIPRI,AGO
2267,Benin,2013,0.69,military_spending_gdp,SIPRI,BEN
2268,Botswana,2013,2.15,military_spending_gdp,SIPRI,BWA
2269,Burkina Faso,2013,1.24,military_spending_gdp,SIPRI,BFA
2270,Burundi,2013,2.48,military_spending_gdp,SIPRI,BDI
2271,Cameroon,2013,1.17,military_spending_gdp,SIPRI,CMR
2273,Central African Republic,2013,2.83,military_spending_gdp,SIPRI,CAF
2274,Chad,2013,4.29,military_spending_gdp,SIPRI,TCD
2281,Ethiopia,2013,0.81,military_spending_gdp,SIPRI,ETH
2282,Gabon,2013,1.6,military_spending_gdp,SIPRI,GAB
2284,Ghana,2013,0.4,military_spending_gdp,SIPRI,GHA
2285,Guinea,2013,2.39,military_spending_gdp,SIPRI,GIN
2286,Guinea-Bissau,2013,1.96,military_spending_gdp,SIPRI,GNB
2287,Kenya,2013,1.4,military_spending_gdp,SIPRI,KEN
2288,Lesotho,2013,2.03,military_spending_gdp,SIPRI,LSO
2289,Liberia,2013,0.5,military_spending_gdp,SIPRI,LBR
2290,Madagascar,2013,0.58,military_spending_gdp,SIPRI,MDG
2291,Malawi,2013,0.81,military_spending_gdp,SIPRI,MWI
2292,Mali,2013,1.16,military_spending_gdp,SIPRI,MLI
2293,Mauritania,2013,2.0,military_spending_gdp,SIPRI,MRT
2294,Mauritius,2013,0.19,military_spending_gdp,SIPRI,MUS
2295,Mozambique,2013,0.92,military_spending_gdp,SIPRI,MOZ
2296,Namibia,2013,3.21,military_spending_gdp,SIPRI,NAM
2297,Niger,2013,1.05,military_spending_gdp,SIPRI,NER
2298,Nigeria,2013,0.47,military_spending_gdp,SIPRI,NGA
2299,Rwanda,2013,1.05,military_spending_gdp,SIPRI,RWA
2300,Senegal,2013,1.25,military_spending_gdp,SIPRI,SEN
2301,Seychelles,2013,1.04,military_spending_gdp,SIPRI,SYC
2302,Sierra Leone,2013,0.47,military_spending_gdp,SIPRI,SLE
2303,Somalia,2013,0.44,military_spending_gdp,SIPRI,SOM
2304,South Africa,2013,1.03,military_spending_gdp,SIPRI,ZAF
2305,South Sudan,2013,6.57,military_spending_gdp,SIPRI,SSD
2307,Eswatini,2013,1.95,military_spending_gdp,SIPRI,SWZ
2308,Tanzania,2013,0.97,military_spending_gdp,SIPRI,TZA
2309,Togo,2013,1.68,military_spending_gdp,SIPRI,TGO
2310,Uganda,2013,0.94,military_spending_gdp,SIPRI,UGA
2311,Zambia,2013,1.36,military_spending_gdp,SIPRI,ZMB
2312,Zimbabwe,2013,1.87,military_spending_gdp,SIPRI,ZWE
2313,Belize,2013,0.9,military_spending_gdp,SIPRI,BLZ
2314,Costa Rica,2013,0.0,military_spending_gdp,SIPRI,CRI
2315,Cuba,2013,3.51,military_spending_gdp,SIPRI,CUB
2316,Dominican Republic,2013,0.61,military_spending_gdp,SIPRI,DOM
2317,El Salvador,2013,1.08,military_spending_gdp,SIPRI,SLV
2318,Guatemala,2013,0.47,military_spending_gdp,SIPRI,GTM
2319,Haiti,2013,0.03,military_spending_gdp,SIPRI,HTI
2320,Honduras,2013,1.38,military_spending_gdp,SIPRI,HND
2321,Jamaica,2013,0.9,military_spending_gdp,SIPRI,JAM
2322,Mexico,2013,0.49,military_spending_gdp,SIPRI,MEX
2323,Nicaragua,2013,0.68,military_spending_gdp,SIPRI,NIC
2324,Panama,2013,0.0,military_spending_gdp,SIPRI,PAN
2325,Trinidad and Tobago,2013,0.76,military_spending_gdp,SIPRI,TTO
2326,Canada,2013,1.0,military_spending_gdp,SIPRI,CAN
2327,United States of America,2013,4.02,military_spending_gdp,SIPRI,USA
2328,Argentina,2013,0.84,military_spending_gdp,SIPRI,ARG
2329,Bolivia,2013,1.84,military_spending_gdp,SIPRI,BOL
2330,Brazil,2013,1.33,military_spending_gdp,SIPRI,BRA
2331,Chile,2013,1.99,military_spending_gdp,SIPRI,CHL
2332,Colombia,2013,3.27,military_spending_gdp,SIPRI,COL
2333,Ecuador,2013,2.83,military_spending_gdp,SIPRI,ECU
2334,Guyana,2013,0.84,military_spending_gdp,SIPRI,GUY
2335,Paraguay,2013,0.96,military_spending_gdp,SIPRI,PRY
2336,Peru,2013,1.64,military_spending_gdp,SIPRI,PER
2337,Uruguay,2013,1.69,military_spending_gdp,SIPRI,URY
2338,Venezuela,2013,1.67,military_spending_gdp,SIPRI,VEN
2339,Australia,2013,1.63,military_spending_gdp,SIPRI,AUS
2340,Fiji,2013,1.39,military_spending_gdp,SIPRI,FJI
2341,New Zealand,2013,1.04,military_spending_gdp,SIPRI,NZL
2342,Papua New Guinea,2013,0.49,military_spending_gdp,SIPRI,PNG
2343,Afghanistan,2013,1.08,military_spending_gdp,SIPRI,AFG
2344,Bangladesh,2013,1.33,military_spending_gdp,SIPRI,BGD
2345,India,2013,2.55,military_spending_gdp,SIPRI,IND
2346,Nepal,2013,1.34,military_spending_gdp,SIPRI,NPL
2347,Pakistan,2013,3.09,military_spending_gdp,SIPRI,PAK
2348,Sri Lanka,2013,2.15,military_spending_gdp,SIPRI,LKA
2349,China,2013,1.68,military_spending_gdp,SIPRI,CHN
2350,Japan,2013,0.93,military_spending_gdp,SIPRI,JPN
2353,Mongolia,2013,0.82,military_spending_gdp,SIPRI,MNG
2354,Taiwan,2013,1.94,military_spending_gdp,SIPRI,TWN
2356,Cambodia,2013,1.23,military_spending_gdp,SIPRI,KHM
2357,Indonesia,2013,0.92,military_spending_gdp,SIPRI,IDN
2358,Laos,2013,0.19,military_spending_gdp,SIPRI,LAO
2359,Malaysia,2013,1.5,military_spending_gdp,SIPRI,MYS
2360,Myanmar,2013,3.89,military_spending_gdp,SIPRI,MMR
2361,Philippines,2013,1.19,military_spending_gdp,SIPRI,PHL
2362,Singapore,2013,3.04,military_spending_gdp,SIPRI,SGP
2363,Thailand,2013,1.35,military_spending_gdp,SIPRI,THA
2365,Viet Nam,2013,2.58,military_spending_gdp,SIPRI,VNM
2366,Kazakhstan,2013,1.08,military_spending_gdp,SIPRI,KAZ
2367,Kyrgyz Republic,2013,3.2,military_spending_gdp,SIPRI,KGZ
2371,Albania,2013,1.41,military_spending_gdp,SIPRI,ALB
2372,Bosnia and Herzegovina,2013,1.09,military_spending_gdp,SIPRI,BIH
2373,Bulgaria,2013,1.45,military_spending_gdp,SIPRI,BGR
2374,Croatia,2013,1.61,military_spending_gdp,SIPRI,HRV
2375,Czechia,2013,1.01,military_spending_gdp,SIPRI,CZE
2377,Estonia,2013,1.88,military_spending_gdp,SIPRI,EST
2379,Hungary,2013,0.94,military_spending_gdp,SIPRI,HUN
2381,Latvia,2013,0.97,military_spending_gdp,SIPRI,LVA
2382,Lithuania,2013,0.77,military_spending_gdp,SIPRI,LTU
2383,North Macedonia,2013,1.17,military_spending_gdp,SIPRI,MKD
2384,Montenegro,2013,1.47,military_spending_gdp,SIPRI,MNE
2385,Poland,2013,1.79,military_spending_gdp,SIPRI,POL
2386,Romania,2013,1.29,military_spending_gdp,SIPRI,ROU
2387,Serbia,2013,1.85,military_spending_gdp,SIPRI,SRB
2388,Slovakia,2013,0.98,military_spending_gdp,SIPRI,SVK
2389,Slovenia,2013,1.06,military_spending_gdp,SIPRI,SVN
2391,Armenia,2013,4.0,military_spending_gdp,SIPRI,ARM
2392,Azerbaijan,2013,4.54,military_spending_gdp,SIPRI,AZE
2393,Belarus,2013,1.94,military_spending_gdp,SIPRI,BLR
2394,Georgia,2013,2.52,military_spending_gdp,SIPRI,GEO
2395,Moldova,2013,0.28,military_spending_gdp,SIPRI,MDA
2397,Ukraine,2013,2.39,military_spending_gdp,SIPRI,UKR
2399,Austria,2013,0.76,military_spending_gdp,SIPRI,AUT
2400,Belgium,2013,1.0,military_spending_gdp,SIPRI,BEL
2401,Cyprus,2013,1.61,military_spending_gdp,SIPRI,CYP
2402,Denmark,2013,1.22,military_spending_gdp,SIPRI,DNK
2403,Finland,2013,1.54,military_spending_gdp,SIPRI,FIN
2404,France,2013,1.85,military_spending_gdp,SIPRI,FRA
2405,Germany,2013,1.16,military_spending_gdp,SIPRI,DEU
2406,Greece,2013,2.39,military_spending_gdp,SIPRI,GRC
2407,Iceland,2013,0.0,military_spending_gdp,SIPRI,ISL
2408,Ireland,2013,0.49,military_spending_gdp,SIPRI,IRL
2409,Italy,2013,1.39,military_spending_gdp,SIPRI,ITA
2410,Luxembourg,2013,0.3,military_spending_gdp,SIPRI,LUX
2411,Malta,2013,0.5,military_spending_gdp,SIPRI,MLT
2412,Netherlands,2013,1.16,military_spending_gdp,SIPRI,NLD
2413,Norway,2013,1.41,military_spending_gdp,SIPRI,NOR
2414,Portugal,2013,1.68,military_spending_gdp,SIPRI,PRT
2415,Spain,2013,1.27,military_spending_gdp,SIPRI,ESP
2416,Sweden,2013,1.12,military_spending_gdp,SIPRI,SWE
2417,Switzerland,2013,0.71,military_spending_gdp,SIPRI,CHE
2418,United Kingdom,2013,2.28,military_spending_gdp,SIPRI,GBR
2420,Bahrain,2013,4.14,military_spending_gdp,SIPRI,BHR
2421,Egypt,2013,1.61,military_spending_gdp,SIPRI,EGY
2422,Iran,2013,2.18,military_spending_gdp,SIPRI,IRN
2423,Iraq,2013,3.32,military_spending_gdp,SIPRI,IRQ
2424,Israel,2013,5.28,military_spending_gdp,SIPRI,ISR
2425,Jordan,2013,4.19,military_spending_gdp,SIPRI,JOR
2426,Kuwait,2013,3.27,military_spending_gdp,SIPRI,KWT
2427,Lebanon,2013,4.13,military_spending_gdp,SIPRI,LBN
2428,Oman,2013,9.75,military_spending_gdp,SIPRI,OMN
2430,Saudi Arabia,2013,8.71,military_spending_gdp,SIPRI,SAU
2432,Türkiye,2013,1.92,military_spending_gdp,SIPRI,TUR
2433,United Arab Emirates,2013,6.03,military_spending_gdp,SIPRI,ARE
2435,Yemen,2013,4.08,military_spending_gdp,SIPRI,YEM
2436,Algeria,2014,4.96,military_spending_gdp,SIPRI,DZA
2437,Libya,2014,6.55,military_spending_gdp,SIPRI,LBY
2438,Morocco,2014,3.4,military_spending_gdp,SIPRI,MAR
2439,Tunisia,2014,1.81,military_spending_gdp,SIPRI,TUN
2440,Angola,2014,4.7,military_spending_gdp,SIPRI,AGO
2441,Benin,2014,0.7,military_spending_gdp,SIPRI,BEN
2442,Botswana,2014,2.21,military_spending_gdp,SIPRI,BWA
2443,Burkina Faso,2014,1.27,military_spending_gdp,SIPRI,BFA
2444,Burundi,2014,2.3,military_spending_gdp,SIPRI,BDI
2445,Cameroon,2014,1.1,military_spending_gdp,SIPRI,CMR
2447,Central African Republic,2014,2.03,military_spending_gdp,SIPRI,CAF
2448,Chad,2014,2.16,military_spending_gdp,SIPRI,TCD
2453,Equatorial Guinea,2014,0.77,military_spending_gdp,SIPRI,GNQ
2455,Ethiopia,2014,0.73,military_spending_gdp,SIPRI,ETH
2456,Gabon,2014,1.14,military_spending_gdp,SIPRI,GAB
2458,Ghana,2014,0.48,military_spending_gdp,SIPRI,GHA
2459,Guinea,2014,2.28,military_spending_gdp,SIPRI,GIN
2460,Guinea-Bissau,2014,1.89,military_spending_gdp,SIPRI,GNB
2461,Kenya,2014,1.2,military_spending_gdp,SIPRI,KEN
2462,Lesotho,2014,1.95,military_spending_gdp,SIPRI,LSO
2463,Liberia,2014,0.47,military_spending_gdp,SIPRI,LBR
2464,Madagascar,2014,0.56,military_spending_gdp,SIPRI,MDG
2465,Malawi,2014,0.58,military_spending_gdp,SIPRI,MWI
2466,Mali,2014,1.52,military_spending_gdp,SIPRI,MLI
2467,Mauritania,2014,2.2,military_spending_gdp,SIPRI,MRT
2468,Mauritius,2014,0.15,military_spending_gdp,SIPRI,MUS
2469,Mozambique,2014,0.97,military_spending_gdp,SIPRI,MOZ
2470,Namibia,2014,4.33,military_spending_gdp,SIPRI,NAM
2471,Niger,2014,1.34,military_spending_gdp,SIPRI,NER
2472,Nigeria,2014,0.41,military_spending_gdp,SIPRI,NGA
2473,Rwanda,2014,1.1,military_spending_gdp,SIPRI,RWA
2474,Senegal,2014,1.21,military_spending_gdp,SIPRI,SEN
2475,Seychelles,2014,2.23,military_spending_gdp,SIPRI,SYC
2476,Sierra Leone,2014,0.75,military_spending_gdp,SIPRI,SLE
2477,Somalia,2014,0.94,military_spending_gdp,SIPRI,SOM
2478,South Africa,2014,1.02,military_spending_gdp,SIPRI,ZAF
2479,South Sudan,2014,8.57,military_spending_gdp,SIPRI,SSD
2481,Eswatini,2014,1.82,military_spending_gdp,SIPRI,SWZ
2482,Tanzania,2014,1.02,military_spending_gdp,SIPRI,TZA
2483,Togo,2014,1.82,military_spending_gdp,SIPRI,TGO
2484,Uganda,2014,0.92,military_spending_gdp,SIPRI,UGA
2485,Zambia,2014,1.63,military_spending_gdp,SIPRI,ZMB
2486,Zimbabwe,2014,1.89,military_spending_gdp,SIPRI,ZWE
2487,Belize,2014,0.93,military_spending_gdp,SIPRI,BLZ
2488,Costa Rica,2014,0.0,military_spending_gdp,SIPRI,CRI
2489,Cuba,2014,3.54,military_spending_gdp,SIPRI,CUB
2490,Dominican Republic,2014,0.65,military_spending_gdp,SIPRI,DOM
2491,El Salvador,2014,1.04,military_spending_gdp,SIPRI,SLV
2492,Guatemala,2014,0.42,military_spending_gdp,SIPRI,GTM
2493,Haiti,2014,0.04,military_spending_gdp,SIPRI,HTI
2494,Honduras,2014,1.19,military_spending_gdp,SIPRI,HND
2495,Jamaica,2014,0.87,military_spending_gdp,SIPRI,JAM
2496,Mexico,2014,0.5,military_spending_gdp,SIPRI,MEX
2497,Nicaragua,2014,0.69,military_spending_gdp,SIPRI,NIC
2498,Panama,2014,0.0,military_spending_gdp,SIPRI,PAN
2499,Trinidad and Tobago,2014,0.66,military_spending_gdp,SIPRI,TTO
2500,Canada,2014,1.09,military_spending_gdp,SIPRI,CAN
2501,United States of America,2014,3.68,military_spending_gdp,SIPRI,USA
2502,Argentina,2014,0.88,military_spending_gdp,SIPRI,ARG
2503,Bolivia,2014,1.9,military_spending_gdp,SIPRI,BOL
2504,Brazil,2014,1.33,military_spending_gdp,SIPRI,BRA
2505,Chile,2014,1.97,military_spending_gdp,SIPRI,CHL
2506,Colombia,2014,3.11,military_spending_gdp,SIPRI,COL
2507,Ecuador,2014,2.71,military_spending_gdp,SIPRI,ECU
2508,Guyana,2014,0.95,military_spending_gdp,SIPRI,GUY
2509,Paraguay,2014,0.99,military_spending_gdp,SIPRI,PRY
2510,Peru,2014,1.6,military_spending_gdp,SIPRI,PER
2511,Uruguay,2014,1.74,military_spending_gdp,SIPRI,URY
2512,Venezuela,2014,1.16,military_spending_gdp,SIPRI,VEN
2513,Australia,2014,1.76,military_spending_gdp,SIPRI,AUS
2514,Fiji,2014,1.54,military_spending_gdp,SIPRI,FJI
2515,New Zealand,2014,1.0,military_spending_gdp,SIPRI,NZL
2516,Papua New Guinea,2014,0.48,military_spending_gdp,SIPRI,PNG
2517,Afghanistan,2014,1.3,military_spending_gdp,SIPRI,AFG
2518,Bangladesh,2014,1.36,military_spending_gdp,SIPRI,BGD
2519,India,2014,2.54,military_spending_gdp,SIPRI,IND
2520,Nepal,2014,1.43,military_spending_gdp,SIPRI,NPL
2521,Pakistan,2014,3.1,military_spending_gdp,SIPRI,PAK
2522,Sri Lanka,2014,2.41,military_spending_gdp,SIPRI,LKA
2523,China,2014,1.71,military_spending_gdp,SIPRI,CHN
2524,Japan,2014,0.94,military_spending_gdp,SIPRI,JPN
2527,Mongolia,2014,0.86,military_spending_gdp,SIPRI,MNG
2528,Taiwan,2014,1.83,military_spending_gdp,SIPRI,TWN
2530,Cambodia,2014,1.26,military_spending_gdp,SIPRI,KHM
2531,Indonesia,2014,0.78,military_spending_gdp,SIPRI,IDN
2533,Malaysia,2014,1.46,military_spending_gdp,SIPRI,MYS
2534,Myanmar,2014,3.58,military_spending_gdp,SIPRI,MMR
2535,Philippines,2014,1.04,military_spending_gdp,SIPRI,PHL
2536,Singapore,2014,3.05,military_spending_gdp,SIPRI,SGP
2537,Thailand,2014,1.38,military_spending_gdp,SIPRI,THA
2539,Viet Nam,2014,2.41,military_spending_gdp,SIPRI,VNM
2540,Kazakhstan,2014,1.04,military_spending_gdp,SIPRI,KAZ
2541,Kyrgyz Republic,2014,3.38,military_spending_gdp,SIPRI,KGZ
2542,Tajikistan,2014,1.13,military_spending_gdp,SIPRI,TJK
2545,Albania,2014,1.34,military_spending_gdp,SIPRI,ALB
2546,Bosnia and Herzegovina,2014,1.03,military_spending_gdp,SIPRI,BIH
2547,Bulgaria,2014,1.31,military_spending_gdp,SIPRI,BGR
2548,Croatia,2014,1.81,military_spending_gdp,SIPRI,HRV
2549,Czechia,2014,0.96,military_spending_gdp,SIPRI,CZE
2551,Estonia,2014,1.9,military_spending_gdp,SIPRI,EST
2553,Hungary,2014,0.86,military_spending_gdp,SIPRI,HUN
2555,Latvia,2014,0.98,military_spending_gdp,SIPRI,LVA
2556,Lithuania,2014,0.88,military_spending_gdp,SIPRI,LTU
2557,North Macedonia,2014,1.09,military_spending_gdp,SIPRI,MKD
2558,Montenegro,2014,1.48,military_spending_gdp,SIPRI,MNE
2559,Poland,2014,1.91,military_spending_gdp,SIPRI,POL
2560,Romania,2014,1.35,military_spending_gdp,SIPRI,ROU
2561,Serbia,2014,1.87,military_spending_gdp,SIPRI,SRB
2562,Slovakia,2014,0.98,military_spending_gdp,SIPRI,SVK
2563,Slovenia,2014,0.98,military_spending_gdp,SIPRI,SVN
2565,Armenia,2014,3.94,military_spending_gdp,SIPRI,ARM
2566,Azerbaijan,2014,4.56,military_spending_gdp,SIPRI,AZE
2567,Belarus,2014,1.86,military_spending_gdp,SIPRI,BLR
2568,Georgia,2014,2.31,military_spending_gdp,SIPRI,GEO
2569,Moldova,2014,0.29,military_spending_gdp,SIPRI,MDA
2571,Ukraine,2014,2.97,military_spending_gdp,SIPRI,UKR
2573,Austria,2014,0.75,military_spending_gdp,SIPRI,AUT
2574,Belgium,2014,0.97,military_spending_gdp,SIPRI,BEL
2575,Cyprus,2014,1.54,military_spending_gdp,SIPRI,CYP
2576,Denmark,2014,1.15,military_spending_gdp,SIPRI,DNK
2577,Finland,2014,1.46,military_spending_gdp,SIPRI,FIN
2578,France,2014,1.86,military_spending_gdp,SIPRI,FRA
2579,Germany,2014,1.13,military_spending_gdp,SIPRI,DEU
2580,Greece,2014,2.37,military_spending_gdp,SIPRI,GRC
2581,Iceland,2014,0.0,military_spending_gdp,SIPRI,ISL
2582,Ireland,2014,0.45,military_spending_gdp,SIPRI,IRL
2583,Italy,2014,1.25,military_spending_gdp,SIPRI,ITA
2584,Luxembourg,2014,0.24,military_spending_gdp,SIPRI,LUX
2585,Malta,2014,0.48,military_spending_gdp,SIPRI,MLT
2586,Netherlands,2014,1.15,military_spending_gdp,SIPRI,NLD
2587,Norway,2014,1.46,military_spending_gdp,SIPRI,NOR
2588,Portugal,2014,1.5,military_spending_gdp,SIPRI,PRT
2589,Spain,2014,1.25,military_spending_gdp,SIPRI,ESP
2590,Sweden,2014,1.13,military_spending_gdp,SIPRI,SWE
2591,Switzerland,2014,0.63,military_spending_gdp,SIPRI,CHE
2592,United Kingdom,2014,2.17,military_spending_gdp,SIPRI,GBR
2594,Bahrain,2014,4.42,military_spending_gdp,SIPRI,BHR
2595,Egypt,2014,1.69,military_spending_gdp,SIPRI,EGY
2596,Iran,2014,2.12,military_spending_gdp,SIPRI,IRN
2597,Iraq,2014,2.95,military_spending_gdp,SIPRI,IRQ
2598,Israel,2014,5.46,military_spending_gdp,SIPRI,ISR
2599,Jordan,2014,4.2,military_spending_gdp,SIPRI,JOR
2600,Kuwait,2014,3.59,military_spending_gdp,SIPRI,KWT
2601,Lebanon,2014,4.72,military_spending_gdp,SIPRI,LBN
2602,Oman,2014,8.86,military_spending_gdp,SIPRI,OMN
2604,Saudi Arabia,2014,10.26,military_spending_gdp,SIPRI,SAU
2606,Türkiye,2014,1.87,military_spending_gdp,SIPRI,TUR
2607,United Arab Emirates,2014,5.64,military_spending_gdp,SIPRI,ARE
2609,Yemen,2014,3.97,military_spending_gdp,SIPRI,YEM
2610,Algeria,2015,5.55,military_spending_gdp,SIPRI,DZA
2612,Morocco,2015,2.96,military_spending_gdp,SIPRI,MAR
2613,Tunisia,2015,2.14,military_spending_gdp,SIPRI,TUN
2614,Angola,2015,3.11,military_spending_gdp,SIPRI,AGO
2615,Benin,2015,0.8,military_spending_gdp,SIPRI,BEN
2616,Botswana,2015,2.83,military_spending_gdp,SIPRI,BWA
2617,Burkina Faso,2015,1.25,military_spending_gdp,SIPRI,BFA
2618,Burundi,2015,2.13,military_spending_gdp,SIPRI,BDI
2619,Cameroon,2015,1.1,military_spending_gdp,SIPRI,CMR
2621,Central African Republic,2015,1.58,military_spending_gdp,SIPRI,CAF
2622,Chad,2015,1.52,military_spending_gdp,SIPRI,TCD
2627,Equatorial Guinea,2015,1.04,military_spending_gdp,SIPRI,GNQ
2629,Ethiopia,2015,0.67,military_spending_gdp,SIPRI,ETH
2630,Gabon,2015,1.19,military_spending_gdp,SIPRI,GAB
2632,Ghana,2015,0.39,military_spending_gdp,SIPRI,GHA
2633,Guinea,2015,2.52,military_spending_gdp,SIPRI,GIN
2634,Guinea-Bissau,2015,1.48,military_spending_gdp,SIPRI,GNB
2635,Kenya,2015,1.2,military_spending_gdp,SIPRI,KEN
2636,Lesotho,2015,1.87,military_spending_gdp,SIPRI,LSO
2637,Liberia,2015,0.48,military_spending_gdp,SIPRI,LBR
2638,Madagascar,2015,0.52,military_spending_gdp,SIPRI,MDG
2639,Malawi,2015,0.45,military_spending_gdp,SIPRI,MWI
2640,Mali,2015,2.36,military_spending_gdp,SIPRI,MLI
2641,Mauritania,2015,2.16,military_spending_gdp,SIPRI,MRT
2642,Mauritius,2015,0.14,military_spending_gdp,SIPRI,MUS
2643,Mozambique,2015,0.83,military_spending_gdp,SIPRI,MOZ
2644,Namibia,2015,4.53,military_spending_gdp,SIPRI,NAM
2646,Nigeria,2015,0.42,military_spending_gdp,SIPRI,NGA
2647,Rwanda,2015,1.21,military_spending_gdp,SIPRI,RWA
2648,Senegal,2015,1.21,military_spending_gdp,SIPRI,SEN
2649,Seychelles,2015,1.26,military_spending_gdp,SIPRI,SYC
2650,Sierra Leone,2015,0.58,military_spending_gdp,SIPRI,SLE
2651,Somalia,2015,0.68,military_spending_gdp,SIPRI,SOM
2652,South Africa,2015,1.01,military_spending_gdp,SIPRI,ZAF
2653,South Sudan,2015,8.6,military_spending_gdp,SIPRI,SSD
2654,Sudan,2015,2.71,military_spending_gdp,SIPRI,SDN
2655,Eswatini,2015,1.75,military_spending_gdp,SIPRI,SWZ
2656,Tanzania,2015,1.09,military_spending_gdp,SIPRI,TZA
2657,Togo,2015,1.67,military_spending_gdp,SIPRI,TGO
2658,Uganda,2015,0.99,military_spending_gdp,SIPRI,UGA
2659,Zambia,2015,1.75,military_spending_gdp,SIPRI,ZMB
2660,Zimbabwe,2015,1.89,military_spending_gdp,SIPRI,ZWE
2661,Belize,2015,0.95,military_spending_gdp,SIPRI,BLZ
2662,Costa Rica,2015,0.0,military_spending_gdp,SIPRI,CRI
2663,Cuba,2015,3.08,military_spending_gdp,SIPRI,CUB
2664,Dominican Republic,2015,0.64,military_spending_gdp,SIPRI,DOM
2665,El Salvador,2015,1.06,military_spending_gdp,SIPRI,SLV
2666,Guatemala,2015,0.41,military_spending_gdp,SIPRI,GTM
2667,Haiti,2015,0.04,military_spending_gdp,SIPRI,HTI
2668,Honduras,2015,1.35,military_spending_gdp,SIPRI,HND
2669,Jamaica,2015,0.87,military_spending_gdp,SIPRI,JAM
2670,Mexico,2015,0.45,military_spending_gdp,SIPRI,MEX
2671,Nicaragua,2015,0.78,military_spending_gdp,SIPRI,NIC
2672,Panama,2015,0.0,military_spending_gdp,SIPRI,PAN
2673,Trinidad and Tobago,2015,0.75,military_spending_gdp,SIPRI,TTO
2674,Canada,2015,1.17,military_spending_gdp,SIPRI,CAN
2675,United States of America,2015,3.46,military_spending_gdp,SIPRI,USA
2676,Argentina,2015,0.85,military_spending_gdp,SIPRI,ARG
2677,Bolivia,2015,1.76,military_spending_gdp,SIPRI,BOL
2678,Brazil,2015,1.37,military_spending_gdp,SIPRI,BRA
2679,Chile,2015,1.91,military_spending_gdp,SIPRI,CHL
2680,Colombia,2015,3.11,military_spending_gdp,SIPRI,COL
2681,Ecuador,2015,2.67,military_spending_gdp,SIPRI,ECU
2682,Guyana,2015,1.08,military_spending_gdp,SIPRI,GUY
2683,Paraguay,2015,1.07,military_spending_gdp,SIPRI,PRY
2684,Peru,2015,1.75,military_spending_gdp,SIPRI,PER
2685,Uruguay,2015,1.77,military_spending_gdp,SIPRI,URY
2686,Venezuela,2015,0.94,military_spending_gdp,SIPRI,VEN
2687,Australia,2015,1.94,military_spending_gdp,SIPRI,AUS
2688,Fiji,2015,0.91,military_spending_gdp,SIPRI,FJI
2689,New Zealand,2015,0.99,military_spending_gdp,SIPRI,NZL
2690,Papua New Guinea,2015,0.46,military_spending_gdp,SIPRI,PNG
2691,Afghanistan,2015,0.99,military_spending_gdp,SIPRI,AFG
2692,Bangladesh,2015,1.45,military_spending_gdp,SIPRI,BGD
2693,India,2015,2.46,military_spending_gdp,SIPRI,IND
2694,Nepal,2015,1.37,military_spending_gdp,SIPRI,NPL
2695,Pakistan,2015,3.16,military_spending_gdp,SIPRI,PAK
2696,Sri Lanka,2015,2.42,military_spending_gdp,SIPRI,LKA
2697,China,2015,1.74,military_spending_gdp,SIPRI,CHN
2698,Japan,2015,0.93,military_spending_gdp,SIPRI,JPN
2701,Mongolia,2015,0.88,military_spending_gdp,SIPRI,MNG
2702,Taiwan,2015,1.83,military_spending_gdp,SIPRI,TWN
2704,Cambodia,2015,1.35,military_spending_gdp,SIPRI,KHM
2705,Indonesia,2015,0.88,military_spending_gdp,SIPRI,IDN
2707,Malaysia,2015,1.5,military_spending_gdp,SIPRI,MYS
2708,Myanmar,2015,4.08,military_spending_gdp,SIPRI,MMR
2709,Philippines,2015,1.09,military_spending_gdp,SIPRI,PHL
2710,Singapore,2015,3.05,military_spending_gdp,SIPRI,SGP
2711,Thailand,2015,1.34,military_spending_gdp,SIPRI,THA
2713,Viet Nam,2015,2.55,military_spending_gdp,SIPRI,VNM
2714,Kazakhstan,2015,1.11,military_spending_gdp,SIPRI,KAZ
2715,Kyrgyz Republic,2015,3.45,military_spending_gdp,SIPRI,KGZ
2716,Tajikistan,2015,1.28,military_spending_gdp,SIPRI,TJK
2719,Albania,2015,1.15,military_spending_gdp,SIPRI,ALB
2720,Bosnia and Herzegovina,2015,0.99,military_spending_gdp,SIPRI,BIH
2721,Bulgaria,2015,1.25,military_spending_gdp,SIPRI,BGR
2722,Croatia,2015,1.75,military_spending_gdp,SIPRI,HRV
2723,Czechia,2015,0.94,military_spending_gdp,SIPRI,CZE
2725,Estonia,2015,1.99,military_spending_gdp,SIPRI,EST
2727,Hungary,2015,0.9,military_spending_gdp,SIPRI,HUN
2729,Latvia,2015,1.07,military_spending_gdp,SIPRI,LVA
2730,Lithuania,2015,1.13,military_spending_gdp,SIPRI,LTU
2731,North Macedonia,2015,0.99,military_spending_gdp,SIPRI,MKD
2732,Montenegro,2015,1.42,military_spending_gdp,SIPRI,MNE
2733,Poland,2015,2.13,military_spending_gdp,SIPRI,POL
2734,Romania,2015,1.45,military_spending_gdp,SIPRI,ROU
2735,Serbia,2015,1.7,military_spending_gdp,SIPRI,SRB
2736,Slovakia,2015,1.11,military_spending_gdp,SIPRI,SVK
2737,Slovenia,2015,0.94,military_spending_gdp,SIPRI,SVN
2739,Armenia,2015,4.24,military_spending_gdp,SIPRI,ARM
2740,Azerbaijan,2015,5.46,military_spending_gdp,SIPRI,AZE
2741,Belarus,2015,1.76,military_spending_gdp,SIPRI,BLR
2742,Georgia,2015,1.97,military_spending_gdp,SIPRI,GEO
2743,Moldova,2015,0.3,military_spending_gdp,SIPRI,MDA
2745,Ukraine,2015,3.85,military_spending_gdp,SIPRI,UKR
2747,Austria,2015,0.7,military_spending_gdp,SIPRI,AUT
2748,Belgium,2015,0.91,military_spending_gdp,SIPRI,BEL
2749,Cyprus,2015,1.65,military_spending_gdp,SIPRI,CYP
2750,Denmark,2015,1.11,military_spending_gdp,SIPRI,DNK
2751,Finland,2015,1.46,military_spending_gdp,SIPRI,FIN
2752,France,2015,1.87,military_spending_gdp,SIPRI,FRA
2753,Germany,2015,1.11,military_spending_gdp,SIPRI,DEU
2754,Greece,2015,2.48,military_spending_gdp,SIPRI,GRC
2755,Iceland,2015,0.0,military_spending_gdp,SIPRI,ISL
2756,Ireland,2015,0.33,military_spending_gdp,SIPRI,IRL
2757,Italy,2015,1.18,military_spending_gdp,SIPRI,ITA
2758,Luxembourg,2015,0.27,military_spending_gdp,SIPRI,LUX
2759,Malta,2015,0.46,military_spending_gdp,SIPRI,MLT
2760,Netherlands,2015,1.12,military_spending_gdp,SIPRI,NLD
2761,Norway,2015,1.5,military_spending_gdp,SIPRI,NOR
2762,Portugal,2015,1.58,military_spending_gdp,SIPRI,PRT
2763,Spain,2015,1.26,military_spending_gdp,SIPRI,ESP
2764,Sweden,2015,1.07,military_spending_gdp,SIPRI,SWE
2765,Switzerland,2015,0.65,military_spending_gdp,SIPRI,CHE
2766,United Kingdom,2015,2.04,military_spending_gdp,SIPRI,GBR
2768,Bahrain,2015,4.64,military_spending_gdp,SIPRI,BHR
2769,Egypt,2015,1.72,military_spending_gdp,SIPRI,EGY
2770,Iran,2015,2.56,military_spending_gdp,SIPRI,IRN
2771,Iraq,2015,5.41,military_spending_gdp,SIPRI,IRQ
2772,Israel,2015,5.28,military_spending_gdp,SIPRI,ISR
2773,Jordan,2015,4.19,military_spending_gdp,SIPRI,JOR
2774,Kuwait,2015,5.01,military_spending_gdp,SIPRI,KWT
2775,Lebanon,2015,4.49,military_spending_gdp,SIPRI,LBN
2776,Oman,2015,9.57,military_spending_gdp,SIPRI,OMN
2778,Saudi Arabia,2015,12.57,military_spending_gdp,SIPRI,SAU
2780,Türkiye,2015,1.81,military_spending_gdp,SIPRI,TUR
2784,Algeria,2016,5.65,military_spending_gdp,SIPRI,DZA
2786,Morocco,2016,2.98,military_spending_gdp,SIPRI,MAR
2787,Tunisia,2016,2.22,military_spending_gdp,SIPRI,TUN
2788,Angola,2016,2.73,military_spending_gdp,SIPRI,AGO
2789,Benin,2016,0.67,military_spending_gdp,SIPRI,BEN
2790,Botswana,2016,3.41,military_spending_gdp,SIPRI,BWA
2791,Burkina Faso,2016,1.17,military_spending_gdp,SIPRI,BFA
2792,Burundi,2016,2.24,military_spending_gdp,SIPRI,BDI
2793,Cameroon,2016,1.15,military_spending_gdp,SIPRI,CMR
2795,Central African Republic,2016,1.47,military_spending_gdp,SIPRI,CAF
2796,Chad,2016,2.31,military_spending_gdp,SIPRI,TCD
2801,Equatorial Guinea,2016,1.24,military_spending_gdp,SIPRI,GNQ
2803,Ethiopia,2016,0.68,military_spending_gdp,SIPRI,ETH
2804,Gabon,2016,1.45,military_spending_gdp,SIPRI,GAB
2806,Ghana,2016,0.29,military_spending_gdp,SIPRI,GHA
2807,Guinea,2016,1.88,military_spending_gdp,SIPRI,GIN
2808,Guinea-Bissau,2016,1.26,military_spending_gdp,SIPRI,GNB
2809,Kenya,2016,1.25,military_spending_gdp,SIPRI,KEN
2810,Lesotho,2016,1.96,military_spending_gdp,SIPRI,LSO
2811,Liberia,2016,0.45,military_spending_gdp,SIPRI,LBR
2812,Madagascar,2016,0.5,military_spending_gdp,SIPRI,MDG
2813,Malawi,2016,0.45,military_spending_gdp,SIPRI,MWI
2814,Mali,2016,2.59,military_spending_gdp,SIPRI,MLI
2815,Mauritania,2016,2.15,military_spending_gdp,SIPRI,MRT
2816,Mauritius,2016,0.17,military_spending_gdp,SIPRI,MUS
2817,Mozambique,2016,0.92,military_spending_gdp,SIPRI,MOZ
2818,Namibia,2016,3.97,military_spending_gdp,SIPRI,NAM
2819,Niger,2016,1.6,military_spending_gdp,SIPRI,NER
2820,Nigeria,2016,0.43,military_spending_gdp,SIPRI,NGA
2821,Rwanda,2016,1.24,military_spending_gdp,SIPRI,RWA
2822,Senegal,2016,1.6,military_spending_gdp,SIPRI,SEN
2823,Seychelles,2016,1.4,military_spending_gdp,SIPRI,SYC
2824,Sierra Leone,2016,0.71,military_spending_gdp,SIPRI,SLE
2825,Somalia,2016,0.65,military_spending_gdp,SIPRI,SOM
2826,South Africa,2016,0.97,military_spending_gdp,SIPRI,ZAF
2827,South Sudan,2016,4.85,military_spending_gdp,SIPRI,SSD
2828,Sudan,2016,2.28,military_spending_gdp,SIPRI,SDN
2829,Eswatini,2016,2.07,military_spending_gdp,SIPRI,SWZ
2830,Tanzania,2016,1.09,military_spending_gdp,SIPRI,TZA
2831,Togo,2016,1.36,military_spending_gdp,SIPRI,TGO
2832,Uganda,2016,1.0,military_spending_gdp,SIPRI,UGA
2833,Zambia,2016,1.43,military_spending_gdp,SIPRI,ZMB
2834,Zimbabwe,2016,1.74,military_spending_gdp,SIPRI,ZWE
2835,Belize,2016,1.02,military_spending_gdp,SIPRI,BLZ
2836,Costa Rica,2016,0.0,military_spending_gdp,SIPRI,CRI
2837,Cuba,2016,3.07,military_spending_gdp,SIPRI,CUB
2838,Dominican Republic,2016,0.63,military_spending_gdp,SIPRI,DOM
2839,El Salvador,2016,1.02,military_spending_gdp,SIPRI,SLV
2840,Guatemala,2016,0.44,military_spending_gdp,SIPRI,GTM
2841,Haiti,2016,0.05,military_spending_gdp,SIPRI,HTI
2842,Honduras,2016,1.53,military_spending_gdp,SIPRI,HND
2843,Jamaica,2016,0.95,military_spending_gdp,SIPRI,JAM
2844,Mexico,2016,0.48,military_spending_gdp,SIPRI,MEX
2845,Nicaragua,2016,0.64,military_spending_gdp,SIPRI,NIC
2846,Panama,2016,0.0,military_spending_gdp,SIPRI,PAN
2847,Trinidad and Tobago,2016,0.91,military_spending_gdp,SIPRI,TTO
2848,Canada,2016,1.14,military_spending_gdp,SIPRI,CAN
2849,United States of America,2016,3.4,military_spending_gdp,SIPRI,USA
2850,Argentina,2016,0.81,military_spending_gdp,SIPRI,ARG
2851,Bolivia,2016,1.53,military_spending_gdp,SIPRI,BOL
2852,Brazil,2016,1.35,military_spending_gdp,SIPRI,BRA
2853,Chile,2016,1.92,military_spending_gdp,SIPRI,CHL
2854,Colombia,2016,3.07,military_spending_gdp,SIPRI,COL
2855,Ecuador,2016,2.57,military_spending_gdp,SIPRI,ECU
2856,Guyana,2016,1.15,military_spending_gdp,SIPRI,GUY
2857,Paraguay,2016,0.95,military_spending_gdp,SIPRI,PRY
2858,Peru,2016,1.32,military_spending_gdp,SIPRI,PER
2859,Uruguay,2016,1.72,military_spending_gdp,SIPRI,URY
2860,Venezuela,2016,0.45,military_spending_gdp,SIPRI,VEN
2861,Australia,2016,2.08,military_spending_gdp,SIPRI,AUS
2862,Fiji,2016,1.1,military_spending_gdp,SIPRI,FJI
2863,New Zealand,2016,1.04,military_spending_gdp,SIPRI,NZL
2864,Papua New Guinea,2016,0.38,military_spending_gdp,SIPRI,PNG
2865,Afghanistan,2016,0.96,military_spending_gdp,SIPRI,AFG
2866,Bangladesh,2016,1.23,military_spending_gdp,SIPRI,BGD
2867,India,2016,2.54,military_spending_gdp,SIPRI,IND
2868,Nepal,2016,1.47,military_spending_gdp,SIPRI,NPL
2869,Pakistan,2016,3.2,military_spending_gdp,SIPRI,PAK
2870,Sri Lanka,2016,1.98,military_spending_gdp,SIPRI,LKA
2871,China,2016,1.73,military_spending_gdp,SIPRI,CHN
2872,Japan,2016,0.91,military_spending_gdp,SIPRI,JPN
2875,Mongolia,2016,0.86,military_spending_gdp,SIPRI,MNG
2876,Taiwan,2016,1.78,military_spending_gdp,SIPRI,TWN
2878,Cambodia,2016,1.44,military_spending_gdp,SIPRI,KHM
2879,Indonesia,2016,0.79,military_spending_gdp,SIPRI,IDN
2881,Malaysia,2016,1.38,military_spending_gdp,SIPRI,MYS
2882,Myanmar,2016,3.81,military_spending_gdp,SIPRI,MMR
2883,Philippines,2016,1.05,military_spending_gdp,SIPRI,PHL
2884,Singapore,2016,3.09,military_spending_gdp,SIPRI,SGP
2885,Thailand,2016,1.33,military_spending_gdp,SIPRI,THA
2887,Viet Nam,2016,2.46,military_spending_gdp,SIPRI,VNM
2888,Kazakhstan,2016,0.93,military_spending_gdp,SIPRI,KAZ
2889,Kyrgyz Republic,2016,3.34,military_spending_gdp,SIPRI,KGZ
2890,Tajikistan,2016,1.21,military_spending_gdp,SIPRI,TJK
2893,Albania,2016,1.09,military_spending_gdp,SIPRI,ALB
2894,Bosnia and Herzegovina,2016,0.92,military_spending_gdp,SIPRI,BIH
2895,Bulgaria,2016,1.24,military_spending_gdp,SIPRI,BGR
2896,Croatia,2016,1.59,military_spending_gdp,SIPRI,HRV
2897,Czechia,2016,0.99,military_spending_gdp,SIPRI,CZE
2899,Estonia,2016,2.03,military_spending_gdp,SIPRI,EST
2901,Hungary,2016,1.0,military_spending_gdp,SIPRI,HUN
2903,Latvia,2016,1.5,military_spending_gdp,SIPRI,LVA
2904,Lithuania,2016,1.48,military_spending_gdp,SIPRI,LTU
2905,North Macedonia,2016,0.95,military_spending_gdp,SIPRI,MKD
2906,Montenegro,2016,1.42,military_spending_gdp,SIPRI,MNE
2907,Poland,2016,1.94,military_spending_gdp,SIPRI,POL
2908,Romania,2016,1.43,military_spending_gdp,SIPRI,ROU
2909,Serbia,2016,1.86,military_spending_gdp,SIPRI,SRB
2910,Slovakia,2016,1.11,military_spending_gdp,SIPRI,SVK
2911,Slovenia,2016,1.02,military_spending_gdp,SIPRI,SVN
2913,Armenia,2016,4.09,military_spending_gdp,SIPRI,ARM
2914,Azerbaijan,2016,3.69,military_spending_gdp,SIPRI,AZE
2915,Belarus,2016,1.79,military_spending_gdp,SIPRI,BLR
2916,Georgia,2016,2.04,military_spending_gdp,SIPRI,GEO
2917,Moldova,2016,0.34,military_spending_gdp,SIPRI,MDA
2919,Ukraine,2016,3.67,military_spending_gdp,SIPRI,UKR
2921,Austria,2016,0.73,military_spending_gdp,SIPRI,AUT
2922,Belgium,2016,0.9,military_spending_gdp,SIPRI,BEL
2923,Cyprus,2016,1.4,military_spending_gdp,SIPRI,CYP
2924,Denmark,2016,1.15,military_spending_gdp,SIPRI,DNK
2925,Finland,2016,1.43,military_spending_gdp,SIPRI,FIN
2926,France,2016,1.85,military_spending_gdp,SIPRI,FRA
2927,Germany,2016,1.13,military_spending_gdp,SIPRI,DEU
2928,Greece,2016,2.57,military_spending_gdp,SIPRI,GRC
2929,Iceland,2016,0.0,military_spending_gdp,SIPRI,ISL
2930,Ireland,2016,0.33,military_spending_gdp,SIPRI,IRL
2931,Italy,2016,1.3,military_spending_gdp,SIPRI,ITA
2932,Luxembourg,2016,0.27,military_spending_gdp,SIPRI,LUX
2933,Malta,2016,0.5,military_spending_gdp,SIPRI,MLT
2934,Netherlands,2016,1.14,military_spending_gdp,SIPRI,NLD
2935,Norway,2016,1.62,military_spending_gdp,SIPRI,NOR
2936,Portugal,2016,1.57,military_spending_gdp,SIPRI,PRT
2937,Spain,2016,1.13,military_spending_gdp,SIPRI,ESP
2938,Sweden,2016,1.06,military_spending_gdp,SIPRI,SWE
2939,Switzerland,2016,0.66,military_spending_gdp,SIPRI,CHE
2940,United Kingdom,2016,1.97,military_spending_gdp,SIPRI,GBR
2942,Bahrain,2016,4.67,military_spending_gdp,SIPRI,BHR
2943,Egypt,2016,1.67,military_spending_gdp,SIPRI,EGY
2944,Iran,2016,2.8,military_spending_gdp,SIPRI,IRN
2945,Iraq,2016,3.55,military_spending_gdp,SIPRI,IRQ
2946,Israel,2016,5.17,military_spending_gdp,SIPRI,ISR
2947,Jordan,2016,4.44,military_spending_gdp,SIPRI,JOR
2948,Kuwait,2016,5.89,military_spending_gdp,SIPRI,KWT
2949,Lebanon,2016,5.1,military_spending_gdp,SIPRI,LBN
2950,Oman,2016,10.56,military_spending_gdp,SIPRI,OMN
2952,Saudi Arabia,2016,9.24,military_spending_gdp,SIPRI,SAU
2954,Türkiye,2016,2.05,military_spending_gdp,SIPRI,TUR
2958,Algeria,2017,5.31,military_spending_gdp,SIPRI,DZA
2960,Morocco,2017,2.95,military_spending_gdp,SIPRI,MAR
2961,Tunisia,2017,2.03,military_spending_gdp,SIPRI,TUN
2962,Angola,2017,2.51,military_spending_gdp,SIPRI,AGO
2963,Benin,2017,0.92,military_spending_gdp,SIPRI,BEN
2964,Botswana,2017,3.25,military_spending_gdp,SIPRI,BWA
2965,Burkina Faso,2017,1.36,military_spending_gdp,SIPRI,BFA
2966,Burundi,2017,2.0,military_spending_gdp,SIPRI,BDI
2967,Cameroon,2017,1.14,military_spending_gdp,SIPRI,CMR
2969,Central African Republic,2017,1.34,military_spending_gdp,SIPRI,CAF
2970,Chad,2017,1.66,military_spending_gdp,SIPRI,TCD
2975,Equatorial Guinea,2017,1.13,military_spending_gdp,SIPRI,GNQ
2977,Ethiopia,2017,0.68,military_spending_gdp,SIPRI,ETH
2978,Gabon,2017,1.81,military_spending_gdp,SIPRI,GAB
2980,Ghana,2017,0.31,military_spending_gdp,SIPRI,GHA
2981,Guinea,2017,1.76,military_spending_gdp,SIPRI,GIN
2982,Guinea-Bissau,2017,1.32,military_spending_gdp,SIPRI,GNB
2983,Kenya,2017,1.24,military_spending_gdp,SIPRI,KEN
2984,Lesotho,2017,2.27,military_spending_gdp,SIPRI,LSO
2985,Liberia,2017,0.4,military_spending_gdp,SIPRI,LBR
2986,Madagascar,2017,0.51,military_spending_gdp,SIPRI,MDG
2987,Malawi,2017,0.53,military_spending_gdp,SIPRI,MWI
2988,Mali,2017,3.03,military_spending_gdp,SIPRI,MLI
2989,Mauritania,2017,2.12,military_spending_gdp,SIPRI,MRT
2990,Mauritius,2017,0.17,military_spending_gdp,SIPRI,MUS
2991,Mozambique,2017,0.98,military_spending_gdp,SIPRI,MOZ
2992,Namibia,2017,3.52,military_spending_gdp,SIPRI,NAM
2993,Niger,2017,1.81,military_spending_gdp,SIPRI,NER
2994,Nigeria,2017,0.43,military_spending_gdp,SIPRI,NGA
2995,Rwanda,2017,1.25,military_spending_gdp,SIPRI,RWA
2996,Senegal,2017,1.47,military_spending_gdp,SIPRI,SEN
2997,Seychelles,2017,1.33,military_spending_gdp,SIPRI,SYC
2998,Sierra Leone,2017,0.68,military_spending_gdp,SIPRI,SLE
2999,Somalia,2017,0.75,military_spending_gdp,SIPRI,SOM
3000,South Africa,2017,0.94,military_spending_gdp,SIPRI,ZAF
3001,South Sudan,2017,3.99,military_spending_gdp,SIPRI,SSD
3002,Sudan,2017,3.29,military_spending_gdp,SIPRI,SDN
3003,Eswatini,2017,1.92,military_spending_gdp,SIPRI,SWZ
3004,Tanzania,2017,1.06,military_spending_gdp,SIPRI,TZA
3005,Togo,2017,1.4,military_spending_gdp,SIPRI,TGO
3006,Uganda,2017,1.04,military_spending_gdp,SIPRI,UGA
3007,Zambia,2017,1.3,military_spending_gdp,SIPRI,ZMB
3008,Zimbabwe,2017,1.47,military_spending_gdp,SIPRI,ZWE
3009,Belize,2017,1.06,military_spending_gdp,SIPRI,BLZ
3010,Costa Rica,2017,0.0,military_spending_gdp,SIPRI,CRI
3011,Cuba,2017,2.87,military_spending_gdp,SIPRI,CUB
3012,Dominican Republic,2017,0.67,military_spending_gdp,SIPRI,DOM
3013,El Salvador,2017,1.04,military_spending_gdp,SIPRI,SLV
3014,Guatemala,2017,0.38,military_spending_gdp,SIPRI,GTM
3015,Haiti,2017,0.04,military_spending_gdp,SIPRI,HTI
3016,Honduras,2017,1.59,military_spending_gdp,SIPRI,HND
3017,Jamaica,2017,0.97,military_spending_gdp,SIPRI,JAM
3018,Mexico,2017,0.42,military_spending_gdp,SIPRI,MEX
3019,Nicaragua,2017,0.63,military_spending_gdp,SIPRI,NIC
3020,Panama,2017,0.0,military_spending_gdp,SIPRI,PAN
3021,Trinidad and Tobago,2017,0.85,military_spending_gdp,SIPRI,TTO
3022,Canada,2017,1.3,military_spending_gdp,SIPRI,CAN
3023,United States of America,2017,3.3,military_spending_gdp,SIPRI,USA
3024,Argentina,2017,0.85,military_spending_gdp,SIPRI,ARG
3025,Bolivia,2017,1.54,military_spending_gdp,SIPRI,BOL
3026,Brazil,2017,1.41,military_spending_gdp,SIPRI,BRA
3027,Chile,2017,1.94,military_spending_gdp,SIPRI,CHL
3028,Colombia,2017,3.21,military_spending_gdp,SIPRI,COL
3029,Ecuador,2017,2.36,military_spending_gdp,SIPRI,ECU
3030,Guyana,2017,1.25,military_spending_gdp,SIPRI,GUY
3031,Paraguay,2017,0.89,military_spending_gdp,SIPRI,PRY
3032,Peru,2017,1.27,military_spending_gdp,SIPRI,PER
3033,Uruguay,2017,1.79,military_spending_gdp,SIPRI,URY
3034,Venezuela,2017,2.23,military_spending_gdp,SIPRI,VEN
3035,Australia,2017,2.0,military_spending_gdp,SIPRI,AUS
3036,Fiji,2017,1.4,military_spending_gdp,SIPRI,FJI
3037,New Zealand,2017,1.05,military_spending_gdp,SIPRI,NZL
3038,Papua New Guinea,2017,0.36,military_spending_gdp,SIPRI,PNG
3039,Afghanistan,2017,0.95,military_spending_gdp,SIPRI,AFG
3040,Bangladesh,2017,1.13,military_spending_gdp,SIPRI,BGD
3041,India,2017,2.53,military_spending_gdp,SIPRI,IND
3042,Nepal,2017,1.48,military_spending_gdp,SIPRI,NPL
3043,Pakistan,2017,3.36,military_spending_gdp,SIPRI,PAK
3044,Sri Lanka,2017,1.98,military_spending_gdp,SIPRI,LKA
3045,China,2017,1.68,military_spending_gdp,SIPRI,CHN
3046,Japan,2017,0.89,military_spending_gdp,SIPRI,JPN
3049,Mongolia,2017,0.76,military_spending_gdp,SIPRI,MNG
3050,Taiwan,2017,1.77,military_spending_gdp,SIPRI,TWN
3052,Cambodia,2017,1.56,military_spending_gdp,SIPRI,KHM
3053,Indonesia,2017,0.87,military_spending_gdp,SIPRI,IDN
3055,Malaysia,2017,1.1,military_spending_gdp,SIPRI,MYS
3056,Myanmar,2017,3.36,military_spending_gdp,SIPRI,MMR
3057,Philippines,2017,1.17,military_spending_gdp,SIPRI,PHL
3058,Singapore,2017,2.97,military_spending_gdp,SIPRI,SGP
3059,Thailand,2017,1.34,military_spending_gdp,SIPRI,THA
3061,Viet Nam,2017,2.28,military_spending_gdp,SIPRI,VNM
3062,Kazakhstan,2017,0.83,military_spending_gdp,SIPRI,KAZ
3063,Kyrgyz Republic,2017,3.1,military_spending_gdp,SIPRI,KGZ
3064,Tajikistan,2017,1.04,military_spending_gdp,SIPRI,TJK
3067,Albania,2017,1.09,military_spending_gdp,SIPRI,ALB
3068,Bosnia and Herzegovina,2017,0.85,military_spending_gdp,SIPRI,BIH
3069,Bulgaria,2017,1.22,military_spending_gdp,SIPRI,BGR
3070,Croatia,2017,1.63,military_spending_gdp,SIPRI,HRV
3071,Czechia,2017,0.94,military_spending_gdp,SIPRI,CZE
3073,Estonia,2017,1.97,military_spending_gdp,SIPRI,EST
3075,Hungary,2017,1.19,military_spending_gdp,SIPRI,HUN
3077,Latvia,2017,1.65,military_spending_gdp,SIPRI,LVA
3078,Lithuania,2017,1.71,military_spending_gdp,SIPRI,LTU
3079,North Macedonia,2017,0.9,military_spending_gdp,SIPRI,MKD
3080,Montenegro,2017,1.38,military_spending_gdp,SIPRI,MNE
3081,Poland,2017,1.89,military_spending_gdp,SIPRI,POL
3082,Romania,2017,1.73,military_spending_gdp,SIPRI,ROU
3083,Serbia,2017,1.75,military_spending_gdp,SIPRI,SRB
3084,Slovakia,2017,1.1,military_spending_gdp,SIPRI,SVK
3085,Slovenia,2017,0.99,military_spending_gdp,SIPRI,SVN
3087,Armenia,2017,3.85,military_spending_gdp,SIPRI,ARM
3088,Azerbaijan,2017,3.76,military_spending_gdp,SIPRI,AZE
3089,Belarus,2017,1.59,military_spending_gdp,SIPRI,BLR
3090,Georgia,2017,1.94,military_spending_gdp,SIPRI,GEO
3091,Moldova,2017,0.32,military_spending_gdp,SIPRI,MDA
3093,Ukraine,2017,3.24,military_spending_gdp,SIPRI,UKR
3095,Austria,2017,0.76,military_spending_gdp,SIPRI,AUT
3096,Belgium,2017,0.89,military_spending_gdp,SIPRI,BEL
3097,Cyprus,2017,1.57,military_spending_gdp,SIPRI,CYP
3098,Denmark,2017,1.14,military_spending_gdp,SIPRI,DNK
3099,Finland,2017,1.36,military_spending_gdp,SIPRI,FIN
3100,France,2017,1.85,military_spending_gdp,SIPRI,FRA
3101,Germany,2017,1.13,military_spending_gdp,SIPRI,DEU
3102,Greece,2017,2.56,military_spending_gdp,SIPRI,GRC
3103,Iceland,2017,0.0,military_spending_gdp,SIPRI,ISL
3104,Ireland,2017,0.3,military_spending_gdp,SIPRI,IRL
3105,Italy,2017,1.28,military_spending_gdp,SIPRI,ITA
3106,Luxembourg,2017,0.33,military_spending_gdp,SIPRI,LUX
3107,Malta,2017,0.46,military_spending_gdp,SIPRI,MLT
3108,Netherlands,2017,1.14,military_spending_gdp,SIPRI,NLD
3109,Norway,2017,1.71,military_spending_gdp,SIPRI,NOR
3110,Portugal,2017,1.46,military_spending_gdp,SIPRI,PRT
3111,Spain,2017,1.22,military_spending_gdp,SIPRI,ESP
3112,Sweden,2017,1.03,military_spending_gdp,SIPRI,SWE
3113,Switzerland,2017,0.67,military_spending_gdp,SIPRI,CHE
3114,United Kingdom,2017,1.94,military_spending_gdp,SIPRI,GBR
3116,Bahrain,2017,4.32,military_spending_gdp,SIPRI,BHR
3117,Egypt,2017,1.42,military_spending_gdp,SIPRI,EGY
3118,Iran,2017,2.84,military_spending_gdp,SIPRI,IRN
3119,Iraq,2017,3.91,military_spending_gdp,SIPRI,IRQ
3120,Israel,2017,5.27,military_spending_gdp,SIPRI,ISR
3121,Jordan,2017,4.68,military_spending_gdp,SIPRI,JOR
3122,Kuwait,2017,5.61,military_spending_gdp,SIPRI,KWT
3123,Lebanon,2017,4.6,military_spending_gdp,SIPRI,LBN
3124,Oman,2017,8.41,military_spending_gdp,SIPRI,OMN
3126,Saudi Arabia,2017,9.5,military_spending_gdp,SIPRI,SAU
3128,Türkiye,2017,2.04,military_spending_gdp,SIPRI,TUR
3132,Algeria,2018,4.93,military_spending_gdp,SIPRI,DZA
3134,Morocco,2018,2.9,military_spending_gdp,SIPRI,MAR
3135,Tunisia,2018,1.98,military_spending_gdp,SIPRI,TUN
3136,Angola,2018,1.96,military_spending_gdp,SIPRI,AGO
3137,Benin,2018,0.63,military_spending_gdp,SIPRI,BEN
3138,Botswana,2018,2.92,military_spending_gdp,SIPRI,BWA
3139,Burkina Faso,2018,1.93,military_spending_gdp,SIPRI,BFA
3140,Burundi,2018,2.15,military_spending_gdp,SIPRI,BDI
3141,Cameroon,2018,1.08,military_spending_gdp,SIPRI,CMR
3143,Central African Republic,2018,1.34,military_spending_gdp,SIPRI,CAF
3144,Chad,2018,1.65,military_spending_gdp,SIPRI,TCD
3149,Equatorial Guinea,2018,1.14,military_spending_gdp,SIPRI,GNQ
3151,Ethiopia,2018,0.63,military_spending_gdp,SIPRI,ETH
3152,Gabon,2018,1.55,military_spending_gdp,SIPRI,GAB
3154,Ghana,2018,0.33,military_spending_gdp,SIPRI,GHA
3155,Guinea,2018,1.67,military_spending_gdp,SIPRI,GIN
3156,Guinea-Bissau,2018,0.69,military_spending_gdp,SIPRI,GNB
3157,Kenya,2018,1.21,military_spending_gdp,SIPRI,KEN
3158,Lesotho,2018,2.0,military_spending_gdp,SIPRI,LSO
3159,Liberia,2018,0.41,military_spending_gdp,SIPRI,LBR
3160,Madagascar,2018,0.53,military_spending_gdp,SIPRI,MDG
3161,Malawi,2018,0.59,military_spending_gdp,SIPRI,MWI
3162,Mali,2018,2.82,military_spending_gdp,SIPRI,MLI
3163,Mauritania,2018,2.13,military_spending_gdp,SIPRI,MRT
3164,Mauritius,2018,0.16,military_spending_gdp,SIPRI,MUS
3165,Mozambique,2018,1.31,military_spending_gdp,SIPRI,MOZ
3166,Namibia,2018,3.33,military_spending_gdp,SIPRI,NAM
3167,Niger,2018,1.79,military_spending_gdp,SIPRI,NER
3168,Nigeria,2018,0.51,military_spending_gdp,SIPRI,NGA
3169,Rwanda,2018,1.24,military_spending_gdp,SIPRI,RWA
3170,Senegal,2018,1.67,military_spending_gdp,SIPRI,SEN
3171,Seychelles,2018,1.21,military_spending_gdp,SIPRI,SYC
3172,Sierra Leone,2018,0.47,military_spending_gdp,SIPRI,SLE
3173,Somalia,2018,0.97,military_spending_gdp,SIPRI,SOM
3174,South Africa,2018,0.89,military_spending_gdp,SIPRI,ZAF
3175,South Sudan,2018,4.77,military_spending_gdp,SIPRI,SSD
3176,Sudan,2018,1.78,military_spending_gdp,SIPRI,SDN
3177,Eswatini,2018,2.1,military_spending_gdp,SIPRI,SWZ
3178,Tanzania,2018,1.1,military_spending_gdp,SIPRI,TZA
3179,Togo,2018,1.47,military_spending_gdp,SIPRI,TGO
3180,Uganda,2018,1.15,military_spending_gdp,SIPRI,UGA
3181,Zambia,2018,1.44,military_spending_gdp,SIPRI,ZMB
3182,Zimbabwe,2018,1.18,military_spending_gdp,SIPRI,ZWE
3183,Belize,2018,1.02,military_spending_gdp,SIPRI,BLZ
3184,Costa Rica,2018,0.0,military_spending_gdp,SIPRI,CRI
3185,Cuba,2018,2.88,military_spending_gdp,SIPRI,CUB
3186,Dominican Republic,2018,0.69,military_spending_gdp,SIPRI,DOM
3187,El Salvador,2018,1.13,military_spending_gdp,SIPRI,SLV
3188,Guatemala,2018,0.37,military_spending_gdp,SIPRI,GTM
3189,Haiti,2018,0.06,military_spending_gdp,SIPRI,HTI
3190,Honduras,2018,1.49,military_spending_gdp,SIPRI,HND
3191,Jamaica,2018,1.33,military_spending_gdp,SIPRI,JAM
3192,Mexico,2018,0.46,military_spending_gdp,SIPRI,MEX
3193,Nicaragua,2018,0.63,military_spending_gdp,SIPRI,NIC
3194,Panama,2018,0.0,military_spending_gdp,SIPRI,PAN
3195,Trinidad and Tobago,2018,0.69,military_spending_gdp,SIPRI,TTO
3196,Canada,2018,1.25,military_spending_gdp,SIPRI,CAN
3197,United States of America,2018,3.3,military_spending_gdp,SIPRI,USA
3198,Argentina,2018,0.73,military_spending_gdp,SIPRI,ARG
3199,Bolivia,2018,1.5,military_spending_gdp,SIPRI,BOL
3200,Brazil,2018,1.47,military_spending_gdp,SIPRI,BRA
3201,Chile,2018,1.88,military_spending_gdp,SIPRI,CHL
3202,Colombia,2018,3.03,military_spending_gdp,SIPRI,COL
3203,Ecuador,2018,2.37,military_spending_gdp,SIPRI,ECU
3204,Guyana,2018,1.29,military_spending_gdp,SIPRI,GUY
3205,Paraguay,2018,0.96,military_spending_gdp,SIPRI,PRY
3206,Peru,2018,1.19,military_spending_gdp,SIPRI,PER
3207,Uruguay,2018,1.95,military_spending_gdp,SIPRI,URY
3209,Australia,2018,1.89,military_spending_gdp,SIPRI,AUS
3210,Fiji,2018,1.46,military_spending_gdp,SIPRI,FJI
3211,New Zealand,2018,1.11,military_spending_gdp,SIPRI,NZL
3212,Papua New Guinea,2018,0.33,military_spending_gdp,SIPRI,PNG
3213,Afghanistan,2018,1.01,military_spending_gdp,SIPRI,AFG
3214,Bangladesh,2018,1.18,military_spending_gdp,SIPRI,BGD
3215,India,2018,2.42,military_spending_gdp,SIPRI,IND
3216,Nepal,2018,1.35,military_spending_gdp,SIPRI,NPL
3217,Pakistan,2018,3.59,military_spending_gdp,SIPRI,PAK
3218,Sri Lanka,2018,1.74,military_spending_gdp,SIPRI,LKA
3219,China,2018,1.64,military_spending_gdp,SIPRI,CHN
3220,Japan,2018,0.94,military_spending_gdp,SIPRI,JPN
3223,Mongolia,2018,0.67,military_spending_gdp,SIPRI,MNG
3224,Taiwan,2018,1.72,military_spending_gdp,SIPRI,TWN
3226,Cambodia,2018,1.64,military_spending_gdp,SIPRI,KHM
3227,Indonesia,2018,0.72,military_spending_gdp,SIPRI,IDN
3229,Malaysia,2018,0.96,military_spending_gdp,SIPRI,MYS
3230,Myanmar,2018,2.18,military_spending_gdp,SIPRI,MMR
3231,Philippines,2018,1.18,military_spending_gdp,SIPRI,PHL
3232,Singapore,2018,2.81,military_spending_gdp,SIPRI,SGP
3233,Thailand,2018,1.33,military_spending_gdp,SIPRI,THA
3235,Viet Nam,2018,2.22,military_spending_gdp,SIPRI,VNM
3236,Kazakhstan,2018,0.84,military_spending_gdp,SIPRI,KAZ
3237,Kyrgyz Republic,2018,3.03,military_spending_gdp,SIPRI,KGZ
3238,Tajikistan,2018,1.05,military_spending_gdp,SIPRI,TJK
3240,Uzbekistan,2018,2.49,military_spending_gdp,SIPRI,UZB
3241,Albania,2018,1.14,military_spending_gdp,SIPRI,ALB
3242,Bosnia and Herzegovina,2018,0.84,military_spending_gdp,SIPRI,BIH
3243,Bulgaria,2018,1.45,military_spending_gdp,SIPRI,BGR
3244,Croatia,2018,1.54,military_spending_gdp,SIPRI,HRV
3245,Czechia,2018,1.09,military_spending_gdp,SIPRI,CZE
3247,Estonia,2018,1.97,military_spending_gdp,SIPRI,EST
3249,Hungary,2018,1.0,military_spending_gdp,SIPRI,HUN
3251,Latvia,2018,2.13,military_spending_gdp,SIPRI,LVA
3252,Lithuania,2018,1.95,military_spending_gdp,SIPRI,LTU
3253,North Macedonia,2018,0.93,military_spending_gdp,SIPRI,MKD
3254,Montenegro,2018,1.39,military_spending_gdp,SIPRI,MNE
3255,Poland,2018,2.02,military_spending_gdp,SIPRI,POL
3256,Romania,2018,1.8,military_spending_gdp,SIPRI,ROU
3257,Serbia,2018,2.02,military_spending_gdp,SIPRI,SRB
3258,Slovakia,2018,1.21,military_spending_gdp,SIPRI,SVK
3259,Slovenia,2018,0.99,military_spending_gdp,SIPRI,SVN
3261,Armenia,2018,4.12,military_spending_gdp,SIPRI,ARM
3262,Azerbaijan,2018,3.55,military_spending_gdp,SIPRI,AZE
3263,Belarus,2018,1.61,military_spending_gdp,SIPRI,BLR
3264,Georgia,2018,1.86,military_spending_gdp,SIPRI,GEO
3265,Moldova,2018,0.33,military_spending_gdp,SIPRI,MDA
3267,Ukraine,2018,3.64,military_spending_gdp,SIPRI,UKR
3269,Austria,2018,0.75,military_spending_gdp,SIPRI,AUT
3270,Belgium,2018,0.89,military_spending_gdp,SIPRI,BEL
3271,Cyprus,2018,1.75,military_spending_gdp,SIPRI,CYP
3272,Denmark,2018,1.28,military_spending_gdp,SIPRI,DNK
3273,Finland,2018,1.37,military_spending_gdp,SIPRI,FIN
3274,France,2018,1.85,military_spending_gdp,SIPRI,FRA
3275,Germany,2018,1.15,military_spending_gdp,SIPRI,DEU
3276,Greece,2018,2.7,military_spending_gdp,SIPRI,GRC
3277,Iceland,2018,0.0,military_spending_gdp,SIPRI,ISL
3278,Ireland,2018,0.28,military_spending_gdp,SIPRI,IRL
3279,Italy,2018,1.32,military_spending_gdp,SIPRI,ITA
3280,Luxembourg,2018,0.41,military_spending_gdp,SIPRI,LUX
3281,Malta,2018,0.41,military_spending_gdp,SIPRI,MLT
3282,Netherlands,2018,1.2,military_spending_gdp,SIPRI,NLD
3283,Norway,2018,1.72,military_spending_gdp,SIPRI,NOR
3284,Portugal,2018,1.39,military_spending_gdp,SIPRI,PRT
3285,Spain,2018,1.25,military_spending_gdp,SIPRI,ESP
3286,Sweden,2018,1.04,military_spending_gdp,SIPRI,SWE
3287,Switzerland,2018,0.65,military_spending_gdp,SIPRI,CHE
3288,United Kingdom,2018,1.93,military_spending_gdp,SIPRI,GBR
3290,Bahrain,2018,4.04,military_spending_gdp,SIPRI,BHR
3291,Egypt,2018,1.25,military_spending_gdp,SIPRI,EGY
3292,Iran,2018,2.36,military_spending_gdp,SIPRI,IRN
3293,Iraq,2018,2.75,military_spending_gdp,SIPRI,IRQ
3294,Israel,2018,5.13,military_spending_gdp,SIPRI,ISR
3295,Jordan,2018,4.56,military_spending_gdp,SIPRI,JOR
3296,Kuwait,2018,5.19,military_spending_gdp,SIPRI,KWT
3297,Lebanon,2018,5.06,military_spending_gdp,SIPRI,LBN
3298,Oman,2018,8.27,military_spending_gdp,SIPRI,OMN
3300,Saudi Arabia,2018,8.42,military_spending_gdp,SIPRI,SAU
3302,Türkiye,2018,2.49,military_spending_gdp,SIPRI,TUR
3306,Algeria,2019,5.33,military_spending_gdp,SIPRI,DZA
3308,Morocco,2019,2.87,military_spending_gdp,SIPRI,MAR
3309,Tunisia,2019,2.38,military_spending_gdp,SIPRI,TUN
3310,Angola,2019,1.77,military_spending_gdp,SIPRI,AGO
3311,Benin,2019,0.47,military_spending_gdp,SIPRI,BEN
3312,Botswana,2019,3.08,military_spending_gdp,SIPRI,BWA
3313,Burkina Faso,2019,2.21,military_spending_gdp,SIPRI,BFA
3314,Burundi,2019,2.81,military_spending_gdp,SIPRI,BDI
3315,Cameroon,2019,1.06,military_spending_gdp,SIPRI,CMR
3317,Central African Republic,2019,1.79,military_spending_gdp,SIPRI,CAF
3318,Chad,2019,1.57,military_spending_gdp,SIPRI,TCD
3323,Equatorial Guinea,2019,1.31,military_spending_gdp,SIPRI,GNQ
3325,Ethiopia,2019,0.56,military_spending_gdp,SIPRI,ETH
3326,Gabon,2019,1.58,military_spending_gdp,SIPRI,GAB
3328,Ghana,2019,0.34,military_spending_gdp,SIPRI,GHA
3329,Guinea,2019,1.47,military_spending_gdp,SIPRI,GIN
3330,Guinea-Bissau,2019,1.49,military_spending_gdp,SIPRI,GNB
3331,Kenya,2019,1.11,military_spending_gdp,SIPRI,KEN
3332,Lesotho,2019,1.88,military_spending_gdp,SIPRI,LSO
3333,Liberia,2019,0.42,military_spending_gdp,SIPRI,LBR
3334,Madagascar,2019,0.55,military_spending_gdp,SIPRI,MDG
3335,Malawi,2019,0.76,military_spending_gdp,SIPRI,MWI
3336,Mali,2019,2.75,military_spending_gdp,SIPRI,MLI
3337,Mauritania,2019,2.04,military_spending_gdp,SIPRI,MRT
3338,Mauritius,2019,0.15,military_spending_gdp,SIPRI,MUS
3339,Mozambique,2019,1.39,military_spending_gdp,SIPRI,MOZ
3340,Namibia,2019,3.3,military_spending_gdp,SIPRI,NAM
3341,Niger,2019,1.92,military_spending_gdp,SIPRI,NER
3342,Nigeria,2019,0.46,military_spending_gdp,SIPRI,NGA
3343,Rwanda,2019,1.2,military_spending_gdp,SIPRI,RWA
3344,Senegal,2019,1.52,military_spending_gdp,SIPRI,SEN
3345,Seychelles,2019,1.16,military_spending_gdp,SIPRI,SYC
3346,Sierra Leone,2019,0.38,military_spending_gdp,SIPRI,SLE
3347,Somalia,2019,0.83,military_spending_gdp,SIPRI,SOM
3348,South Africa,2019,0.88,military_spending_gdp,SIPRI,ZAF
3349,South Sudan,2019,3.8,military_spending_gdp,SIPRI,SSD
3350,Sudan,2019,1.63,military_spending_gdp,SIPRI,SDN
3351,Eswatini,2019,1.89,military_spending_gdp,SIPRI,SWZ
3352,Tanzania,2019,1.06,military_spending_gdp,SIPRI,TZA
3353,Togo,2019,2.36,military_spending_gdp,SIPRI,TGO
3354,Uganda,2019,1.72,military_spending_gdp,SIPRI,UGA
3355,Zambia,2019,1.26,military_spending_gdp,SIPRI,ZMB
3356,Zimbabwe,2019,0.65,military_spending_gdp,SIPRI,ZWE
3357,Belize,2019,1.03,military_spending_gdp,SIPRI,BLZ
3358,Costa Rica,2019,0.0,military_spending_gdp,SIPRI,CRI
3360,Dominican Republic,2019,0.69,military_spending_gdp,SIPRI,DOM
3361,El Salvador,2019,1.18,military_spending_gdp,SIPRI,SLV
3362,Guatemala,2019,0.43,military_spending_gdp,SIPRI,GTM
3363,Haiti,2019,0.09,military_spending_gdp,SIPRI,HTI
3364,Honduras,2019,1.58,military_spending_gdp,SIPRI,HND
3365,Jamaica,2019,1.68,military_spending_gdp,SIPRI,JAM
3366,Mexico,2019,0.51,military_spending_gdp,SIPRI,MEX
3367,Nicaragua,2019,0.61,military_spending_gdp,SIPRI,NIC
3368,Panama,2019,0.0,military_spending_gdp,SIPRI,PAN
3369,Trinidad and Tobago,2019,0.73,military_spending_gdp,SIPRI,TTO
3370,Canada,2019,1.22,military_spending_gdp,SIPRI,CAN
3371,United States of America,2019,3.41,military_spending_gdp,SIPRI,USA
3372,Argentina,2019,0.7,military_spending_gdp,SIPRI,ARG
3373,Bolivia,2019,1.45,military_spending_gdp,SIPRI,BOL
3374,Brazil,2019,1.38,military_spending_gdp,SIPRI,BRA
3375,Chile,2019,1.86,military_spending_gdp,SIPRI,CHL
3376,Colombia,2019,3.15,military_spending_gdp,SIPRI,COL
3377,Ecuador,2019,2.18,military_spending_gdp,SIPRI,ECU
3378,Guyana,2019,1.3,military_spending_gdp,SIPRI,GUY
3379,Paraguay,2019,0.97,military_spending_gdp,SIPRI,PRY
3380,Peru,2019,1.21,military_spending_gdp,SIPRI,PER
3381,Uruguay,2019,1.86,military_spending_gdp,SIPRI,URY
3383,Australia,2019,1.87,military_spending_gdp,SIPRI,AUS
3384,Fiji,2019,1.45,military_spending_gdp,SIPRI,FJI
3385,New Zealand,2019,1.29,military_spending_gdp,SIPRI,NZL
3386,Papua New Guinea,2019,0.36,military_spending_gdp,SIPRI,PNG
3387,Afghanistan,2019,1.17,military_spending_gdp,SIPRI,AFG
3388,Bangladesh,2019,1.24,military_spending_gdp,SIPRI,BGD
3389,India,2019,2.55,military_spending_gdp,SIPRI,IND
3390,Nepal,2019,1.24,military_spending_gdp,SIPRI,NPL
3391,Pakistan,2019,3.51,military_spending_gdp,SIPRI,PAK
3392,Sri Lanka,2019,1.76,military_spending_gdp,SIPRI,LKA
3393,China,2019,1.65,military_spending_gdp,SIPRI,CHN
3394,Japan,2019,0.97,military_spending_gdp,SIPRI,JPN
3397,Mongolia,2019,0.66,military_spending_gdp,SIPRI,MNG
3398,Taiwan,2019,1.79,military_spending_gdp,SIPRI,TWN
3400,Cambodia,2019,1.62,military_spending_gdp,SIPRI,KHM
3401,Indonesia,2019,0.73,military_spending_gdp,SIPRI,IDN
3403,Malaysia,2019,0.89,military_spending_gdp,SIPRI,MYS
3404,Myanmar,2019,2.05,military_spending_gdp,SIPRI,MMR
3405,Philippines,2019,1.13,military_spending_gdp,SIPRI,PHL
3406,Singapore,2019,2.77,military_spending_gdp,SIPRI,SGP
3407,Thailand,2019,1.33,military_spending_gdp,SIPRI,THA
3409,Viet Nam,2019,2.17,military_spending_gdp,SIPRI,VNM
3410,Kazakhstan,2019,1.02,military_spending_gdp,SIPRI,KAZ
3411,Kyrgyz Republic,2019,2.71,military_spending_gdp,SIPRI,KGZ
3412,Tajikistan,2019,1.0,military_spending_gdp,SIPRI,TJK
3415,Albania,2019,1.27,military_spending_gdp,SIPRI,ALB
3416,Bosnia and Herzegovina,2019,0.81,military_spending_gdp,SIPRI,BIH
3417,Bulgaria,2019,3.15,military_spending_gdp,SIPRI,BGR
3418,Croatia,2019,1.6,military_spending_gdp,SIPRI,HRV
3419,Czechia,2019,1.16,military_spending_gdp,SIPRI,CZE
3421,Estonia,2019,2.0,military_spending_gdp,SIPRI,EST
3423,Hungary,2019,1.33,military_spending_gdp,SIPRI,HUN
3425,Latvia,2019,2.09,military_spending_gdp,SIPRI,LVA
3426,Lithuania,2019,1.98,military_spending_gdp,SIPRI,LTU
3427,North Macedonia,2019,1.2,military_spending_gdp,SIPRI,MKD
3428,Montenegro,2019,1.35,military_spending_gdp,SIPRI,MNE
3429,Poland,2019,1.95,military_spending_gdp,SIPRI,POL
3430,Romania,2019,1.84,military_spending_gdp,SIPRI,ROU
3431,Serbia,2019,2.18,military_spending_gdp,SIPRI,SRB
3432,Slovakia,2019,1.7,military_spending_gdp,SIPRI,SVK
3433,Slovenia,2019,1.06,military_spending_gdp,SIPRI,SVN
3435,Armenia,2019,4.79,military_spending_gdp,SIPRI,ARM
3436,Azerbaijan,2019,3.85,military_spending_gdp,SIPRI,AZE
3437,Belarus,2019,1.65,military_spending_gdp,SIPRI,BLR
3438,Georgia,2019,1.76,military_spending_gdp,SIPRI,GEO
3439,Moldova,2019,0.34,military_spending_gdp,SIPRI,MDA
3441,Ukraine,2019,4.07,military_spending_gdp,SIPRI,UKR
3443,Austria,2019,0.75,military_spending_gdp,SIPRI,AUT
3444,Belgium,2019,0.89,military_spending_gdp,SIPRI,BEL
3445,Cyprus,2019,1.77,military_spending_gdp,SIPRI,CYP
3446,Denmark,2019,1.3,military_spending_gdp,SIPRI,DNK
3447,Finland,2019,1.36,military_spending_gdp,SIPRI,FIN
3448,France,2019,1.85,military_spending_gdp,SIPRI,FRA
3449,Germany,2019,1.24,military_spending_gdp,SIPRI,DEU
3450,Greece,2019,2.6,military_spending_gdp,SIPRI,GRC
3451,Iceland,2019,0.0,military_spending_gdp,SIPRI,ISL
3452,Ireland,2019,0.27,military_spending_gdp,SIPRI,IRL
3453,Italy,2019,1.25,military_spending_gdp,SIPRI,ITA
3454,Luxembourg,2019,0.46,military_spending_gdp,SIPRI,LUX
3455,Malta,2019,0.49,military_spending_gdp,SIPRI,MLT
3456,Netherlands,2019,1.29,military_spending_gdp,SIPRI,NLD
3457,Norway,2019,1.84,military_spending_gdp,SIPRI,NOR
3458,Portugal,2019,1.38,military_spending_gdp,SIPRI,PRT
3459,Spain,2019,1.22,military_spending_gdp,SIPRI,ESP
3460,Sweden,2019,1.1,military_spending_gdp,SIPRI,SWE
3461,Switzerland,2019,0.7,military_spending_gdp,SIPRI,CHE
3462,United Kingdom,2019,1.97,military_spending_gdp,SIPRI,GBR
3464,Bahrain,2019,4.03,military_spending_gdp,SIPRI,BHR
3465,Egypt,2019,1.18,military_spending_gdp,SIPRI,EGY
3466,Iran,2019,2.15,military_spending_gdp,SIPRI,IRN
3467,Iraq,2019,3.24,military_spending_gdp,SIPRI,IRQ
3468,Israel,2019,4.96,military_spending_gdp,SIPRI,ISR
3469,Jordan,2019,4.57,military_spending_gdp,SIPRI,JOR
3470,Kuwait,2019,5.24,military_spending_gdp,SIPRI,KWT
3471,Lebanon,2019,4.74,military_spending_gdp,SIPRI,LBN
3472,Oman,2019,7.44,military_spending_gdp,SIPRI,OMN
3474,Saudi Arabia,2019,7.35,military_spending_gdp,SIPRI,SAU
3476,Türkiye,2019,2.64,military_spending_gdp,SIPRI,TUR
3480,Algeria,2020,5.89,military_spending_gdp,SIPRI,DZA
3482,Morocco,2020,3.98,military_spending_gdp,SIPRI,MAR
3483,Tunisia,2020,2.71,military_spending_gdp,SIPRI,TUN
3484,Angola,2020,1.81,military_spending_gdp,SIPRI,AGO
3485,Benin,2020,0.46,military_spending_gdp,SIPRI,BEN
3486,Botswana,2020,3.33,military_spending_gdp,SIPRI,BWA
3487,Burkina Faso,2020,2.11,military_spending_gdp,SIPRI,BFA
3488,Burundi,2020,2.18,military_spending_gdp,SIPRI,BDI
3489,Cameroon,2020,0.96,military_spending_gdp,SIPRI,CMR
3491,Central African Republic,2020,1.86,military_spending_gdp,SIPRI,CAF
3492,Chad,2020,2.21,military_spending_gdp,SIPRI,TCD
3497,Equatorial Guinea,2020,1.64,military_spending_gdp,SIPRI,GNQ
3499,Ethiopia,2020,0.47,military_spending_gdp,SIPRI,ETH
3500,Gabon,2020,1.72,military_spending_gdp,SIPRI,GAB
3502,Ghana,2020,0.35,military_spending_gdp,SIPRI,GHA
3503,Guinea,2020,1.47,military_spending_gdp,SIPRI,GIN
3504,Guinea-Bissau,2020,1.51,military_spending_gdp,SIPRI,GNB
3505,Kenya,2020,1.11,military_spending_gdp,SIPRI,KEN
3506,Lesotho,2020,1.88,military_spending_gdp,SIPRI,LSO
3507,Liberia,2020,0.42,military_spending_gdp,SIPRI,LBR
3508,Madagascar,2020,0.67,military_spending_gdp,SIPRI,MDG
3509,Malawi,2020,0.83,military_spending_gdp,SIPRI,MWI
3510,Mali,2020,3.4,military_spending_gdp,SIPRI,MLI
3511,Mauritania,2020,2.43,military_spending_gdp,SIPRI,MRT
3512,Mauritius,2020,0.16,military_spending_gdp,SIPRI,MUS
3513,Mozambique,2020,2.02,military_spending_gdp,SIPRI,MOZ
3514,Namibia,2020,3.48,military_spending_gdp,SIPRI,NAM
3515,Niger,2020,1.73,military_spending_gdp,SIPRI,NER
3516,Nigeria,2020,0.63,military_spending_gdp,SIPRI,NGA
3517,Rwanda,2020,1.47,military_spending_gdp,SIPRI,RWA
3518,Senegal,2020,1.41,military_spending_gdp,SIPRI,SEN
3519,Seychelles,2020,1.37,military_spending_gdp,SIPRI,SYC
3520,Sierra Leone,2020,0.49,military_spending_gdp,SIPRI,SLE
3521,Somalia,2020,1.14,military_spending_gdp,SIPRI,SOM
3522,South Africa,2020,0.96,military_spending_gdp,SIPRI,ZAF
3523,South Sudan,2020,1.87,military_spending_gdp,SIPRI,SSD
3524,Sudan,2020,0.98,military_spending_gdp,SIPRI,SDN
3525,Eswatini,2020,1.86,military_spending_gdp,SIPRI,SWZ
3526,Tanzania,2020,1.08,military_spending_gdp,SIPRI,TZA
3527,Togo,2020,2.16,military_spending_gdp,SIPRI,TGO
3528,Uganda,2020,2.47,military_spending_gdp,SIPRI,UGA
3529,Zambia,2020,1.17,military_spending_gdp,SIPRI,ZMB
3530,Zimbabwe,2020,0.97,military_spending_gdp,SIPRI,ZWE
3531,Belize,2020,1.38,military_spending_gdp,SIPRI,BLZ
3532,Costa Rica,2020,0.0,military_spending_gdp,SIPRI,CRI
3534,Dominican Republic,2020,0.75,military_spending_gdp,SIPRI,DOM
3535,El Salvador,2020,1.38,military_spending_gdp,SIPRI,SLV
3536,Guatemala,2020,0.44,military_spending_gdp,SIPRI,GTM
3537,Haiti,2020,0.1,military_spending_gdp,SIPRI,HTI
3538,Honduras,2020,1.47,military_spending_gdp,SIPRI,HND
3539,Jamaica,2020,1.71,military_spending_gdp,SIPRI,JAM
3540,Mexico,2020,0.72,military_spending_gdp,SIPRI,MEX
3541,Nicaragua,2020,0.63,military_spending_gdp,SIPRI,NIC
3542,Panama,2020,0.0,military_spending_gdp,SIPRI,PAN
3543,Trinidad and Tobago,2020,0.81,military_spending_gdp,SIPRI,TTO
3544,Canada,2020,1.42,military_spending_gdp,SIPRI,CAN
3545,United States of America,2020,3.64,military_spending_gdp,SIPRI,USA
3546,Argentina,2020,0.73,military_spending_gdp,SIPRI,ARG
3547,Bolivia,2020,1.39,military_spending_gdp,SIPRI,BOL
3548,Brazil,2020,1.33,military_spending_gdp,SIPRI,BRA
3549,Chile,2020,2.07,military_spending_gdp,SIPRI,CHL
3550,Colombia,2020,3.53,military_spending_gdp,SIPRI,COL
3551,Ecuador,2020,2.46,military_spending_gdp,SIPRI,ECU
3552,Guyana,2020,1.4,military_spending_gdp,SIPRI,GUY
3553,Paraguay,2020,1.03,military_spending_gdp,SIPRI,PRY
3554,Peru,2020,1.32,military_spending_gdp,SIPRI,PER
3555,Uruguay,2020,2.04,military_spending_gdp,SIPRI,URY
3557,Australia,2020,2.0,military_spending_gdp,SIPRI,AUS
3558,Fiji,2020,1.61,military_spending_gdp,SIPRI,FJI
3559,New Zealand,2020,1.34,military_spending_gdp,SIPRI,NZL
3560,Papua New Guinea,2020,0.39,military_spending_gdp,SIPRI,PNG
3561,Afghanistan,2020,1.36,military_spending_gdp,SIPRI,AFG
3562,Bangladesh,2020,1.26,military_spending_gdp,SIPRI,BGD
3563,India,2020,2.8,military_spending_gdp,SIPRI,IND
3564,Nepal,2020,1.32,military_spending_gdp,SIPRI,NPL
3565,Pakistan,2020,3.49,military_spending_gdp,SIPRI,PAK
3566,Sri Lanka,2020,1.76,military_spending_gdp,SIPRI,LKA
3567,China,2020,1.72,military_spending_gdp,SIPRI,CHN
3568,Japan,2020,0.99,military_spending_gdp,SIPRI,JPN
3571,Mongolia,2020,0.71,military_spending_gdp,SIPRI,MNG
3572,Taiwan,2020,1.77,military_spending_gdp,SIPRI,TWN
3574,Cambodia,2020,1.78,military_spending_gdp,SIPRI,KHM
3575,Indonesia,2020,0.89,military_spending_gdp,SIPRI,IDN
3577,Malaysia,2020,1.0,military_spending_gdp,SIPRI,MYS
3578,Myanmar,2020,3.28,military_spending_gdp,SIPRI,MMR
3579,Philippines,2020,1.3,military_spending_gdp,SIPRI,PHL
3580,Singapore,2020,2.81,military_spending_gdp,SIPRI,SGP
3581,Thailand,2020,1.46,military_spending_gdp,SIPRI,THA
3583,Viet Nam,2020,2.07,military_spending_gdp,SIPRI,VNM
3584,Kazakhstan,2020,0.91,military_spending_gdp,SIPRI,KAZ
3585,Kyrgyz Republic,2020,3.11,military_spending_gdp,SIPRI,KGZ
3586,Tajikistan,2020,0.95,military_spending_gdp,SIPRI,TJK
3589,Albania,2020,1.29,military_spending_gdp,SIPRI,ALB
3590,Bosnia and Herzegovina,2020,0.83,military_spending_gdp,SIPRI,BIH
3591,Bulgaria,2020,1.59,military_spending_gdp,SIPRI,BGR
3592,Croatia,2020,1.7,military_spending_gdp,SIPRI,HRV
3593,Czechia,2020,1.27,military_spending_gdp,SIPRI,CZE
3595,Estonia,2020,2.26,military_spending_gdp,SIPRI,EST
3597,Hungary,2020,1.75,military_spending_gdp,SIPRI,HUN
3599,Latvia,2020,2.23,military_spending_gdp,SIPRI,LVA
3600,Lithuania,2020,2.05,military_spending_gdp,SIPRI,LTU
3601,North Macedonia,2020,1.19,military_spending_gdp,SIPRI,MKD
3602,Montenegro,2020,1.76,military_spending_gdp,SIPRI,MNE
3603,Poland,2020,2.26,military_spending_gdp,SIPRI,POL
3604,Romania,2020,2.02,military_spending_gdp,SIPRI,ROU
3605,Serbia,2020,2.3,military_spending_gdp,SIPRI,SRB
3606,Slovakia,2020,1.83,military_spending_gdp,SIPRI,SVK
3607,Slovenia,2020,1.08,military_spending_gdp,SIPRI,SVN
3609,Armenia,2020,4.98,military_spending_gdp,SIPRI,ARM
3610,Azerbaijan,2020,5.24,military_spending_gdp,SIPRI,AZE
3611,Belarus,2020,1.59,military_spending_gdp,SIPRI,BLR
3612,Georgia,2020,1.79,military_spending_gdp,SIPRI,GEO
3613,Moldova,2020,0.38,military_spending_gdp,SIPRI,MDA
3615,Ukraine,2020,4.4,military_spending_gdp,SIPRI,UKR
3617,Austria,2020,0.89,military_spending_gdp,SIPRI,AUT
3618,Belgium,2020,1.01,military_spending_gdp,SIPRI,BEL
3619,Cyprus,2020,1.9,military_spending_gdp,SIPRI,CYP
3620,Denmark,2020,1.37,military_spending_gdp,SIPRI,DNK
3621,Finland,2020,1.44,military_spending_gdp,SIPRI,FIN
3622,France,2020,2.02,military_spending_gdp,SIPRI,FRA
3623,Germany,2020,1.36,military_spending_gdp,SIPRI,DEU
3624,Greece,2020,3.02,military_spending_gdp,SIPRI,GRC
3625,Iceland,2020,0.0,military_spending_gdp,SIPRI,ISL
3626,Ireland,2020,0.26,military_spending_gdp,SIPRI,IRL
3627,Italy,2020,1.66,military_spending_gdp,SIPRI,ITA
3628,Luxembourg,2020,0.49,military_spending_gdp,SIPRI,LUX
3629,Malta,2020,0.53,military_spending_gdp,SIPRI,MLT
3630,Netherlands,2020,1.41,military_spending_gdp,SIPRI,NLD
3631,Norway,2020,1.97,military_spending_gdp,SIPRI,NOR
3632,Portugal,2020,1.44,military_spending_gdp,SIPRI,PRT
3633,Spain,2020,1.36,military_spending_gdp,SIPRI,ESP
3634,Sweden,2020,1.15,military_spending_gdp,SIPRI,SWE
3635,Switzerland,2020,0.77,military_spending_gdp,SIPRI,CHE
3636,United Kingdom,2020,2.14,military_spending_gdp,SIPRI,GBR
3638,Bahrain,2020,4.06,military_spending_gdp,SIPRI,BHR
3639,Egypt,2020,1.12,military_spending_gdp,SIPRI,EGY
3640,Iran,2020,2.18,military_spending_gdp,SIPRI,IRN
3641,Iraq,2020,3.11,military_spending_gdp,SIPRI,IRQ
3642,Israel,2020,5.12,military_spending_gdp,SIPRI,ISR
3643,Jordan,2020,4.7,military_spending_gdp,SIPRI,JOR
3644,Kuwait,2020,6.27,military_spending_gdp,SIPRI,KWT
3645,Lebanon,2020,3.03,military_spending_gdp,SIPRI,LBN
3646,Oman,2020,8.03,military_spending_gdp,SIPRI,OMN
3648,Saudi Arabia,2020,8.41,military_spending_gdp,SIPRI,SAU
3650,Türkiye,2020,2.16,military_spending_gdp,SIPRI,TUR
3654,Algeria,2021,4.89,military_spending_gdp,SIPRI,DZA
3656,Morocco,2021,3.75,military_spending_gdp,SIPRI,MAR
3657,Tunisia,2021,2.62,military_spending_gdp,SIPRI,TUN
3658,Angola,2021,1.39,military_spending_gdp,SIPRI,AGO
3659,Benin,2021,0.55,military_spending_gdp,SIPRI,BEN
3660,Botswana,2021,3.05,military_spending_gdp,SIPRI,BWA
3661,Burkina Faso,2021,2.33,military_spending_gdp,SIPRI,BFA
3662,Burundi,2021,2.04,military_spending_gdp,SIPRI,BDI
3663,Cameroon,2021,0.99,military_spending_gdp,SIPRI,CMR
3665,Central African Republic,2021,2.15,military_spending_gdp,SIPRI,CAF
3666,Chad,2021,2.08,military_spending_gdp,SIPRI,TCD
3671,Equatorial Guinea,2021,1.33,military_spending_gdp,SIPRI,GNQ
3673,Ethiopia,2021,0.44,military_spending_gdp,SIPRI,ETH
3674,Gabon,2021,1.6,military_spending_gdp,SIPRI,GAB
3676,Ghana,2021,0.38,military_spending_gdp,SIPRI,GHA
3677,Guinea,2021,1.55,military_spending_gdp,SIPRI,GIN
3678,Guinea-Bissau,2021,1.46,military_spending_gdp,SIPRI,GNB
3679,Kenya,2021,1.08,military_spending_gdp,SIPRI,KEN
3680,Lesotho,2021,1.54,military_spending_gdp,SIPRI,LSO
3681,Liberia,2021,0.85,military_spending_gdp,SIPRI,LBR
3682,Madagascar,2021,0.68,military_spending_gdp,SIPRI,MDG
3683,Malawi,2021,0.73,military_spending_gdp,SIPRI,MWI
3684,Mali,2021,3.38,military_spending_gdp,SIPRI,MLI
3685,Mauritania,2021,2.49,military_spending_gdp,SIPRI,MRT
3686,Mauritius,2021,0.17,military_spending_gdp,SIPRI,MUS
3687,Mozambique,2021,1.91,military_spending_gdp,SIPRI,MOZ
3688,Namibia,2021,3.23,military_spending_gdp,SIPRI,NAM
3689,Niger,2021,1.36,military_spending_gdp,SIPRI,NER
3690,Nigeria,2021,1.01,military_spending_gdp,SIPRI,NGA
3691,Rwanda,2021,1.51,military_spending_gdp,SIPRI,RWA
3692,Senegal,2021,1.76,military_spending_gdp,SIPRI,SEN
3693,Seychelles,2021,2.46,military_spending_gdp,SIPRI,SYC
3694,Sierra Leone,2021,0.6,military_spending_gdp,SIPRI,SLE
3695,Somalia,2021,1.17,military_spending_gdp,SIPRI,SOM
3696,South Africa,2021,0.84,military_spending_gdp,SIPRI,ZAF
3697,South Sudan,2021,1.51,military_spending_gdp,SIPRI,SSD
3698,Sudan,2021,0.93,military_spending_gdp,SIPRI,SDN
3699,Eswatini,2021,1.68,military_spending_gdp,SIPRI,SWZ
3700,Tanzania,2021,1.12,military_spending_gdp,SIPRI,TZA
3701,Togo,2021,2.39,military_spending_gdp,SIPRI,TGO
3702,Uganda,2021,2.34,military_spending_gdp,SIPRI,UGA
3703,Zambia,2021,0.98,military_spending_gdp,SIPRI,ZMB
3704,Zimbabwe,2021,1.57,military_spending_gdp,SIPRI,ZWE
3705,Belize,2021,1.13,military_spending_gdp,SIPRI,BLZ
3706,Costa Rica,2021,0.0,military_spending_gdp,SIPRI,CRI
3708,Dominican Republic,2021,0.64,military_spending_gdp,SIPRI,DOM
3709,El Salvador,2021,1.21,military_spending_gdp,SIPRI,SLV
3710,Guatemala,2021,0.39,military_spending_gdp,SIPRI,GTM
3711,Haiti,2021,0.15,military_spending_gdp,SIPRI,HTI
3712,Honduras,2021,1.5,military_spending_gdp,SIPRI,HND
3713,Jamaica,2021,1.47,military_spending_gdp,SIPRI,JAM
3714,Mexico,2021,0.66,military_spending_gdp,SIPRI,MEX
3715,Nicaragua,2021,0.55,military_spending_gdp,SIPRI,NIC
3716,Panama,2021,0.0,military_spending_gdp,SIPRI,PAN
3717,Trinidad and Tobago,2021,0.86,military_spending_gdp,SIPRI,TTO
3718,Canada,2021,1.22,military_spending_gdp,SIPRI,CAN
3719,United States of America,2021,3.4,military_spending_gdp,SIPRI,USA
3720,Argentina,2021,0.63,military_spending_gdp,SIPRI,ARG
3721,Bolivia,2021,1.33,military_spending_gdp,SIPRI,BOL
3722,Brazil,2021,1.15,military_spending_gdp,SIPRI,BRA
3723,Chile,2021,1.65,military_spending_gdp,SIPRI,CHL
3724,Colombia,2021,3.2,military_spending_gdp,SIPRI,COL
3725,Ecuador,2021,2.25,military_spending_gdp,SIPRI,ECU
3726,Guyana,2021,0.95,military_spending_gdp,SIPRI,GUY
3727,Paraguay,2021,0.92,military_spending_gdp,SIPRI,PRY
3728,Peru,2021,1.16,military_spending_gdp,SIPRI,PER
3729,Uruguay,2021,2.05,military_spending_gdp,SIPRI,URY
3731,Australia,2021,1.97,military_spending_gdp,SIPRI,AUS
3732,Fiji,2021,1.6,military_spending_gdp,SIPRI,FJI
3733,New Zealand,2021,1.16,military_spending_gdp,SIPRI,NZL
3734,Papua New Guinea,2021,0.33,military_spending_gdp,SIPRI,PNG
3735,Afghanistan,2021,1.83,military_spending_gdp,SIPRI,AFG
3736,Bangladesh,2021,1.18,military_spending_gdp,SIPRI,BGD
3737,India,2021,2.47,military_spending_gdp,SIPRI,IND
3738,Nepal,2021,1.22,military_spending_gdp,SIPRI,NPL
3739,Pakistan,2021,3.39,military_spending_gdp,SIPRI,PAK
3740,Sri Lanka,2021,1.72,military_spending_gdp,SIPRI,LKA
3741,China,2021,1.57,military_spending_gdp,SIPRI,CHN
3742,Japan,2021,1.03,military_spending_gdp,SIPRI,JPN
3745,Mongolia,2021,0.62,military_spending_gdp,SIPRI,MNG
3746,Taiwan,2021,1.79,military_spending_gdp,SIPRI,TWN
3748,Cambodia,2021,1.7,military_spending_gdp,SIPRI,KHM
3749,Indonesia,2021,0.74,military_spending_gdp,SIPRI,IDN
3751,Malaysia,2021,0.98,military_spending_gdp,SIPRI,MYS
3752,Myanmar,2021,4.41,military_spending_gdp,SIPRI,MMR
3753,Philippines,2021,1.41,military_spending_gdp,SIPRI,PHL
3754,Singapore,2021,2.52,military_spending_gdp,SIPRI,SGP
3755,Thailand,2021,1.42,military_spending_gdp,SIPRI,THA
3757,Viet Nam,2021,2.05,military_spending_gdp,SIPRI,VNM
3758,Kazakhstan,2021,0.82,military_spending_gdp,SIPRI,KAZ
3759,Kyrgyz Republic,2021,2.84,military_spending_gdp,SIPRI,KGZ
3760,Tajikistan,2021,1.0,military_spending_gdp,SIPRI,TJK
3763,Albania,2021,1.24,military_spending_gdp,SIPRI,ALB
3764,Bosnia and Herzegovina,2021,0.89,military_spending_gdp,SIPRI,BIH
3765,Bulgaria,2021,1.51,military_spending_gdp,SIPRI,BGR
3766,Croatia,2021,1.97,military_spending_gdp,SIPRI,HRV
3767,Czechia,2021,1.35,military_spending_gdp,SIPRI,CZE
3769,Estonia,2021,2.01,military_spending_gdp,SIPRI,EST
3771,Hungary,2021,1.32,military_spending_gdp,SIPRI,HUN
3773,Latvia,2021,2.16,military_spending_gdp,SIPRI,LVA
3774,Lithuania,2021,1.95,military_spending_gdp,SIPRI,LTU
3775,North Macedonia,2021,1.4,military_spending_gdp,SIPRI,MKD
3776,Montenegro,2021,1.57,military_spending_gdp,SIPRI,MNE
3777,Poland,2021,2.22,military_spending_gdp,SIPRI,POL
3778,Romania,2021,1.86,military_spending_gdp,SIPRI,ROU
3779,Serbia,2021,2.73,military_spending_gdp,SIPRI,SRB
3780,Slovakia,2021,1.65,military_spending_gdp,SIPRI,SVK
3781,Slovenia,2021,1.24,military_spending_gdp,SIPRI,SVN
3783,Armenia,2021,4.47,military_spending_gdp,SIPRI,ARM
3784,Azerbaijan,2021,4.93,military_spending_gdp,SIPRI,AZE
3785,Belarus,2021,1.75,military_spending_gdp,SIPRI,BLR
3786,Georgia,2021,1.59,military_spending_gdp,SIPRI,GEO
3787,Moldova,2021,0.37,military_spending_gdp,SIPRI,MDA
3789,Ukraine,2021,3.43,military_spending_gdp,SIPRI,UKR
3791,Austria,2021,0.87,military_spending_gdp,SIPRI,AUT
3792,Belgium,2021,1.04,military_spending_gdp,SIPRI,BEL
3793,Cyprus,2021,1.78,military_spending_gdp,SIPRI,CYP
3794,Denmark,2021,1.3,military_spending_gdp,SIPRI,DNK
3795,Finland,2021,1.3,military_spending_gdp,SIPRI,FIN
3796,France,2021,1.98,military_spending_gdp,SIPRI,FRA
3797,Germany,2021,1.3,military_spending_gdp,SIPRI,DEU
3798,Greece,2021,3.8,military_spending_gdp,SIPRI,GRC
3799,Iceland,2021,0.0,military_spending_gdp,SIPRI,ISL
3800,Ireland,2021,0.24,military_spending_gdp,SIPRI,IRL
3801,Italy,2021,1.61,military_spending_gdp,SIPRI,ITA
3802,Luxembourg,2021,0.41,military_spending_gdp,SIPRI,LUX
3803,Malta,2021,0.45,military_spending_gdp,SIPRI,MLT
3804,Netherlands,2021,1.37,military_spending_gdp,SIPRI,NLD
3805,Norway,2021,1.68,military_spending_gdp,SIPRI,NOR
3806,Portugal,2021,1.52,military_spending_gdp,SIPRI,PRT
3807,Spain,2021,1.37,military_spending_gdp,SIPRI,ESP
3808,Sweden,2021,1.2,military_spending_gdp,SIPRI,SWE
3809,Switzerland,2021,0.67,military_spending_gdp,SIPRI,CHE
3810,United Kingdom,2021,2.04,military_spending_gdp,SIPRI,GBR
3812,Bahrain,2021,3.52,military_spending_gdp,SIPRI,BHR
3813,Egypt,2021,1.12,military_spending_gdp,SIPRI,EGY
3814,Iran,2021,2.32,military_spending_gdp,SIPRI,IRN
3815,Iraq,2021,2.26,military_spending_gdp,SIPRI,IRQ
3816,Israel,2021,4.81,military_spending_gdp,SIPRI,ISR
3817,Jordan,2021,4.7,military_spending_gdp,SIPRI,JOR
3818,Kuwait,2021,6.07,military_spending_gdp,SIPRI,KWT
3819,Lebanon,2021,1.18,military_spending_gdp,SIPRI,LBN
3820,Oman,2021,6.62,military_spending_gdp,SIPRI,OMN
3821,Qatar,2021,6.45,military_spending_gdp,SIPRI,QAT
3822,Saudi Arabia,2021,6.43,military_spending_gdp,SIPRI,SAU
3824,Türkiye,2021,1.81,military_spending_gdp,SIPRI,TUR
3828,Algeria,2022,4.06,military_spending_gdp,SIPRI,DZA
3829,Libya,2022,2.8,military_spending_gdp,SIPRI,LBY
3830,Morocco,2022,3.8,military_spending_gdp,SIPRI,MAR
3831,Tunisia,2022,2.55,military_spending_gdp,SIPRI,TUN
3832,Angola,2022,1.43,military_spending_gdp,SIPRI,AGO
3833,Benin,2022,0.63,military_spending_gdp,SIPRI,BEN
3834,Botswana,2022,2.52,military_spending_gdp,SIPRI,BWA
3835,Burkina Faso,2022,2.98,military_spending_gdp,SIPRI,BFA
3836,Burundi,2022,2.6,military_spending_gdp,SIPRI,BDI
3837,Cameroon,2022,0.94,military_spending_gdp,SIPRI,CMR
3839,Central African Republic,2022,1.71,military_spending_gdp,SIPRI,CAF
3840,Chad,2022,2.04,military_spending_gdp,SIPRI,TCD
3845,Equatorial Guinea,2022,1.15,military_spending_gdp,SIPRI,GNQ
3847,Ethiopia,2022,0.86,military_spending_gdp,SIPRI,ETH
3848,Gabon,2022,1.36,military_spending_gdp,SIPRI,GAB
3850,Ghana,2022,0.34,military_spending_gdp,SIPRI,GHA
3851,Guinea,2022,2.19,military_spending_gdp,SIPRI,GIN
3852,Guinea-Bissau,2022,1.07,military_spending_gdp,SIPRI,GNB
3853,Kenya,2022,1.01,military_spending_gdp,SIPRI,KEN
3854,Lesotho,2022,1.47,military_spending_gdp,SIPRI,LSO
3855,Liberia,2022,1.31,military_spending_gdp,SIPRI,LBR
3856,Madagascar,2022,0.65,military_spending_gdp,SIPRI,MDG
3857,Malawi,2022,0.93,military_spending_gdp,SIPRI,MWI
3858,Mali,2022,3.09,military_spending_gdp,SIPRI,MLI
3859,Mauritania,2022,2.36,military_spending_gdp,SIPRI,MRT
3860,Mauritius,2022,0.14,military_spending_gdp,SIPRI,MUS
3861,Mozambique,2022,2.21,military_spending_gdp,SIPRI,MOZ
3862,Namibia,2022,2.91,military_spending_gdp,SIPRI,NAM
3863,Niger,2022,1.57,military_spending_gdp,SIPRI,NER
3864,Nigeria,2022,0.65,military_spending_gdp,SIPRI,NGA
3865,Rwanda,2022,1.33,military_spending_gdp,SIPRI,RWA
3866,Senegal,2022,1.52,military_spending_gdp,SIPRI,SEN
3867,Seychelles,2022,1.16,military_spending_gdp,SIPRI,SYC
3868,Sierra Leone,2022,0.58,military_spending_gdp,SIPRI,SLE
3869,Somalia,2022,1.16,military_spending_gdp,SIPRI,SOM
3870,South Africa,2022,0.85,military_spending_gdp,SIPRI,ZAF
3871,South Sudan,2022,1.57,military_spending_gdp,SIPRI,SSD
3873,Eswatini,2022,1.65,military_spending_gdp,SIPRI,SWZ
3874,Tanzania,2022,1.19,military_spending_gdp,SIPRI,TZA
3875,Togo,2022,4.14,military_spending_gdp,SIPRI,TGO
3876,Uganda,2022,1.85,military_spending_gdp,SIPRI,UGA
3877,Zambia,2022,1.12,military_spending_gdp,SIPRI,ZMB
3878,Zimbabwe,2022,0.99,military_spending_gdp,SIPRI,ZWE
3879,Belize,2022,1.0,military_spending_gdp,SIPRI,BLZ
3880,Costa Rica,2022,0.0,military_spending_gdp,SIPRI,CRI
3882,Dominican Republic,2022,0.68,military_spending_gdp,SIPRI,DOM
3883,El Salvador,2022,1.44,military_spending_gdp,SIPRI,SLV
3884,Guatemala,2022,0.46,military_spending_gdp,SIPRI,GTM
3885,Haiti,2022,0.07,military_spending_gdp,SIPRI,HTI
3886,Honduras,2022,1.47,military_spending_gdp,SIPRI,HND
3887,Jamaica,2022,1.29,military_spending_gdp,SIPRI,JAM
3888,Mexico,2022,0.69,military_spending_gdp,SIPRI,MEX
3889,Nicaragua,2022,0.54,military_spending_gdp,SIPRI,NIC
3890,Panama,2022,0.0,military_spending_gdp,SIPRI,PAN
3891,Trinidad and Tobago,2022,0.77,military_spending_gdp,SIPRI,TTO
3892,Canada,2022,1.14,military_spending_gdp,SIPRI,CAN
3893,United States of America,2022,3.3,military_spending_gdp,SIPRI,USA
3894,Argentina,2022,0.68,military_spending_gdp,SIPRI,ARG
3895,Bolivia,2022,0.97,military_spending_gdp,SIPRI,BOL
3896,Brazil,2022,1.05,military_spending_gdp,SIPRI,BRA
3897,Chile,2022,1.55,military_spending_gdp,SIPRI,CHL
3898,Colombia,2022,2.8,military_spending_gdp,SIPRI,COL
3899,Ecuador,2022,2.23,military_spending_gdp,SIPRI,ECU
3900,Guyana,2022,0.6,military_spending_gdp,SIPRI,GUY
3901,Paraguay,2022,0.87,military_spending_gdp,SIPRI,PRY
3902,Peru,2022,1.14,military_spending_gdp,SIPRI,PER
3903,Uruguay,2022,1.84,military_spending_gdp,SIPRI,URY
3905,Australia,2022,1.88,military_spending_gdp,SIPRI,AUS
3906,Fiji,2022,1.36,military_spending_gdp,SIPRI,FJI
3907,New Zealand,2022,1.16,military_spending_gdp,SIPRI,NZL
3908,Papua New Guinea,2022,0.42,military_spending_gdp,SIPRI,PNG
3910,Bangladesh,2022,1.0,military_spending_gdp,SIPRI,BGD
3911,India,2022,2.38,military_spending_gdp,SIPRI,IND
3912,Nepal,2022,1.15,military_spending_gdp,SIPRI,NPL
3913,Pakistan,2022,3.18,military_spending_gdp,SIPRI,PAK
3914,Sri Lanka,2022,1.35,military_spending_gdp,SIPRI,LKA
3915,China,2022,1.59,military_spending_gdp,SIPRI,CHN
3916,Japan,2022,0.97,military_spending_gdp,SIPRI,JPN
3919,Mongolia,2022,0.51,military_spending_gdp,SIPRI,MNG
3920,Taiwan,2022,1.99,military_spending_gdp,SIPRI,TWN
3922,Cambodia,2022,1.54,military_spending_gdp,SIPRI,KHM
3923,Indonesia,2022,0.77,military_spending_gdp,SIPRI,IDN
3925,Malaysia,2022,0.9,military_spending_gdp,SIPRI,MYS
3926,Myanmar,2022,3.82,military_spending_gdp,SIPRI,MMR
3927,Philippines,2022,1.32,military_spending_gdp,SIPRI,PHL
3928,Singapore,2022,2.36,military_spending_gdp,SIPRI,SGP
3929,Thailand,2022,1.24,military_spending_gdp,SIPRI,THA
3931,Viet Nam,2022,1.72,military_spending_gdp,SIPRI,VNM
3932,Kazakhstan,2022,0.52,military_spending_gdp,SIPRI,KAZ
3933,Kyrgyz Republic,2022,2.9,military_spending_gdp,SIPRI,KGZ
3934,Tajikistan,2022,1.93,military_spending_gdp,SIPRI,TJK
3937,Albania,2022,1.2,military_spending_gdp,SIPRI,ALB
3938,Bosnia and Herzegovina,2022,0.75,military_spending_gdp,SIPRI,BIH
3939,Bulgaria,2022,1.59,military_spending_gdp,SIPRI,BGR
3940,Croatia,2022,1.8,military_spending_gdp,SIPRI,HRV
3941,Czechia,2022,1.29,military_spending_gdp,SIPRI,CZE
3943,Estonia,2022,2.14,military_spending_gdp,SIPRI,EST
3945,Hungary,2022,1.84,military_spending_gdp,SIPRI,HUN
3947,Latvia,2022,2.25,military_spending_gdp,SIPRI,LVA
3948,Lithuania,2022,2.56,military_spending_gdp,SIPRI,LTU
3949,North Macedonia,2022,1.49,military_spending_gdp,SIPRI,MKD
3950,Montenegro,2022,1.57,military_spending_gdp,SIPRI,MNE
3951,Poland,2022,2.2,military_spending_gdp,SIPRI,POL
3952,Romania,2022,1.76,military_spending_gdp,SIPRI,ROU
3953,Serbia,2022,2.17,military_spending_gdp,SIPRI,SRB
3954,Slovakia,2022,1.78,military_spending_gdp,SIPRI,SVK
3955,Slovenia,2022,1.3,military_spending_gdp,SIPRI,SVN
3957,Armenia,2022,4.08,military_spending_gdp,SIPRI,ARM
3958,Azerbaijan,2022,3.8,military_spending_gdp,SIPRI,AZE
3959,Belarus,2022,1.63,military_spending_gdp,SIPRI,BLR
3960,Georgia,2022,1.61,military_spending_gdp,SIPRI,GEO
3961,Moldova,2022,0.37,military_spending_gdp,SIPRI,MDA
3963,Ukraine,2022,25.64,military_spending_gdp,SIPRI,UKR
3965,Austria,2022,0.76,military_spending_gdp,SIPRI,AUT
3966,Belgium,2022,1.17,military_spending_gdp,SIPRI,BEL
3967,Cyprus,2022,1.71,military_spending_gdp,SIPRI,CYP
3968,Denmark,2022,1.37,military_spending_gdp,SIPRI,DNK
3969,Finland,2022,1.59,military_spending_gdp,SIPRI,FIN
3970,France,2022,1.96,military_spending_gdp,SIPRI,FRA
3971,Germany,2022,1.34,military_spending_gdp,SIPRI,DEU
3972,Greece,2022,4.02,military_spending_gdp,SIPRI,GRC
3973,Iceland,2022,0.0,military_spending_gdp,SIPRI,ISL
3974,Ireland,2022,0.21,military_spending_gdp,SIPRI,IRL
3975,Italy,2022,1.6,military_spending_gdp,SIPRI,ITA
3976,Luxembourg,2022,0.57,military_spending_gdp,SIPRI,LUX
3977,Malta,2022,0.42,military_spending_gdp,SIPRI,MLT
3978,Netherlands,2022,1.3,military_spending_gdp,SIPRI,NLD
3979,Norway,2022,1.46,military_spending_gdp,SIPRI,NOR
3980,Portugal,2022,1.36,military_spending_gdp,SIPRI,PRT
3981,Spain,2022,1.43,military_spending_gdp,SIPRI,ESP
3982,Sweden,2022,1.34,military_spending_gdp,SIPRI,SWE
3983,Switzerland,2022,0.68,military_spending_gdp,SIPRI,CHE
3984,United Kingdom,2022,2.01,military_spending_gdp,SIPRI,GBR
3986,Bahrain,2022,3.42,military_spending_gdp,SIPRI,BHR
3987,Egypt,2022,1.01,military_spending_gdp,SIPRI,EGY
3988,Iran,2022,2.24,military_spending_gdp,SIPRI,IRN
3989,Iraq,2022,1.64,military_spending_gdp,SIPRI,IRQ
3990,Israel,2022,4.34,military_spending_gdp,SIPRI,ISR
3991,Jordan,2022,4.8,military_spending_gdp,SIPRI,JOR
3992,Kuwait,2022,4.48,military_spending_gdp,SIPRI,KWT
3993,Lebanon,2022,1.01,military_spending_gdp,SIPRI,LBN
3994,Oman,2022,5.26,military_spending_gdp,SIPRI,OMN
3995,Qatar,2022,6.5,military_spending_gdp,SIPRI,QAT
3996,Saudi Arabia,2022,5.72,military_spending_gdp,SIPRI,SAU
3998,Türkiye,2022,1.62,military_spending_gdp,SIPRI,TUR
4002,Algeria,2023,7.39,military_spending_gdp,SIPRI,DZA
4003,Libya,2023,3.57,military_spending_gdp,SIPRI,LBY
4004,Morocco,2023,3.55,military_spending_gdp,SIPRI,MAR
4005,Tunisia,2023,2.5,military_spending_gdp,SIPRI,TUN
4006,Angola,2023,1.43,military_spending_gdp,SIPRI,AGO
4007,Benin,2023,0.76,military_spending_gdp,SIPRI,BEN
4008,Botswana,2023,1.8,military_spending_gdp,SIPRI,BWA
4009,Burkina Faso,2023,4.08,military_spending_gdp,SIPRI,BFA
4010,Burundi,2023,3.43,military_spending_gdp,SIPRI,BDI
4011,Cameroon,2023,0.93,military_spending_gdp,SIPRI,CMR
4013,Central African Republic,2023,2.38,military_spending_gdp,SIPRI,CAF
4014,Chad,2023,2.12,military_spending_gdp,SIPRI,TCD
4019,Equatorial Guinea,2023,1.31,military_spending_gdp,SIPRI,GNQ
4021,Ethiopia,2023,0.77,military_spending_gdp,SIPRI,ETH
4022,Gabon,2023,1.32,military_spending_gdp,SIPRI,GAB
4024,Ghana,2023,0.4,military_spending_gdp,SIPRI,GHA
4025,Guinea,2023,2.13,military_spending_gdp,SIPRI,GIN
4026,Guinea-Bissau,2023,0.89,military_spending_gdp,SIPRI,GNB
4027,Kenya,2023,0.98,military_spending_gdp,SIPRI,KEN
4028,Lesotho,2023,1.63,military_spending_gdp,SIPRI,LSO
4029,Liberia,2023,1.42,military_spending_gdp,SIPRI,LBR
4030,Madagascar,2023,0.65,military_spending_gdp,SIPRI,MDG
4031,Malawi,2023,1.17,military_spending_gdp,SIPRI,MWI
4032,Mali,2023,3.85,military_spending_gdp,SIPRI,MLI
4033,Mauritania,2023,2.59,military_spending_gdp,SIPRI,MRT
4034,Mauritius,2023,0.17,military_spending_gdp,SIPRI,MUS
4035,Mozambique,2023,1.93,military_spending_gdp,SIPRI,MOZ
4036,Namibia,2023,2.74,military_spending_gdp,SIPRI,NAM
4037,Niger,2023,1.98,military_spending_gdp,SIPRI,NER
4038,Nigeria,2023,0.84,military_spending_gdp,SIPRI,NGA
4039,Rwanda,2023,1.25,military_spending_gdp,SIPRI,RWA
4040,Senegal,2023,1.48,military_spending_gdp,SIPRI,SEN
4041,Seychelles,2023,1.34,military_spending_gdp,SIPRI,SYC
4042,Sierra Leone,2023,0.6,military_spending_gdp,SIPRI,SLE
4043,Somalia,2023,1.27,military_spending_gdp,SIPRI,SOM
4044,South Africa,2023,0.8,military_spending_gdp,SIPRI,ZAF
4045,South Sudan,2023,2.38,military_spending_gdp,SIPRI,SSD
4047,Eswatini,2023,1.66,military_spending_gdp,SIPRI,SWZ
4048,Tanzania,2023,1.23,military_spending_gdp,SIPRI,TZA
4049,Togo,2023,3.05,military_spending_gdp,SIPRI,TGO
4050,Uganda,2023,1.88,military_spending_gdp,SIPRI,UGA
4051,Zambia,2023,1.34,military_spending_gdp,SIPRI,ZMB
4052,Zimbabwe,2023,0.21,military_spending_gdp,SIPRI,ZWE
4053,Belize,2023,1.04,military_spending_gdp,SIPRI,BLZ
4054,Costa Rica,2023,0.0,military_spending_gdp,SIPRI,CRI
4056,Dominican Republic,2023,0.79,military_spending_gdp,SIPRI,DOM
4057,El Salvador,2023,1.34,military_spending_gdp,SIPRI,SLV
4058,Guatemala,2023,0.42,military_spending_gdp,SIPRI,GTM
4059,Haiti,2023,0.06,military_spending_gdp,SIPRI,HTI
4060,Honduras,2023,1.53,military_spending_gdp,SIPRI,HND
4061,Jamaica,2023,1.19,military_spending_gdp,SIPRI,JAM
4062,Mexico,2023,0.66,military_spending_gdp,SIPRI,MEX
4063,Nicaragua,2023,0.55,military_spending_gdp,SIPRI,NIC
4064,Panama,2023,0.0,military_spending_gdp,SIPRI,PAN
4065,Trinidad and Tobago,2023,0.96,military_spending_gdp,SIPRI,TTO
4066,Canada,2023,1.31,military_spending_gdp,SIPRI,CAN
4067,United States of America,2023,3.29,military_spending_gdp,SIPRI,USA
4068,Argentina,2023,0.75,military_spending_gdp,SIPRI,ARG
4069,Bolivia,2023,1.3,military_spending_gdp,SIPRI,BOL
4070,Brazil,2023,0.99,military_spending_gdp,SIPRI,BRA
4071,Chile,2023,1.63,military_spending_gdp,SIPRI,CHL
4072,Colombia,2023,2.94,military_spending_gdp,SIPRI,COL
4073,Ecuador,2023,2.22,military_spending_gdp,SIPRI,ECU
4074,Guyana,2023,0.65,military_spending_gdp,SIPRI,GUY
4075,Paraguay,2023,0.92,military_spending_gdp,SIPRI,PRY
4076,Peru,2023,1.24,military_spending_gdp,SIPRI,PER
4077,Uruguay,2023,1.94,military_spending_gdp,SIPRI,URY
4079,Australia,2023,1.86,military_spending_gdp,SIPRI,AUS
4080,Fiji,2023,1.34,military_spending_gdp,SIPRI,FJI
4081,New Zealand,2023,1.2,military_spending_gdp,SIPRI,NZL
4082,Papua New Guinea,2023,0.35,military_spending_gdp,SIPRI,PNG
4084,Bangladesh,2023,0.87,military_spending_gdp,SIPRI,BGD
4085,India,2023,2.36,military_spending_gdp,SIPRI,IND
4086,Nepal,2023,1.12,military_spending_gdp,SIPRI,NPL
4087,Pakistan,2023,2.89,military_spending_gdp,SIPRI,PAK
4088,Sri Lanka,2023,1.32,military_spending_gdp,SIPRI,LKA
4089,China,2023,1.62,military_spending_gdp,SIPRI,CHN
4090,Japan,2023,1.1,military_spending_gdp,SIPRI,JPN
4093,Mongolia,2023,0.54,military_spending_gdp,SIPRI,MNG
4094,Taiwan,2023,2.16,military_spending_gdp,SIPRI,TWN
4096,Cambodia,2023,1.54,military_spending_gdp,SIPRI,KHM
4097,Indonesia,2023,0.82,military_spending_gdp,SIPRI,IDN
4099,Malaysia,2023,0.98,military_spending_gdp,SIPRI,MYS
4100,Myanmar,2023,3.73,military_spending_gdp,SIPRI,MMR
4101,Philippines,2023,1.18,military_spending_gdp,SIPRI,PHL
4102,Singapore,2023,2.76,military_spending_gdp,SIPRI,SGP
4103,Thailand,2023,1.13,military_spending_gdp,SIPRI,THA
4105,Viet Nam,2023,1.83,military_spending_gdp,SIPRI,VNM
4106,Kazakhstan,2023,0.44,military_spending_gdp,SIPRI,KAZ
4107,Kyrgyz Republic,2023,3.18,military_spending_gdp,SIPRI,KGZ
4108,Tajikistan,2023,2.4,military_spending_gdp,SIPRI,TJK
4111,Albania,2023,1.7,military_spending_gdp,SIPRI,ALB
4112,Bosnia and Herzegovina,2023,0.79,military_spending_gdp,SIPRI,BIH
4113,Bulgaria,2023,1.95,military_spending_gdp,SIPRI,BGR
4114,Croatia,2023,1.65,military_spending_gdp,SIPRI,HRV
4115,Czechia,2023,1.31,military_spending_gdp,SIPRI,CZE
4117,Estonia,2023,2.98,military_spending_gdp,SIPRI,EST
4119,Hungary,2023,2.04,military_spending_gdp,SIPRI,HUN
4121,Latvia,2023,2.93,military_spending_gdp,SIPRI,LVA
4122,Lithuania,2023,2.84,military_spending_gdp,SIPRI,LTU
4123,North Macedonia,2023,1.77,military_spending_gdp,SIPRI,MKD
4124,Montenegro,2023,1.5,military_spending_gdp,SIPRI,MNE
4125,Poland,2023,3.26,military_spending_gdp,SIPRI,POL
4126,Romania,2023,1.62,military_spending_gdp,SIPRI,ROU
4127,Serbia,2023,2.21,military_spending_gdp,SIPRI,SRB
4128,Slovakia,2023,1.74,military_spending_gdp,SIPRI,SVK
4129,Slovenia,2023,1.31,military_spending_gdp,SIPRI,SVN
4131,Armenia,2023,5.51,military_spending_gdp,SIPRI,ARM
4132,Azerbaijan,2023,4.92,military_spending_gdp,SIPRI,AZE
4133,Belarus,2023,1.93,military_spending_gdp,SIPRI,BLR
4134,Georgia,2023,1.65,military_spending_gdp,SIPRI,GEO
4135,Moldova,2023,0.55,military_spending_gdp,SIPRI,MDA
4137,Ukraine,2023,36.03,military_spending_gdp,SIPRI,UKR
4139,Austria,2023,0.86,military_spending_gdp,SIPRI,AUT
4140,Belgium,2023,1.17,military_spending_gdp,SIPRI,BEL
4141,Cyprus,2023,1.59,military_spending_gdp,SIPRI,CYP
4142,Denmark,2023,2.01,military_spending_gdp,SIPRI,DNK
4143,Finland,2023,2.01,military_spending_gdp,SIPRI,FIN
4144,France,2023,1.95,military_spending_gdp,SIPRI,FRA
4145,Germany,2023,1.5,military_spending_gdp,SIPRI,DEU
4146,Greece,2023,2.89,military_spending_gdp,SIPRI,GRC
4147,Iceland,2023,0.0,military_spending_gdp,SIPRI,ISL
4148,Ireland,2023,0.22,military_spending_gdp,SIPRI,IRL
4149,Italy,2023,1.53,military_spending_gdp,SIPRI,ITA
4150,Luxembourg,2023,0.68,military_spending_gdp,SIPRI,LUX
4151,Malta,2023,0.38,military_spending_gdp,SIPRI,MLT
4152,Netherlands,2023,1.44,military_spending_gdp,SIPRI,NLD
4153,Norway,2023,1.82,military_spending_gdp,SIPRI,NOR
4154,Portugal,2023,1.21,military_spending_gdp,SIPRI,PRT
4155,Spain,2023,1.53,military_spending_gdp,SIPRI,ESP
4156,Sweden,2023,1.52,military_spending_gdp,SIPRI,SWE
4157,Switzerland,2023,0.71,military_spending_gdp,SIPRI,CHE
4158,United Kingdom,2023,2.15,military_spending_gdp,SIPRI,GBR
4160,Bahrain,2023,3.52,military_spending_gdp,SIPRI,BHR
4161,Egypt,2023,0.81,military_spending_gdp,SIPRI,EGY
4162,Iran,2023,2.49,military_spending_gdp,SIPRI,IRN
4163,Iraq,2023,2.26,military_spending_gdp,SIPRI,IRQ
4164,Israel,2023,5.28,military_spending_gdp,SIPRI,ISR
4165,Jordan,2023,4.82,military_spending_gdp,SIPRI,JOR
4166,Kuwait,2023,4.28,military_spending_gdp,SIPRI,KWT
4167,Lebanon,2023,1.2,military_spending_gdp,SIPRI,LBN
4168,Oman,2023,5.51,military_spending_gdp,SIPRI,OMN
4170,Saudi Arabia,2023,6.38,military_spending_gdp,SIPRI,SAU
4172,Türkiye,2023,1.69,military_spending_gdp,SIPRI,TUR
4176,Algeria,2024,7.97,military_spending_gdp,SIPRI,DZA
4178,Morocco,2024,3.44,military_spending_gdp,SIPRI,MAR
4179,Tunisia,2024,2.5,military_spending_gdp,SIPRI,TUN
4180,Angola,2024,1.03,military_spending_gdp,SIPRI,AGO
4181,Benin,2024,0.78,military_spending_gdp,SIPRI,BEN
4182,Botswana,2024,2.68,military_spending_gdp,SIPRI,BWA
4183,Burkina Faso,2024,4.39,military_spending_gdp,SIPRI,BFA
4184,Burundi,2024,3.56,military_spending_gdp,SIPRI,BDI
4185,Cameroon,2024,1.0,military_spending_gdp,SIPRI,CMR
4187,Central African Republic,2024,2.6,military_spending_gdp,SIPRI,CAF
4188,Chad,2024,2.98,military_spending_gdp,SIPRI,TCD
4193,Equatorial Guinea,2024,0.9,military_spending_gdp,SIPRI,GNQ
4195,Ethiopia,2024,0.49,military_spending_gdp,SIPRI,ETH
4196,Gabon,2024,1.53,military_spending_gdp,SIPRI,GAB
4198,Ghana,2024,0.35,military_spending_gdp,SIPRI,GHA
4199,Guinea,2024,2.17,military_spending_gdp,SIPRI,GIN
4200,Guinea-Bissau,2024,1.04,military_spending_gdp,SIPRI,GNB
4201,Kenya,2024,1.04,military_spending_gdp,SIPRI,KEN
4202,Lesotho,2024,1.61,military_spending_gdp,SIPRI,LSO
4203,Liberia,2024,0.71,military_spending_gdp,SIPRI,LBR
4204,Madagascar,2024,0.71,military_spending_gdp,SIPRI,MDG
4205,Malawi,2024,1.06,military_spending_gdp,SIPRI,MWI
4206,Mali,2024,4.25,military_spending_gdp,SIPRI,MLI
4207,Mauritania,2024,2.55,military_spending_gdp,SIPRI,MRT
4208,Mauritius,2024,0.13,military_spending_gdp,SIPRI,MUS
4209,Mozambique,2024,2.12,military_spending_gdp,SIPRI,MOZ
4210,Namibia,2024,2.75,military_spending_gdp,SIPRI,NAM
4211,Niger,2024,2.2,military_spending_gdp,SIPRI,NER
4212,Nigeria,2024,0.56,military_spending_gdp,SIPRI,NGA
4213,Rwanda,2024,1.23,military_spending_gdp,SIPRI,RWA
4214,Senegal,2024,1.97,military_spending_gdp,SIPRI,SEN
4215,Seychelles,2024,1.27,military_spending_gdp,SIPRI,SYC
4216,Sierra Leone,2024,0.66,military_spending_gdp,SIPRI,SLE
4217,Somalia,2024,1.66,military_spending_gdp,SIPRI,SOM
4218,South Africa,2024,0.76,military_spending_gdp,SIPRI,ZAF
4219,South Sudan,2024,6.55,military_spending_gdp,SIPRI,SSD
4221,Eswatini,2024,1.54,military_spending_gdp,SIPRI,SWZ
4222,Tanzania,2024,1.17,military_spending_gdp,SIPRI,TZA
4223,Togo,2024,2.18,military_spending_gdp,SIPRI,TGO
4224,Uganda,2024,1.97,military_spending_gdp,SIPRI,UGA
4225,Zambia,2024,1.33,military_spending_gdp,SIPRI,ZMB
4226,Zimbabwe,2024,0.35,military_spending_gdp,SIPRI,ZWE
4227,Belize,2024,1.08,military_spending_gdp,SIPRI,BLZ
4228,Costa Rica,2024,0.0,military_spending_gdp,SIPRI,CRI
4230,Dominican Republic,2024,0.81,military_spending_gdp,SIPRI,DOM
4231,El Salvador,2024,1.39,military_spending_gdp,SIPRI,SLV
4232,Guatemala,2024,0.4,military_spending_gdp,SIPRI,GTM
4233,Haiti,2024,0.08,military_spending_gdp,SIPRI,HTI
4234,Honduras,2024,1.48,military_spending_gdp,SIPRI,HND
4235,Jamaica,2024,1.39,military_spending_gdp,SIPRI,JAM
4236,Mexico,2024,1.13,military_spending_gdp,SIPRI,MEX
4237,Nicaragua,2024,0.55,military_spending_gdp,SIPRI,NIC
4238,Panama,2024,0.0,military_spending_gdp,SIPRI,PAN
4239,Trinidad and Tobago,2024,0.98,military_spending_gdp,SIPRI,TTO
4240,Canada,2024,1.35,military_spending_gdp,SIPRI,CAN
4241,United States of America,2024,3.43,military_spending_gdp,SIPRI,USA
4242,Argentina,2024,0.65,military_spending_gdp,SIPRI,ARG
4243,Bolivia,2024,1.22,military_spending_gdp,SIPRI,BOL
4244,Brazil,2024,0.96,military_spending_gdp,SIPRI,BRA
4245,Chile,2024,1.67,military_spending_gdp,SIPRI,CHL
4246,Colombia,2024,3.31,military_spending_gdp,SIPRI,COL
4247,Ecuador,2024,2.31,military_spending_gdp,SIPRI,ECU
4248,Guyana,2024,0.84,military_spending_gdp,SIPRI,GUY
4249,Paraguay,2024,0.93,military_spending_gdp,SIPRI,PRY
4250,Peru,2024,0.88,military_spending_gdp,SIPRI,PER
4251,Uruguay,2024,1.96,military_spending_gdp,SIPRI,URY
4253,Australia,2024,1.9,military_spending_gdp,SIPRI,AUS
4254,Fiji,2024,1.31,military_spending_gdp,SIPRI,FJI
4255,New Zealand,2024,1.16,military_spending_gdp,SIPRI,NZL
4256,Papua New Guinea,2024,0.31,military_spending_gdp,SIPRI,PNG
4258,Bangladesh,2024,0.86,military_spending_gdp,SIPRI,BGD
4259,India,2024,2.22,military_spending_gdp,SIPRI,IND
4260,Nepal,2024,1.02,military_spending_gdp,SIPRI,NPL
4261,Pakistan,2024,2.73,military_spending_gdp,SIPRI,PAK
4262,Sri Lanka,2024,1.28,military_spending_gdp,SIPRI,LKA
4263,China,2024,1.66,military_spending_gdp,SIPRI,CHN
4264,Japan,2024,1.29,military_spending_gdp,SIPRI,JPN
4267,Mongolia,2024,0.76,military_spending_gdp,SIPRI,MNG
4268,Taiwan,2024,1.91,military_spending_gdp,SIPRI,TWN
4270,Cambodia,2024,1.52,military_spending_gdp,SIPRI,KHM
4271,Indonesia,2024,0.86,military_spending_gdp,SIPRI,IDN
4273,Malaysia,2024,1.04,military_spending_gdp,SIPRI,MYS
4274,Myanmar,2024,6.6,military_spending_gdp,SIPRI,MMR
4275,Philippines,2024,1.19,military_spending_gdp,SIPRI,PHL
4276,Singapore,2024,2.8,military_spending_gdp,SIPRI,SGP
4277,Thailand,2024,1.05,military_spending_gdp,SIPRI,THA
4279,Viet Nam,2024,1.8,military_spending_gdp,SIPRI,VNM
4280,Kazakhstan,2024,0.4,military_spending_gdp,SIPRI,KAZ
4281,Kyrgyz Republic,2024,2.93,military_spending_gdp,SIPRI,KGZ
4282,Tajikistan,2024,1.33,military_spending_gdp,SIPRI,TJK
4285,Albania,2024,1.98,military_spending_gdp,SIPRI,ALB
4286,Bosnia and Herzegovina,2024,0.76,military_spending_gdp,SIPRI,BIH
4287,Bulgaria,2024,1.93,military_spending_gdp,SIPRI,BGR
4288,Croatia,2024,1.86,military_spending_gdp,SIPRI,HRV
4289,Czechia,2024,1.88,military_spending_gdp,SIPRI,CZE
4291,Estonia,2024,3.3,military_spending_gdp,SIPRI,EST
4293,Hungary,2024,2.12,military_spending_gdp,SIPRI,HUN
4295,Latvia,2024,3.3,military_spending_gdp,SIPRI,LVA
4296,Lithuania,2024,3.14,military_spending_gdp,SIPRI,LTU
4297,North Macedonia,2024,1.77,military_spending_gdp,SIPRI,MKD
4298,Montenegro,2024,1.81,military_spending_gdp,SIPRI,MNE
4299,Poland,2024,3.75,military_spending_gdp,SIPRI,POL
4300,Romania,2024,2.17,military_spending_gdp,SIPRI,ROU
4301,Serbia,2024,2.67,military_spending_gdp,SIPRI,SRB
4302,Slovakia,2024,1.98,military_spending_gdp,SIPRI,SVK
4303,Slovenia,2024,1.34,military_spending_gdp,SIPRI,SVN
4305,Armenia,2024,5.46,military_spending_gdp,SIPRI,ARM
4306,Azerbaijan,2024,5.08,military_spending_gdp,SIPRI,AZE
4307,Belarus,2024,1.98,military_spending_gdp,SIPRI,BLR
4308,Georgia,2024,1.59,military_spending_gdp,SIPRI,GEO
4309,Moldova,2024,0.6,military_spending_gdp,SIPRI,MDA
4311,Ukraine,2024,33.96,military_spending_gdp,SIPRI,UKR
4313,Austria,2024,0.99,military_spending_gdp,SIPRI,AUT
4314,Belgium,2024,1.28,military_spending_gdp,SIPRI,BEL
4315,Cyprus,2024,1.58,military_spending_gdp,SIPRI,CYP
4316,Denmark,2024,2.27,military_spending_gdp,SIPRI,DNK
4317,Finland,2024,2.18,military_spending_gdp,SIPRI,FIN
4318,France,2024,2.01,military_spending_gdp,SIPRI,FRA
4319,Germany,2024,1.84,military_spending_gdp,SIPRI,DEU
4320,Greece,2024,2.88,military_spending_gdp,SIPRI,GRC
4321,Iceland,2024,0.0,military_spending_gdp,SIPRI,ISL
4322,Ireland,2024,0.22,military_spending_gdp,SIPRI,IRL
4323,Italy,2024,1.59,military_spending_gdp,SIPRI,ITA
4324,Luxembourg,2024,0.66,military_spending_gdp,SIPRI,LUX
4325,Malta,2024,0.37,military_spending_gdp,SIPRI,MLT
4326,Netherlands,2024,1.94,military_spending_gdp,SIPRI,NLD
4327,Norway,2024,2.23,military_spending_gdp,SIPRI,NOR
4328,Portugal,2024,1.44,military_spending_gdp,SIPRI,PRT
4329,Spain,2024,1.46,military_spending_gdp,SIPRI,ESP
4330,Sweden,2024,1.99,military_spending_gdp,SIPRI,SWE
4331,Switzerland,2024,0.7,military_spending_gdp,SIPRI,CHE
4332,United Kingdom,2024,2.44,military_spending_gdp,SIPRI,GBR
4334,Bahrain,2024,2.94,military_spending_gdp,SIPRI,BHR
4335,Egypt,2024,0.67,military_spending_gdp,SIPRI,EGY
4336,Iran,2024,2.22,military_spending_gdp,SIPRI,IRN
4337,Iraq,2024,2.27,military_spending_gdp,SIPRI,IRQ
4338,Israel,2024,8.47,military_spending_gdp,SIPRI,ISR
4339,Jordan,2024,4.75,military_spending_gdp,SIPRI,JOR
4340,Kuwait,2024,4.44,military_spending_gdp,SIPRI,KWT
4341,Lebanon,2024,2.25,military_spending_gdp,SIPRI,LBN
4342,Oman,2024,5.59,military_spending_gdp,SIPRI,OMN
4344,Saudi Arabia,2024,6.41,military_spending_gdp,SIPRI,SAU
4346,Türkiye,2024,1.84,military_spending_gdp,SIPRI,TUR
