,Year,ISO3,NATO Member
0,1980,AFG,0
1,1980,ALB,0
2,1980,DZA,0
3,1980,AND,0
4,1980,AGO,0
5,1980,ATG,0
6,1980,ARG,0
7,1980,ARM,0
8,1980,AUS,0
9,1980,AUT,0
10,1980,AZE,0
11,1980,BHS,0
12,1980,BHR,0
13,1980,BGD,0
14,1980,BRB,0
15,1980,BLR,0
16,1980,BEL,1
17,1980,BLZ,0
18,1980,BEN,0
19,1980,BTN,0
20,1980,BOL,0
21,1980,BIH,0
22,1980,BWA,0
23,1980,BRA,0
24,1980,BRN,0
25,1980,BGR,0
26,1980,BFA,0
27,1980,BDI,0
28,1980,CPV,0
29,1980,KHM,0
30,1980,CMR,0
31,1980,CAN,1
32,1980,CAF,0
33,1980,TCD,0
34,1980,CHL,0
35,1980,CHN,0
36,1980,COL,0
37,1980,COM,0
38,1980,COD,0
39,1980,COG,0
40,1980,CRI,0
41,1980,HRV,0
42,1980,CUB,0
43,1980,CYP,0
44,1980,CZE,0
45,1980,DNK,1
46,1980,DJI,0
47,1980,DMA,0
48,1980,DOM,0
49,1980,ECU,0
50,1980,EGY,0
51,1980,SLV,0
52,1980,GNQ,0
53,1980,ERI,0
54,1980,EST,0
55,1980,SWZ,0
56,1980,ETH,0
57,1980,FJI,0
58,1980,FIN,0
59,1980,FRA,1
60,1980,GAB,0
61,1980,GMB,0
62,1980,GEO,0
63,1980,DEU,1
64,1980,GHA,0
65,1980,GRC,1
66,1980,GRD,0
67,1980,GTM,0
68,1980,GIN,0
69,1980,GNB,0
70,1980,GUY,0
71,1980,HTI,0
72,1980,VAT,0
73,1980,HND,0
74,1980,HUN,0
75,1980,ISL,1
76,1980,IND,0
77,1980,IDN,0
78,1980,IRN,0
79,1980,IRQ,0
80,1980,IRL,0
81,1980,ISR,0
82,1980,ITA,1
83,1980,JAM,0
84,1980,JPN,0
85,1980,JOR,0
86,1980,KAZ,0
87,1980,KEN,0
88,1980,KIR,0
89,1980,PRK,0
90,1980,KOR,0
91,1980,XKX,0
92,1980,KWT,0
93,1980,KGZ,0
94,1980,LAO,0
95,1980,LVA,0
96,1980,LBN,0
97,1980,LSO,0
98,1980,LBR,0
99,1980,LBY,0
100,1980,LIE,0
101,1980,LTU,0
102,1980,LUX,1
103,1980,MDG,0
104,1980,MWI,0
105,1980,MYS,0
106,1980,MDV,0
107,1980,MLI,0
108,1980,MLT,0
109,1980,MHL,0
110,1980,MRT,0
111,1980,MUS,0
112,1980,MEX,0
113,1980,FSM,0
114,1980,MDA,0
115,1980,MCO,0
116,1980,MNG,0
117,1980,MNE,0
118,1980,MAR,0
119,1980,MOZ,0
120,1980,MMR,0
121,1980,NAM,0
122,1980,NRU,0
123,1980,NPL,0
124,1980,NLD,1
125,1980,NZL,0
126,1980,NIC,0
127,1980,NER,0
128,1980,NGA,0
129,1980,MKD,0
130,1980,NOR,1
131,1980,OMN,0
132,1980,PAK,0
133,1980,PLW,0
134,1980,PSE,0
135,1980,PAN,0
136,1980,PNG,0
137,1980,PRY,0
138,1980,PER,0
139,1980,PHL,0
140,1980,POL,0
141,1980,PRT,1
142,1980,QAT,0
143,1980,ROU,0
144,1980,RUS,0
145,1980,RWA,0
146,1980,KNA,0
147,1980,LCA,0
148,1980,VCT,0
149,1980,WSM,0
150,1980,SMR,0
151,1980,STP,0
152,1980,SAU,0
153,1980,SEN,0
154,1980,SRB,0
155,1980,SYC,0
156,1980,SLE,0
157,1980,SGP,0
158,1980,SVK,0
159,1980,SVN,0
160,1980,SLB,0
161,1980,SOM,0
162,1980,ZAF,0
163,1980,SSD,0
164,1980,ESP,0
165,1980,LKA,0
166,1980,SDN,0
167,1980,SUR,0
168,1980,SWE,0
169,1980,CHE,0
170,1980,SYR,0
171,1980,TWN,0
172,1980,TJK,0
173,1980,TZA,0
174,1980,THA,0
175,1980,TLS,0
176,1980,TGO,0
177,1980,TON,0
178,1980,TTO,0
179,1980,TUN,0
180,1980,TUR,1
181,1980,TKM,0
182,1980,TUV,0
183,1980,UGA,0
184,1980,UKR,0
185,1980,ARE,0
186,1980,GBR,1
187,1980,USA,1
188,1980,URY,0
189,1980,UZB,0
190,1980,VUT,0
191,1980,VEN,0
192,1980,VNM,0
193,1980,YEM,0
194,1980,ZMB,0
195,1980,ZWE,0
196,1981,AFG,0
197,1981,ALB,0
198,1981,DZA,0
199,1981,AND,0
200,1981,AGO,0
201,1981,ATG,0
202,1981,ARG,0
203,1981,ARM,0
204,1981,AUS,0
205,1981,AUT,0
206,1981,AZE,0
207,1981,BHS,0
208,1981,BHR,0
209,1981,BGD,0
210,1981,BRB,0
211,1981,BLR,0
212,1981,BEL,1
213,1981,BLZ,0
214,1981,BEN,0
215,1981,BTN,0
216,1981,BOL,0
217,1981,BIH,0
218,1981,BWA,0
219,1981,BRA,0
220,1981,BRN,0
221,1981,BGR,0
222,1981,BFA,0
223,1981,BDI,0
224,1981,CPV,0
225,1981,KHM,0
226,1981,CMR,0
227,1981,CAN,1
228,1981,CAF,0
229,1981,TCD,0
230,1981,CHL,0
231,1981,CHN,0
232,1981,COL,0
233,1981,COM,0
234,1981,COD,0
235,1981,COG,0
236,1981,CRI,0
237,1981,HRV,0
238,1981,CUB,0
239,1981,CYP,0
240,1981,CZE,0
241,1981,DNK,1
242,1981,DJI,0
243,1981,DMA,0
244,1981,DOM,0
245,1981,ECU,0
246,1981,EGY,0
247,1981,SLV,0
248,1981,GNQ,0
249,1981,ERI,0
250,1981,EST,0
251,1981,SWZ,0
252,1981,ETH,0
253,1981,FJI,0
254,1981,FIN,0
255,1981,FRA,1
256,1981,GAB,0
257,1981,GMB,0
258,1981,GEO,0
259,1981,DEU,1
260,1981,GHA,0
261,1981,GRC,1
262,1981,GRD,0
263,1981,GTM,0
264,1981,GIN,0
265,1981,GNB,0
266,1981,GUY,0
267,1981,HTI,0
268,1981,VAT,0
269,1981,HND,0
270,1981,HUN,0
271,1981,ISL,1
272,1981,IND,0
273,1981,IDN,0
274,1981,IRN,0
275,1981,IRQ,0
276,1981,IRL,0
277,1981,ISR,0
278,1981,ITA,1
279,1981,JAM,0
280,1981,JPN,0
281,1981,JOR,0
282,1981,KAZ,0
283,1981,KEN,0
284,1981,KIR,0
285,1981,PRK,0
286,1981,KOR,0
287,1981,XKX,0
288,1981,KWT,0
289,1981,KGZ,0
290,1981,LAO,0
291,1981,LVA,0
292,1981,LBN,0
293,1981,LSO,0
294,1981,LBR,0
295,1981,LBY,0
296,1981,LIE,0
297,1981,LTU,0
298,1981,LUX,1
299,1981,MDG,0
300,1981,MWI,0
301,1981,MYS,0
302,1981,MDV,0
303,1981,MLI,0
304,1981,MLT,0
305,1981,MHL,0
306,1981,MRT,0
307,1981,MUS,0
308,1981,MEX,0
309,1981,FSM,0
310,1981,MDA,0
311,1981,MCO,0
312,1981,MNG,0
313,1981,MNE,0
314,1981,MAR,0
315,1981,MOZ,0
316,1981,MMR,0
317,1981,NAM,0
318,1981,NRU,0
319,1981,NPL,0
320,1981,NLD,1
321,1981,NZL,0
322,1981,NIC,0
323,1981,NER,0
324,1981,NGA,0
325,1981,MKD,0
326,1981,NOR,1
327,1981,OMN,0
328,1981,PAK,0
329,1981,PLW,0
330,1981,PSE,0
331,1981,PAN,0
332,1981,PNG,0
333,1981,PRY,0
334,1981,PER,0
335,1981,PHL,0
336,1981,POL,0
337,1981,PRT,1
338,1981,QAT,0
339,1981,ROU,0
340,1981,RUS,0
341,1981,RWA,0
342,1981,KNA,0
343,1981,LCA,0
344,1981,VCT,0
345,1981,WSM,0
346,1981,SMR,0
347,1981,STP,0
348,1981,SAU,0
349,1981,SEN,0
350,1981,SRB,0
351,1981,SYC,0
352,1981,SLE,0
353,1981,SGP,0
354,1981,SVK,0
355,1981,SVN,0
356,1981,SLB,0
357,1981,SOM,0
358,1981,ZAF,0
359,1981,SSD,0
360,1981,ESP,0
361,1981,LKA,0
362,1981,SDN,0
363,1981,SUR,0
364,1981,SWE,0
365,1981,CHE,0
366,1981,SYR,0
367,1981,TWN,0
368,1981,TJK,0
369,1981,TZA,0
370,1981,THA,0
371,1981,TLS,0
372,1981,TGO,0
373,1981,TON,0
374,1981,TTO,0
375,1981,TUN,0
376,1981,TUR,1
377,1981,TKM,0
378,1981,TUV,0
379,1981,UGA,0
380,1981,UKR,0
381,1981,ARE,0
382,1981,GBR,1
383,1981,USA,1
384,1981,URY,0
385,1981,UZB,0
386,1981,VUT,0
387,1981,VEN,0
388,1981,VNM,0
389,1981,YEM,0
390,1981,ZMB,0
391,1981,ZWE,0
392,1982,AFG,0
393,1982,ALB,0
394,1982,DZA,0
395,1982,AND,0
396,1982,AGO,0
397,1982,ATG,0
398,1982,ARG,0
399,1982,ARM,0
400,1982,AUS,0
401,1982,AUT,0
402,1982,AZE,0
403,1982,BHS,0
404,1982,BHR,0
405,1982,BGD,0
406,1982,BRB,0
407,1982,BLR,0
408,1982,BEL,1
409,1982,BLZ,0
410,1982,BEN,0
411,1982,BTN,0
412,1982,BOL,0
413,1982,BIH,0
414,1982,BWA,0
415,1982,BRA,0
416,1982,BRN,0
417,1982,BGR,0
418,1982,BFA,0
419,1982,BDI,0
420,1982,CPV,0
421,1982,KHM,0
422,1982,CMR,0
423,1982,CAN,1
424,1982,CAF,0
425,1982,TCD,0
426,1982,CHL,0
427,1982,CHN,0
428,1982,COL,0
429,1982,COM,0
430,1982,COD,0
431,1982,COG,0
432,1982,CRI,0
433,1982,HRV,0
434,1982,CUB,0
435,1982,CYP,0
436,1982,CZE,0
437,1982,DNK,1
438,1982,DJI,0
439,1982,DMA,0
440,1982,DOM,0
441,1982,ECU,0
442,1982,EGY,0
443,1982,SLV,0
444,1982,GNQ,0
445,1982,ERI,0
446,1982,EST,0
447,1982,SWZ,0
448,1982,ETH,0
449,1982,FJI,0
450,1982,FIN,0
451,1982,FRA,1
452,1982,GAB,0
453,1982,GMB,0
454,1982,GEO,0
455,1982,DEU,1
456,1982,GHA,0
457,1982,GRC,1
458,1982,GRD,0
459,1982,GTM,0
460,1982,GIN,0
461,1982,GNB,0
462,1982,GUY,0
463,1982,HTI,0
464,1982,VAT,0
465,1982,HND,0
466,1982,HUN,0
467,1982,ISL,1
468,1982,IND,0
469,1982,IDN,0
470,1982,IRN,0
471,1982,IRQ,0
472,1982,IRL,0
473,1982,ISR,0
474,1982,ITA,1
475,1982,JAM,0
476,1982,JPN,0
477,1982,JOR,0
478,1982,KAZ,0
479,1982,KEN,0
480,1982,KIR,0
481,1982,PRK,0
482,1982,KOR,0
483,1982,XKX,0
484,1982,KWT,0
485,1982,KGZ,0
486,1982,LAO,0
487,1982,LVA,0
488,1982,LBN,0
489,1982,LSO,0
490,1982,LBR,0
491,1982,LBY,0
492,1982,LIE,0
493,1982,LTU,0
494,1982,LUX,1
495,1982,MDG,0
496,1982,MWI,0
497,1982,MYS,0
498,1982,MDV,0
499,1982,MLI,0
500,1982,MLT,0
501,1982,MHL,0
502,1982,MRT,0
503,1982,MUS,0
504,1982,MEX,0
505,1982,FSM,0
506,1982,MDA,0
507,1982,MCO,0
508,1982,MNG,0
509,1982,MNE,0
510,1982,MAR,0
511,1982,MOZ,0
512,1982,MMR,0
513,1982,NAM,0
514,1982,NRU,0
515,1982,NPL,0
516,1982,NLD,1
517,1982,NZL,0
518,1982,NIC,0
519,1982,NER,0
520,1982,NGA,0
521,1982,MKD,0
522,1982,NOR,1
523,1982,OMN,0
524,1982,PAK,0
525,1982,PLW,0
526,1982,PSE,0
527,1982,PAN,0
528,1982,PNG,0
529,1982,PRY,0
530,1982,PER,0
531,1982,PHL,0
532,1982,POL,0
533,1982,PRT,1
534,1982,QAT,0
535,1982,ROU,0
536,1982,RUS,0
537,1982,RWA,0
538,1982,KNA,0
539,1982,LCA,0
540,1982,VCT,0
541,1982,WSM,0
542,1982,SMR,0
543,1982,STP,0
544,1982,SAU,0
545,1982,SEN,0
546,1982,SRB,0
547,1982,SYC,0
548,1982,SLE,0
549,1982,SGP,0
550,1982,SVK,0
551,1982,SVN,0
552,1982,SLB,0
553,1982,SOM,0
554,1982,ZAF,0
555,1982,SSD,0
556,1982,ESP,1
557,1982,LKA,0
558,1982,SDN,0
559,1982,SUR,0
560,1982,SWE,0
561,1982,CHE,0
562,1982,SYR,0
563,1982,TWN,0
564,1982,TJK,0
565,1982,TZA,0
566,1982,THA,0
567,1982,TLS,0
568,1982,TGO,0
569,1982,TON,0
570,1982,TTO,0
571,1982,TUN,0
572,1982,TUR,1
573,1982,TKM,0
574,1982,TUV,0
575,1982,UGA,0
576,1982,UKR,0
577,1982,ARE,0
578,1982,GBR,1
579,1982,USA,1
580,1982,URY,0
581,1982,UZB,0
582,1982,VUT,0
583,1982,VEN,0
584,1982,VNM,0
585,1982,YEM,0
586,1982,ZMB,0
587,1982,ZWE,0
588,1983,AFG,0
589,1983,ALB,0
590,1983,DZA,0
591,1983,AND,0
592,1983,AGO,0
593,1983,ATG,0
594,1983,ARG,0
595,1983,ARM,0
596,1983,AUS,0
597,1983,AUT,0
598,1983,AZE,0
599,1983,BHS,0
600,1983,BHR,0
601,1983,BGD,0
602,1983,BRB,0
603,1983,BLR,0
604,1983,BEL,1
605,1983,BLZ,0
606,1983,BEN,0
607,1983,BTN,0
608,1983,BOL,0
609,1983,BIH,0
610,1983,BWA,0
611,1983,BRA,0
612,1983,BRN,0
613,1983,BGR,0
614,1983,BFA,0
615,1983,BDI,0
616,1983,CPV,0
617,1983,KHM,0
618,1983,CMR,0
619,1983,CAN,1
620,1983,CAF,0
621,1983,TCD,0
622,1983,CHL,0
623,1983,CHN,0
624,1983,COL,0
625,1983,COM,0
626,1983,COD,0
627,1983,COG,0
628,1983,CRI,0
629,1983,HRV,0
630,1983,CUB,0
631,1983,CYP,0
632,1983,CZE,0
633,1983,DNK,1
634,1983,DJI,0
635,1983,DMA,0
636,1983,DOM,0
637,1983,ECU,0
638,1983,EGY,0
639,1983,SLV,0
640,1983,GNQ,0
641,1983,ERI,0
642,1983,EST,0
643,1983,SWZ,0
644,1983,ETH,0
645,1983,FJI,0
646,1983,FIN,0
647,1983,FRA,1
648,1983,GAB,0
649,1983,GMB,0
650,1983,GEO,0
651,1983,DEU,1
652,1983,GHA,0
653,1983,GRC,1
654,1983,GRD,0
655,1983,GTM,0
656,1983,GIN,0
657,1983,GNB,0
658,1983,GUY,0
659,1983,HTI,0
660,1983,VAT,0
661,1983,HND,0
662,1983,HUN,0
663,1983,ISL,1
664,1983,IND,0
665,1983,IDN,0
666,1983,IRN,0
667,1983,IRQ,0
668,1983,IRL,0
669,1983,ISR,0
670,1983,ITA,1
671,1983,JAM,0
672,1983,JPN,0
673,1983,JOR,0
674,1983,KAZ,0
675,1983,KEN,0
676,1983,KIR,0
677,1983,PRK,0
678,1983,KOR,0
679,1983,XKX,0
680,1983,KWT,0
681,1983,KGZ,0
682,1983,LAO,0
683,1983,LVA,0
684,1983,LBN,0
685,1983,LSO,0
686,1983,LBR,0
687,1983,LBY,0
688,1983,LIE,0
689,1983,LTU,0
690,1983,LUX,1
691,1983,MDG,0
692,1983,MWI,0
693,1983,MYS,0
694,1983,MDV,0
695,1983,MLI,0
696,1983,MLT,0
697,1983,MHL,0
698,1983,MRT,0
699,1983,MUS,0
700,1983,MEX,0
701,1983,FSM,0
702,1983,MDA,0
703,1983,MCO,0
704,1983,MNG,0
705,1983,MNE,0
706,1983,MAR,0
707,1983,MOZ,0
708,1983,MMR,0
709,1983,NAM,0
710,1983,NRU,0
711,1983,NPL,0
712,1983,NLD,1
713,1983,NZL,0
714,1983,NIC,0
715,1983,NER,0
716,1983,NGA,0
717,1983,MKD,0
718,1983,NOR,1
719,1983,OMN,0
720,1983,PAK,0
721,1983,PLW,0
722,1983,PSE,0
723,1983,PAN,0
724,1983,PNG,0
725,1983,PRY,0
726,1983,PER,0
727,1983,PHL,0
728,1983,POL,0
729,1983,PRT,1
730,1983,QAT,0
731,1983,ROU,0
732,1983,RUS,0
733,1983,RWA,0
734,1983,KNA,0
735,1983,LCA,0
736,1983,VCT,0
737,1983,WSM,0
738,1983,SMR,0
739,1983,STP,0
740,1983,SAU,0
741,1983,SEN,0
742,1983,SRB,0
743,1983,SYC,0
744,1983,SLE,0
745,1983,SGP,0
746,1983,SVK,0
747,1983,SVN,0
748,1983,SLB,0
749,1983,SOM,0
750,1983,ZAF,0
751,1983,SSD,0
752,1983,ESP,1
753,1983,LKA,0
754,1983,SDN,0
755,1983,SUR,0
756,1983,SWE,0
757,1983,CHE,0
758,1983,SYR,0
759,1983,TWN,0
760,1983,TJK,0
761,1983,TZA,0
762,1983,THA,0
763,1983,TLS,0
764,1983,TGO,0
765,1983,TON,0
766,1983,TTO,0
767,1983,TUN,0
768,1983,TUR,1
769,1983,TKM,0
770,1983,TUV,0
771,1983,UGA,0
772,1983,UKR,0
773,1983,ARE,0
774,1983,GBR,1
775,1983,USA,1
776,1983,URY,0
777,1983,UZB,0
778,1983,VUT,0
779,1983,VEN,0
780,1983,VNM,0
781,1983,YEM,0
782,1983,ZMB,0
783,1983,ZWE,0
784,1984,AFG,0
785,1984,ALB,0
786,1984,DZA,0
787,1984,AND,0
788,1984,AGO,0
789,1984,ATG,0
790,1984,ARG,0
791,1984,ARM,0
792,1984,AUS,0
793,1984,AUT,0
794,1984,AZE,0
795,1984,BHS,0
796,1984,BHR,0
797,1984,BGD,0
798,1984,BRB,0
799,1984,BLR,0
800,1984,BEL,1
801,1984,BLZ,0
802,1984,BEN,0
803,1984,BTN,0
804,1984,BOL,0
805,1984,BIH,0
806,1984,BWA,0
807,1984,BRA,0
808,1984,BRN,0
809,1984,BGR,0
810,1984,BFA,0
811,1984,BDI,0
812,1984,CPV,0
813,1984,KHM,0
814,1984,CMR,0
815,1984,CAN,1
816,1984,CAF,0
817,1984,TCD,0
818,1984,CHL,0
819,1984,CHN,0
820,1984,COL,0
821,1984,COM,0
822,1984,COD,0
823,1984,COG,0
824,1984,CRI,0
825,1984,HRV,0
826,1984,CUB,0
827,1984,CYP,0
828,1984,CZE,0
829,1984,DNK,1
830,1984,DJI,0
831,1984,DMA,0
832,1984,DOM,0
833,1984,ECU,0
834,1984,EGY,0
835,1984,SLV,0
836,1984,GNQ,0
837,1984,ERI,0
838,1984,EST,0
839,1984,SWZ,0
840,1984,ETH,0
841,1984,FJI,0
842,1984,FIN,0
843,1984,FRA,1
844,1984,GAB,0
845,1984,GMB,0
846,1984,GEO,0
847,1984,DEU,1
848,1984,GHA,0
849,1984,GRC,1
850,1984,GRD,0
851,1984,GTM,0
852,1984,GIN,0
853,1984,GNB,0
854,1984,GUY,0
855,1984,HTI,0
856,1984,VAT,0
857,1984,HND,0
858,1984,HUN,0
859,1984,ISL,1
860,1984,IND,0
861,1984,IDN,0
862,1984,IRN,0
863,1984,IRQ,0
864,1984,IRL,0
865,1984,ISR,0
866,1984,ITA,1
867,1984,JAM,0
868,1984,JPN,0
869,1984,JOR,0
870,1984,KAZ,0
871,1984,KEN,0
872,1984,KIR,0
873,1984,PRK,0
874,1984,KOR,0
875,1984,XKX,0
876,1984,KWT,0
877,1984,KGZ,0
878,1984,LAO,0
879,1984,LVA,0
880,1984,LBN,0
881,1984,LSO,0
882,1984,LBR,0
883,1984,LBY,0
884,1984,LIE,0
885,1984,LTU,0
886,1984,LUX,1
887,1984,MDG,0
888,1984,MWI,0
889,1984,MYS,0
890,1984,MDV,0
891,1984,MLI,0
892,1984,MLT,0
893,1984,MHL,0
894,1984,MRT,0
895,1984,MUS,0
896,1984,MEX,0
897,1984,FSM,0
898,1984,MDA,0
899,1984,MCO,0
900,1984,MNG,0
901,1984,MNE,0
902,1984,MAR,0
903,1984,MOZ,0
904,1984,MMR,0
905,1984,NAM,0
906,1984,NRU,0
907,1984,NPL,0
908,1984,NLD,1
909,1984,NZL,0
910,1984,NIC,0
911,1984,NER,0
912,1984,NGA,0
913,1984,MKD,0
914,1984,NOR,1
915,1984,OMN,0
916,1984,PAK,0
917,1984,PLW,0
918,1984,PSE,0
919,1984,PAN,0
920,1984,PNG,0
921,1984,PRY,0
922,1984,PER,0
923,1984,PHL,0
924,1984,POL,0
925,1984,PRT,1
926,1984,QAT,0
927,1984,ROU,0
928,1984,RUS,0
929,1984,RWA,0
930,1984,KNA,0
931,1984,LCA,0
932,1984,VCT,0
933,1984,WSM,0
934,1984,SMR,0
935,1984,STP,0
936,1984,SAU,0
937,1984,SEN,0
938,1984,SRB,0
939,1984,SYC,0
940,1984,SLE,0
941,1984,SGP,0
942,1984,SVK,0
943,1984,SVN,0
944,1984,SLB,0
945,1984,SOM,0
946,1984,ZAF,0
947,1984,SSD,0
948,1984,ESP,1
949,1984,LKA,0
950,1984,SDN,0
951,1984,SUR,0
952,1984,SWE,0
953,1984,CHE,0
954,1984,SYR,0
955,1984,TWN,0
956,1984,TJK,0
957,1984,TZA,0
958,1984,THA,0
959,1984,TLS,0
960,1984,TGO,0
961,1984,TON,0
962,1984,TTO,0
963,1984,TUN,0
964,1984,TUR,1
965,1984,TKM,0
966,1984,TUV,0
967,1984,UGA,0
968,1984,UKR,0
969,1984,ARE,0
970,1984,GBR,1
971,1984,USA,1
972,1984,URY,0
973,1984,UZB,0
974,1984,VUT,0
975,1984,VEN,0
976,1984,VNM,0
977,1984,YEM,0
978,1984,ZMB,0
979,1984,ZWE,0
980,1985,AFG,0
981,1985,ALB,0
982,1985,DZA,0
983,1985,AND,0
984,1985,AGO,0
985,1985,ATG,0
986,1985,ARG,0
987,1985,ARM,0
988,1985,AUS,0
989,1985,AUT,0
990,1985,AZE,0
991,1985,BHS,0
992,1985,BHR,0
993,1985,BGD,0
994,1985,BRB,0
995,1985,BLR,0
996,1985,BEL,1
997,1985,BLZ,0
998,1985,BEN,0
999,1985,BTN,0
1000,1985,BOL,0
1001,1985,BIH,0
1002,1985,BWA,0
1003,1985,BRA,0
1004,1985,BRN,0
1005,1985,BGR,0
1006,1985,BFA,0
1007,1985,BDI,0
1008,1985,CPV,0
1009,1985,KHM,0
1010,1985,CMR,0
1011,1985,CAN,1
1012,1985,CAF,0
1013,1985,TCD,0
1014,1985,CHL,0
1015,1985,CHN,0
1016,1985,COL,0
1017,1985,COM,0
1018,1985,COD,0
1019,1985,COG,0
1020,1985,CRI,0
1021,1985,HRV,0
1022,1985,CUB,0
1023,1985,CYP,0
1024,1985,CZE,0
1025,1985,DNK,1
1026,1985,DJI,0
1027,1985,DMA,0
1028,1985,DOM,0
1029,1985,ECU,0
1030,1985,EGY,0
1031,1985,SLV,0
1032,1985,GNQ,0
1033,1985,ERI,0
1034,1985,EST,0
1035,1985,SWZ,0
1036,1985,ETH,0
1037,1985,FJI,0
1038,1985,FIN,0
1039,1985,FRA,1
1040,1985,GAB,0
1041,1985,GMB,0
1042,1985,GEO,0
1043,1985,DEU,1
1044,1985,GHA,0
1045,1985,GRC,1
1046,1985,GRD,0
1047,1985,GTM,0
1048,1985,GIN,0
1049,1985,GNB,0
1050,1985,GUY,0
1051,1985,HTI,0
1052,1985,VAT,0
1053,1985,HND,0
1054,1985,HUN,0
1055,1985,ISL,1
1056,1985,IND,0
1057,1985,IDN,0
1058,1985,IRN,0
1059,1985,IRQ,0
1060,1985,IRL,0
1061,1985,ISR,0
1062,1985,ITA,1
1063,1985,JAM,0
1064,1985,JPN,0
1065,1985,JOR,0
1066,1985,KAZ,0
1067,1985,KEN,0
1068,1985,KIR,0
1069,1985,PRK,0
1070,1985,KOR,0
1071,1985,XKX,0
1072,1985,KWT,0
1073,1985,KGZ,0
1074,1985,LAO,0
1075,1985,LVA,0
1076,1985,LBN,0
1077,1985,LSO,0
1078,1985,LBR,0
1079,1985,LBY,0
1080,1985,LIE,0
1081,1985,LTU,0
1082,1985,LUX,1
1083,1985,MDG,0
1084,1985,MWI,0
1085,1985,MYS,0
1086,1985,MDV,0
1087,1985,MLI,0
1088,1985,MLT,0
1089,1985,MHL,0
1090,1985,MRT,0
1091,1985,MUS,0
1092,1985,MEX,0
1093,1985,FSM,0
1094,1985,MDA,0
1095,1985,MCO,0
1096,1985,MNG,0
1097,1985,MNE,0
1098,1985,MAR,0
1099,1985,MOZ,0
1100,1985,MMR,0
1101,1985,NAM,0
1102,1985,NRU,0
1103,1985,NPL,0
1104,1985,NLD,1
1105,1985,NZL,0
1106,1985,NIC,0
1107,1985,NER,0
1108,1985,NGA,0
1109,1985,MKD,0
1110,1985,NOR,1
1111,1985,OMN,0
1112,1985,PAK,0
1113,1985,PLW,0
1114,1985,PSE,0
1115,1985,PAN,0
1116,1985,PNG,0
1117,1985,PRY,0
1118,1985,PER,0
1119,1985,PHL,0
1120,1985,POL,0
1121,1985,PRT,1
1122,1985,QAT,0
1123,1985,ROU,0
1124,1985,RUS,0
1125,1985,RWA,0
1126,1985,KNA,0
1127,1985,LCA,0
1128,1985,VCT,0
1129,1985,WSM,0
1130,1985,SMR,0
1131,1985,STP,0
1132,1985,SAU,0
1133,1985,SEN,0
1134,1985,SRB,0
1135,1985,SYC,0
1136,1985,SLE,0
1137,1985,SGP,0
1138,1985,SVK,0
1139,1985,SVN,0
1140,1985,SLB,0
1141,1985,SOM,0
1142,1985,ZAF,0
1143,1985,SSD,0
1144,1985,ESP,1
1145,1985,LKA,0
1146,1985,SDN,0
1147,1985,SUR,0
1148,1985,SWE,0
1149,1985,CHE,0
1150,1985,SYR,0
1151,1985,TWN,0
1152,1985,TJK,0
1153,1985,TZA,0
1154,1985,THA,0
1155,1985,TLS,0
1156,1985,TGO,0
1157,1985,TON,0
1158,1985,TTO,0
1159,1985,TUN,0
1160,1985,TUR,1
1161,1985,TKM,0
1162,1985,TUV,0
1163,1985,UGA,0
1164,1985,UKR,0
1165,1985,ARE,0
1166,1985,GBR,1
1167,1985,USA,1
1168,1985,URY,0
1169,1985,UZB,0
1170,1985,VUT,0
1171,1985,VEN,0
1172,1985,VNM,0
1173,1985,YEM,0
1174,1985,ZMB,0
1175,1985,ZWE,0
1176,1986,AFG,0
1177,1986,ALB,0
1178,1986,DZA,0
1179,1986,AND,0
1180,1986,AGO,0
1181,1986,ATG,0
1182,1986,ARG,0
1183,1986,ARM,0
1184,1986,AUS,0
1185,1986,AUT,0
1186,1986,AZE,0
1187,1986,BHS,0
1188,1986,BHR,0
1189,1986,BGD,0
1190,1986,BRB,0
1191,1986,BLR,0
1192,1986,BEL,1
1193,1986,BLZ,0
1194,1986,BEN,0
1195,1986,BTN,0
1196,1986,BOL,0
1197,1986,BIH,0
1198,1986,BWA,0
1199,1986,BRA,0
1200,1986,BRN,0
1201,1986,BGR,0
1202,1986,BFA,0
1203,1986,BDI,0
1204,1986,CPV,0
1205,1986,KHM,0
1206,1986,CMR,0
1207,1986,CAN,1
1208,1986,CAF,0
1209,1986,TCD,0
1210,1986,CHL,0
1211,1986,CHN,0
1212,1986,COL,0
1213,1986,COM,0
1214,1986,COD,0
1215,1986,COG,0
1216,1986,CRI,0
1217,1986,HRV,0
1218,1986,CUB,0
1219,1986,CYP,0
1220,1986,CZE,0
1221,1986,DNK,1
1222,1986,DJI,0
1223,1986,DMA,0
1224,1986,DOM,0
1225,1986,ECU,0
1226,1986,EGY,0
1227,1986,SLV,0
1228,1986,GNQ,0
1229,1986,ERI,0
1230,1986,EST,0
1231,1986,SWZ,0
1232,1986,ETH,0
1233,1986,FJI,0
1234,1986,FIN,0
1235,1986,FRA,1
1236,1986,GAB,0
1237,1986,GMB,0
1238,1986,GEO,0
1239,1986,DEU,1
1240,1986,GHA,0
1241,1986,GRC,1
1242,1986,GRD,0
1243,1986,GTM,0
1244,1986,GIN,0
1245,1986,GNB,0
1246,1986,GUY,0
1247,1986,HTI,0
1248,1986,VAT,0
1249,1986,HND,0
1250,1986,HUN,0
1251,1986,ISL,1
1252,1986,IND,0
1253,1986,IDN,0
1254,1986,IRN,0
1255,1986,IRQ,0
1256,1986,IRL,0
1257,1986,ISR,0
1258,1986,ITA,1
1259,1986,JAM,0
1260,1986,JPN,0
1261,1986,JOR,0
1262,1986,KAZ,0
1263,1986,KEN,0
1264,1986,KIR,0
1265,1986,PRK,0
1266,1986,KOR,0
1267,1986,XKX,0
1268,1986,KWT,0
1269,1986,KGZ,0
1270,1986,LAO,0
1271,1986,LVA,0
1272,1986,LBN,0
1273,1986,LSO,0
1274,1986,LBR,0
1275,1986,LBY,0
1276,1986,LIE,0
1277,1986,LTU,0
1278,1986,LUX,1
1279,1986,MDG,0
1280,1986,MWI,0
1281,1986,MYS,0
1282,1986,MDV,0
1283,1986,MLI,0
1284,1986,MLT,0
1285,1986,MHL,0
1286,1986,MRT,0
1287,1986,MUS,0
1288,1986,MEX,0
1289,1986,FSM,0
1290,1986,MDA,0
1291,1986,MCO,0
1292,1986,MNG,0
1293,1986,MNE,0
1294,1986,MAR,0
1295,1986,MOZ,0
1296,1986,MMR,0
1297,1986,NAM,0
1298,1986,NRU,0
1299,1986,NPL,0
1300,1986,NLD,1
1301,1986,NZL,0
1302,1986,NIC,0
1303,1986,NER,0
1304,1986,NGA,0
1305,1986,MKD,0
1306,1986,NOR,1
1307,1986,OMN,0
1308,1986,PAK,0
1309,1986,PLW,0
1310,1986,PSE,0
1311,1986,PAN,0
1312,1986,PNG,0
1313,1986,PRY,0
1314,1986,PER,0
1315,1986,PHL,0
1316,1986,POL,0
1317,1986,PRT,1
1318,1986,QAT,0
1319,1986,ROU,0
1320,1986,RUS,0
1321,1986,RWA,0
1322,1986,KNA,0
1323,1986,LCA,0
1324,1986,VCT,0
1325,1986,WSM,0
1326,1986,SMR,0
1327,1986,STP,0
1328,1986,SAU,0
1329,1986,SEN,0
1330,1986,SRB,0
1331,1986,SYC,0
1332,1986,SLE,0
1333,1986,SGP,0
1334,1986,SVK,0
1335,1986,SVN,0
1336,1986,SLB,0
1337,1986,SOM,0
1338,1986,ZAF,0
1339,1986,SSD,0
1340,1986,ESP,1
1341,1986,LKA,0
1342,1986,SDN,0
1343,1986,SUR,0
1344,1986,SWE,0
1345,1986,CHE,0
1346,1986,SYR,0
1347,1986,TWN,0
1348,1986,TJK,0
1349,1986,TZA,0
1350,1986,THA,0
1351,1986,TLS,0
1352,1986,TGO,0
1353,1986,TON,0
1354,1986,TTO,0
1355,1986,TUN,0
1356,1986,TUR,1
1357,1986,TKM,0
1358,1986,TUV,0
1359,1986,UGA,0
1360,1986,UKR,0
1361,1986,ARE,0
1362,1986,GBR,1
1363,1986,USA,1
1364,1986,URY,0
1365,1986,UZB,0
1366,1986,VUT,0
1367,1986,VEN,0
1368,1986,VNM,0
1369,1986,YEM,0
1370,1986,ZMB,0
1371,1986,ZWE,0
1372,1987,AFG,0
1373,1987,ALB,0
1374,1987,DZA,0
1375,1987,AND,0
1376,1987,AGO,0
1377,1987,ATG,0
1378,1987,ARG,0
1379,1987,ARM,0
1380,1987,AUS,0
1381,1987,AUT,0
1382,1987,AZE,0
1383,1987,BHS,0
1384,1987,BHR,0
1385,1987,BGD,0
1386,1987,BRB,0
1387,1987,BLR,0
1388,1987,BEL,1
1389,1987,BLZ,0
1390,1987,BEN,0
1391,1987,BTN,0
1392,1987,BOL,0
1393,1987,BIH,0
1394,1987,BWA,0
1395,1987,BRA,0
1396,1987,BRN,0
1397,1987,BGR,0
1398,1987,BFA,0
1399,1987,BDI,0
1400,1987,CPV,0
1401,1987,KHM,0
1402,1987,CMR,0
1403,1987,CAN,1
1404,1987,CAF,0
1405,1987,TCD,0
1406,1987,CHL,0
1407,1987,CHN,0
1408,1987,COL,0
1409,1987,COM,0
1410,1987,COD,0
1411,1987,COG,0
1412,1987,CRI,0
1413,1987,HRV,0
1414,1987,CUB,0
1415,1987,CYP,0
1416,1987,CZE,0
1417,1987,DNK,1
1418,1987,DJI,0
1419,1987,DMA,0
1420,1987,DOM,0
1421,1987,ECU,0
1422,1987,EGY,0
1423,1987,SLV,0
1424,1987,GNQ,0
1425,1987,ERI,0
1426,1987,EST,0
1427,1987,SWZ,0
1428,1987,ETH,0
1429,1987,FJI,0
1430,1987,FIN,0
1431,1987,FRA,1
1432,1987,GAB,0
1433,1987,GMB,0
1434,1987,GEO,0
1435,1987,DEU,1
1436,1987,GHA,0
1437,1987,GRC,1
1438,1987,GRD,0
1439,1987,GTM,0
1440,1987,GIN,0
1441,1987,GNB,0
1442,1987,GUY,0
1443,1987,HTI,0
1444,1987,VAT,0
1445,1987,HND,0
1446,1987,HUN,0
1447,1987,ISL,1
1448,1987,IND,0
1449,1987,IDN,0
1450,1987,IRN,0
1451,1987,IRQ,0
1452,1987,IRL,0
1453,1987,ISR,0
1454,1987,ITA,1
1455,1987,JAM,0
1456,1987,JPN,0
1457,1987,JOR,0
1458,1987,KAZ,0
1459,1987,KEN,0
1460,1987,KIR,0
1461,1987,PRK,0
1462,1987,KOR,0
1463,1987,XKX,0
1464,1987,KWT,0
1465,1987,KGZ,0
1466,1987,LAO,0
1467,1987,LVA,0
1468,1987,LBN,0
1469,1987,LSO,0
1470,1987,LBR,0
1471,1987,LBY,0
1472,1987,LIE,0
1473,1987,LTU,0
1474,1987,LUX,1
1475,1987,MDG,0
1476,1987,MWI,0
1477,1987,MYS,0
1478,1987,MDV,0
1479,1987,MLI,0
1480,1987,MLT,0
1481,1987,MHL,0
1482,1987,MRT,0
1483,1987,MUS,0
1484,1987,MEX,0
1485,1987,FSM,0
1486,1987,MDA,0
1487,1987,MCO,0
1488,1987,MNG,0
1489,1987,MNE,0
1490,1987,MAR,0
1491,1987,MOZ,0
1492,1987,MMR,0
1493,1987,NAM,0
1494,1987,NRU,0
1495,1987,NPL,0
1496,1987,NLD,1
1497,1987,NZL,0
1498,1987,NIC,0
1499,1987,NER,0
1500,1987,NGA,0
1501,1987,MKD,0
1502,1987,NOR,1
1503,1987,OMN,0
1504,1987,PAK,0
1505,1987,PLW,0
1506,1987,PSE,0
1507,1987,PAN,0
1508,1987,PNG,0
1509,1987,PRY,0
1510,1987,PER,0
1511,1987,PHL,0
1512,1987,POL,0
1513,1987,PRT,1
1514,1987,QAT,0
1515,1987,ROU,0
1516,1987,RUS,0
1517,1987,RWA,0
1518,1987,KNA,0
1519,1987,LCA,0
1520,1987,VCT,0
1521,1987,WSM,0
1522,1987,SMR,0
1523,1987,STP,0
1524,1987,SAU,0
1525,1987,SEN,0
1526,1987,SRB,0
1527,1987,SYC,0
1528,1987,SLE,0
1529,1987,SGP,0
1530,1987,SVK,0
1531,1987,SVN,0
1532,1987,SLB,0
1533,1987,SOM,0
1534,1987,ZAF,0
1535,1987,SSD,0
1536,1987,ESP,1
1537,1987,LKA,0
1538,1987,SDN,0
1539,1987,SUR,0
1540,1987,SWE,0
1541,1987,CHE,0
1542,1987,SYR,0
1543,1987,TWN,0
1544,1987,TJK,0
1545,1987,TZA,0
1546,1987,THA,0
1547,1987,TLS,0
1548,1987,TGO,0
1549,1987,TON,0
1550,1987,TTO,0
1551,1987,TUN,0
1552,1987,TUR,1
1553,1987,TKM,0
1554,1987,TUV,0
1555,1987,UGA,0
1556,1987,UKR,0
1557,1987,ARE,0
1558,1987,GBR,1
1559,1987,USA,1
1560,1987,URY,0
1561,1987,UZB,0
1562,1987,VUT,0
1563,1987,VEN,0
1564,1987,VNM,0
1565,1987,YEM,0
1566,1987,ZMB,0
1567,1987,ZWE,0
1568,1988,AFG,0
1569,1988,ALB,0
1570,1988,DZA,0
1571,1988,AND,0
1572,1988,AGO,0
1573,1988,ATG,0
1574,1988,ARG,0
1575,1988,ARM,0
1576,1988,AUS,0
1577,1988,AUT,0
1578,1988,AZE,0
1579,1988,BHS,0
1580,1988,BHR,0
1581,1988,BGD,0
1582,1988,BRB,0
1583,1988,BLR,0
1584,1988,BEL,1
1585,1988,BLZ,0
1586,1988,BEN,0
1587,1988,BTN,0
1588,1988,BOL,0
1589,1988,BIH,0
1590,1988,BWA,0
1591,1988,BRA,0
1592,1988,BRN,0
1593,1988,BGR,0
1594,1988,BFA,0
1595,1988,BDI,0
1596,1988,CPV,0
1597,1988,KHM,0
1598,1988,CMR,0
1599,1988,CAN,1
1600,1988,CAF,0
1601,1988,TCD,0
1602,1988,CHL,0
1603,1988,CHN,0
1604,1988,COL,0
1605,1988,COM,0
1606,1988,COD,0
1607,1988,COG,0
1608,1988,CRI,0
1609,1988,HRV,0
1610,1988,CUB,0
1611,1988,CYP,0
1612,1988,CZE,0
1613,1988,DNK,1
1614,1988,DJI,0
1615,1988,DMA,0
1616,1988,DOM,0
1617,1988,ECU,0
1618,1988,EGY,0
1619,1988,SLV,0
1620,1988,GNQ,0
1621,1988,ERI,0
1622,1988,EST,0
1623,1988,SWZ,0
1624,1988,ETH,0
1625,1988,FJI,0
1626,1988,FIN,0
1627,1988,FRA,1
1628,1988,GAB,0
1629,1988,GMB,0
1630,1988,GEO,0
1631,1988,DEU,1
1632,1988,GHA,0
1633,1988,GRC,1
1634,1988,GRD,0
1635,1988,GTM,0
1636,1988,GIN,0
1637,1988,GNB,0
1638,1988,GUY,0
1639,1988,HTI,0
1640,1988,VAT,0
1641,1988,HND,0
1642,1988,HUN,0
1643,1988,ISL,1
1644,1988,IND,0
1645,1988,IDN,0
1646,1988,IRN,0
1647,1988,IRQ,0
1648,1988,IRL,0
1649,1988,ISR,0
1650,1988,ITA,1
1651,1988,JAM,0
1652,1988,JPN,0
1653,1988,JOR,0
1654,1988,KAZ,0
1655,1988,KEN,0
1656,1988,KIR,0
1657,1988,PRK,0
1658,1988,KOR,0
1659,1988,XKX,0
1660,1988,KWT,0
1661,1988,KGZ,0
1662,1988,LAO,0
1663,1988,LVA,0
1664,1988,LBN,0
1665,1988,LSO,0
1666,1988,LBR,0
1667,1988,LBY,0
1668,1988,LIE,0
1669,1988,LTU,0
1670,1988,LUX,1
1671,1988,MDG,0
1672,1988,MWI,0
1673,1988,MYS,0
1674,1988,MDV,0
1675,1988,MLI,0
1676,1988,MLT,0
1677,1988,MHL,0
1678,1988,MRT,0
1679,1988,MUS,0
1680,1988,MEX,0
1681,1988,FSM,0
1682,1988,MDA,0
1683,1988,MCO,0
1684,1988,MNG,0
1685,1988,MNE,0
1686,1988,MAR,0
1687,1988,MOZ,0
1688,1988,MMR,0
1689,1988,NAM,0
1690,1988,NRU,0
1691,1988,NPL,0
1692,1988,NLD,1
1693,1988,NZL,0
1694,1988,NIC,0
1695,1988,NER,0
1696,1988,NGA,0
1697,1988,MKD,0
1698,1988,NOR,1
1699,1988,OMN,0
1700,1988,PAK,0
1701,1988,PLW,0
1702,1988,PSE,0
1703,1988,PAN,0
1704,1988,PNG,0
1705,1988,PRY,0
1706,1988,PER,0
1707,1988,PHL,0
1708,1988,POL,0
1709,1988,PRT,1
1710,1988,QAT,0
1711,1988,ROU,0
1712,1988,RUS,0
1713,1988,RWA,0
1714,1988,KNA,0
1715,1988,LCA,0
1716,1988,VCT,0
1717,1988,WSM,0
1718,1988,SMR,0
1719,1988,STP,0
1720,1988,SAU,0
1721,1988,SEN,0
1722,1988,SRB,0
1723,1988,SYC,0
1724,1988,SLE,0
1725,1988,SGP,0
1726,1988,SVK,0
1727,1988,SVN,0
1728,1988,SLB,0
1729,1988,SOM,0
1730,1988,ZAF,0
1731,1988,SSD,0
1732,1988,ESP,1
1733,1988,LKA,0
1734,1988,SDN,0
1735,1988,SUR,0
1736,1988,SWE,0
1737,1988,CHE,0
1738,1988,SYR,0
1739,1988,TWN,0
1740,1988,TJK,0
1741,1988,TZA,0
1742,1988,THA,0
1743,1988,TLS,0
1744,1988,TGO,0
1745,1988,TON,0
1746,1988,TTO,0
1747,1988,TUN,0
1748,1988,TUR,1
1749,1988,TKM,0
1750,1988,TUV,0
1751,1988,UGA,0
1752,1988,UKR,0
1753,1988,ARE,0
1754,1988,GBR,1
1755,1988,USA,1
1756,1988,URY,0
1757,1988,UZB,0
1758,1988,VUT,0
1759,1988,VEN,0
1760,1988,VNM,0
1761,1988,YEM,0
1762,1988,ZMB,0
1763,1988,ZWE,0
1764,1989,AFG,0
1765,1989,ALB,0
1766,1989,DZA,0
1767,1989,AND,0
1768,1989,AGO,0
1769,1989,ATG,0
1770,1989,ARG,0
1771,1989,ARM,0
1772,1989,AUS,0
1773,1989,AUT,0
1774,1989,AZE,0
1775,1989,BHS,0
1776,1989,BHR,0
1777,1989,BGD,0
1778,1989,BRB,0
1779,1989,BLR,0
1780,1989,BEL,1
1781,1989,BLZ,0
1782,1989,BEN,0
1783,1989,BTN,0
1784,1989,BOL,0
1785,1989,BIH,0
1786,1989,BWA,0
1787,1989,BRA,0
1788,1989,BRN,0
1789,1989,BGR,0
1790,1989,BFA,0
1791,1989,BDI,0
1792,1989,CPV,0
1793,1989,KHM,0
1794,1989,CMR,0
1795,1989,CAN,1
1796,1989,CAF,0
1797,1989,TCD,0
1798,1989,CHL,0
1799,1989,CHN,0
1800,1989,COL,0
1801,1989,COM,0
1802,1989,COD,0
1803,1989,COG,0
1804,1989,CRI,0
1805,1989,HRV,0
1806,1989,CUB,0
1807,1989,CYP,0
1808,1989,CZE,0
1809,1989,DNK,1
1810,1989,DJI,0
1811,1989,DMA,0
1812,1989,DOM,0
1813,1989,ECU,0
1814,1989,EGY,0
1815,1989,SLV,0
1816,1989,GNQ,0
1817,1989,ERI,0
1818,1989,EST,0
1819,1989,SWZ,0
1820,1989,ETH,0
1821,1989,FJI,0
1822,1989,FIN,0
1823,1989,FRA,1
1824,1989,GAB,0
1825,1989,GMB,0
1826,1989,GEO,0
1827,1989,DEU,1
1828,1989,GHA,0
1829,1989,GRC,1
1830,1989,GRD,0
1831,1989,GTM,0
1832,1989,GIN,0
1833,1989,GNB,0
1834,1989,GUY,0
1835,1989,HTI,0
1836,1989,VAT,0
1837,1989,HND,0
1838,1989,HUN,0
1839,1989,ISL,1
1840,1989,IND,0
1841,1989,IDN,0
1842,1989,IRN,0
1843,1989,IRQ,0
1844,1989,IRL,0
1845,1989,ISR,0
1846,1989,ITA,1
1847,1989,JAM,0
1848,1989,JPN,0
1849,1989,JOR,0
1850,1989,KAZ,0
1851,1989,KEN,0
1852,1989,KIR,0
1853,1989,PRK,0
1854,1989,KOR,0
1855,1989,XKX,0
1856,1989,KWT,0
1857,1989,KGZ,0
1858,1989,LAO,0
1859,1989,LVA,0
1860,1989,LBN,0
1861,1989,LSO,0
1862,1989,LBR,0
1863,1989,LBY,0
1864,1989,LIE,0
1865,1989,LTU,0
1866,1989,LUX,1
1867,1989,MDG,0
1868,1989,MWI,0
1869,1989,MYS,0
1870,1989,MDV,0
1871,1989,MLI,0
1872,1989,MLT,0
1873,1989,MHL,0
1874,1989,MRT,0
1875,1989,MUS,0
1876,1989,MEX,0
1877,1989,FSM,0
1878,1989,MDA,0
1879,1989,MCO,0
1880,1989,MNG,0
1881,1989,MNE,0
1882,1989,MAR,0
1883,1989,MOZ,0
1884,1989,MMR,0
1885,1989,NAM,0
1886,1989,NRU,0
1887,1989,NPL,0
1888,1989,NLD,1
1889,1989,NZL,0
1890,1989,NIC,0
1891,1989,NER,0
1892,1989,NGA,0
1893,1989,MKD,0
1894,1989,NOR,1
1895,1989,OMN,0
1896,1989,PAK,0
1897,1989,PLW,0
1898,1989,PSE,0
1899,1989,PAN,0
1900,1989,PNG,0
1901,1989,PRY,0
1902,1989,PER,0
1903,1989,PHL,0
1904,1989,POL,0
1905,1989,PRT,1
1906,1989,QAT,0
1907,1989,ROU,0
1908,1989,RUS,0
1909,1989,RWA,0
1910,1989,KNA,0
1911,1989,LCA,0
1912,1989,VCT,0
1913,1989,WSM,0
1914,1989,SMR,0
1915,1989,STP,0
1916,1989,SAU,0
1917,1989,SEN,0
1918,1989,SRB,0
1919,1989,SYC,0
1920,1989,SLE,0
1921,1989,SGP,0
1922,1989,SVK,0
1923,1989,SVN,0
1924,1989,SLB,0
1925,1989,SOM,0
1926,1989,ZAF,0
1927,1989,SSD,0
1928,1989,ESP,1
1929,1989,LKA,0
1930,1989,SDN,0
1931,1989,SUR,0
1932,1989,SWE,0
1933,1989,CHE,0
1934,1989,SYR,0
1935,1989,TWN,0
1936,1989,TJK,0
1937,1989,TZA,0
1938,1989,THA,0
1939,1989,TLS,0
1940,1989,TGO,0
1941,1989,TON,0
1942,1989,TTO,0
1943,1989,TUN,0
1944,1989,TUR,1
1945,1989,TKM,0
1946,1989,TUV,0
1947,1989,UGA,0
1948,1989,UKR,0
1949,1989,ARE,0
1950,1989,GBR,1
1951,1989,USA,1
1952,1989,URY,0
1953,1989,UZB,0
1954,1989,VUT,0
1955,1989,VEN,0
1956,1989,VNM,0
1957,1989,YEM,0
1958,1989,ZMB,0
1959,1989,ZWE,0
1960,1990,AFG,0
1961,1990,ALB,0
1962,1990,DZA,0
1963,1990,AND,0
1964,1990,AGO,0
1965,1990,ATG,0
1966,1990,ARG,0
1967,1990,ARM,0
1968,1990,AUS,0
1969,1990,AUT,0
1970,1990,AZE,0
1971,1990,BHS,0
1972,1990,BHR,0
1973,1990,BGD,0
1974,1990,BRB,0
1975,1990,BLR,0
1976,1990,BEL,1
1977,1990,BLZ,0
1978,1990,BEN,0
1979,1990,BTN,0
1980,1990,BOL,0
1981,1990,BIH,0
1982,1990,BWA,0
1983,1990,BRA,0
1984,1990,BRN,0
1985,1990,BGR,0
1986,1990,BFA,0
1987,1990,BDI,0
1988,1990,CPV,0
1989,1990,KHM,0
1990,1990,CMR,0
1991,1990,CAN,1
1992,1990,CAF,0
1993,1990,TCD,0
1994,1990,CHL,0
1995,1990,CHN,0
1996,1990,COL,0
1997,1990,COM,0
1998,1990,COD,0
1999,1990,COG,0
2000,1990,CRI,0
2001,1990,HRV,0
2002,1990,CUB,0
2003,1990,CYP,0
2004,1990,CZE,0
2005,1990,DNK,1
2006,1990,DJI,0
2007,1990,DMA,0
2008,1990,DOM,0
2009,1990,ECU,0
2010,1990,EGY,0
2011,1990,SLV,0
2012,1990,GNQ,0
2013,1990,ERI,0
2014,1990,EST,0
2015,1990,SWZ,0
2016,1990,ETH,0
2017,1990,FJI,0
2018,1990,FIN,0
2019,1990,FRA,1
2020,1990,GAB,0
2021,1990,GMB,0
2022,1990,GEO,0
2023,1990,DEU,1
2024,1990,GHA,0
2025,1990,GRC,1
2026,1990,GRD,0
2027,1990,GTM,0
2028,1990,GIN,0
2029,1990,GNB,0
2030,1990,GUY,0
2031,1990,HTI,0
2032,1990,VAT,0
2033,1990,HND,0
2034,1990,HUN,0
2035,1990,ISL,1
2036,1990,IND,0
2037,1990,IDN,0
2038,1990,IRN,0
2039,1990,IRQ,0
2040,1990,IRL,0
2041,1990,ISR,0
2042,1990,ITA,1
2043,1990,JAM,0
2044,1990,JPN,0
2045,1990,JOR,0
2046,1990,KAZ,0
2047,1990,KEN,0
2048,1990,KIR,0
2049,1990,PRK,0
2050,1990,KOR,0
2051,1990,XKX,0
2052,1990,KWT,0
2053,1990,KGZ,0
2054,1990,LAO,0
2055,1990,LVA,0
2056,1990,LBN,0
2057,1990,LSO,0
2058,1990,LBR,0
2059,1990,LBY,0
2060,1990,LIE,0
2061,1990,LTU,0
2062,1990,LUX,1
2063,1990,MDG,0
2064,1990,MWI,0
2065,1990,MYS,0
2066,1990,MDV,0
2067,1990,MLI,0
2068,1990,MLT,0
2069,1990,MHL,0
2070,1990,MRT,0
2071,1990,MUS,0
2072,1990,MEX,0
2073,1990,FSM,0
2074,1990,MDA,0
2075,1990,MCO,0
2076,1990,MNG,0
2077,1990,MNE,0
2078,1990,MAR,0
2079,1990,MOZ,0
2080,1990,MMR,0
2081,1990,NAM,0
2082,1990,NRU,0
2083,1990,NPL,0
2084,1990,NLD,1
2085,1990,NZL,0
2086,1990,NIC,0
2087,1990,NER,0
2088,1990,NGA,0
2089,1990,MKD,0
2090,1990,NOR,1
2091,1990,OMN,0
2092,1990,PAK,0
2093,1990,PLW,0
2094,1990,PSE,0
2095,1990,PAN,0
2096,1990,PNG,0
2097,1990,PRY,0
2098,1990,PER,0
2099,1990,PHL,0
2100,1990,POL,0
2101,1990,PRT,1
2102,1990,QAT,0
2103,1990,ROU,0
2104,1990,RUS,0
2105,1990,RWA,0
2106,1990,KNA,0
2107,1990,LCA,0
2108,1990,VCT,0
2109,1990,WSM,0
2110,1990,SMR,0
2111,1990,STP,0
2112,1990,SAU,0
2113,1990,SEN,0
2114,1990,SRB,0
2115,1990,SYC,0
2116,1990,SLE,0
2117,1990,SGP,0
2118,1990,SVK,0
2119,1990,SVN,0
2120,1990,SLB,0
2121,1990,SOM,0
2122,1990,ZAF,0
2123,1990,SSD,0
2124,1990,ESP,1
2125,1990,LKA,0
2126,1990,SDN,0
2127,1990,SUR,0
2128,1990,SWE,0
2129,1990,CHE,0
2130,1990,SYR,0
2131,1990,TWN,0
2132,1990,TJK,0
2133,1990,TZA,0
2134,1990,THA,0
2135,1990,TLS,0
2136,1990,TGO,0
2137,1990,TON,0
2138,1990,TTO,0
2139,1990,TUN,0
2140,1990,TUR,1
2141,1990,TKM,0
2142,1990,TUV,0
2143,1990,UGA,0
2144,1990,UKR,0
2145,1990,ARE,0
2146,1990,GBR,1
2147,1990,USA,1
2148,1990,URY,0
2149,1990,UZB,0
2150,1990,VUT,0
2151,1990,VEN,0
2152,1990,VNM,0
2153,1990,YEM,0
2154,1990,ZMB,0
2155,1990,ZWE,0
2156,1991,AFG,0
2157,1991,ALB,0
2158,1991,DZA,0
2159,1991,AND,0
2160,1991,AGO,0
2161,1991,ATG,0
2162,1991,ARG,0
2163,1991,ARM,0
2164,1991,AUS,0
2165,1991,AUT,0
2166,1991,AZE,0
2167,1991,BHS,0
2168,1991,BHR,0
2169,1991,BGD,0
2170,1991,BRB,0
2171,1991,BLR,0
2172,1991,BEL,1
2173,1991,BLZ,0
2174,1991,BEN,0
2175,1991,BTN,0
2176,1991,BOL,0
2177,1991,BIH,0
2178,1991,BWA,0
2179,1991,BRA,0
2180,1991,BRN,0
2181,1991,BGR,0
2182,1991,BFA,0
2183,1991,BDI,0
2184,1991,CPV,0
2185,1991,KHM,0
2186,1991,CMR,0
2187,1991,CAN,1
2188,1991,CAF,0
2189,1991,TCD,0
2190,1991,CHL,0
2191,1991,CHN,0
2192,1991,COL,0
2193,1991,COM,0
2194,1991,COD,0
2195,1991,COG,0
2196,1991,CRI,0
2197,1991,HRV,0
2198,1991,CUB,0
2199,1991,CYP,0
2200,1991,CZE,0
2201,1991,DNK,1
2202,1991,DJI,0
2203,1991,DMA,0
2204,1991,DOM,0
2205,1991,ECU,0
2206,1991,EGY,0
2207,1991,SLV,0
2208,1991,GNQ,0
2209,1991,ERI,0
2210,1991,EST,0
2211,1991,SWZ,0
2212,1991,ETH,0
2213,1991,FJI,0
2214,1991,FIN,0
2215,1991,FRA,1
2216,1991,GAB,0
2217,1991,GMB,0
2218,1991,GEO,0
2219,1991,DEU,1
2220,1991,GHA,0
2221,1991,GRC,1
2222,1991,GRD,0
2223,1991,GTM,0
2224,1991,GIN,0
2225,1991,GNB,0
2226,1991,GUY,0
2227,1991,HTI,0
2228,1991,VAT,0
2229,1991,HND,0
2230,1991,HUN,0
2231,1991,ISL,1
2232,1991,IND,0
2233,1991,IDN,0
2234,1991,IRN,0
2235,1991,IRQ,0
2236,1991,IRL,0
2237,1991,ISR,0
2238,1991,ITA,1
2239,1991,JAM,0
2240,1991,JPN,0
2241,1991,JOR,0
2242,1991,KAZ,0
2243,1991,KEN,0
2244,1991,KIR,0
2245,1991,PRK,0
2246,1991,KOR,0
2247,1991,XKX,0
2248,1991,KWT,0
2249,1991,KGZ,0
2250,1991,LAO,0
2251,1991,LVA,0
2252,1991,LBN,0
2253,1991,LSO,0
2254,1991,LBR,0
2255,1991,LBY,0
2256,1991,LIE,0
2257,1991,LTU,0
2258,1991,LUX,1
2259,1991,MDG,0
2260,1991,MWI,0
2261,1991,MYS,0
2262,1991,MDV,0
2263,1991,MLI,0
2264,1991,MLT,0
2265,1991,MHL,0
2266,1991,MRT,0
2267,1991,MUS,0
2268,1991,MEX,0
2269,1991,FSM,0
2270,1991,MDA,0
2271,1991,MCO,0
2272,1991,MNG,0
2273,1991,MNE,0
2274,1991,MAR,0
2275,1991,MOZ,0
2276,1991,MMR,0
2277,1991,NAM,0
2278,1991,NRU,0
2279,1991,NPL,0
2280,1991,NLD,1
2281,1991,NZL,0
2282,1991,NIC,0
2283,1991,NER,0
2284,1991,NGA,0
2285,1991,MKD,0
2286,1991,NOR,1
2287,1991,OMN,0
2288,1991,PAK,0
2289,1991,PLW,0
2290,1991,PSE,0
2291,1991,PAN,0
2292,1991,PNG,0
2293,1991,PRY,0
2294,1991,PER,0
2295,1991,PHL,0
2296,1991,POL,0
2297,1991,PRT,1
2298,1991,QAT,0
2299,1991,ROU,0
2300,1991,RUS,0
2301,1991,RWA,0
2302,1991,KNA,0
2303,1991,LCA,0
2304,1991,VCT,0
2305,1991,WSM,0
2306,1991,SMR,0
2307,1991,STP,0
2308,1991,SAU,0
2309,1991,SEN,0
2310,1991,SRB,0
2311,1991,SYC,0
2312,1991,SLE,0
2313,1991,SGP,0
2314,1991,SVK,0
2315,1991,SVN,0
2316,1991,SLB,0
2317,1991,SOM,0
2318,1991,ZAF,0
2319,1991,SSD,0
2320,1991,ESP,1
2321,1991,LKA,0
2322,1991,SDN,0
2323,1991,SUR,0
2324,1991,SWE,0
2325,1991,CHE,0
2326,1991,SYR,0
2327,1991,TWN,0
2328,1991,TJK,0
2329,1991,TZA,0
2330,1991,THA,0
2331,1991,TLS,0
2332,1991,TGO,0
2333,1991,TON,0
2334,1991,TTO,0
2335,1991,TUN,0
2336,1991,TUR,1
2337,1991,TKM,0
2338,1991,TUV,0
2339,1991,UGA,0
2340,1991,UKR,0
2341,1991,ARE,0
2342,1991,GBR,1
2343,1991,USA,1
2344,1991,URY,0
2345,1991,UZB,0
2346,1991,VUT,0
2347,1991,VEN,0
2348,1991,VNM,0
2349,1991,YEM,0
2350,1991,ZMB,0
2351,1991,ZWE,0
2352,1992,AFG,0
2353,1992,ALB,0
2354,1992,DZA,0
2355,1992,AND,0
2356,1992,AGO,0
2357,1992,ATG,0
2358,1992,ARG,0
2359,1992,ARM,0
2360,1992,AUS,0
2361,1992,AUT,0
2362,1992,AZE,0
2363,1992,BHS,0
2364,1992,BHR,0
2365,1992,BGD,0
2366,1992,BRB,0
2367,1992,BLR,0
2368,1992,BEL,1
2369,1992,BLZ,0
2370,1992,BEN,0
2371,1992,BTN,0
2372,1992,BOL,0
2373,1992,BIH,0
2374,1992,BWA,0
2375,1992,BRA,0
2376,1992,BRN,0
2377,1992,BGR,0
2378,1992,BFA,0
2379,1992,BDI,0
2380,1992,CPV,0
2381,1992,KHM,0
2382,1992,CMR,0
2383,1992,CAN,1
2384,1992,CAF,0
2385,1992,TCD,0
2386,1992,CHL,0
2387,1992,CHN,0
2388,1992,COL,0
2389,1992,COM,0
2390,1992,COD,0
2391,1992,COG,0
2392,1992,CRI,0
2393,1992,HRV,0
2394,1992,CUB,0
2395,1992,CYP,0
2396,1992,CZE,0
2397,1992,DNK,1
2398,1992,DJI,0
2399,1992,DMA,0
2400,1992,DOM,0
2401,1992,ECU,0
2402,1992,EGY,0
2403,1992,SLV,0
2404,1992,GNQ,0
2405,1992,ERI,0
2406,1992,EST,0
2407,1992,SWZ,0
2408,1992,ETH,0
2409,1992,FJI,0
2410,1992,FIN,0
2411,1992,FRA,1
2412,1992,GAB,0
2413,1992,GMB,0
2414,1992,GEO,0
2415,1992,DEU,1
2416,1992,GHA,0
2417,1992,GRC,1
2418,1992,GRD,0
2419,1992,GTM,0
2420,1992,GIN,0
2421,1992,GNB,0
2422,1992,GUY,0
2423,1992,HTI,0
2424,1992,VAT,0
2425,1992,HND,0
2426,1992,HUN,0
2427,1992,ISL,1
2428,1992,IND,0
2429,1992,IDN,0
2430,1992,IRN,0
2431,1992,IRQ,0
2432,1992,IRL,0
2433,1992,ISR,0
2434,1992,ITA,1
2435,1992,JAM,0
2436,1992,JPN,0
2437,1992,JOR,0
2438,1992,KAZ,0
2439,1992,KEN,0
2440,1992,KIR,0
2441,1992,PRK,0
2442,1992,KOR,0
2443,1992,XKX,0
2444,1992,KWT,0
2445,1992,KGZ,0
2446,1992,LAO,0
2447,1992,LVA,0
2448,1992,LBN,0
2449,1992,LSO,0
2450,1992,LBR,0
2451,1992,LBY,0
2452,1992,LIE,0
2453,1992,LTU,0
2454,1992,LUX,1
2455,1992,MDG,0
2456,1992,MWI,0
2457,1992,MYS,0
2458,1992,MDV,0
2459,1992,MLI,0
2460,1992,MLT,0
2461,1992,MHL,0
2462,1992,MRT,0
2463,1992,MUS,0
2464,1992,MEX,0
2465,1992,FSM,0
2466,1992,MDA,0
2467,1992,MCO,0
2468,1992,MNG,0
2469,1992,MNE,0
2470,1992,MAR,0
2471,1992,MOZ,0
2472,1992,MMR,0
2473,1992,NAM,0
2474,1992,NRU,0
2475,1992,NPL,0
2476,1992,NLD,1
2477,1992,NZL,0
2478,1992,NIC,0
2479,1992,NER,0
2480,1992,NGA,0
2481,1992,MKD,0
2482,1992,NOR,1
2483,1992,OMN,0
2484,1992,PAK,0
2485,1992,PLW,0
2486,1992,PSE,0
2487,1992,PAN,0
2488,1992,PNG,0
2489,1992,PRY,0
2490,1992,PER,0
2491,1992,PHL,0
2492,1992,POL,0
2493,1992,PRT,1
2494,1992,QAT,0
2495,1992,ROU,0
2496,1992,RUS,0
2497,1992,RWA,0
2498,1992,KNA,0
2499,1992,LCA,0
2500,1992,VCT,0
2501,1992,WSM,0
2502,1992,SMR,0
2503,1992,STP,0
2504,1992,SAU,0
2505,1992,SEN,0
2506,1992,SRB,0
2507,1992,SYC,0
2508,1992,SLE,0
2509,1992,SGP,0
2510,1992,SVK,0
2511,1992,SVN,0
2512,1992,SLB,0
2513,1992,SOM,0
2514,1992,ZAF,0
2515,1992,SSD,0
2516,1992,ESP,1
2517,1992,LKA,0
2518,1992,SDN,0
2519,1992,SUR,0
2520,1992,SWE,0
2521,1992,CHE,0
2522,1992,SYR,0
2523,1992,TWN,0
2524,1992,TJK,0
2525,1992,TZA,0
2526,1992,THA,0
2527,1992,TLS,0
2528,1992,TGO,0
2529,1992,TON,0
2530,1992,TTO,0
2531,1992,TUN,0
2532,1992,TUR,1
2533,1992,TKM,0
2534,1992,TUV,0
2535,1992,UGA,0
2536,1992,UKR,0
2537,1992,ARE,0
2538,1992,GBR,1
2539,1992,USA,1
2540,1992,URY,0
2541,1992,UZB,0
2542,1992,VUT,0
2543,1992,VEN,0
2544,1992,VNM,0
2545,1992,YEM,0
2546,1992,ZMB,0
2547,1992,ZWE,0
2548,1993,AFG,0
2549,1993,ALB,0
2550,1993,DZA,0
2551,1993,AND,0
2552,1993,AGO,0
2553,1993,ATG,0
2554,1993,ARG,0
2555,1993,ARM,0
2556,1993,AUS,0
2557,1993,AUT,0
2558,1993,AZE,0
2559,1993,BHS,0
2560,1993,BHR,0
2561,1993,BGD,0
2562,1993,BRB,0
2563,1993,BLR,0
2564,1993,BEL,1
2565,1993,BLZ,0
2566,1993,BEN,0
2567,1993,BTN,0
2568,1993,BOL,0
2569,1993,BIH,0
2570,1993,BWA,0
2571,1993,BRA,0
2572,1993,BRN,0
2573,1993,BGR,0
2574,1993,BFA,0
2575,1993,BDI,0
2576,1993,CPV,0
2577,1993,KHM,0
2578,1993,CMR,0
2579,1993,CAN,1
2580,1993,CAF,0
2581,1993,TCD,0
2582,1993,CHL,0
2583,1993,CHN,0
2584,1993,COL,0
2585,1993,COM,0
2586,1993,COD,0
2587,1993,COG,0
2588,1993,CRI,0
2589,1993,HRV,0
2590,1993,CUB,0
2591,1993,CYP,0
2592,1993,CZE,0
2593,1993,DNK,1
2594,1993,DJI,0
2595,1993,DMA,0
2596,1993,DOM,0
2597,1993,ECU,0
2598,1993,EGY,0
2599,1993,SLV,0
2600,1993,GNQ,0
2601,1993,ERI,0
2602,1993,EST,0
2603,1993,SWZ,0
2604,1993,ETH,0
2605,1993,FJI,0
2606,1993,FIN,0
2607,1993,FRA,1
2608,1993,GAB,0
2609,1993,GMB,0
2610,1993,GEO,0
2611,1993,DEU,1
2612,1993,GHA,0
2613,1993,GRC,1
2614,1993,GRD,0
2615,1993,GTM,0
2616,1993,GIN,0
2617,1993,GNB,0
2618,1993,GUY,0
2619,1993,HTI,0
2620,1993,VAT,0
2621,1993,HND,0
2622,1993,HUN,0
2623,1993,ISL,1
2624,1993,IND,0
2625,1993,IDN,0
2626,1993,IRN,0
2627,1993,IRQ,0
2628,1993,IRL,0
2629,1993,ISR,0
2630,1993,ITA,1
2631,1993,JAM,0
2632,1993,JPN,0
2633,1993,JOR,0
2634,1993,KAZ,0
2635,1993,KEN,0
2636,1993,KIR,0
2637,1993,PRK,0
2638,1993,KOR,0
2639,1993,XKX,0
2640,1993,KWT,0
2641,1993,KGZ,0
2642,1993,LAO,0
2643,1993,LVA,0
2644,1993,LBN,0
2645,1993,LSO,0
2646,1993,LBR,0
2647,1993,LBY,0
2648,1993,LIE,0
2649,1993,LTU,0
2650,1993,LUX,1
2651,1993,MDG,0
2652,1993,MWI,0
2653,1993,MYS,0
2654,1993,MDV,0
2655,1993,MLI,0
2656,1993,MLT,0
2657,1993,MHL,0
2658,1993,MRT,0
2659,1993,MUS,0
2660,1993,MEX,0
2661,1993,FSM,0
2662,1993,MDA,0
2663,1993,MCO,0
2664,1993,MNG,0
2665,1993,MNE,0
2666,1993,MAR,0
2667,1993,MOZ,0
2668,1993,MMR,0
2669,1993,NAM,0
2670,1993,NRU,0
2671,1993,NPL,0
2672,1993,NLD,1
2673,1993,NZL,0
2674,1993,NIC,0
2675,1993,NER,0
2676,1993,NGA,0
2677,1993,MKD,0
2678,1993,NOR,1
2679,1993,OMN,0
2680,1993,PAK,0
2681,1993,PLW,0
2682,1993,PSE,0
2683,1993,PAN,0
2684,1993,PNG,0
2685,1993,PRY,0
2686,1993,PER,0
2687,1993,PHL,0
2688,1993,POL,0
2689,1993,PRT,1
2690,1993,QAT,0
2691,1993,ROU,0
2692,1993,RUS,0
2693,1993,RWA,0
2694,1993,KNA,0
2695,1993,LCA,0
2696,1993,VCT,0
2697,1993,WSM,0
2698,1993,SMR,0
2699,1993,STP,0
2700,1993,SAU,0
2701,1993,SEN,0
2702,1993,SRB,0
2703,1993,SYC,0
2704,1993,SLE,0
2705,1993,SGP,0
2706,1993,SVK,0
2707,1993,SVN,0
2708,1993,SLB,0
2709,1993,SOM,0
2710,1993,ZAF,0
2711,1993,SSD,0
2712,1993,ESP,1
2713,1993,LKA,0
2714,1993,SDN,0
2715,1993,SUR,0
2716,1993,SWE,0
2717,1993,CHE,0
2718,1993,SYR,0
2719,1993,TWN,0
2720,1993,TJK,0
2721,1993,TZA,0
2722,1993,THA,0
2723,1993,TLS,0
2724,1993,TGO,0
2725,1993,TON,0
2726,1993,TTO,0
2727,1993,TUN,0
2728,1993,TUR,1
2729,1993,TKM,0
2730,1993,TUV,0
2731,1993,UGA,0
2732,1993,UKR,0
2733,1993,ARE,0
2734,1993,GBR,1
2735,1993,USA,1
2736,1993,URY,0
2737,1993,UZB,0
2738,1993,VUT,0
2739,1993,VEN,0
2740,1993,VNM,0
2741,1993,YEM,0
2742,1993,ZMB,0
2743,1993,ZWE,0
2744,1994,AFG,0
2745,1994,ALB,0
2746,1994,DZA,0
2747,1994,AND,0
2748,1994,AGO,0
2749,1994,ATG,0
2750,1994,ARG,0
2751,1994,ARM,0
2752,1994,AUS,0
2753,1994,AUT,0
2754,1994,AZE,0
2755,1994,BHS,0
2756,1994,BHR,0
2757,1994,BGD,0
2758,1994,BRB,0
2759,1994,BLR,0
2760,1994,BEL,1
2761,1994,BLZ,0
2762,1994,BEN,0
2763,1994,BTN,0
2764,1994,BOL,0
2765,1994,BIH,0
2766,1994,BWA,0
2767,1994,BRA,0
2768,1994,BRN,0
2769,1994,BGR,0
2770,1994,BFA,0
2771,1994,BDI,0
2772,1994,CPV,0
2773,1994,KHM,0
2774,1994,CMR,0
2775,1994,CAN,1
2776,1994,CAF,0
2777,1994,TCD,0
2778,1994,CHL,0
2779,1994,CHN,0
2780,1994,COL,0
2781,1994,COM,0
2782,1994,COD,0
2783,1994,COG,0
2784,1994,CRI,0
2785,1994,HRV,0
2786,1994,CUB,0
2787,1994,CYP,0
2788,1994,CZE,0
2789,1994,DNK,1
2790,1994,DJI,0
2791,1994,DMA,0
2792,1994,DOM,0
2793,1994,ECU,0
2794,1994,EGY,0
2795,1994,SLV,0
2796,1994,GNQ,0
2797,1994,ERI,0
2798,1994,EST,0
2799,1994,SWZ,0
2800,1994,ETH,0
2801,1994,FJI,0
2802,1994,FIN,0
2803,1994,FRA,1
2804,1994,GAB,0
2805,1994,GMB,0
2806,1994,GEO,0
2807,1994,DEU,1
2808,1994,GHA,0
2809,1994,GRC,1
2810,1994,GRD,0
2811,1994,GTM,0
2812,1994,GIN,0
2813,1994,GNB,0
2814,1994,GUY,0
2815,1994,HTI,0
2816,1994,VAT,0
2817,1994,HND,0
2818,1994,HUN,0
2819,1994,ISL,1
2820,1994,IND,0
2821,1994,IDN,0
2822,1994,IRN,0
2823,1994,IRQ,0
2824,1994,IRL,0
2825,1994,ISR,0
2826,1994,ITA,1
2827,1994,JAM,0
2828,1994,JPN,0
2829,1994,JOR,0
2830,1994,KAZ,0
2831,1994,KEN,0
2832,1994,KIR,0
2833,1994,PRK,0
2834,1994,KOR,0
2835,1994,XKX,0
2836,1994,KWT,0
2837,1994,KGZ,0
2838,1994,LAO,0
2839,1994,LVA,0
2840,1994,LBN,0
2841,1994,LSO,0
2842,1994,LBR,0
2843,1994,LBY,0
2844,1994,LIE,0
2845,1994,LTU,0
2846,1994,LUX,1
2847,1994,MDG,0
2848,1994,MWI,0
2849,1994,MYS,0
2850,1994,MDV,0
2851,1994,MLI,0
2852,1994,MLT,0
2853,1994,MHL,0
2854,1994,MRT,0
2855,1994,MUS,0
2856,1994,MEX,0
2857,1994,FSM,0
2858,1994,MDA,0
2859,1994,MCO,0
2860,1994,MNG,0
2861,1994,MNE,0
2862,1994,MAR,0
2863,1994,MOZ,0
2864,1994,MMR,0
2865,1994,NAM,0
2866,1994,NRU,0
2867,1994,NPL,0
2868,1994,NLD,1
2869,1994,NZL,0
2870,1994,NIC,0
2871,1994,NER,0
2872,1994,NGA,0
2873,1994,MKD,0
2874,1994,NOR,1
2875,1994,OMN,0
2876,1994,PAK,0
2877,1994,PLW,0
2878,1994,PSE,0
2879,1994,PAN,0
2880,1994,PNG,0
2881,1994,PRY,0
2882,1994,PER,0
2883,1994,PHL,0
2884,1994,POL,0
2885,1994,PRT,1
2886,1994,QAT,0
2887,1994,ROU,0
2888,1994,RUS,0
2889,1994,RWA,0
2890,1994,KNA,0
2891,1994,LCA,0
2892,1994,VCT,0
2893,1994,WSM,0
2894,1994,SMR,0
2895,1994,STP,0
2896,1994,SAU,0
2897,1994,SEN,0
2898,1994,SRB,0
2899,1994,SYC,0
2900,1994,SLE,0
2901,1994,SGP,0
2902,1994,SVK,0
2903,1994,SVN,0
2904,1994,SLB,0
2905,1994,SOM,0
2906,1994,ZAF,0
2907,1994,SSD,0
2908,1994,ESP,1
2909,1994,LKA,0
2910,1994,SDN,0
2911,1994,SUR,0
2912,1994,SWE,0
2913,1994,CHE,0
2914,1994,SYR,0
2915,1994,TWN,0
2916,1994,TJK,0
2917,1994,TZA,0
2918,1994,THA,0
2919,1994,TLS,0
2920,1994,TGO,0
2921,1994,TON,0
2922,1994,TTO,0
2923,1994,TUN,0
2924,1994,TUR,1
2925,1994,TKM,0
2926,1994,TUV,0
2927,1994,UGA,0
2928,1994,UKR,0
2929,1994,ARE,0
2930,1994,GBR,1
2931,1994,USA,1
2932,1994,URY,0
2933,1994,UZB,0
2934,1994,VUT,0
2935,1994,VEN,0
2936,1994,VNM,0
2937,1994,YEM,0
2938,1994,ZMB,0
2939,1994,ZWE,0
2940,1995,AFG,0
2941,1995,ALB,0
2942,1995,DZA,0
2943,1995,AND,0
2944,1995,AGO,0
2945,1995,ATG,0
2946,1995,ARG,0
2947,1995,ARM,0
2948,1995,AUS,0
2949,1995,AUT,0
2950,1995,AZE,0
2951,1995,BHS,0
2952,1995,BHR,0
2953,1995,BGD,0
2954,1995,BRB,0
2955,1995,BLR,0
2956,1995,BEL,1
2957,1995,BLZ,0
2958,1995,BEN,0
2959,1995,BTN,0
2960,1995,BOL,0
2961,1995,BIH,0
2962,1995,BWA,0
2963,1995,BRA,0
2964,1995,BRN,0
2965,1995,BGR,0
2966,1995,BFA,0
2967,1995,BDI,0
2968,1995,CPV,0
2969,1995,KHM,0
2970,1995,CMR,0
2971,1995,CAN,1
2972,1995,CAF,0
2973,1995,TCD,0
2974,1995,CHL,0
2975,1995,CHN,0
2976,1995,COL,0
2977,1995,COM,0
2978,1995,COD,0
2979,1995,COG,0
2980,1995,CRI,0
2981,1995,HRV,0
2982,1995,CUB,0
2983,1995,CYP,0
2984,1995,CZE,0
2985,1995,DNK,1
2986,1995,DJI,0
2987,1995,DMA,0
2988,1995,DOM,0
2989,1995,ECU,0
2990,1995,EGY,0
2991,1995,SLV,0
2992,1995,GNQ,0
2993,1995,ERI,0
2994,1995,EST,0
2995,1995,SWZ,0
2996,1995,ETH,0
2997,1995,FJI,0
2998,1995,FIN,0
2999,1995,FRA,1
3000,1995,GAB,0
3001,1995,GMB,0
3002,1995,GEO,0
3003,1995,DEU,1
3004,1995,GHA,0
3005,1995,GRC,1
3006,1995,GRD,0
3007,1995,GTM,0
3008,1995,GIN,0
3009,1995,GNB,0
3010,1995,GUY,0
3011,1995,HTI,0
3012,1995,VAT,0
3013,1995,HND,0
3014,1995,HUN,0
3015,1995,ISL,1
3016,1995,IND,0
3017,1995,IDN,0
3018,1995,IRN,0
3019,1995,IRQ,0
3020,1995,IRL,0
3021,1995,ISR,0
3022,1995,ITA,1
3023,1995,JAM,0
3024,1995,JPN,0
3025,1995,JOR,0
3026,1995,KAZ,0
3027,1995,KEN,0
3028,1995,KIR,0
3029,1995,PRK,0
3030,1995,KOR,0
3031,1995,XKX,0
3032,1995,KWT,0
3033,1995,KGZ,0
3034,1995,LAO,0
3035,1995,LVA,0
3036,1995,LBN,0
3037,1995,LSO,0
3038,1995,LBR,0
3039,1995,LBY,0
3040,1995,LIE,0
3041,1995,LTU,0
3042,1995,LUX,1
3043,1995,MDG,0
3044,1995,MWI,0
3045,1995,MYS,0
3046,1995,MDV,0
3047,1995,MLI,0
3048,1995,MLT,0
3049,1995,MHL,0
3050,1995,MRT,0
3051,1995,MUS,0
3052,1995,MEX,0
3053,1995,FSM,0
3054,1995,MDA,0
3055,1995,MCO,0
3056,1995,MNG,0
3057,1995,MNE,0
3058,1995,MAR,0
3059,1995,MOZ,0
3060,1995,MMR,0
3061,1995,NAM,0
3062,1995,NRU,0
3063,1995,NPL,0
3064,1995,NLD,1
3065,1995,NZL,0
3066,1995,NIC,0
3067,1995,NER,0
3068,1995,NGA,0
3069,1995,MKD,0
3070,1995,NOR,1
3071,1995,OMN,0
3072,1995,PAK,0
3073,1995,PLW,0
3074,1995,PSE,0
3075,1995,PAN,0
3076,1995,PNG,0
3077,1995,PRY,0
3078,1995,PER,0
3079,1995,PHL,0
3080,1995,POL,0
3081,1995,PRT,1
3082,1995,QAT,0
3083,1995,ROU,0
3084,1995,RUS,0
3085,1995,RWA,0
3086,1995,KNA,0
3087,1995,LCA,0
3088,1995,VCT,0
3089,1995,WSM,0
3090,1995,SMR,0
3091,1995,STP,0
3092,1995,SAU,0
3093,1995,SEN,0
3094,1995,SRB,0
3095,1995,SYC,0
3096,1995,SLE,0
3097,1995,SGP,0
3098,1995,SVK,0
3099,1995,SVN,0
3100,1995,SLB,0
3101,1995,SOM,0
3102,1995,ZAF,0
3103,1995,SSD,0
3104,1995,ESP,1
3105,1995,LKA,0
3106,1995,SDN,0
3107,1995,SUR,0
3108,1995,SWE,0
3109,1995,CHE,0
3110,1995,SYR,0
3111,1995,TWN,0
3112,1995,TJK,0
3113,1995,TZA,0
3114,1995,THA,0
3115,1995,TLS,0
3116,1995,TGO,0
3117,1995,TON,0
3118,1995,TTO,0
3119,1995,TUN,0
3120,1995,TUR,1
3121,1995,TKM,0
3122,1995,TUV,0
3123,1995,UGA,0
3124,1995,UKR,0
3125,1995,ARE,0
3126,1995,GBR,1
3127,1995,USA,1
3128,1995,URY,0
3129,1995,UZB,0
3130,1995,VUT,0
3131,1995,VEN,0
3132,1995,VNM,0
3133,1995,YEM,0
3134,1995,ZMB,0
3135,1995,ZWE,0
3136,1996,AFG,0
3137,1996,ALB,0
3138,1996,DZA,0
3139,1996,AND,0
3140,1996,AGO,0
3141,1996,ATG,0
3142,1996,ARG,0
3143,1996,ARM,0
3144,1996,AUS,0
3145,1996,AUT,0
3146,1996,AZE,0
3147,1996,BHS,0
3148,1996,BHR,0
3149,1996,BGD,0
3150,1996,BRB,0
3151,1996,BLR,0
3152,1996,BEL,1
3153,1996,BLZ,0
3154,1996,BEN,0
3155,1996,BTN,0
3156,1996,BOL,0
3157,1996,BIH,0
3158,1996,BWA,0
3159,1996,BRA,0
3160,1996,BRN,0
3161,1996,BGR,0
3162,1996,BFA,0
3163,1996,BDI,0
3164,1996,CPV,0
3165,1996,KHM,0
3166,1996,CMR,0
3167,1996,CAN,1
3168,1996,CAF,0
3169,1996,TCD,0
3170,1996,CHL,0
3171,1996,CHN,0
3172,1996,COL,0
3173,1996,COM,0
3174,1996,COD,0
3175,1996,COG,0
3176,1996,CRI,0
3177,1996,HRV,0
3178,1996,CUB,0
3179,1996,CYP,0
3180,1996,CZE,0
3181,1996,DNK,1
3182,1996,DJI,0
3183,1996,DMA,0
3184,1996,DOM,0
3185,1996,ECU,0
3186,1996,EGY,0
3187,1996,SLV,0
3188,1996,GNQ,0
3189,1996,ERI,0
3190,1996,EST,0
3191,1996,SWZ,0
3192,1996,ETH,0
3193,1996,FJI,0
3194,1996,FIN,0
3195,1996,FRA,1
3196,1996,GAB,0
3197,1996,GMB,0
3198,1996,GEO,0
3199,1996,DEU,1
3200,1996,GHA,0
3201,1996,GRC,1
3202,1996,GRD,0
3203,1996,GTM,0
3204,1996,GIN,0
3205,1996,GNB,0
3206,1996,GUY,0
3207,1996,HTI,0
3208,1996,VAT,0
3209,1996,HND,0
3210,1996,HUN,0
3211,1996,ISL,1
3212,1996,IND,0
3213,1996,IDN,0
3214,1996,IRN,0
3215,1996,IRQ,0
3216,1996,IRL,0
3217,1996,ISR,0
3218,1996,ITA,1
3219,1996,JAM,0
3220,1996,JPN,0
3221,1996,JOR,0
3222,1996,KAZ,0
3223,1996,KEN,0
3224,1996,KIR,0
3225,1996,PRK,0
3226,1996,KOR,0
3227,1996,XKX,0
3228,1996,KWT,0
3229,1996,KGZ,0
3230,1996,LAO,0
3231,1996,LVA,0
3232,1996,LBN,0
3233,1996,LSO,0
3234,1996,LBR,0
3235,1996,LBY,0
3236,1996,LIE,0
3237,1996,LTU,0
3238,1996,LUX,1
3239,1996,MDG,0
3240,1996,MWI,0
3241,1996,MYS,0
3242,1996,MDV,0
3243,1996,MLI,0
3244,1996,MLT,0
3245,1996,MHL,0
3246,1996,MRT,0
3247,1996,MUS,0
3248,1996,MEX,0
3249,1996,FSM,0
3250,1996,MDA,0
3251,1996,MCO,0
3252,1996,MNG,0
3253,1996,MNE,0
3254,1996,MAR,0
3255,1996,MOZ,0
3256,1996,MMR,0
3257,1996,NAM,0
3258,1996,NRU,0
3259,1996,NPL,0
3260,1996,NLD,1
3261,1996,NZL,0
3262,1996,NIC,0
3263,1996,NER,0
3264,1996,NGA,0
3265,1996,MKD,0
3266,1996,NOR,1
3267,1996,OMN,0
3268,1996,PAK,0
3269,1996,PLW,0
3270,1996,PSE,0
3271,1996,PAN,0
3272,1996,PNG,0
3273,1996,PRY,0
3274,1996,PER,0
3275,1996,PHL,0
3276,1996,POL,0
3277,1996,PRT,1
3278,1996,QAT,0
3279,1996,ROU,0
3280,1996,RUS,0
3281,1996,RWA,0
3282,1996,KNA,0
3283,1996,LCA,0
3284,1996,VCT,0
3285,1996,WSM,0
3286,1996,SMR,0
3287,1996,STP,0
3288,1996,SAU,0
3289,1996,SEN,0
3290,1996,SRB,0
3291,1996,SYC,0
3292,1996,SLE,0
3293,1996,SGP,0
3294,1996,SVK,0
3295,1996,SVN,0
3296,1996,SLB,0
3297,1996,SOM,0
3298,1996,ZAF,0
3299,1996,SSD,0
3300,1996,ESP,1
3301,1996,LKA,0
3302,1996,SDN,0
3303,1996,SUR,0
3304,1996,SWE,0
3305,1996,CHE,0
3306,1996,SYR,0
3307,1996,TWN,0
3308,1996,TJK,0
3309,1996,TZA,0
3310,1996,THA,0
3311,1996,TLS,0
3312,1996,TGO,0
3313,1996,TON,0
3314,1996,TTO,0
3315,1996,TUN,0
3316,1996,TUR,1
3317,1996,TKM,0
3318,1996,TUV,0
3319,1996,UGA,0
3320,1996,UKR,0
3321,1996,ARE,0
3322,1996,GBR,1
3323,1996,USA,1
3324,1996,URY,0
3325,1996,UZB,0
3326,1996,VUT,0
3327,1996,VEN,0
3328,1996,VNM,0
3329,1996,YEM,0
3330,1996,ZMB,0
3331,1996,ZWE,0
3332,1997,AFG,0
3333,1997,ALB,0
3334,1997,DZA,0
3335,1997,AND,0
3336,1997,AGO,0
3337,1997,ATG,0
3338,1997,ARG,0
3339,1997,ARM,0
3340,1997,AUS,0
3341,1997,AUT,0
3342,1997,AZE,0
3343,1997,BHS,0
3344,1997,BHR,0
3345,1997,BGD,0
3346,1997,BRB,0
3347,1997,BLR,0
3348,1997,BEL,1
3349,1997,BLZ,0
3350,1997,BEN,0
3351,1997,BTN,0
3352,1997,BOL,0
3353,1997,BIH,0
3354,1997,BWA,0
3355,1997,BRA,0
3356,1997,BRN,0
3357,1997,BGR,0
3358,1997,BFA,0
3359,1997,BDI,0
3360,1997,CPV,0
3361,1997,KHM,0
3362,1997,CMR,0
3363,1997,CAN,1
3364,1997,CAF,0
3365,1997,TCD,0
3366,1997,CHL,0
3367,1997,CHN,0
3368,1997,COL,0
3369,1997,COM,0
3370,1997,COD,0
3371,1997,COG,0
3372,1997,CRI,0
3373,1997,HRV,0
3374,1997,CUB,0
3375,1997,CYP,0
3376,1997,CZE,0
3377,1997,DNK,1
3378,1997,DJI,0
3379,1997,DMA,0
3380,1997,DOM,0
3381,1997,ECU,0
3382,1997,EGY,0
3383,1997,SLV,0
3384,1997,GNQ,0
3385,1997,ERI,0
3386,1997,EST,0
3387,1997,SWZ,0
3388,1997,ETH,0
3389,1997,FJI,0
3390,1997,FIN,0
3391,1997,FRA,1
3392,1997,GAB,0
3393,1997,GMB,0
3394,1997,GEO,0
3395,1997,DEU,1
3396,1997,GHA,0
3397,1997,GRC,1
3398,1997,GRD,0
3399,1997,GTM,0
3400,1997,GIN,0
3401,1997,GNB,0
3402,1997,GUY,0
3403,1997,HTI,0
3404,1997,VAT,0
3405,1997,HND,0
3406,1997,HUN,0
3407,1997,ISL,1
3408,1997,IND,0
3409,1997,IDN,0
3410,1997,IRN,0
3411,1997,IRQ,0
3412,1997,IRL,0
3413,1997,ISR,0
3414,1997,ITA,1
3415,1997,JAM,0
3416,1997,JPN,0
3417,1997,JOR,0
3418,1997,KAZ,0
3419,1997,KEN,0
3420,1997,KIR,0
3421,1997,PRK,0
3422,1997,KOR,0
3423,1997,XKX,0
3424,1997,KWT,0
3425,1997,KGZ,0
3426,1997,LAO,0
3427,1997,LVA,0
3428,1997,LBN,0
3429,1997,LSO,0
3430,1997,LBR,0
3431,1997,LBY,0
3432,1997,LIE,0
3433,1997,LTU,0
3434,1997,LUX,1
3435,1997,MDG,0
3436,1997,MWI,0
3437,1997,MYS,0
3438,1997,MDV,0
3439,1997,MLI,0
3440,1997,MLT,0
3441,1997,MHL,0
3442,1997,MRT,0
3443,1997,MUS,0
3444,1997,MEX,0
3445,1997,FSM,0
3446,1997,MDA,0
3447,1997,MCO,0
3448,1997,MNG,0
3449,1997,MNE,0
3450,1997,MAR,0
3451,1997,MOZ,0
3452,1997,MMR,0
3453,1997,NAM,0
3454,1997,NRU,0
3455,1997,NPL,0
3456,1997,NLD,1
3457,1997,NZL,0
3458,1997,NIC,0
3459,1997,NER,0
3460,1997,NGA,0
3461,1997,MKD,0
3462,1997,NOR,1
3463,1997,OMN,0
3464,1997,PAK,0
3465,1997,PLW,0
3466,1997,PSE,0
3467,1997,PAN,0
3468,1997,PNG,0
3469,1997,PRY,0
3470,1997,PER,0
3471,1997,PHL,0
3472,1997,POL,0
3473,1997,PRT,1
3474,1997,QAT,0
3475,1997,ROU,0
3476,1997,RUS,0
3477,1997,RWA,0
3478,1997,KNA,0
3479,1997,LCA,0
3480,1997,VCT,0
3481,1997,WSM,0
3482,1997,SMR,0
3483,1997,STP,0
3484,1997,SAU,0
3485,1997,SEN,0
3486,1997,SRB,0
3487,1997,SYC,0
3488,1997,SLE,0
3489,1997,SGP,0
3490,1997,SVK,0
3491,1997,SVN,0
3492,1997,SLB,0
3493,1997,SOM,0
3494,1997,ZAF,0
3495,1997,SSD,0
3496,1997,ESP,1
3497,1997,LKA,0
3498,1997,SDN,0
3499,1997,SUR,0
3500,1997,SWE,0
3501,1997,CHE,0
3502,1997,SYR,0
3503,1997,TWN,0
3504,1997,TJK,0
3505,1997,TZA,0
3506,1997,THA,0
3507,1997,TLS,0
3508,1997,TGO,0
3509,1997,TON,0
3510,1997,TTO,0
3511,1997,TUN,0
3512,1997,TUR,1
3513,1997,TKM,0
3514,1997,TUV,0
3515,1997,UGA,0
3516,1997,UKR,0
3517,1997,ARE,0
3518,1997,GBR,1
3519,1997,USA,1
3520,1997,URY,0
3521,1997,UZB,0
3522,1997,VUT,0
3523,1997,VEN,0
3524,1997,VNM,0
3525,1997,YEM,0
3526,1997,ZMB,0
3527,1997,ZWE,0
3528,1998,AFG,0
3529,1998,ALB,0
3530,1998,DZA,0
3531,1998,AND,0
3532,1998,AGO,0
3533,1998,ATG,0
3534,1998,ARG,0
3535,1998,ARM,0
3536,1998,AUS,0
3537,1998,AUT,0
3538,1998,AZE,0
3539,1998,BHS,0
3540,1998,BHR,0
3541,1998,BGD,0
3542,1998,BRB,0
3543,1998,BLR,0
3544,1998,BEL,1
3545,1998,BLZ,0
3546,1998,BEN,0
3547,1998,BTN,0
3548,1998,BOL,0
3549,1998,BIH,0
3550,1998,BWA,0
3551,1998,BRA,0
3552,1998,BRN,0
3553,1998,BGR,0
3554,1998,BFA,0
3555,1998,BDI,0
3556,1998,CPV,0
3557,1998,KHM,0
3558,1998,CMR,0
3559,1998,CAN,1
3560,1998,CAF,0
3561,1998,TCD,0
3562,1998,CHL,0
3563,1998,CHN,0
3564,1998,COL,0
3565,1998,COM,0
3566,1998,COD,0
3567,1998,COG,0
3568,1998,CRI,0
3569,1998,HRV,0
3570,1998,CUB,0
3571,1998,CYP,0
3572,1998,CZE,0
3573,1998,DNK,1
3574,1998,DJI,0
3575,1998,DMA,0
3576,1998,DOM,0
3577,1998,ECU,0
3578,1998,EGY,0
3579,1998,SLV,0
3580,1998,GNQ,0
3581,1998,ERI,0
3582,1998,EST,0
3583,1998,SWZ,0
3584,1998,ETH,0
3585,1998,FJI,0
3586,1998,FIN,0
3587,1998,FRA,1
3588,1998,GAB,0
3589,1998,GMB,0
3590,1998,GEO,0
3591,1998,DEU,1
3592,1998,GHA,0
3593,1998,GRC,1
3594,1998,GRD,0
3595,1998,GTM,0
3596,1998,GIN,0
3597,1998,GNB,0
3598,1998,GUY,0
3599,1998,HTI,0
3600,1998,VAT,0
3601,1998,HND,0
3602,1998,HUN,0
3603,1998,ISL,1
3604,1998,IND,0
3605,1998,IDN,0
3606,1998,IRN,0
3607,1998,IRQ,0
3608,1998,IRL,0
3609,1998,ISR,0
3610,1998,ITA,1
3611,1998,JAM,0
3612,1998,JPN,0
3613,1998,JOR,0
3614,1998,KAZ,0
3615,1998,KEN,0
3616,1998,KIR,0
3617,1998,PRK,0
3618,1998,KOR,0
3619,1998,XKX,0
3620,1998,KWT,0
3621,1998,KGZ,0
3622,1998,LAO,0
3623,1998,LVA,0
3624,1998,LBN,0
3625,1998,LSO,0
3626,1998,LBR,0
3627,1998,LBY,0
3628,1998,LIE,0
3629,1998,LTU,0
3630,1998,LUX,1
3631,1998,MDG,0
3632,1998,MWI,0
3633,1998,MYS,0
3634,1998,MDV,0
3635,1998,MLI,0
3636,1998,MLT,0
3637,1998,MHL,0
3638,1998,MRT,0
3639,1998,MUS,0
3640,1998,MEX,0
3641,1998,FSM,0
3642,1998,MDA,0
3643,1998,MCO,0
3644,1998,MNG,0
3645,1998,MNE,0
3646,1998,MAR,0
3647,1998,MOZ,0
3648,1998,MMR,0
3649,1998,NAM,0
3650,1998,NRU,0
3651,1998,NPL,0
3652,1998,NLD,1
3653,1998,NZL,0
3654,1998,NIC,0
3655,1998,NER,0
3656,1998,NGA,0
3657,1998,MKD,0
3658,1998,NOR,1
3659,1998,OMN,0
3660,1998,PAK,0
3661,1998,PLW,0
3662,1998,PSE,0
3663,1998,PAN,0
3664,1998,PNG,0
3665,1998,PRY,0
3666,1998,PER,0
3667,1998,PHL,0
3668,1998,POL,0
3669,1998,PRT,1
3670,1998,QAT,0
3671,1998,ROU,0
3672,1998,RUS,0
3673,1998,RWA,0
3674,1998,KNA,0
3675,1998,LCA,0
3676,1998,VCT,0
3677,1998,WSM,0
3678,1998,SMR,0
3679,1998,STP,0
3680,1998,SAU,0
3681,1998,SEN,0
3682,1998,SRB,0
3683,1998,SYC,0
3684,1998,SLE,0
3685,1998,SGP,0
3686,1998,SVK,0
3687,1998,SVN,0
3688,1998,SLB,0
3689,1998,SOM,0
3690,1998,ZAF,0
3691,1998,SSD,0
3692,1998,ESP,1
3693,1998,LKA,0
3694,1998,SDN,0
3695,1998,SUR,0
3696,1998,SWE,0
3697,1998,CHE,0
3698,1998,SYR,0
3699,1998,TWN,0
3700,1998,TJK,0
3701,1998,TZA,0
3702,1998,THA,0
3703,1998,TLS,0
3704,1998,TGO,0
3705,1998,TON,0
3706,1998,TTO,0
3707,1998,TUN,0
3708,1998,TUR,1
3709,1998,TKM,0
3710,1998,TUV,0
3711,1998,UGA,0
3712,1998,UKR,0
3713,1998,ARE,0
3714,1998,GBR,1
3715,1998,USA,1
3716,1998,URY,0
3717,1998,UZB,0
3718,1998,VUT,0
3719,1998,VEN,0
3720,1998,VNM,0
3721,1998,YEM,0
3722,1998,ZMB,0
3723,1998,ZWE,0
3724,1999,AFG,0
3725,1999,ALB,0
3726,1999,DZA,0
3727,1999,AND,0
3728,1999,AGO,0
3729,1999,ATG,0
3730,1999,ARG,0
3731,1999,ARM,0
3732,1999,AUS,0
3733,1999,AUT,0
3734,1999,AZE,0
3735,1999,BHS,0
3736,1999,BHR,0
3737,1999,BGD,0
3738,1999,BRB,0
3739,1999,BLR,0
3740,1999,BEL,1
3741,1999,BLZ,0
3742,1999,BEN,0
3743,1999,BTN,0
3744,1999,BOL,0
3745,1999,BIH,0
3746,1999,BWA,0
3747,1999,BRA,0
3748,1999,BRN,0
3749,1999,BGR,0
3750,1999,BFA,0
3751,1999,BDI,0
3752,1999,CPV,0
3753,1999,KHM,0
3754,1999,CMR,0
3755,1999,CAN,1
3756,1999,CAF,0
3757,1999,TCD,0
3758,1999,CHL,0
3759,1999,CHN,0
3760,1999,COL,0
3761,1999,COM,0
3762,1999,COD,0
3763,1999,COG,0
3764,1999,CRI,0
3765,1999,HRV,0
3766,1999,CUB,0
3767,1999,CYP,0
3768,1999,CZE,1
3769,1999,DNK,1
3770,1999,DJI,0
3771,1999,DMA,0
3772,1999,DOM,0
3773,1999,ECU,0
3774,1999,EGY,0
3775,1999,SLV,0
3776,1999,GNQ,0
3777,1999,ERI,0
3778,1999,EST,0
3779,1999,SWZ,0
3780,1999,ETH,0
3781,1999,FJI,0
3782,1999,FIN,0
3783,1999,FRA,1
3784,1999,GAB,0
3785,1999,GMB,0
3786,1999,GEO,0
3787,1999,DEU,1
3788,1999,GHA,0
3789,1999,GRC,1
3790,1999,GRD,0
3791,1999,GTM,0
3792,1999,GIN,0
3793,1999,GNB,0
3794,1999,GUY,0
3795,1999,HTI,0
3796,1999,VAT,0
3797,1999,HND,0
3798,1999,HUN,1
3799,1999,ISL,1
3800,1999,IND,0
3801,1999,IDN,0
3802,1999,IRN,0
3803,1999,IRQ,0
3804,1999,IRL,0
3805,1999,ISR,0
3806,1999,ITA,1
3807,1999,JAM,0
3808,1999,JPN,0
3809,1999,JOR,0
3810,1999,KAZ,0
3811,1999,KEN,0
3812,1999,KIR,0
3813,1999,PRK,0
3814,1999,KOR,0
3815,1999,XKX,0
3816,1999,KWT,0
3817,1999,KGZ,0
3818,1999,LAO,0
3819,1999,LVA,0
3820,1999,LBN,0
3821,1999,LSO,0
3822,1999,LBR,0
3823,1999,LBY,0
3824,1999,LIE,0
3825,1999,LTU,0
3826,1999,LUX,1
3827,1999,MDG,0
3828,1999,MWI,0
3829,1999,MYS,0
3830,1999,MDV,0
3831,1999,MLI,0
3832,1999,MLT,0
3833,1999,MHL,0
3834,1999,MRT,0
3835,1999,MUS,0
3836,1999,MEX,0
3837,1999,FSM,0
3838,1999,MDA,0
3839,1999,MCO,0
3840,1999,MNG,0
3841,1999,MNE,0
3842,1999,MAR,0
3843,1999,MOZ,0
3844,1999,MMR,0
3845,1999,NAM,0
3846,1999,NRU,0
3847,1999,NPL,0
3848,1999,NLD,1
3849,1999,NZL,0
3850,1999,NIC,0
3851,1999,NER,0
3852,1999,NGA,0
3853,1999,MKD,0
3854,1999,NOR,1
3855,1999,OMN,0
3856,1999,PAK,0
3857,1999,PLW,0
3858,1999,PSE,0
3859,1999,PAN,0
3860,1999,PNG,0
3861,1999,PRY,0
3862,1999,PER,0
3863,1999,PHL,0
3864,1999,POL,1
3865,1999,PRT,1
3866,1999,QAT,0
3867,1999,ROU,0
3868,1999,RUS,0
3869,1999,RWA,0
3870,1999,KNA,0
3871,1999,LCA,0
3872,1999,VCT,0
3873,1999,WSM,0
3874,1999,SMR,0
3875,1999,STP,0
3876,1999,SAU,0
3877,1999,SEN,0
3878,1999,SRB,0
3879,1999,SYC,0
3880,1999,SLE,0
3881,1999,SGP,0
3882,1999,SVK,0
3883,1999,SVN,0
3884,1999,SLB,0
3885,1999,SOM,0
3886,1999,ZAF,0
3887,1999,SSD,0
3888,1999,ESP,1
3889,1999,LKA,0
3890,1999,SDN,0
3891,1999,SUR,0
3892,1999,SWE,0
3893,1999,CHE,0
3894,1999,SYR,0
3895,1999,TWN,0
3896,1999,TJK,0
3897,1999,TZA,0
3898,1999,THA,0
3899,1999,TLS,0
3900,1999,TGO,0
3901,1999,TON,0
3902,1999,TTO,0
3903,1999,TUN,0
3904,1999,TUR,1
3905,1999,TKM,0
3906,1999,TUV,0
3907,1999,UGA,0
3908,1999,UKR,0
3909,1999,ARE,0
3910,1999,GBR,1
3911,1999,USA,1
3912,1999,URY,0
3913,1999,UZB,0
3914,1999,VUT,0
3915,1999,VEN,0
3916,1999,VNM,0
3917,1999,YEM,0
3918,1999,ZMB,0
3919,1999,ZWE,0
3920,2000,AFG,0
3921,2000,ALB,0
3922,2000,DZA,0
3923,2000,AND,0
3924,2000,AGO,0
3925,2000,ATG,0
3926,2000,ARG,0
3927,2000,ARM,0
3928,2000,AUS,0
3929,2000,AUT,0
3930,2000,AZE,0
3931,2000,BHS,0
3932,2000,BHR,0
3933,2000,BGD,0
3934,2000,BRB,0
3935,2000,BLR,0
3936,2000,BEL,1
3937,2000,BLZ,0
3938,2000,BEN,0
3939,2000,BTN,0
3940,2000,BOL,0
3941,2000,BIH,0
3942,2000,BWA,0
3943,2000,BRA,0
3944,2000,BRN,0
3945,2000,BGR,0
3946,2000,BFA,0
3947,2000,BDI,0
3948,2000,CPV,0
3949,2000,KHM,0
3950,2000,CMR,0
3951,2000,CAN,1
3952,2000,CAF,0
3953,2000,TCD,0
3954,2000,CHL,0
3955,2000,CHN,0
3956,2000,COL,0
3957,2000,COM,0
3958,2000,COD,0
3959,2000,COG,0
3960,2000,CRI,0
3961,2000,HRV,0
3962,2000,CUB,0
3963,2000,CYP,0
3964,2000,CZE,1
3965,2000,DNK,1
3966,2000,DJI,0
3967,2000,DMA,0
3968,2000,DOM,0
3969,2000,ECU,0
3970,2000,EGY,0
3971,2000,SLV,0
3972,2000,GNQ,0
3973,2000,ERI,0
3974,2000,EST,0
3975,2000,SWZ,0
3976,2000,ETH,0
3977,2000,FJI,0
3978,2000,FIN,0
3979,2000,FRA,1
3980,2000,GAB,0
3981,2000,GMB,0
3982,2000,GEO,0
3983,2000,DEU,1
3984,2000,GHA,0
3985,2000,GRC,1
3986,2000,GRD,0
3987,2000,GTM,0
3988,2000,GIN,0
3989,2000,GNB,0
3990,2000,GUY,0
3991,2000,HTI,0
3992,2000,VAT,0
3993,2000,HND,0
3994,2000,HUN,1
3995,2000,ISL,1
3996,2000,IND,0
3997,2000,IDN,0
3998,2000,IRN,0
3999,2000,IRQ,0
4000,2000,IRL,0
4001,2000,ISR,0
4002,2000,ITA,1
4003,2000,JAM,0
4004,2000,JPN,0
4005,2000,JOR,0
4006,2000,KAZ,0
4007,2000,KEN,0
4008,2000,KIR,0
4009,2000,PRK,0
4010,2000,KOR,0
4011,2000,XKX,0
4012,2000,KWT,0
4013,2000,KGZ,0
4014,2000,LAO,0
4015,2000,LVA,0
4016,2000,LBN,0
4017,2000,LSO,0
4018,2000,LBR,0
4019,2000,LBY,0
4020,2000,LIE,0
4021,2000,LTU,0
4022,2000,LUX,1
4023,2000,MDG,0
4024,2000,MWI,0
4025,2000,MYS,0
4026,2000,MDV,0
4027,2000,MLI,0
4028,2000,MLT,0
4029,2000,MHL,0
4030,2000,MRT,0
4031,2000,MUS,0
4032,2000,MEX,0
4033,2000,FSM,0
4034,2000,MDA,0
4035,2000,MCO,0
4036,2000,MNG,0
4037,2000,MNE,0
4038,2000,MAR,0
4039,2000,MOZ,0
4040,2000,MMR,0
4041,2000,NAM,0
4042,2000,NRU,0
4043,2000,NPL,0
4044,2000,NLD,1
4045,2000,NZL,0
4046,2000,NIC,0
4047,2000,NER,0
4048,2000,NGA,0
4049,2000,MKD,0
4050,2000,NOR,1
4051,2000,OMN,0
4052,2000,PAK,0
4053,2000,PLW,0
4054,2000,PSE,0
4055,2000,PAN,0
4056,2000,PNG,0
4057,2000,PRY,0
4058,2000,PER,0
4059,2000,PHL,0
4060,2000,POL,1
4061,2000,PRT,1
4062,2000,QAT,0
4063,2000,ROU,0
4064,2000,RUS,0
4065,2000,RWA,0
4066,2000,KNA,0
4067,2000,LCA,0
4068,2000,VCT,0
4069,2000,WSM,0
4070,2000,SMR,0
4071,2000,STP,0
4072,2000,SAU,0
4073,2000,SEN,0
4074,2000,SRB,0
4075,2000,SYC,0
4076,2000,SLE,0
4077,2000,SGP,0
4078,2000,SVK,0
4079,2000,SVN,0
4080,2000,SLB,0
4081,2000,SOM,0
4082,2000,ZAF,0
4083,2000,SSD,0
4084,2000,ESP,1
4085,2000,LKA,0
4086,2000,SDN,0
4087,2000,SUR,0
4088,2000,SWE,0
4089,2000,CHE,0
4090,2000,SYR,0
4091,2000,TWN,0
4092,2000,TJK,0
4093,2000,TZA,0
4094,2000,THA,0
4095,2000,TLS,0
4096,2000,TGO,0
4097,2000,TON,0
4098,2000,TTO,0
4099,2000,TUN,0
4100,2000,TUR,1
4101,2000,TKM,0
4102,2000,TUV,0
4103,2000,UGA,0
4104,2000,UKR,0
4105,2000,ARE,0
4106,2000,GBR,1
4107,2000,USA,1
4108,2000,URY,0
4109,2000,UZB,0
4110,2000,VUT,0
4111,2000,VEN,0
4112,2000,VNM,0
4113,2000,YEM,0
4114,2000,ZMB,0
4115,2000,ZWE,0
4116,2001,AFG,0
4117,2001,ALB,0
4118,2001,DZA,0
4119,2001,AND,0
4120,2001,AGO,0
4121,2001,ATG,0
4122,2001,ARG,0
4123,2001,ARM,0
4124,2001,AUS,0
4125,2001,AUT,0
4126,2001,AZE,0
4127,2001,BHS,0
4128,2001,BHR,0
4129,2001,BGD,0
4130,2001,BRB,0
4131,2001,BLR,0
4132,2001,BEL,1
4133,2001,BLZ,0
4134,2001,BEN,0
4135,2001,BTN,0
4136,2001,BOL,0
4137,2001,BIH,0
4138,2001,BWA,0
4139,2001,BRA,0
4140,2001,BRN,0
4141,2001,BGR,0
4142,2001,BFA,0
4143,2001,BDI,0
4144,2001,CPV,0
4145,2001,KHM,0
4146,2001,CMR,0
4147,2001,CAN,1
4148,2001,CAF,0
4149,2001,TCD,0
4150,2001,CHL,0
4151,2001,CHN,0
4152,2001,COL,0
4153,2001,COM,0
4154,2001,COD,0
4155,2001,COG,0
4156,2001,CRI,0
4157,2001,HRV,0
4158,2001,CUB,0
4159,2001,CYP,0
4160,2001,CZE,1
4161,2001,DNK,1
4162,2001,DJI,0
4163,2001,DMA,0
4164,2001,DOM,0
4165,2001,ECU,0
4166,2001,EGY,0
4167,2001,SLV,0
4168,2001,GNQ,0
4169,2001,ERI,0
4170,2001,EST,0
4171,2001,SWZ,0
4172,2001,ETH,0
4173,2001,FJI,0
4174,2001,FIN,0
4175,2001,FRA,1
4176,2001,GAB,0
4177,2001,GMB,0
4178,2001,GEO,0
4179,2001,DEU,1
4180,2001,GHA,0
4181,2001,GRC,1
4182,2001,GRD,0
4183,2001,GTM,0
4184,2001,GIN,0
4185,2001,GNB,0
4186,2001,GUY,0
4187,2001,HTI,0
4188,2001,VAT,0
4189,2001,HND,0
4190,2001,HUN,1
4191,2001,ISL,1
4192,2001,IND,0
4193,2001,IDN,0
4194,2001,IRN,0
4195,2001,IRQ,0
4196,2001,IRL,0
4197,2001,ISR,0
4198,2001,ITA,1
4199,2001,JAM,0
4200,2001,JPN,0
4201,2001,JOR,0
4202,2001,KAZ,0
4203,2001,KEN,0
4204,2001,KIR,0
4205,2001,PRK,0
4206,2001,KOR,0
4207,2001,XKX,0
4208,2001,KWT,0
4209,2001,KGZ,0
4210,2001,LAO,0
4211,2001,LVA,0
4212,2001,LBN,0
4213,2001,LSO,0
4214,2001,LBR,0
4215,2001,LBY,0
4216,2001,LIE,0
4217,2001,LTU,0
4218,2001,LUX,1
4219,2001,MDG,0
4220,2001,MWI,0
4221,2001,MYS,0
4222,2001,MDV,0
4223,2001,MLI,0
4224,2001,MLT,0
4225,2001,MHL,0
4226,2001,MRT,0
4227,2001,MUS,0
4228,2001,MEX,0
4229,2001,FSM,0
4230,2001,MDA,0
4231,2001,MCO,0
4232,2001,MNG,0
4233,2001,MNE,0
4234,2001,MAR,0
4235,2001,MOZ,0
4236,2001,MMR,0
4237,2001,NAM,0
4238,2001,NRU,0
4239,2001,NPL,0
4240,2001,NLD,1
4241,2001,NZL,0
4242,2001,NIC,0
4243,2001,NER,0
4244,2001,NGA,0
4245,2001,MKD,0
4246,2001,NOR,1
4247,2001,OMN,0
4248,2001,PAK,0
4249,2001,PLW,0
4250,2001,PSE,0
4251,2001,PAN,0
4252,2001,PNG,0
4253,2001,PRY,0
4254,2001,PER,0
4255,2001,PHL,0
4256,2001,POL,1
4257,2001,PRT,1
4258,2001,QAT,0
4259,2001,ROU,0
4260,2001,RUS,0
4261,2001,RWA,0
4262,2001,KNA,0
4263,2001,LCA,0
4264,2001,VCT,0
4265,2001,WSM,0
4266,2001,SMR,0
4267,2001,STP,0
4268,2001,SAU,0
4269,2001,SEN,0
4270,2001,SRB,0
4271,2001,SYC,0
4272,2001,SLE,0
4273,2001,SGP,0
4274,2001,SVK,0
4275,2001,SVN,0
4276,2001,SLB,0
4277,2001,SOM,0
4278,2001,ZAF,0
4279,2001,SSD,0
4280,2001,ESP,1
4281,2001,LKA,0
4282,2001,SDN,0
4283,2001,SUR,0
4284,2001,SWE,0
4285,2001,CHE,0
4286,2001,SYR,0
4287,2001,TWN,0
4288,2001,TJK,0
4289,2001,TZA,0
4290,2001,THA,0
4291,2001,TLS,0
4292,2001,TGO,0
4293,2001,TON,0
4294,2001,TTO,0
4295,2001,TUN,0
4296,2001,TUR,1
4297,2001,TKM,0
4298,2001,TUV,0
4299,2001,UGA,0
4300,2001,UKR,0
4301,2001,ARE,0
4302,2001,GBR,1
4303,2001,USA,1
4304,2001,URY,0
4305,2001,UZB,0
4306,2001,VUT,0
4307,2001,VEN,0
4308,2001,VNM,0
4309,2001,YEM,0
4310,2001,ZMB,0
4311,2001,ZWE,0
4312,2002,AFG,0
4313,2002,ALB,0
4314,2002,DZA,0
4315,2002,AND,0
4316,2002,AGO,0
4317,2002,ATG,0
4318,2002,ARG,0
4319,2002,ARM,0
4320,2002,AUS,0
4321,2002,AUT,0
4322,2002,AZE,0
4323,2002,BHS,0
4324,2002,BHR,0
4325,2002,BGD,0
4326,2002,BRB,0
4327,2002,BLR,0
4328,2002,BEL,1
4329,2002,BLZ,0
4330,2002,BEN,0
4331,2002,BTN,0
4332,2002,BOL,0
4333,2002,BIH,0
4334,2002,BWA,0
4335,2002,BRA,0
4336,2002,BRN,0
4337,2002,BGR,0
4338,2002,BFA,0
4339,2002,BDI,0
4340,2002,CPV,0
4341,2002,KHM,0
4342,2002,CMR,0
4343,2002,CAN,1
4344,2002,CAF,0
4345,2002,TCD,0
4346,2002,CHL,0
4347,2002,CHN,0
4348,2002,COL,0
4349,2002,COM,0
4350,2002,COD,0
4351,2002,COG,0
4352,2002,CRI,0
4353,2002,HRV,0
4354,2002,CUB,0
4355,2002,CYP,0
4356,2002,CZE,1
4357,2002,DNK,1
4358,2002,DJI,0
4359,2002,DMA,0
4360,2002,DOM,0
4361,2002,ECU,0
4362,2002,EGY,0
4363,2002,SLV,0
4364,2002,GNQ,0
4365,2002,ERI,0
4366,2002,EST,0
4367,2002,SWZ,0
4368,2002,ETH,0
4369,2002,FJI,0
4370,2002,FIN,0
4371,2002,FRA,1
4372,2002,GAB,0
4373,2002,GMB,0
4374,2002,GEO,0
4375,2002,DEU,1
4376,2002,GHA,0
4377,2002,GRC,1
4378,2002,GRD,0
4379,2002,GTM,0
4380,2002,GIN,0
4381,2002,GNB,0
4382,2002,GUY,0
4383,2002,HTI,0
4384,2002,VAT,0
4385,2002,HND,0
4386,2002,HUN,1
4387,2002,ISL,1
4388,2002,IND,0
4389,2002,IDN,0
4390,2002,IRN,0
4391,2002,IRQ,0
4392,2002,IRL,0
4393,2002,ISR,0
4394,2002,ITA,1
4395,2002,JAM,0
4396,2002,JPN,0
4397,2002,JOR,0
4398,2002,KAZ,0
4399,2002,KEN,0
4400,2002,KIR,0
4401,2002,PRK,0
4402,2002,KOR,0
4403,2002,XKX,0
4404,2002,KWT,0
4405,2002,KGZ,0
4406,2002,LAO,0
4407,2002,LVA,0
4408,2002,LBN,0
4409,2002,LSO,0
4410,2002,LBR,0
4411,2002,LBY,0
4412,2002,LIE,0
4413,2002,LTU,0
4414,2002,LUX,1
4415,2002,MDG,0
4416,2002,MWI,0
4417,2002,MYS,0
4418,2002,MDV,0
4419,2002,MLI,0
4420,2002,MLT,0
4421,2002,MHL,0
4422,2002,MRT,0
4423,2002,MUS,0
4424,2002,MEX,0
4425,2002,FSM,0
4426,2002,MDA,0
4427,2002,MCO,0
4428,2002,MNG,0
4429,2002,MNE,0
4430,2002,MAR,0
4431,2002,MOZ,0
4432,2002,MMR,0
4433,2002,NAM,0
4434,2002,NRU,0
4435,2002,NPL,0
4436,2002,NLD,1
4437,2002,NZL,0
4438,2002,NIC,0
4439,2002,NER,0
4440,2002,NGA,0
4441,2002,MKD,0
4442,2002,NOR,1
4443,2002,OMN,0
4444,2002,PAK,0
4445,2002,PLW,0
4446,2002,PSE,0
4447,2002,PAN,0
4448,2002,PNG,0
4449,2002,PRY,0
4450,2002,PER,0
4451,2002,PHL,0
4452,2002,POL,1
4453,2002,PRT,1
4454,2002,QAT,0
4455,2002,ROU,0
4456,2002,RUS,0
4457,2002,RWA,0
4458,2002,KNA,0
4459,2002,LCA,0
4460,2002,VCT,0
4461,2002,WSM,0
4462,2002,SMR,0
4463,2002,STP,0
4464,2002,SAU,0
4465,2002,SEN,0
4466,2002,SRB,0
4467,2002,SYC,0
4468,2002,SLE,0
4469,2002,SGP,0
4470,2002,SVK,0
4471,2002,SVN,0
4472,2002,SLB,0
4473,2002,SOM,0
4474,2002,ZAF,0
4475,2002,SSD,0
4476,2002,ESP,1
4477,2002,LKA,0
4478,2002,SDN,0
4479,2002,SUR,0
4480,2002,SWE,0
4481,2002,CHE,0
4482,2002,SYR,0
4483,2002,TWN,0
4484,2002,TJK,0
4485,2002,TZA,0
4486,2002,THA,0
4487,2002,TLS,0
4488,2002,TGO,0
4489,2002,TON,0
4490,2002,TTO,0
4491,2002,TUN,0
4492,2002,TUR,1
4493,2002,TKM,0
4494,2002,TUV,0
4495,2002,UGA,0
4496,2002,UKR,0
4497,2002,ARE,0
4498,2002,GBR,1
4499,2002,USA,1
4500,2002,URY,0
4501,2002,UZB,0
4502,2002,VUT,0
4503,2002,VEN,0
4504,2002,VNM,0
4505,2002,YEM,0
4506,2002,ZMB,0
4507,2002,ZWE,0
4508,2003,AFG,0
4509,2003,ALB,0
4510,2003,DZA,0
4511,2003,AND,0
4512,2003,AGO,0
4513,2003,ATG,0
4514,2003,ARG,0
4515,2003,ARM,0
4516,2003,AUS,0
4517,2003,AUT,0
4518,2003,AZE,0
4519,2003,BHS,0
4520,2003,BHR,0
4521,2003,BGD,0
4522,2003,BRB,0
4523,2003,BLR,0
4524,2003,BEL,1
4525,2003,BLZ,0
4526,2003,BEN,0
4527,2003,BTN,0
4528,2003,BOL,0
4529,2003,BIH,0
4530,2003,BWA,0
4531,2003,BRA,0
4532,2003,BRN,0
4533,2003,BGR,0
4534,2003,BFA,0
4535,2003,BDI,0
4536,2003,CPV,0
4537,2003,KHM,0
4538,2003,CMR,0
4539,2003,CAN,1
4540,2003,CAF,0
4541,2003,TCD,0
4542,2003,CHL,0
4543,2003,CHN,0
4544,2003,COL,0
4545,2003,COM,0
4546,2003,COD,0
4547,2003,COG,0
4548,2003,CRI,0
4549,2003,HRV,0
4550,2003,CUB,0
4551,2003,CYP,0
4552,2003,CZE,1
4553,2003,DNK,1
4554,2003,DJI,0
4555,2003,DMA,0
4556,2003,DOM,0
4557,2003,ECU,0
4558,2003,EGY,0
4559,2003,SLV,0
4560,2003,GNQ,0
4561,2003,ERI,0
4562,2003,EST,0
4563,2003,SWZ,0
4564,2003,ETH,0
4565,2003,FJI,0
4566,2003,FIN,0
4567,2003,FRA,1
4568,2003,GAB,0
4569,2003,GMB,0
4570,2003,GEO,0
4571,2003,DEU,1
4572,2003,GHA,0
4573,2003,GRC,1
4574,2003,GRD,0
4575,2003,GTM,0
4576,2003,GIN,0
4577,2003,GNB,0
4578,2003,GUY,0
4579,2003,HTI,0
4580,2003,VAT,0
4581,2003,HND,0
4582,2003,HUN,1
4583,2003,ISL,1
4584,2003,IND,0
4585,2003,IDN,0
4586,2003,IRN,0
4587,2003,IRQ,0
4588,2003,IRL,0
4589,2003,ISR,0
4590,2003,ITA,1
4591,2003,JAM,0
4592,2003,JPN,0
4593,2003,JOR,0
4594,2003,KAZ,0
4595,2003,KEN,0
4596,2003,KIR,0
4597,2003,PRK,0
4598,2003,KOR,0
4599,2003,XKX,0
4600,2003,KWT,0
4601,2003,KGZ,0
4602,2003,LAO,0
4603,2003,LVA,0
4604,2003,LBN,0
4605,2003,LSO,0
4606,2003,LBR,0
4607,2003,LBY,0
4608,2003,LIE,0
4609,2003,LTU,0
4610,2003,LUX,1
4611,2003,MDG,0
4612,2003,MWI,0
4613,2003,MYS,0
4614,2003,MDV,0
4615,2003,MLI,0
4616,2003,MLT,0
4617,2003,MHL,0
4618,2003,MRT,0
4619,2003,MUS,0
4620,2003,MEX,0
4621,2003,FSM,0
4622,2003,MDA,0
4623,2003,MCO,0
4624,2003,MNG,0
4625,2003,MNE,0
4626,2003,MAR,0
4627,2003,MOZ,0
4628,2003,MMR,0
4629,2003,NAM,0
4630,2003,NRU,0
4631,2003,NPL,0
4632,2003,NLD,1
4633,2003,NZL,0
4634,2003,NIC,0
4635,2003,NER,0
4636,2003,NGA,0
4637,2003,MKD,0
4638,2003,NOR,1
4639,2003,OMN,0
4640,2003,PAK,0
4641,2003,PLW,0
4642,2003,PSE,0
4643,2003,PAN,0
4644,2003,PNG,0
4645,2003,PRY,0
4646,2003,PER,0
4647,2003,PHL,0
4648,2003,POL,1
4649,2003,PRT,1
4650,2003,QAT,0
4651,2003,ROU,0
4652,2003,RUS,0
4653,2003,RWA,0
4654,2003,KNA,0
4655,2003,LCA,0
4656,2003,VCT,0
4657,2003,WSM,0
4658,2003,SMR,0
4659,2003,STP,0
4660,2003,SAU,0
4661,2003,SEN,0
4662,2003,SRB,0
4663,2003,SYC,0
4664,2003,SLE,0
4665,2003,SGP,0
4666,2003,SVK,0
4667,2003,SVN,0
4668,2003,SLB,0
4669,2003,SOM,0
4670,2003,ZAF,0
4671,2003,SSD,0
4672,2003,ESP,1
4673,2003,LKA,0
4674,2003,SDN,0
4675,2003,SUR,0
4676,2003,SWE,0
4677,2003,CHE,0
4678,2003,SYR,0
4679,2003,TWN,0
4680,2003,TJK,0
4681,2003,TZA,0
4682,2003,THA,0
4683,2003,TLS,0
4684,2003,TGO,0
4685,2003,TON,0
4686,2003,TTO,0
4687,2003,TUN,0
4688,2003,TUR,1
4689,2003,TKM,0
4690,2003,TUV,0
4691,2003,UGA,0
4692,2003,UKR,0
4693,2003,ARE,0
4694,2003,GBR,1
4695,2003,USA,1
4696,2003,URY,0
4697,2003,UZB,0
4698,2003,VUT,0
4699,2003,VEN,0
4700,2003,VNM,0
4701,2003,YEM,0
4702,2003,ZMB,0
4703,2003,ZWE,0
4704,2004,AFG,0
4705,2004,ALB,0
4706,2004,DZA,0
4707,2004,AND,0
4708,2004,AGO,0
4709,2004,ATG,0
4710,2004,ARG,0
4711,2004,ARM,0
4712,2004,AUS,0
4713,2004,AUT,0
4714,2004,AZE,0
4715,2004,BHS,0
4716,2004,BHR,0
4717,2004,BGD,0
4718,2004,BRB,0
4719,2004,BLR,0
4720,2004,BEL,1
4721,2004,BLZ,0
4722,2004,BEN,0
4723,2004,BTN,0
4724,2004,BOL,0
4725,2004,BIH,0
4726,2004,BWA,0
4727,2004,BRA,0
4728,2004,BRN,0
4729,2004,BGR,1
4730,2004,BFA,0
4731,2004,BDI,0
4732,2004,CPV,0
4733,2004,KHM,0
4734,2004,CMR,0
4735,2004,CAN,1
4736,2004,CAF,0
4737,2004,TCD,0
4738,2004,CHL,0
4739,2004,CHN,0
4740,2004,COL,0
4741,2004,COM,0
4742,2004,COD,0
4743,2004,COG,0
4744,2004,CRI,0
4745,2004,HRV,0
4746,2004,CUB,0
4747,2004,CYP,0
4748,2004,CZE,1
4749,2004,DNK,1
4750,2004,DJI,0
4751,2004,DMA,0
4752,2004,DOM,0
4753,2004,ECU,0
4754,2004,EGY,0
4755,2004,SLV,0
4756,2004,GNQ,0
4757,2004,ERI,0
4758,2004,EST,1
4759,2004,SWZ,0
4760,2004,ETH,0
4761,2004,FJI,0
4762,2004,FIN,0
4763,2004,FRA,1
4764,2004,GAB,0
4765,2004,GMB,0
4766,2004,GEO,0
4767,2004,DEU,1
4768,2004,GHA,0
4769,2004,GRC,1
4770,2004,GRD,0
4771,2004,GTM,0
4772,2004,GIN,0
4773,2004,GNB,0
4774,2004,GUY,0
4775,2004,HTI,0
4776,2004,VAT,0
4777,2004,HND,0
4778,2004,HUN,1
4779,2004,ISL,1
4780,2004,IND,0
4781,2004,IDN,0
4782,2004,IRN,0
4783,2004,IRQ,0
4784,2004,IRL,0
4785,2004,ISR,0
4786,2004,ITA,1
4787,2004,JAM,0
4788,2004,JPN,0
4789,2004,JOR,0
4790,2004,KAZ,0
4791,2004,KEN,0
4792,2004,KIR,0
4793,2004,PRK,0
4794,2004,KOR,0
4795,2004,XKX,0
4796,2004,KWT,0
4797,2004,KGZ,0
4798,2004,LAO,0
4799,2004,LVA,1
4800,2004,LBN,0
4801,2004,LSO,0
4802,2004,LBR,0
4803,2004,LBY,0
4804,2004,LIE,0
4805,2004,LTU,1
4806,2004,LUX,1
4807,2004,MDG,0
4808,2004,MWI,0
4809,2004,MYS,0
4810,2004,MDV,0
4811,2004,MLI,0
4812,2004,MLT,0
4813,2004,MHL,0
4814,2004,MRT,0
4815,2004,MUS,0
4816,2004,MEX,0
4817,2004,FSM,0
4818,2004,MDA,0
4819,2004,MCO,0
4820,2004,MNG,0
4821,2004,MNE,0
4822,2004,MAR,0
4823,2004,MOZ,0
4824,2004,MMR,0
4825,2004,NAM,0
4826,2004,NRU,0
4827,2004,NPL,0
4828,2004,NLD,1
4829,2004,NZL,0
4830,2004,NIC,0
4831,2004,NER,0
4832,2004,NGA,0
4833,2004,MKD,0
4834,2004,NOR,1
4835,2004,OMN,0
4836,2004,PAK,0
4837,2004,PLW,0
4838,2004,PSE,0
4839,2004,PAN,0
4840,2004,PNG,0
4841,2004,PRY,0
4842,2004,PER,0
4843,2004,PHL,0
4844,2004,POL,1
4845,2004,PRT,1
4846,2004,QAT,0
4847,2004,ROU,1
4848,2004,RUS,0
4849,2004,RWA,0
4850,2004,KNA,0
4851,2004,LCA,0
4852,2004,VCT,0
4853,2004,WSM,0
4854,2004,SMR,0
4855,2004,STP,0
4856,2004,SAU,0
4857,2004,SEN,0
4858,2004,SRB,0
4859,2004,SYC,0
4860,2004,SLE,0
4861,2004,SGP,0
4862,2004,SVK,1
4863,2004,SVN,1
4864,2004,SLB,0
4865,2004,SOM,0
4866,2004,ZAF,0
4867,2004,SSD,0
4868,2004,ESP,1
4869,2004,LKA,0
4870,2004,SDN,0
4871,2004,SUR,0
4872,2004,SWE,0
4873,2004,CHE,0
4874,2004,SYR,0
4875,2004,TWN,0
4876,2004,TJK,0
4877,2004,TZA,0
4878,2004,THA,0
4879,2004,TLS,0
4880,2004,TGO,0
4881,2004,TON,0
4882,2004,TTO,0
4883,2004,TUN,0
4884,2004,TUR,1
4885,2004,TKM,0
4886,2004,TUV,0
4887,2004,UGA,0
4888,2004,UKR,0
4889,2004,ARE,0
4890,2004,GBR,1
4891,2004,USA,1
4892,2004,URY,0
4893,2004,UZB,0
4894,2004,VUT,0
4895,2004,VEN,0
4896,2004,VNM,0
4897,2004,YEM,0
4898,2004,ZMB,0
4899,2004,ZWE,0
4900,2005,AFG,0
4901,2005,ALB,0
4902,2005,DZA,0
4903,2005,AND,0
4904,2005,AGO,0
4905,2005,ATG,0
4906,2005,ARG,0
4907,2005,ARM,0
4908,2005,AUS,0
4909,2005,AUT,0
4910,2005,AZE,0
4911,2005,BHS,0
4912,2005,BHR,0
4913,2005,BGD,0
4914,2005,BRB,0
4915,2005,BLR,0
4916,2005,BEL,1
4917,2005,BLZ,0
4918,2005,BEN,0
4919,2005,BTN,0
4920,2005,BOL,0
4921,2005,BIH,0
4922,2005,BWA,0
4923,2005,BRA,0
4924,2005,BRN,0
4925,2005,BGR,1
4926,2005,BFA,0
4927,2005,BDI,0
4928,2005,CPV,0
4929,2005,KHM,0
4930,2005,CMR,0
4931,2005,CAN,1
4932,2005,CAF,0
4933,2005,TCD,0
4934,2005,CHL,0
4935,2005,CHN,0
4936,2005,COL,0
4937,2005,COM,0
4938,2005,COD,0
4939,2005,COG,0
4940,2005,CRI,0
4941,2005,HRV,0
4942,2005,CUB,0
4943,2005,CYP,0
4944,2005,CZE,1
4945,2005,DNK,1
4946,2005,DJI,0
4947,2005,DMA,0
4948,2005,DOM,0
4949,2005,ECU,0
4950,2005,EGY,0
4951,2005,SLV,0
4952,2005,GNQ,0
4953,2005,ERI,0
4954,2005,EST,1
4955,2005,SWZ,0
4956,2005,ETH,0
4957,2005,FJI,0
4958,2005,FIN,0
4959,2005,FRA,1
4960,2005,GAB,0
4961,2005,GMB,0
4962,2005,GEO,0
4963,2005,DEU,1
4964,2005,GHA,0
4965,2005,GRC,1
4966,2005,GRD,0
4967,2005,GTM,0
4968,2005,GIN,0
4969,2005,GNB,0
4970,2005,GUY,0
4971,2005,HTI,0
4972,2005,VAT,0
4973,2005,HND,0
4974,2005,HUN,1
4975,2005,ISL,1
4976,2005,IND,0
4977,2005,IDN,0
4978,2005,IRN,0
4979,2005,IRQ,0
4980,2005,IRL,0
4981,2005,ISR,0
4982,2005,ITA,1
4983,2005,JAM,0
4984,2005,JPN,0
4985,2005,JOR,0
4986,2005,KAZ,0
4987,2005,KEN,0
4988,2005,KIR,0
4989,2005,PRK,0
4990,2005,KOR,0
4991,2005,XKX,0
4992,2005,KWT,0
4993,2005,KGZ,0
4994,2005,LAO,0
4995,2005,LVA,1
4996,2005,LBN,0
4997,2005,LSO,0
4998,2005,LBR,0
4999,2005,LBY,0
5000,2005,LIE,0
5001,2005,LTU,1
5002,2005,LUX,1
5003,2005,MDG,0
5004,2005,MWI,0
5005,2005,MYS,0
5006,2005,MDV,0
5007,2005,MLI,0
5008,2005,MLT,0
5009,2005,MHL,0
5010,2005,MRT,0
5011,2005,MUS,0
5012,2005,MEX,0
5013,2005,FSM,0
5014,2005,MDA,0
5015,2005,MCO,0
5016,2005,MNG,0
5017,2005,MNE,0
5018,2005,MAR,0
5019,2005,MOZ,0
5020,2005,MMR,0
5021,2005,NAM,0
5022,2005,NRU,0
5023,2005,NPL,0
5024,2005,NLD,1
5025,2005,NZL,0
5026,2005,NIC,0
5027,2005,NER,0
5028,2005,NGA,0
5029,2005,MKD,0
5030,2005,NOR,1
5031,2005,OMN,0
5032,2005,PAK,0
5033,2005,PLW,0
5034,2005,PSE,0
5035,2005,PAN,0
5036,2005,PNG,0
5037,2005,PRY,0
5038,2005,PER,0
5039,2005,PHL,0
5040,2005,POL,1
5041,2005,PRT,1
5042,2005,QAT,0
5043,2005,ROU,1
5044,2005,RUS,0
5045,2005,RWA,0
5046,2005,KNA,0
5047,2005,LCA,0
5048,2005,VCT,0
5049,2005,WSM,0
5050,2005,SMR,0
5051,2005,STP,0
5052,2005,SAU,0
5053,2005,SEN,0
5054,2005,SRB,0
5055,2005,SYC,0
5056,2005,SLE,0
5057,2005,SGP,0
5058,2005,SVK,1
5059,2005,SVN,1
5060,2005,SLB,0
5061,2005,SOM,0
5062,2005,ZAF,0
5063,2005,SSD,0
5064,2005,ESP,1
5065,2005,LKA,0
5066,2005,SDN,0
5067,2005,SUR,0
5068,2005,SWE,0
5069,2005,CHE,0
5070,2005,SYR,0
5071,2005,TWN,0
5072,2005,TJK,0
5073,2005,TZA,0
5074,2005,THA,0
5075,2005,TLS,0
5076,2005,TGO,0
5077,2005,TON,0
5078,2005,TTO,0
5079,2005,TUN,0
5080,2005,TUR,1
5081,2005,TKM,0
5082,2005,TUV,0
5083,2005,UGA,0
5084,2005,UKR,0
5085,2005,ARE,0
5086,2005,GBR,1
5087,2005,USA,1
5088,2005,URY,0
5089,2005,UZB,0
5090,2005,VUT,0
5091,2005,VEN,0
5092,2005,VNM,0
5093,2005,YEM,0
5094,2005,ZMB,0
5095,2005,ZWE,0
5096,2006,AFG,0
5097,2006,ALB,0
5098,2006,DZA,0
5099,2006,AND,0
5100,2006,AGO,0
5101,2006,ATG,0
5102,2006,ARG,0
5103,2006,ARM,0
5104,2006,AUS,0
5105,2006,AUT,0
5106,2006,AZE,0
5107,2006,BHS,0
5108,2006,BHR,0
5109,2006,BGD,0
5110,2006,BRB,0
5111,2006,BLR,0
5112,2006,BEL,1
5113,2006,BLZ,0
5114,2006,BEN,0
5115,2006,BTN,0
5116,2006,BOL,0
5117,2006,BIH,0
5118,2006,BWA,0
5119,2006,BRA,0
5120,2006,BRN,0
5121,2006,BGR,1
5122,2006,BFA,0
5123,2006,BDI,0
5124,2006,CPV,0
5125,2006,KHM,0
5126,2006,CMR,0
5127,2006,CAN,1
5128,2006,CAF,0
5129,2006,TCD,0
5130,2006,CHL,0
5131,2006,CHN,0
5132,2006,COL,0
5133,2006,COM,0
5134,2006,COD,0
5135,2006,COG,0
5136,2006,CRI,0
5137,2006,HRV,0
5138,2006,CUB,0
5139,2006,CYP,0
5140,2006,CZE,1
5141,2006,DNK,1
5142,2006,DJI,0
5143,2006,DMA,0
5144,2006,DOM,0
5145,2006,ECU,0
5146,2006,EGY,0
5147,2006,SLV,0
5148,2006,GNQ,0
5149,2006,ERI,0
5150,2006,EST,1
5151,2006,SWZ,0
5152,2006,ETH,0
5153,2006,FJI,0
5154,2006,FIN,0
5155,2006,FRA,1
5156,2006,GAB,0
5157,2006,GMB,0
5158,2006,GEO,0
5159,2006,DEU,1
5160,2006,GHA,0
5161,2006,GRC,1
5162,2006,GRD,0
5163,2006,GTM,0
5164,2006,GIN,0
5165,2006,GNB,0
5166,2006,GUY,0
5167,2006,HTI,0
5168,2006,VAT,0
5169,2006,HND,0
5170,2006,HUN,1
5171,2006,ISL,1
5172,2006,IND,0
5173,2006,IDN,0
5174,2006,IRN,0
5175,2006,IRQ,0
5176,2006,IRL,0
5177,2006,ISR,0
5178,2006,ITA,1
5179,2006,JAM,0
5180,2006,JPN,0
5181,2006,JOR,0
5182,2006,KAZ,0
5183,2006,KEN,0
5184,2006,KIR,0
5185,2006,PRK,0
5186,2006,KOR,0
5187,2006,XKX,0
5188,2006,KWT,0
5189,2006,KGZ,0
5190,2006,LAO,0
5191,2006,LVA,1
5192,2006,LBN,0
5193,2006,LSO,0
5194,2006,LBR,0
5195,2006,LBY,0
5196,2006,LIE,0
5197,2006,LTU,1
5198,2006,LUX,1
5199,2006,MDG,0
5200,2006,MWI,0
5201,2006,MYS,0
5202,2006,MDV,0
5203,2006,MLI,0
5204,2006,MLT,0
5205,2006,MHL,0
5206,2006,MRT,0
5207,2006,MUS,0
5208,2006,MEX,0
5209,2006,FSM,0
5210,2006,MDA,0
5211,2006,MCO,0
5212,2006,MNG,0
5213,2006,MNE,0
5214,2006,MAR,0
5215,2006,MOZ,0
5216,2006,MMR,0
5217,2006,NAM,0
5218,2006,NRU,0
5219,2006,NPL,0
5220,2006,NLD,1
5221,2006,NZL,0
5222,2006,NIC,0
5223,2006,NER,0
5224,2006,NGA,0
5225,2006,MKD,0
5226,2006,NOR,1
5227,2006,OMN,0
5228,2006,PAK,0
5229,2006,PLW,0
5230,2006,PSE,0
5231,2006,PAN,0
5232,2006,PNG,0
5233,2006,PRY,0
5234,2006,PER,0
5235,2006,PHL,0
5236,2006,POL,1
5237,2006,PRT,1
5238,2006,QAT,0
5239,2006,ROU,1
5240,2006,RUS,0
5241,2006,RWA,0
5242,2006,KNA,0
5243,2006,LCA,0
5244,2006,VCT,0
5245,2006,WSM,0
5246,2006,SMR,0
5247,2006,STP,0
5248,2006,SAU,0
5249,2006,SEN,0
5250,2006,SRB,0
5251,2006,SYC,0
5252,2006,SLE,0
5253,2006,SGP,0
5254,2006,SVK,1
5255,2006,SVN,1
5256,2006,SLB,0
5257,2006,SOM,0
5258,2006,ZAF,0
5259,2006,SSD,0
5260,2006,ESP,1
5261,2006,LKA,0
5262,2006,SDN,0
5263,2006,SUR,0
5264,2006,SWE,0
5265,2006,CHE,0
5266,2006,SYR,0
5267,2006,TWN,0
5268,2006,TJK,0
5269,2006,TZA,0
5270,2006,THA,0
5271,2006,TLS,0
5272,2006,TGO,0
5273,2006,TON,0
5274,2006,TTO,0
5275,2006,TUN,0
5276,2006,TUR,1
5277,2006,TKM,0
5278,2006,TUV,0
5279,2006,UGA,0
5280,2006,UKR,0
5281,2006,ARE,0
5282,2006,GBR,1
5283,2006,USA,1
5284,2006,URY,0
5285,2006,UZB,0
5286,2006,VUT,0
5287,2006,VEN,0
5288,2006,VNM,0
5289,2006,YEM,0
5290,2006,ZMB,0
5291,2006,ZWE,0
5292,2007,AFG,0
5293,2007,ALB,0
5294,2007,DZA,0
5295,2007,AND,0
5296,2007,AGO,0
5297,2007,ATG,0
5298,2007,ARG,0
5299,2007,ARM,0
5300,2007,AUS,0
5301,2007,AUT,0
5302,2007,AZE,0
5303,2007,BHS,0
5304,2007,BHR,0
5305,2007,BGD,0
5306,2007,BRB,0
5307,2007,BLR,0
5308,2007,BEL,1
5309,2007,BLZ,0
5310,2007,BEN,0
5311,2007,BTN,0
5312,2007,BOL,0
5313,2007,BIH,0
5314,2007,BWA,0
5315,2007,BRA,0
5316,2007,BRN,0
5317,2007,BGR,1
5318,2007,BFA,0
5319,2007,BDI,0
5320,2007,CPV,0
5321,2007,KHM,0
5322,2007,CMR,0
5323,2007,CAN,1
5324,2007,CAF,0
5325,2007,TCD,0
5326,2007,CHL,0
5327,2007,CHN,0
5328,2007,COL,0
5329,2007,COM,0
5330,2007,COD,0
5331,2007,COG,0
5332,2007,CRI,0
5333,2007,HRV,0
5334,2007,CUB,0
5335,2007,CYP,0
5336,2007,CZE,1
5337,2007,DNK,1
5338,2007,DJI,0
5339,2007,DMA,0
5340,2007,DOM,0
5341,2007,ECU,0
5342,2007,EGY,0
5343,2007,SLV,0
5344,2007,GNQ,0
5345,2007,ERI,0
5346,2007,EST,1
5347,2007,SWZ,0
5348,2007,ETH,0
5349,2007,FJI,0
5350,2007,FIN,0
5351,2007,FRA,1
5352,2007,GAB,0
5353,2007,GMB,0
5354,2007,GEO,0
5355,2007,DEU,1
5356,2007,GHA,0
5357,2007,GRC,1
5358,2007,GRD,0
5359,2007,GTM,0
5360,2007,GIN,0
5361,2007,GNB,0
5362,2007,GUY,0
5363,2007,HTI,0
5364,2007,VAT,0
5365,2007,HND,0
5366,2007,HUN,1
5367,2007,ISL,1
5368,2007,IND,0
5369,2007,IDN,0
5370,2007,IRN,0
5371,2007,IRQ,0
5372,2007,IRL,0
5373,2007,ISR,0
5374,2007,ITA,1
5375,2007,JAM,0
5376,2007,JPN,0
5377,2007,JOR,0
5378,2007,KAZ,0
5379,2007,KEN,0
5380,2007,KIR,0
5381,2007,PRK,0
5382,2007,KOR,0
5383,2007,XKX,0
5384,2007,KWT,0
5385,2007,KGZ,0
5386,2007,LAO,0
5387,2007,LVA,1
5388,2007,LBN,0
5389,2007,LSO,0
5390,2007,LBR,0
5391,2007,LBY,0
5392,2007,LIE,0
5393,2007,LTU,1
5394,2007,LUX,1
5395,2007,MDG,0
5396,2007,MWI,0
5397,2007,MYS,0
5398,2007,MDV,0
5399,2007,MLI,0
5400,2007,MLT,0
5401,2007,MHL,0
5402,2007,MRT,0
5403,2007,MUS,0
5404,2007,MEX,0
5405,2007,FSM,0
5406,2007,MDA,0
5407,2007,MCO,0
5408,2007,MNG,0
5409,2007,MNE,0
5410,2007,MAR,0
5411,2007,MOZ,0
5412,2007,MMR,0
5413,2007,NAM,0
5414,2007,NRU,0
5415,2007,NPL,0
5416,2007,NLD,1
5417,2007,NZL,0
5418,2007,NIC,0
5419,2007,NER,0
5420,2007,NGA,0
5421,2007,MKD,0
5422,2007,NOR,1
5423,2007,OMN,0
5424,2007,PAK,0
5425,2007,PLW,0
5426,2007,PSE,0
5427,2007,PAN,0
5428,2007,PNG,0
5429,2007,PRY,0
5430,2007,PER,0
5431,2007,PHL,0
5432,2007,POL,1
5433,2007,PRT,1
5434,2007,QAT,0
5435,2007,ROU,1
5436,2007,RUS,0
5437,2007,RWA,0
5438,2007,KNA,0
5439,2007,LCA,0
5440,2007,VCT,0
5441,2007,WSM,0
5442,2007,SMR,0
5443,2007,STP,0
5444,2007,SAU,0
5445,2007,SEN,0
5446,2007,SRB,0
5447,2007,SYC,0
5448,2007,SLE,0
5449,2007,SGP,0
5450,2007,SVK,1
5451,2007,SVN,1
5452,2007,SLB,0
5453,2007,SOM,0
5454,2007,ZAF,0
5455,2007,SSD,0
5456,2007,ESP,1
5457,2007,LKA,0
5458,2007,SDN,0
5459,2007,SUR,0
5460,2007,SWE,0
5461,2007,CHE,0
5462,2007,SYR,0
5463,2007,TWN,0
5464,2007,TJK,0
5465,2007,TZA,0
5466,2007,THA,0
5467,2007,TLS,0
5468,2007,TGO,0
5469,2007,TON,0
5470,2007,TTO,0
5471,2007,TUN,0
5472,2007,TUR,1
5473,2007,TKM,0
5474,2007,TUV,0
5475,2007,UGA,0
5476,2007,UKR,0
5477,2007,ARE,0
5478,2007,GBR,1
5479,2007,USA,1
5480,2007,URY,0
5481,2007,UZB,0
5482,2007,VUT,0
5483,2007,VEN,0
5484,2007,VNM,0
5485,2007,YEM,0
5486,2007,ZMB,0
5487,2007,ZWE,0
5488,2008,AFG,0
5489,2008,ALB,0
5490,2008,DZA,0
5491,2008,AND,0
5492,2008,AGO,0
5493,2008,ATG,0
5494,2008,ARG,0
5495,2008,ARM,0
5496,2008,AUS,0
5497,2008,AUT,0
5498,2008,AZE,0
5499,2008,BHS,0
5500,2008,BHR,0
5501,2008,BGD,0
5502,2008,BRB,0
5503,2008,BLR,0
5504,2008,BEL,1
5505,2008,BLZ,0
5506,2008,BEN,0
5507,2008,BTN,0
5508,2008,BOL,0
5509,2008,BIH,0
5510,2008,BWA,0
5511,2008,BRA,0
5512,2008,BRN,0
5513,2008,BGR,1
5514,2008,BFA,0
5515,2008,BDI,0
5516,2008,CPV,0
5517,2008,KHM,0
5518,2008,CMR,0
5519,2008,CAN,1
5520,2008,CAF,0
5521,2008,TCD,0
5522,2008,CHL,0
5523,2008,CHN,0
5524,2008,COL,0
5525,2008,COM,0
5526,2008,COD,0
5527,2008,COG,0
5528,2008,CRI,0
5529,2008,HRV,0
5530,2008,CUB,0
5531,2008,CYP,0
5532,2008,CZE,1
5533,2008,DNK,1
5534,2008,DJI,0
5535,2008,DMA,0
5536,2008,DOM,0
5537,2008,ECU,0
5538,2008,EGY,0
5539,2008,SLV,0
5540,2008,GNQ,0
5541,2008,ERI,0
5542,2008,EST,1
5543,2008,SWZ,0
5544,2008,ETH,0
5545,2008,FJI,0
5546,2008,FIN,0
5547,2008,FRA,1
5548,2008,GAB,0
5549,2008,GMB,0
5550,2008,GEO,0
5551,2008,DEU,1
5552,2008,GHA,0
5553,2008,GRC,1
5554,2008,GRD,0
5555,2008,GTM,0
5556,2008,GIN,0
5557,2008,GNB,0
5558,2008,GUY,0
5559,2008,HTI,0
5560,2008,VAT,0
5561,2008,HND,0
5562,2008,HUN,1
5563,2008,ISL,1
5564,2008,IND,0
5565,2008,IDN,0
5566,2008,IRN,0
5567,2008,IRQ,0
5568,2008,IRL,0
5569,2008,ISR,0
5570,2008,ITA,1
5571,2008,JAM,0
5572,2008,JPN,0
5573,2008,JOR,0
5574,2008,KAZ,0
5575,2008,KEN,0
5576,2008,KIR,0
5577,2008,PRK,0
5578,2008,KOR,0
5579,2008,XKX,0
5580,2008,KWT,0
5581,2008,KGZ,0
5582,2008,LAO,0
5583,2008,LVA,1
5584,2008,LBN,0
5585,2008,LSO,0
5586,2008,LBR,0
5587,2008,LBY,0
5588,2008,LIE,0
5589,2008,LTU,1
5590,2008,LUX,1
5591,2008,MDG,0
5592,2008,MWI,0
5593,2008,MYS,0
5594,2008,MDV,0
5595,2008,MLI,0
5596,2008,MLT,0
5597,2008,MHL,0
5598,2008,MRT,0
5599,2008,MUS,0
5600,2008,MEX,0
5601,2008,FSM,0
5602,2008,MDA,0
5603,2008,MCO,0
5604,2008,MNG,0
5605,2008,MNE,0
5606,2008,MAR,0
5607,2008,MOZ,0
5608,2008,MMR,0
5609,2008,NAM,0
5610,2008,NRU,0
5611,2008,NPL,0
5612,2008,NLD,1
5613,2008,NZL,0
5614,2008,NIC,0
5615,2008,NER,0
5616,2008,NGA,0
5617,2008,MKD,0
5618,2008,NOR,1
5619,2008,OMN,0
5620,2008,PAK,0
5621,2008,PLW,0
5622,2008,PSE,0
5623,2008,PAN,0
5624,2008,PNG,0
5625,2008,PRY,0
5626,2008,PER,0
5627,2008,PHL,0
5628,2008,POL,1
5629,2008,PRT,1
5630,2008,QAT,0
5631,2008,ROU,1
5632,2008,RUS,0
5633,2008,RWA,0
5634,2008,KNA,0
5635,2008,LCA,0
5636,2008,VCT,0
5637,2008,WSM,0
5638,2008,SMR,0
5639,2008,STP,0
5640,2008,SAU,0
5641,2008,SEN,0
5642,2008,SRB,0
5643,2008,SYC,0
5644,2008,SLE,0
5645,2008,SGP,0
5646,2008,SVK,1
5647,2008,SVN,1
5648,2008,SLB,0
5649,2008,SOM,0
5650,2008,ZAF,0
5651,2008,SSD,0
5652,2008,ESP,1
5653,2008,LKA,0
5654,2008,SDN,0
5655,2008,SUR,0
5656,2008,SWE,0
5657,2008,CHE,0
5658,2008,SYR,0
5659,2008,TWN,0
5660,2008,TJK,0
5661,2008,TZA,0
5662,2008,THA,0
5663,2008,TLS,0
5664,2008,TGO,0
5665,2008,TON,0
5666,2008,TTO,0
5667,2008,TUN,0
5668,2008,TUR,1
5669,2008,TKM,0
5670,2008,TUV,0
5671,2008,UGA,0
5672,2008,UKR,0
5673,2008,ARE,0
5674,2008,GBR,1
5675,2008,USA,1
5676,2008,URY,0
5677,2008,UZB,0
5678,2008,VUT,0
5679,2008,VEN,0
5680,2008,VNM,0
5681,2008,YEM,0
5682,2008,ZMB,0
5683,2008,ZWE,0
5684,2009,AFG,0
5685,2009,ALB,1
5686,2009,DZA,0
5687,2009,AND,0
5688,2009,AGO,0
5689,2009,ATG,0
5690,2009,ARG,0
5691,2009,ARM,0
5692,2009,AUS,0
5693,2009,AUT,0
5694,2009,AZE,0
5695,2009,BHS,0
5696,2009,BHR,0
5697,2009,BGD,0
5698,2009,BRB,0
5699,2009,BLR,0
5700,2009,BEL,1
5701,2009,BLZ,0
5702,2009,BEN,0
5703,2009,BTN,0
5704,2009,BOL,0
5705,2009,BIH,0
5706,2009,BWA,0
5707,2009,BRA,0
5708,2009,BRN,0
5709,2009,BGR,1
5710,2009,BFA,0
5711,2009,BDI,0
5712,2009,CPV,0
5713,2009,KHM,0
5714,2009,CMR,0
5715,2009,CAN,1
5716,2009,CAF,0
5717,2009,TCD,0
5718,2009,CHL,0
5719,2009,CHN,0
5720,2009,COL,0
5721,2009,COM,0
5722,2009,COD,0
5723,2009,COG,0
5724,2009,CRI,0
5725,2009,HRV,1
5726,2009,CUB,0
5727,2009,CYP,0
5728,2009,CZE,1
5729,2009,DNK,1
5730,2009,DJI,0
5731,2009,DMA,0
5732,2009,DOM,0
5733,2009,ECU,0
5734,2009,EGY,0
5735,2009,SLV,0
5736,2009,GNQ,0
5737,2009,ERI,0
5738,2009,EST,1
5739,2009,SWZ,0
5740,2009,ETH,0
5741,2009,FJI,0
5742,2009,FIN,0
5743,2009,FRA,1
5744,2009,GAB,0
5745,2009,GMB,0
5746,2009,GEO,0
5747,2009,DEU,1
5748,2009,GHA,0
5749,2009,GRC,1
5750,2009,GRD,0
5751,2009,GTM,0
5752,2009,GIN,0
5753,2009,GNB,0
5754,2009,GUY,0
5755,2009,HTI,0
5756,2009,VAT,0
5757,2009,HND,0
5758,2009,HUN,1
5759,2009,ISL,1
5760,2009,IND,0
5761,2009,IDN,0
5762,2009,IRN,0
5763,2009,IRQ,0
5764,2009,IRL,0
5765,2009,ISR,0
5766,2009,ITA,1
5767,2009,JAM,0
5768,2009,JPN,0
5769,2009,JOR,0
5770,2009,KAZ,0
5771,2009,KEN,0
5772,2009,KIR,0
5773,2009,PRK,0
5774,2009,KOR,0
5775,2009,XKX,0
5776,2009,KWT,0
5777,2009,KGZ,0
5778,2009,LAO,0
5779,2009,LVA,1
5780,2009,LBN,0
5781,2009,LSO,0
5782,2009,LBR,0
5783,2009,LBY,0
5784,2009,LIE,0
5785,2009,LTU,1
5786,2009,LUX,1
5787,2009,MDG,0
5788,2009,MWI,0
5789,2009,MYS,0
5790,2009,MDV,0
5791,2009,MLI,0
5792,2009,MLT,0
5793,2009,MHL,0
5794,2009,MRT,0
5795,2009,MUS,0
5796,2009,MEX,0
5797,2009,FSM,0
5798,2009,MDA,0
5799,2009,MCO,0
5800,2009,MNG,0
5801,2009,MNE,0
5802,2009,MAR,0
5803,2009,MOZ,0
5804,2009,MMR,0
5805,2009,NAM,0
5806,2009,NRU,0
5807,2009,NPL,0
5808,2009,NLD,1
5809,2009,NZL,0
5810,2009,NIC,0
5811,2009,NER,0
5812,2009,NGA,0
5813,2009,MKD,0
5814,2009,NOR,1
5815,2009,OMN,0
5816,2009,PAK,0
5817,2009,PLW,0
5818,2009,PSE,0
5819,2009,PAN,0
5820,2009,PNG,0
5821,2009,PRY,0
5822,2009,PER,0
5823,2009,PHL,0
5824,2009,POL,1
5825,2009,PRT,1
5826,2009,QAT,0
5827,2009,ROU,1
5828,2009,RUS,0
5829,2009,RWA,0
5830,2009,KNA,0
5831,2009,LCA,0
5832,2009,VCT,0
5833,2009,WSM,0
5834,2009,SMR,0
5835,2009,STP,0
5836,2009,SAU,0
5837,2009,SEN,0
5838,2009,SRB,0
5839,2009,SYC,0
5840,2009,SLE,0
5841,2009,SGP,0
5842,2009,SVK,1
5843,2009,SVN,1
5844,2009,SLB,0
5845,2009,SOM,0
5846,2009,ZAF,0
5847,2009,SSD,0
5848,2009,ESP,1
5849,2009,LKA,0
5850,2009,SDN,0
5851,2009,SUR,0
5852,2009,SWE,0
5853,2009,CHE,0
5854,2009,SYR,0
5855,2009,TWN,0
5856,2009,TJK,0
5857,2009,TZA,0
5858,2009,THA,0
5859,2009,TLS,0
5860,2009,TGO,0
5861,2009,TON,0
5862,2009,TTO,0
5863,2009,TUN,0
5864,2009,TUR,1
5865,2009,TKM,0
5866,2009,TUV,0
5867,2009,UGA,0
5868,2009,UKR,0
5869,2009,ARE,0
5870,2009,GBR,1
5871,2009,USA,1
5872,2009,URY,0
5873,2009,UZB,0
5874,2009,VUT,0
5875,2009,VEN,0
5876,2009,VNM,0
5877,2009,YEM,0
5878,2009,ZMB,0
5879,2009,ZWE,0
5880,2010,AFG,0
5881,2010,ALB,1
5882,2010,DZA,0
5883,2010,AND,0
5884,2010,AGO,0
5885,2010,ATG,0
5886,2010,ARG,0
5887,2010,ARM,0
5888,2010,AUS,0
5889,2010,AUT,0
5890,2010,AZE,0
5891,2010,BHS,0
5892,2010,BHR,0
5893,2010,BGD,0
5894,2010,BRB,0
5895,2010,BLR,0
5896,2010,BEL,1
5897,2010,BLZ,0
5898,2010,BEN,0
5899,2010,BTN,0
5900,2010,BOL,0
5901,2010,BIH,0
5902,2010,BWA,0
5903,2010,BRA,0
5904,2010,BRN,0
5905,2010,BGR,1
5906,2010,BFA,0
5907,2010,BDI,0
5908,2010,CPV,0
5909,2010,KHM,0
5910,2010,CMR,0
5911,2010,CAN,1
5912,2010,CAF,0
5913,2010,TCD,0
5914,2010,CHL,0
5915,2010,CHN,0
5916,2010,COL,0
5917,2010,COM,0
5918,2010,COD,0
5919,2010,COG,0
5920,2010,CRI,0
5921,2010,HRV,1
5922,2010,CUB,0
5923,2010,CYP,0
5924,2010,CZE,1
5925,2010,DNK,1
5926,2010,DJI,0
5927,2010,DMA,0
5928,2010,DOM,0
5929,2010,ECU,0
5930,2010,EGY,0
5931,2010,SLV,0
5932,2010,GNQ,0
5933,2010,ERI,0
5934,2010,EST,1
5935,2010,SWZ,0
5936,2010,ETH,0
5937,2010,FJI,0
5938,2010,FIN,0
5939,2010,FRA,1
5940,2010,GAB,0
5941,2010,GMB,0
5942,2010,GEO,0
5943,2010,DEU,1
5944,2010,GHA,0
5945,2010,GRC,1
5946,2010,GRD,0
5947,2010,GTM,0
5948,2010,GIN,0
5949,2010,GNB,0
5950,2010,GUY,0
5951,2010,HTI,0
5952,2010,VAT,0
5953,2010,HND,0
5954,2010,HUN,1
5955,2010,ISL,1
5956,2010,IND,0
5957,2010,IDN,0
5958,2010,IRN,0
5959,2010,IRQ,0
5960,2010,IRL,0
5961,2010,ISR,0
5962,2010,ITA,1
5963,2010,JAM,0
5964,2010,JPN,0
5965,2010,JOR,0
5966,2010,KAZ,0
5967,2010,KEN,0
5968,2010,KIR,0
5969,2010,PRK,0
5970,2010,KOR,0
5971,2010,XKX,0
5972,2010,KWT,0
5973,2010,KGZ,0
5974,2010,LAO,0
5975,2010,LVA,1
5976,2010,LBN,0
5977,2010,LSO,0
5978,2010,LBR,0
5979,2010,LBY,0
5980,2010,LIE,0
5981,2010,LTU,1
5982,2010,LUX,1
5983,2010,MDG,0
5984,2010,MWI,0
5985,2010,MYS,0
5986,2010,MDV,0
5987,2010,MLI,0
5988,2010,MLT,0
5989,2010,MHL,0
5990,2010,MRT,0
5991,2010,MUS,0
5992,2010,MEX,0
5993,2010,FSM,0
5994,2010,MDA,0
5995,2010,MCO,0
5996,2010,MNG,0
5997,2010,MNE,0
5998,2010,MAR,0
5999,2010,MOZ,0
6000,2010,MMR,0
6001,2010,NAM,0
6002,2010,NRU,0
6003,2010,NPL,0
6004,2010,NLD,1
6005,2010,NZL,0
6006,2010,NIC,0
6007,2010,NER,0
6008,2010,NGA,0
6009,2010,MKD,0
6010,2010,NOR,1
6011,2010,OMN,0
6012,2010,PAK,0
6013,2010,PLW,0
6014,2010,PSE,0
6015,2010,PAN,0
6016,2010,PNG,0
6017,2010,PRY,0
6018,2010,PER,0
6019,2010,PHL,0
6020,2010,POL,1
6021,2010,PRT,1
6022,2010,QAT,0
6023,2010,ROU,1
6024,2010,RUS,0
6025,2010,RWA,0
6026,2010,KNA,0
6027,2010,LCA,0
6028,2010,VCT,0
6029,2010,WSM,0
6030,2010,SMR,0
6031,2010,STP,0
6032,2010,SAU,0
6033,2010,SEN,0
6034,2010,SRB,0
6035,2010,SYC,0
6036,2010,SLE,0
6037,2010,SGP,0
6038,2010,SVK,1
6039,2010,SVN,1
6040,2010,SLB,0
6041,2010,SOM,0
6042,2010,ZAF,0
6043,2010,SSD,0
6044,2010,ESP,1
6045,2010,LKA,0
6046,2010,SDN,0
6047,2010,SUR,0
6048,2010,SWE,0
6049,2010,CHE,0
6050,2010,SYR,0
6051,2010,TWN,0
6052,2010,TJK,0
6053,2010,TZA,0
6054,2010,THA,0
6055,2010,TLS,0
6056,2010,TGO,0
6057,2010,TON,0
6058,2010,TTO,0
6059,2010,TUN,0
6060,2010,TUR,1
6061,2010,TKM,0
6062,2010,TUV,0
6063,2010,UGA,0
6064,2010,UKR,0
6065,2010,ARE,0
6066,2010,GBR,1
6067,2010,USA,1
6068,2010,URY,0
6069,2010,UZB,0
6070,2010,VUT,0
6071,2010,VEN,0
6072,2010,VNM,0
6073,2010,YEM,0
6074,2010,ZMB,0
6075,2010,ZWE,0
6076,2011,AFG,0
6077,2011,ALB,1
6078,2011,DZA,0
6079,2011,AND,0
6080,2011,AGO,0
6081,2011,ATG,0
6082,2011,ARG,0
6083,2011,ARM,0
6084,2011,AUS,0
6085,2011,AUT,0
6086,2011,AZE,0
6087,2011,BHS,0
6088,2011,BHR,0
6089,2011,BGD,0
6090,2011,BRB,0
6091,2011,BLR,0
6092,2011,BEL,1
6093,2011,BLZ,0
6094,2011,BEN,0
6095,2011,BTN,0
6096,2011,BOL,0
6097,2011,BIH,0
6098,2011,BWA,0
6099,2011,BRA,0
6100,2011,BRN,0
6101,2011,BGR,1
6102,2011,BFA,0
6103,2011,BDI,0
6104,2011,CPV,0
6105,2011,KHM,0
6106,2011,CMR,0
6107,2011,CAN,1
6108,2011,CAF,0
6109,2011,TCD,0
6110,2011,CHL,0
6111,2011,CHN,0
6112,2011,COL,0
6113,2011,COM,0
6114,2011,COD,0
6115,2011,COG,0
6116,2011,CRI,0
6117,2011,HRV,1
6118,2011,CUB,0
6119,2011,CYP,0
6120,2011,CZE,1
6121,2011,DNK,1
6122,2011,DJI,0
6123,2011,DMA,0
6124,2011,DOM,0
6125,2011,ECU,0
6126,2011,EGY,0
6127,2011,SLV,0
6128,2011,GNQ,0
6129,2011,ERI,0
6130,2011,EST,1
6131,2011,SWZ,0
6132,2011,ETH,0
6133,2011,FJI,0
6134,2011,FIN,0
6135,2011,FRA,1
6136,2011,GAB,0
6137,2011,GMB,0
6138,2011,GEO,0
6139,2011,DEU,1
6140,2011,GHA,0
6141,2011,GRC,1
6142,2011,GRD,0
6143,2011,GTM,0
6144,2011,GIN,0
6145,2011,GNB,0
6146,2011,GUY,0
6147,2011,HTI,0
6148,2011,VAT,0
6149,2011,HND,0
6150,2011,HUN,1
6151,2011,ISL,1
6152,2011,IND,0
6153,2011,IDN,0
6154,2011,IRN,0
6155,2011,IRQ,0
6156,2011,IRL,0
6157,2011,ISR,0
6158,2011,ITA,1
6159,2011,JAM,0
6160,2011,JPN,0
6161,2011,JOR,0
6162,2011,KAZ,0
6163,2011,KEN,0
6164,2011,KIR,0
6165,2011,PRK,0
6166,2011,KOR,0
6167,2011,XKX,0
6168,2011,KWT,0
6169,2011,KGZ,0
6170,2011,LAO,0
6171,2011,LVA,1
6172,2011,LBN,0
6173,2011,LSO,0
6174,2011,LBR,0
6175,2011,LBY,0
6176,2011,LIE,0
6177,2011,LTU,1
6178,2011,LUX,1
6179,2011,MDG,0
6180,2011,MWI,0
6181,2011,MYS,0
6182,2011,MDV,0
6183,2011,MLI,0
6184,2011,MLT,0
6185,2011,MHL,0
6186,2011,MRT,0
6187,2011,MUS,0
6188,2011,MEX,0
6189,2011,FSM,0
6190,2011,MDA,0
6191,2011,MCO,0
6192,2011,MNG,0
6193,2011,MNE,0
6194,2011,MAR,0
6195,2011,MOZ,0
6196,2011,MMR,0
6197,2011,NAM,0
6198,2011,NRU,0
6199,2011,NPL,0
6200,2011,NLD,1
6201,2011,NZL,0
6202,2011,NIC,0
6203,2011,NER,0
6204,2011,NGA,0
6205,2011,MKD,0
6206,2011,NOR,1
6207,2011,OMN,0
6208,2011,PAK,0
6209,2011,PLW,0
6210,2011,PSE,0
6211,2011,PAN,0
6212,2011,PNG,0
6213,2011,PRY,0
6214,2011,PER,0
6215,2011,PHL,0
6216,2011,POL,1
6217,2011,PRT,1
6218,2011,QAT,0
6219,2011,ROU,1
6220,2011,RUS,0
6221,2011,RWA,0
6222,2011,KNA,0
6223,2011,LCA,0
6224,2011,VCT,0
6225,2011,WSM,0
6226,2011,SMR,0
6227,2011,STP,0
6228,2011,SAU,0
6229,2011,SEN,0
6230,2011,SRB,0
6231,2011,SYC,0
6232,2011,SLE,0
6233,2011,SGP,0
6234,2011,SVK,1
6235,2011,SVN,1
6236,2011,SLB,0
6237,2011,SOM,0
6238,2011,ZAF,0
6239,2011,SSD,0
6240,2011,ESP,1
6241,2011,LKA,0
6242,2011,SDN,0
6243,2011,SUR,0
6244,2011,SWE,0
6245,2011,CHE,0
6246,2011,SYR,0
6247,2011,TWN,0
6248,2011,TJK,0
6249,2011,TZA,0
6250,2011,THA,0
6251,2011,TLS,0
6252,2011,TGO,0
6253,2011,TON,0
6254,2011,TTO,0
6255,2011,TUN,0
6256,2011,TUR,1
6257,2011,TKM,0
6258,2011,TUV,0
6259,2011,UGA,0
6260,2011,UKR,0
6261,2011,ARE,0
6262,2011,GBR,1
6263,2011,USA,1
6264,2011,URY,0
6265,2011,UZB,0
6266,2011,VUT,0
6267,2011,VEN,0
6268,2011,VNM,0
6269,2011,YEM,0
6270,2011,ZMB,0
6271,2011,ZWE,0
6272,2012,AFG,0
6273,2012,ALB,1
6274,2012,DZA,0
6275,2012,AND,0
6276,2012,AGO,0
6277,2012,ATG,0
6278,2012,ARG,0
6279,2012,ARM,0
6280,2012,AUS,0
6281,2012,AUT,0
6282,2012,AZE,0
6283,2012,BHS,0
6284,2012,BHR,0
6285,2012,BGD,0
6286,2012,BRB,0
6287,2012,BLR,0
6288,2012,BEL,1
6289,2012,BLZ,0
6290,2012,BEN,0
6291,2012,BTN,0
6292,2012,BOL,0
6293,2012,BIH,0
6294,2012,BWA,0
6295,2012,BRA,0
6296,2012,BRN,0
6297,2012,BGR,1
6298,2012,BFA,0
6299,2012,BDI,0
6300,2012,CPV,0
6301,2012,KHM,0
6302,2012,CMR,0
6303,2012,CAN,1
6304,2012,CAF,0
6305,2012,TCD,0
6306,2012,CHL,0
6307,2012,CHN,0
6308,2012,COL,0
6309,2012,COM,0
6310,2012,COD,0
6311,2012,COG,0
6312,2012,CRI,0
6313,2012,HRV,1
6314,2012,CUB,0
6315,2012,CYP,0
6316,2012,CZE,1
6317,2012,DNK,1
6318,2012,DJI,0
6319,2012,DMA,0
6320,2012,DOM,0
6321,2012,ECU,0
6322,2012,EGY,0
6323,2012,SLV,0
6324,2012,GNQ,0
6325,2012,ERI,0
6326,2012,EST,1
6327,2012,SWZ,0
6328,2012,ETH,0
6329,2012,FJI,0
6330,2012,FIN,0
6331,2012,FRA,1
6332,2012,GAB,0
6333,2012,GMB,0
6334,2012,GEO,0
6335,2012,DEU,1
6336,2012,GHA,0
6337,2012,GRC,1
6338,2012,GRD,0
6339,2012,GTM,0
6340,2012,GIN,0
6341,2012,GNB,0
6342,2012,GUY,0
6343,2012,HTI,0
6344,2012,VAT,0
6345,2012,HND,0
6346,2012,HUN,1
6347,2012,ISL,1
6348,2012,IND,0
6349,2012,IDN,0
6350,2012,IRN,0
6351,2012,IRQ,0
6352,2012,IRL,0
6353,2012,ISR,0
6354,2012,ITA,1
6355,2012,JAM,0
6356,2012,JPN,0
6357,2012,JOR,0
6358,2012,KAZ,0
6359,2012,KEN,0
6360,2012,KIR,0
6361,2012,PRK,0
6362,2012,KOR,0
6363,2012,XKX,0
6364,2012,KWT,0
6365,2012,KGZ,0
6366,2012,LAO,0
6367,2012,LVA,1
6368,2012,LBN,0
6369,2012,LSO,0
6370,2012,LBR,0
6371,2012,LBY,0
6372,2012,LIE,0
6373,2012,LTU,1
6374,2012,LUX,1
6375,2012,MDG,0
6376,2012,MWI,0
6377,2012,MYS,0
6378,2012,MDV,0
6379,2012,MLI,0
6380,2012,MLT,0
6381,2012,MHL,0
6382,2012,MRT,0
6383,2012,MUS,0
6384,2012,MEX,0
6385,2012,FSM,0
6386,2012,MDA,0
6387,2012,MCO,0
6388,2012,MNG,0
6389,2012,MNE,0
6390,2012,MAR,0
6391,2012,MOZ,0
6392,2012,MMR,0
6393,2012,NAM,0
6394,2012,NRU,0
6395,2012,NPL,0
6396,2012,NLD,1
6397,2012,NZL,0
6398,2012,NIC,0
6399,2012,NER,0
6400,2012,NGA,0
6401,2012,MKD,0
6402,2012,NOR,1
6403,2012,OMN,0
6404,2012,PAK,0
6405,2012,PLW,0
6406,2012,PSE,0
6407,2012,PAN,0
6408,2012,PNG,0
6409,2012,PRY,0
6410,2012,PER,0
6411,2012,PHL,0
6412,2012,POL,1
6413,2012,PRT,1
6414,2012,QAT,0
6415,2012,ROU,1
6416,2012,RUS,0
6417,2012,RWA,0
6418,2012,KNA,0
6419,2012,LCA,0
6420,2012,VCT,0
6421,2012,WSM,0
6422,2012,SMR,0
6423,2012,STP,0
6424,2012,SAU,0
6425,2012,SEN,0
6426,2012,SRB,0
6427,2012,SYC,0
6428,2012,SLE,0
6429,2012,SGP,0
6430,2012,SVK,1
6431,2012,SVN,1
6432,2012,SLB,0
6433,2012,SOM,0
6434,2012,ZAF,0
6435,2012,SSD,0
6436,2012,ESP,1
6437,2012,LKA,0
6438,2012,SDN,0
6439,2012,SUR,0
6440,2012,SWE,0
6441,2012,CHE,0
6442,2012,SYR,0
6443,2012,TWN,0
6444,2012,TJK,0
6445,2012,TZA,0
6446,2012,THA,0
6447,2012,TLS,0
6448,2012,TGO,0
6449,2012,TON,0
6450,2012,TTO,0
6451,2012,TUN,0
6452,2012,TUR,1
6453,2012,TKM,0
6454,2012,TUV,0
6455,2012,UGA,0
6456,2012,UKR,0
6457,2012,ARE,0
6458,2012,GBR,1
6459,2012,USA,1
6460,2012,URY,0
6461,2012,UZB,0
6462,2012,VUT,0
6463,2012,VEN,0
6464,2012,VNM,0
6465,2012,YEM,0
6466,2012,ZMB,0
6467,2012,ZWE,0
6468,2013,AFG,0
6469,2013,ALB,1
6470,2013,DZA,0
6471,2013,AND,0
6472,2013,AGO,0
6473,2013,ATG,0
6474,2013,ARG,0
6475,2013,ARM,0
6476,2013,AUS,0
6477,2013,AUT,0
6478,2013,AZE,0
6479,2013,BHS,0
6480,2013,BHR,0
6481,2013,BGD,0
6482,2013,BRB,0
6483,2013,BLR,0
6484,2013,BEL,1
6485,2013,BLZ,0
6486,2013,BEN,0
6487,2013,BTN,0
6488,2013,BOL,0
6489,2013,BIH,0
6490,2013,BWA,0
6491,2013,BRA,0
6492,2013,BRN,0
6493,2013,BGR,1
6494,2013,BFA,0
6495,2013,BDI,0
6496,2013,CPV,0
6497,2013,KHM,0
6498,2013,CMR,0
6499,2013,CAN,1
6500,2013,CAF,0
6501,2013,TCD,0
6502,2013,CHL,0
6503,2013,CHN,0
6504,2013,COL,0
6505,2013,COM,0
6506,2013,COD,0
6507,2013,COG,0
6508,2013,CRI,0
6509,2013,HRV,1
6510,2013,CUB,0
6511,2013,CYP,0
6512,2013,CZE,1
6513,2013,DNK,1
6514,2013,DJI,0
6515,2013,DMA,0
6516,2013,DOM,0
6517,2013,ECU,0
6518,2013,EGY,0
6519,2013,SLV,0
6520,2013,GNQ,0
6521,2013,ERI,0
6522,2013,EST,1
6523,2013,SWZ,0
6524,2013,ETH,0
6525,2013,FJI,0
6526,2013,FIN,0
6527,2013,FRA,1
6528,2013,GAB,0
6529,2013,GMB,0
6530,2013,GEO,0
6531,2013,DEU,1
6532,2013,GHA,0
6533,2013,GRC,1
6534,2013,GRD,0
6535,2013,GTM,0
6536,2013,GIN,0
6537,2013,GNB,0
6538,2013,GUY,0
6539,2013,HTI,0
6540,2013,VAT,0
6541,2013,HND,0
6542,2013,HUN,1
6543,2013,ISL,1
6544,2013,IND,0
6545,2013,IDN,0
6546,2013,IRN,0
6547,2013,IRQ,0
6548,2013,IRL,0
6549,2013,ISR,0
6550,2013,ITA,1
6551,2013,JAM,0
6552,2013,JPN,0
6553,2013,JOR,0
6554,2013,KAZ,0
6555,2013,KEN,0
6556,2013,KIR,0
6557,2013,PRK,0
6558,2013,KOR,0
6559,2013,XKX,0
6560,2013,KWT,0
6561,2013,KGZ,0
6562,2013,LAO,0
6563,2013,LVA,1
6564,2013,LBN,0
6565,2013,LSO,0
6566,2013,LBR,0
6567,2013,LBY,0
6568,2013,LIE,0
6569,2013,LTU,1
6570,2013,LUX,1
6571,2013,MDG,0
6572,2013,MWI,0
6573,2013,MYS,0
6574,2013,MDV,0
6575,2013,MLI,0
6576,2013,MLT,0
6577,2013,MHL,0
6578,2013,MRT,0
6579,2013,MUS,0
6580,2013,MEX,0
6581,2013,FSM,0
6582,2013,MDA,0
6583,2013,MCO,0
6584,2013,MNG,0
6585,2013,MNE,0
6586,2013,MAR,0
6587,2013,MOZ,0
6588,2013,MMR,0
6589,2013,NAM,0
6590,2013,NRU,0
6591,2013,NPL,0
6592,2013,NLD,1
6593,2013,NZL,0
6594,2013,NIC,0
6595,2013,NER,0
6596,2013,NGA,0
6597,2013,MKD,0
6598,2013,NOR,1
6599,2013,OMN,0
6600,2013,PAK,0
6601,2013,PLW,0
6602,2013,PSE,0
6603,2013,PAN,0
6604,2013,PNG,0
6605,2013,PRY,0
6606,2013,PER,0
6607,2013,PHL,0
6608,2013,POL,1
6609,2013,PRT,1
6610,2013,QAT,0
6611,2013,ROU,1
6612,2013,RUS,0
6613,2013,RWA,0
6614,2013,KNA,0
6615,2013,LCA,0
6616,2013,VCT,0
6617,2013,WSM,0
6618,2013,SMR,0
6619,2013,STP,0
6620,2013,SAU,0
6621,2013,SEN,0
6622,2013,SRB,0
6623,2013,SYC,0
6624,2013,SLE,0
6625,2013,SGP,0
6626,2013,SVK,1
6627,2013,SVN,1
6628,2013,SLB,0
6629,2013,SOM,0
6630,2013,ZAF,0
6631,2013,SSD,0
6632,2013,ESP,1
6633,2013,LKA,0
6634,2013,SDN,0
6635,2013,SUR,0
6636,2013,SWE,0
6637,2013,CHE,0
6638,2013,SYR,0
6639,2013,TWN,0
6640,2013,TJK,0
6641,2013,TZA,0
6642,2013,THA,0
6643,2013,TLS,0
6644,2013,TGO,0
6645,2013,TON,0
6646,2013,TTO,0
6647,2013,TUN,0
6648,2013,TUR,1
6649,2013,TKM,0
6650,2013,TUV,0
6651,2013,UGA,0
6652,2013,UKR,0
6653,2013,ARE,0
6654,2013,GBR,1
6655,2013,USA,1
6656,2013,URY,0
6657,2013,UZB,0
6658,2013,VUT,0
6659,2013,VEN,0
6660,2013,VNM,0
6661,2013,YEM,0
6662,2013,ZMB,0
6663,2013,ZWE,0
6664,2014,AFG,0
6665,2014,ALB,1
6666,2014,DZA,0
6667,2014,AND,0
6668,2014,AGO,0
6669,2014,ATG,0
6670,2014,ARG,0
6671,2014,ARM,0
6672,2014,AUS,0
6673,2014,AUT,0
6674,2014,AZE,0
6675,2014,BHS,0
6676,2014,BHR,0
6677,2014,BGD,0
6678,2014,BRB,0
6679,2014,BLR,0
6680,2014,BEL,1
6681,2014,BLZ,0
6682,2014,BEN,0
6683,2014,BTN,0
6684,2014,BOL,0
6685,2014,BIH,0
6686,2014,BWA,0
6687,2014,BRA,0
6688,2014,BRN,0
6689,2014,BGR,1
6690,2014,BFA,0
6691,2014,BDI,0
6692,2014,CPV,0
6693,2014,KHM,0
6694,2014,CMR,0
6695,2014,CAN,1
6696,2014,CAF,0
6697,2014,TCD,0
6698,2014,CHL,0
6699,2014,CHN,0
6700,2014,COL,0
6701,2014,COM,0
6702,2014,COD,0
6703,2014,COG,0
6704,2014,CRI,0
6705,2014,HRV,1
6706,2014,CUB,0
6707,2014,CYP,0
6708,2014,CZE,1
6709,2014,DNK,1
6710,2014,DJI,0
6711,2014,DMA,0
6712,2014,DOM,0
6713,2014,ECU,0
6714,2014,EGY,0
6715,2014,SLV,0
6716,2014,GNQ,0
6717,2014,ERI,0
6718,2014,EST,1
6719,2014,SWZ,0
6720,2014,ETH,0
6721,2014,FJI,0
6722,2014,FIN,0
6723,2014,FRA,1
6724,2014,GAB,0
6725,2014,GMB,0
6726,2014,GEO,0
6727,2014,DEU,1
6728,2014,GHA,0
6729,2014,GRC,1
6730,2014,GRD,0
6731,2014,GTM,0
6732,2014,GIN,0
6733,2014,GNB,0
6734,2014,GUY,0
6735,2014,HTI,0
6736,2014,VAT,0
6737,2014,HND,0
6738,2014,HUN,1
6739,2014,ISL,1
6740,2014,IND,0
6741,2014,IDN,0
6742,2014,IRN,0
6743,2014,IRQ,0
6744,2014,IRL,0
6745,2014,ISR,0
6746,2014,ITA,1
6747,2014,JAM,0
6748,2014,JPN,0
6749,2014,JOR,0
6750,2014,KAZ,0
6751,2014,KEN,0
6752,2014,KIR,0
6753,2014,PRK,0
6754,2014,KOR,0
6755,2014,XKX,0
6756,2014,KWT,0
6757,2014,KGZ,0
6758,2014,LAO,0
6759,2014,LVA,1
6760,2014,LBN,0
6761,2014,LSO,0
6762,2014,LBR,0
6763,2014,LBY,0
6764,2014,LIE,0
6765,2014,LTU,1
6766,2014,LUX,1
6767,2014,MDG,0
6768,2014,MWI,0
6769,2014,MYS,0
6770,2014,MDV,0
6771,2014,MLI,0
6772,2014,MLT,0
6773,2014,MHL,0
6774,2014,MRT,0
6775,2014,MUS,0
6776,2014,MEX,0
6777,2014,FSM,0
6778,2014,MDA,0
6779,2014,MCO,0
6780,2014,MNG,0
6781,2014,MNE,0
6782,2014,MAR,0
6783,2014,MOZ,0
6784,2014,MMR,0
6785,2014,NAM,0
6786,2014,NRU,0
6787,2014,NPL,0
6788,2014,NLD,1
6789,2014,NZL,0
6790,2014,NIC,0
6791,2014,NER,0
6792,2014,NGA,0
6793,2014,MKD,0
6794,2014,NOR,1
6795,2014,OMN,0
6796,2014,PAK,0
6797,2014,PLW,0
6798,2014,PSE,0
6799,2014,PAN,0
6800,2014,PNG,0
6801,2014,PRY,0
6802,2014,PER,0
6803,2014,PHL,0
6804,2014,POL,1
6805,2014,PRT,1
6806,2014,QAT,0
6807,2014,ROU,1
6808,2014,RUS,0
6809,2014,RWA,0
6810,2014,KNA,0
6811,2014,LCA,0
6812,2014,VCT,0
6813,2014,WSM,0
6814,2014,SMR,0
6815,2014,STP,0
6816,2014,SAU,0
6817,2014,SEN,0
6818,2014,SRB,0
6819,2014,SYC,0
6820,2014,SLE,0
6821,2014,SGP,0
6822,2014,SVK,1
6823,2014,SVN,1
6824,2014,SLB,0
6825,2014,SOM,0
6826,2014,ZAF,0
6827,2014,SSD,0
6828,2014,ESP,1
6829,2014,LKA,0
6830,2014,SDN,0
6831,2014,SUR,0
6832,2014,SWE,0
6833,2014,CHE,0
6834,2014,SYR,0
6835,2014,TWN,0
6836,2014,TJK,0
6837,2014,TZA,0
6838,2014,THA,0
6839,2014,TLS,0
6840,2014,TGO,0
6841,2014,TON,0
6842,2014,TTO,0
6843,2014,TUN,0
6844,2014,TUR,1
6845,2014,TKM,0
6846,2014,TUV,0
6847,2014,UGA,0
6848,2014,UKR,0
6849,2014,ARE,0
6850,2014,GBR,1
6851,2014,USA,1
6852,2014,URY,0
6853,2014,UZB,0
6854,2014,VUT,0
6855,2014,VEN,0
6856,2014,VNM,0
6857,2014,YEM,0
6858,2014,ZMB,0
6859,2014,ZWE,0
6860,2015,AFG,0
6861,2015,ALB,1
6862,2015,DZA,0
6863,2015,AND,0
6864,2015,AGO,0
6865,2015,ATG,0
6866,2015,ARG,0
6867,2015,ARM,0
6868,2015,AUS,0
6869,2015,AUT,0
6870,2015,AZE,0
6871,2015,BHS,0
6872,2015,BHR,0
6873,2015,BGD,0
6874,2015,BRB,0
6875,2015,BLR,0
6876,2015,BEL,1
6877,2015,BLZ,0
6878,2015,BEN,0
6879,2015,BTN,0
6880,2015,BOL,0
6881,2015,BIH,0
6882,2015,BWA,0
6883,2015,BRA,0
6884,2015,BRN,0
6885,2015,BGR,1
6886,2015,BFA,0
6887,2015,BDI,0
6888,2015,CPV,0
6889,2015,KHM,0
6890,2015,CMR,0
6891,2015,CAN,1
6892,2015,CAF,0
6893,2015,TCD,0
6894,2015,CHL,0
6895,2015,CHN,0
6896,2015,COL,0
6897,2015,COM,0
6898,2015,COD,0
6899,2015,COG,0
6900,2015,CRI,0
6901,2015,HRV,1
6902,2015,CUB,0
6903,2015,CYP,0
6904,2015,CZE,1
6905,2015,DNK,1
6906,2015,DJI,0
6907,2015,DMA,0
6908,2015,DOM,0
6909,2015,ECU,0
6910,2015,EGY,0
6911,2015,SLV,0
6912,2015,GNQ,0
6913,2015,ERI,0
6914,2015,EST,1
6915,2015,SWZ,0
6916,2015,ETH,0
6917,2015,FJI,0
6918,2015,FIN,0
6919,2015,FRA,1
6920,2015,GAB,0
6921,2015,GMB,0
6922,2015,GEO,0
6923,2015,DEU,1
6924,2015,GHA,0
6925,2015,GRC,1
6926,2015,GRD,0
6927,2015,GTM,0
6928,2015,GIN,0
6929,2015,GNB,0
6930,2015,GUY,0
6931,2015,HTI,0
6932,2015,VAT,0
6933,2015,HND,0
6934,2015,HUN,1
6935,2015,ISL,1
6936,2015,IND,0
6937,2015,IDN,0
6938,2015,IRN,0
6939,2015,IRQ,0
6940,2015,IRL,0
6941,2015,ISR,0
6942,2015,ITA,1
6943,2015,JAM,0
6944,2015,JPN,0
6945,2015,JOR,0
6946,2015,KAZ,0
6947,2015,KEN,0
6948,2015,KIR,0
6949,2015,PRK,0
6950,2015,KOR,0
6951,2015,XKX,0
6952,2015,KWT,0
6953,2015,KGZ,0
6954,2015,LAO,0
6955,2015,LVA,1
6956,2015,LBN,0
6957,2015,LSO,0
6958,2015,LBR,0
6959,2015,LBY,0
6960,2015,LIE,0
6961,2015,LTU,1
6962,2015,LUX,1
6963,2015,MDG,0
6964,2015,MWI,0
6965,2015,MYS,0
6966,2015,MDV,0
6967,2015,MLI,0
6968,2015,MLT,0
6969,2015,MHL,0
6970,2015,MRT,0
6971,2015,MUS,0
6972,2015,MEX,0
6973,2015,FSM,0
6974,2015,MDA,0
6975,2015,MCO,0
6976,2015,MNG,0
6977,2015,MNE,0
6978,2015,MAR,0
6979,2015,MOZ,0
6980,2015,MMR,0
6981,2015,NAM,0
6982,2015,NRU,0
6983,2015,NPL,0
6984,2015,NLD,1
6985,2015,NZL,0
6986,2015,NIC,0
6987,2015,NER,0
6988,2015,NGA,0
6989,2015,MKD,0
6990,2015,NOR,1
6991,2015,OMN,0
6992,2015,PAK,0
6993,2015,PLW,0
6994,2015,PSE,0
6995,2015,PAN,0
6996,2015,PNG,0
6997,2015,PRY,0
6998,2015,PER,0
6999,2015,PHL,0
7000,2015,POL,1
7001,2015,PRT,1
7002,2015,QAT,0
7003,2015,ROU,1
7004,2015,RUS,0
7005,2015,RWA,0
7006,2015,KNA,0
7007,2015,LCA,0
7008,2015,VCT,0
7009,2015,WSM,0
7010,2015,SMR,0
7011,2015,STP,0
7012,2015,SAU,0
7013,2015,SEN,0
7014,2015,SRB,0
7015,2015,SYC,0
7016,2015,SLE,0
7017,2015,SGP,0
7018,2015,SVK,1
7019,2015,SVN,1
7020,2015,SLB,0
7021,2015,SOM,0
7022,2015,ZAF,0
7023,2015,SSD,0
7024,2015,ESP,1
7025,2015,LKA,0
7026,2015,SDN,0
7027,2015,SUR,0
7028,2015,SWE,0
7029,2015,CHE,0
7030,2015,SYR,0
7031,2015,TWN,0
7032,2015,TJK,0
7033,2015,TZA,0
7034,2015,THA,0
7035,2015,TLS,0
7036,2015,TGO,0
7037,2015,TON,0
7038,2015,TTO,0
7039,2015,TUN,0
7040,2015,TUR,1
7041,2015,TKM,0
7042,2015,TUV,0
7043,2015,UGA,0
7044,2015,UKR,0
7045,2015,ARE,0
7046,2015,GBR,1
7047,2015,USA,1
7048,2015,URY,0
7049,2015,UZB,0
7050,2015,VUT,0
7051,2015,VEN,0
7052,2015,VNM,0
7053,2015,YEM,0
7054,2015,ZMB,0
7055,2015,ZWE,0
7056,2016,AFG,0
7057,2016,ALB,1
7058,2016,DZA,0
7059,2016,AND,0
7060,2016,AGO,0
7061,2016,ATG,0
7062,2016,ARG,0
7063,2016,ARM,0
7064,2016,AUS,0
7065,2016,AUT,0
7066,2016,AZE,0
7067,2016,BHS,0
7068,2016,BHR,0
7069,2016,BGD,0
7070,2016,BRB,0
7071,2016,BLR,0
7072,2016,BEL,1
7073,2016,BLZ,0
7074,2016,BEN,0
7075,2016,BTN,0
7076,2016,BOL,0
7077,2016,BIH,0
7078,2016,BWA,0
7079,2016,BRA,0
7080,2016,BRN,0
7081,2016,BGR,1
7082,2016,BFA,0
7083,2016,BDI,0
7084,2016,CPV,0
7085,2016,KHM,0
7086,2016,CMR,0
7087,2016,CAN,1
7088,2016,CAF,0
7089,2016,TCD,0
7090,2016,CHL,0
7091,2016,CHN,0
7092,2016,COL,0
7093,2016,COM,0
7094,2016,COD,0
7095,2016,COG,0
7096,2016,CRI,0
7097,2016,HRV,1
7098,2016,CUB,0
7099,2016,CYP,0
7100,2016,CZE,1
7101,2016,DNK,1
7102,2016,DJI,0
7103,2016,DMA,0
7104,2016,DOM,0
7105,2016,ECU,0
7106,2016,EGY,0
7107,2016,SLV,0
7108,2016,GNQ,0
7109,2016,ERI,0
7110,2016,EST,1
7111,2016,SWZ,0
7112,2016,ETH,0
7113,2016,FJI,0
7114,2016,FIN,0
7115,2016,FRA,1
7116,2016,GAB,0
7117,2016,GMB,0
7118,2016,GEO,0
7119,2016,DEU,1
7120,2016,GHA,0
7121,2016,GRC,1
7122,2016,GRD,0
7123,2016,GTM,0
7124,2016,GIN,0
7125,2016,GNB,0
7126,2016,GUY,0
7127,2016,HTI,0
7128,2016,VAT,0
7129,2016,HND,0
7130,2016,HUN,1
7131,2016,ISL,1
7132,2016,IND,0
7133,2016,IDN,0
7134,2016,IRN,0
7135,2016,IRQ,0
7136,2016,IRL,0
7137,2016,ISR,0
7138,2016,ITA,1
7139,2016,JAM,0
7140,2016,JPN,0
7141,2016,JOR,0
7142,2016,KAZ,0
7143,2016,KEN,0
7144,2016,KIR,0
7145,2016,PRK,0
7146,2016,KOR,0
7147,2016,XKX,0
7148,2016,KWT,0
7149,2016,KGZ,0
7150,2016,LAO,0
7151,2016,LVA,1
7152,2016,LBN,0
7153,2016,LSO,0
7154,2016,LBR,0
7155,2016,LBY,0
7156,2016,LIE,0
7157,2016,LTU,1
7158,2016,LUX,1
7159,2016,MDG,0
7160,2016,MWI,0
7161,2016,MYS,0
7162,2016,MDV,0
7163,2016,MLI,0
7164,2016,MLT,0
7165,2016,MHL,0
7166,2016,MRT,0
7167,2016,MUS,0
7168,2016,MEX,0
7169,2016,FSM,0
7170,2016,MDA,0
7171,2016,MCO,0
7172,2016,MNG,0
7173,2016,MNE,0
7174,2016,MAR,0
7175,2016,MOZ,0
7176,2016,MMR,0
7177,2016,NAM,0
7178,2016,NRU,0
7179,2016,NPL,0
7180,2016,NLD,1
7181,2016,NZL,0
7182,2016,NIC,0
7183,2016,NER,0
7184,2016,NGA,0
7185,2016,MKD,0
7186,2016,NOR,1
7187,2016,OMN,0
7188,2016,PAK,0
7189,2016,PLW,0
7190,2016,PSE,0
7191,2016,PAN,0
7192,2016,PNG,0
7193,2016,PRY,0
7194,2016,PER,0
7195,2016,PHL,0
7196,2016,POL,1
7197,2016,PRT,1
7198,2016,QAT,0
7199,2016,ROU,1
7200,2016,RUS,0
7201,2016,RWA,0
7202,2016,KNA,0
7203,2016,LCA,0
7204,2016,VCT,0
7205,2016,WSM,0
7206,2016,SMR,0
7207,2016,STP,0
7208,2016,SAU,0
7209,2016,SEN,0
7210,2016,SRB,0
7211,2016,SYC,0
7212,2016,SLE,0
7213,2016,SGP,0
7214,2016,SVK,1
7215,2016,SVN,1
7216,2016,SLB,0
7217,2016,SOM,0
7218,2016,ZAF,0
7219,2016,SSD,0
7220,2016,ESP,1
7221,2016,LKA,0
7222,2016,SDN,0
7223,2016,SUR,0
7224,2016,SWE,0
7225,2016,CHE,0
7226,2016,SYR,0
7227,2016,TWN,0
7228,2016,TJK,0
7229,2016,TZA,0
7230,2016,THA,0
7231,2016,TLS,0
7232,2016,TGO,0
7233,2016,TON,0
7234,2016,TTO,0
7235,2016,TUN,0
7236,2016,TUR,1
7237,2016,TKM,0
7238,2016,TUV,0
7239,2016,UGA,0
7240,2016,UKR,0
7241,2016,ARE,0
7242,2016,GBR,1
7243,2016,USA,1
7244,2016,URY,0
7245,2016,UZB,0
7246,2016,VUT,0
7247,2016,VEN,0
7248,2016,VNM,0
7249,2016,YEM,0
7250,2016,ZMB,0
7251,2016,ZWE,0
7252,2017,AFG,0
7253,2017,ALB,1
7254,2017,DZA,0
7255,2017,AND,0
7256,2017,AGO,0
7257,2017,ATG,0
7258,2017,ARG,0
7259,2017,ARM,0
7260,2017,AUS,0
7261,2017,AUT,0
7262,2017,AZE,0
7263,2017,BHS,0
7264,2017,BHR,0
7265,2017,BGD,0
7266,2017,BRB,0
7267,2017,BLR,0
7268,2017,BEL,1
7269,2017,BLZ,0
7270,2017,BEN,0
7271,2017,BTN,0
7272,2017,BOL,0
7273,2017,BIH,0
7274,2017,BWA,0
7275,2017,BRA,0
7276,2017,BRN,0
7277,2017,BGR,1
7278,2017,BFA,0
7279,2017,BDI,0
7280,2017,CPV,0
7281,2017,KHM,0
7282,2017,CMR,0
7283,2017,CAN,1
7284,2017,CAF,0
7285,2017,TCD,0
7286,2017,CHL,0
7287,2017,CHN,0
7288,2017,COL,0
7289,2017,COM,0
7290,2017,COD,0
7291,2017,COG,0
7292,2017,CRI,0
7293,2017,HRV,1
7294,2017,CUB,0
7295,2017,CYP,0
7296,2017,CZE,1
7297,2017,DNK,1
7298,2017,DJI,0
7299,2017,DMA,0
7300,2017,DOM,0
7301,2017,ECU,0
7302,2017,EGY,0
7303,2017,SLV,0
7304,2017,GNQ,0
7305,2017,ERI,0
7306,2017,EST,1
7307,2017,SWZ,0
7308,2017,ETH,0
7309,2017,FJI,0
7310,2017,FIN,0
7311,2017,FRA,1
7312,2017,GAB,0
7313,2017,GMB,0
7314,2017,GEO,0
7315,2017,DEU,1
7316,2017,GHA,0
7317,2017,GRC,1
7318,2017,GRD,0
7319,2017,GTM,0
7320,2017,GIN,0
7321,2017,GNB,0
7322,2017,GUY,0
7323,2017,HTI,0
7324,2017,VAT,0
7325,2017,HND,0
7326,2017,HUN,1
7327,2017,ISL,1
7328,2017,IND,0
7329,2017,IDN,0
7330,2017,IRN,0
7331,2017,IRQ,0
7332,2017,IRL,0
7333,2017,ISR,0
7334,2017,ITA,1
7335,2017,JAM,0
7336,2017,JPN,0
7337,2017,JOR,0
7338,2017,KAZ,0
7339,2017,KEN,0
7340,2017,KIR,0
7341,2017,PRK,0
7342,2017,KOR,0
7343,2017,XKX,0
7344,2017,KWT,0
7345,2017,KGZ,0
7346,2017,LAO,0
7347,2017,LVA,1
7348,2017,LBN,0
7349,2017,LSO,0
7350,2017,LBR,0
7351,2017,LBY,0
7352,2017,LIE,0
7353,2017,LTU,1
7354,2017,LUX,1
7355,2017,MDG,0
7356,2017,MWI,0
7357,2017,MYS,0
7358,2017,MDV,0
7359,2017,MLI,0
7360,2017,MLT,0
7361,2017,MHL,0
7362,2017,MRT,0
7363,2017,MUS,0
7364,2017,MEX,0
7365,2017,FSM,0
7366,2017,MDA,0
7367,2017,MCO,0
7368,2017,MNG,0
7369,2017,MNE,1
7370,2017,MAR,0
7371,2017,MOZ,0
7372,2017,MMR,0
7373,2017,NAM,0
7374,2017,NRU,0
7375,2017,NPL,0
7376,2017,NLD,1
7377,2017,NZL,0
7378,2017,NIC,0
7379,2017,NER,0
7380,2017,NGA,0
7381,2017,MKD,0
7382,2017,NOR,1
7383,2017,OMN,0
7384,2017,PAK,0
7385,2017,PLW,0
7386,2017,PSE,0
7387,2017,PAN,0
7388,2017,PNG,0
7389,2017,PRY,0
7390,2017,PER,0
7391,2017,PHL,0
7392,2017,POL,1
7393,2017,PRT,1
7394,2017,QAT,0
7395,2017,ROU,1
7396,2017,RUS,0
7397,2017,RWA,0
7398,2017,KNA,0
7399,2017,LCA,0
7400,2017,VCT,0
7401,2017,WSM,0
7402,2017,SMR,0
7403,2017,STP,0
7404,2017,SAU,0
7405,2017,SEN,0
7406,2017,SRB,0
7407,2017,SYC,0
7408,2017,SLE,0
7409,2017,SGP,0
7410,2017,SVK,1
7411,2017,SVN,1
7412,2017,SLB,0
7413,2017,SOM,0
7414,2017,ZAF,0
7415,2017,SSD,0
7416,2017,ESP,1
7417,2017,LKA,0
7418,2017,SDN,0
7419,2017,SUR,0
7420,2017,SWE,0
7421,2017,CHE,0
7422,2017,SYR,0
7423,2017,TWN,0
7424,2017,TJK,0
7425,2017,TZA,0
7426,2017,THA,0
7427,2017,TLS,0
7428,2017,TGO,0
7429,2017,TON,0
7430,2017,TTO,0
7431,2017,TUN,0
7432,2017,TUR,1
7433,2017,TKM,0
7434,2017,TUV,0
7435,2017,UGA,0
7436,2017,UKR,0
7437,2017,ARE,0
7438,2017,GBR,1
7439,2017,USA,1
7440,2017,URY,0
7441,2017,UZB,0
7442,2017,VUT,0
7443,2017,VEN,0
7444,2017,VNM,0
7445,2017,YEM,0
7446,2017,ZMB,0
7447,2017,ZWE,0
7448,2018,AFG,0
7449,2018,ALB,1
7450,2018,DZA,0
7451,2018,AND,0
7452,2018,AGO,0
7453,2018,ATG,0
7454,2018,ARG,0
7455,2018,ARM,0
7456,2018,AUS,0
7457,2018,AUT,0
7458,2018,AZE,0
7459,2018,BHS,0
7460,2018,BHR,0
7461,2018,BGD,0
7462,2018,BRB,0
7463,2018,BLR,0
7464,2018,BEL,1
7465,2018,BLZ,0
7466,2018,BEN,0
7467,2018,BTN,0
7468,2018,BOL,0
7469,2018,BIH,0
7470,2018,BWA,0
7471,2018,BRA,0
7472,2018,BRN,0
7473,2018,BGR,1
7474,2018,BFA,0
7475,2018,BDI,0
7476,2018,CPV,0
7477,2018,KHM,0
7478,2018,CMR,0
7479,2018,CAN,1
7480,2018,CAF,0
7481,2018,TCD,0
7482,2018,CHL,0
7483,2018,CHN,0
7484,2018,COL,0
7485,2018,COM,0
7486,2018,COD,0
7487,2018,COG,0
7488,2018,CRI,0
7489,2018,HRV,1
7490,2018,CUB,0
7491,2018,CYP,0
7492,2018,CZE,1
7493,2018,DNK,1
7494,2018,DJI,0
7495,2018,DMA,0
7496,2018,DOM,0
7497,2018,ECU,0
7498,2018,EGY,0
7499,2018,SLV,0
7500,2018,GNQ,0
7501,2018,ERI,0
7502,2018,EST,1
7503,2018,SWZ,0
7504,2018,ETH,0
7505,2018,FJI,0
7506,2018,FIN,0
7507,2018,FRA,1
7508,2018,GAB,0
7509,2018,GMB,0
7510,2018,GEO,0
7511,2018,DEU,1
7512,2018,GHA,0
7513,2018,GRC,1
7514,2018,GRD,0
7515,2018,GTM,0
7516,2018,GIN,0
7517,2018,GNB,0
7518,2018,GUY,0
7519,2018,HTI,0
7520,2018,VAT,0
7521,2018,HND,0
7522,2018,HUN,1
7523,2018,ISL,1
7524,2018,IND,0
7525,2018,IDN,0
7526,2018,IRN,0
7527,2018,IRQ,0
7528,2018,IRL,0
7529,2018,ISR,0
7530,2018,ITA,1
7531,2018,JAM,0
7532,2018,JPN,0
7533,2018,JOR,0
7534,2018,KAZ,0
7535,2018,KEN,0
7536,2018,KIR,0
7537,2018,PRK,0
7538,2018,KOR,0
7539,2018,XKX,0
7540,2018,KWT,0
7541,2018,KGZ,0
7542,2018,LAO,0
7543,2018,LVA,1
7544,2018,LBN,0
7545,2018,LSO,0
7546,2018,LBR,0
7547,2018,LBY,0
7548,2018,LIE,0
7549,2018,LTU,1
7550,2018,LUX,1
7551,2018,MDG,0
7552,2018,MWI,0
7553,2018,MYS,0
7554,2018,MDV,0
7555,2018,MLI,0
7556,2018,MLT,0
7557,2018,MHL,0
7558,2018,MRT,0
7559,2018,MUS,0
7560,2018,MEX,0
7561,2018,FSM,0
7562,2018,MDA,0
7563,2018,MCO,0
7564,2018,MNG,0
7565,2018,MNE,1
7566,2018,MAR,0
7567,2018,MOZ,0
7568,2018,MMR,0
7569,2018,NAM,0
7570,2018,NRU,0
7571,2018,NPL,0
7572,2018,NLD,1
7573,2018,NZL,0
7574,2018,NIC,0
7575,2018,NER,0
7576,2018,NGA,0
7577,2018,MKD,0
7578,2018,NOR,1
7579,2018,OMN,0
7580,2018,PAK,0
7581,2018,PLW,0
7582,2018,PSE,0
7583,2018,PAN,0
7584,2018,PNG,0
7585,2018,PRY,0
7586,2018,PER,0
7587,2018,PHL,0
7588,2018,POL,1
7589,2018,PRT,1
7590,2018,QAT,0
7591,2018,ROU,1
7592,2018,RUS,0
7593,2018,RWA,0
7594,2018,KNA,0
7595,2018,LCA,0
7596,2018,VCT,0
7597,2018,WSM,0
7598,2018,SMR,0
7599,2018,STP,0
7600,2018,SAU,0
7601,2018,SEN,0
7602,2018,SRB,0
7603,2018,SYC,0
7604,2018,SLE,0
7605,2018,SGP,0
7606,2018,SVK,1
7607,2018,SVN,1
7608,2018,SLB,0
7609,2018,SOM,0
7610,2018,ZAF,0
7611,2018,SSD,0
7612,2018,ESP,1
7613,2018,LKA,0
7614,2018,SDN,0
7615,2018,SUR,0
7616,2018,SWE,0
7617,2018,CHE,0
7618,2018,SYR,0
7619,2018,TWN,0
7620,2018,TJK,0
7621,2018,TZA,0
7622,2018,THA,0
7623,2018,TLS,0
7624,2018,TGO,0
7625,2018,TON,0
7626,2018,TTO,0
7627,2018,TUN,0
7628,2018,TUR,1
7629,2018,TKM,0
7630,2018,TUV,0
7631,2018,UGA,0
7632,2018,UKR,0
7633,2018,ARE,0
7634,2018,GBR,1
7635,2018,USA,1
7636,2018,URY,0
7637,2018,UZB,0
7638,2018,VUT,0
7639,2018,VEN,0
7640,2018,VNM,0
7641,2018,YEM,0
7642,2018,ZMB,0
7643,2018,ZWE,0
7644,2019,AFG,0
7645,2019,ALB,1
7646,2019,DZA,0
7647,2019,AND,0
7648,2019,AGO,0
7649,2019,ATG,0
7650,2019,ARG,0
7651,2019,ARM,0
7652,2019,AUS,0
7653,2019,AUT,0
7654,2019,AZE,0
7655,2019,BHS,0
7656,2019,BHR,0
7657,2019,BGD,0
7658,2019,BRB,0
7659,2019,BLR,0
7660,2019,BEL,1
7661,2019,BLZ,0
7662,2019,BEN,0
7663,2019,BTN,0
7664,2019,BOL,0
7665,2019,BIH,0
7666,2019,BWA,0
7667,2019,BRA,0
7668,2019,BRN,0
7669,2019,BGR,1
7670,2019,BFA,0
7671,2019,BDI,0
7672,2019,CPV,0
7673,2019,KHM,0
7674,2019,CMR,0
7675,2019,CAN,1
7676,2019,CAF,0
7677,2019,TCD,0
7678,2019,CHL,0
7679,2019,CHN,0
7680,2019,COL,0
7681,2019,COM,0
7682,2019,COD,0
7683,2019,COG,0
7684,2019,CRI,0
7685,2019,HRV,1
7686,2019,CUB,0
7687,2019,CYP,0
7688,2019,CZE,1
7689,2019,DNK,1
7690,2019,DJI,0
7691,2019,DMA,0
7692,2019,DOM,0
7693,2019,ECU,0
7694,2019,EGY,0
7695,2019,SLV,0
7696,2019,GNQ,0
7697,2019,ERI,0
7698,2019,EST,1
7699,2019,SWZ,0
7700,2019,ETH,0
7701,2019,FJI,0
7702,2019,FIN,0
7703,2019,FRA,1
7704,2019,GAB,0
7705,2019,GMB,0
7706,2019,GEO,0
7707,2019,DEU,1
7708,2019,GHA,0
7709,2019,GRC,1
7710,2019,GRD,0
7711,2019,GTM,0
7712,2019,GIN,0
7713,2019,GNB,0
7714,2019,GUY,0
7715,2019,HTI,0
7716,2019,VAT,0
7717,2019,HND,0
7718,2019,HUN,1
7719,2019,ISL,1
7720,2019,IND,0
7721,2019,IDN,0
7722,2019,IRN,0
7723,2019,IRQ,0
7724,2019,IRL,0
7725,2019,ISR,0
7726,2019,ITA,1
7727,2019,JAM,0
7728,2019,JPN,0
7729,2019,JOR,0
7730,2019,KAZ,0
7731,2019,KEN,0
7732,2019,KIR,0
7733,2019,PRK,0
7734,2019,KOR,0
7735,2019,XKX,0
7736,2019,KWT,0
7737,2019,KGZ,0
7738,2019,LAO,0
7739,2019,LVA,1
7740,2019,LBN,0
7741,2019,LSO,0
7742,2019,LBR,0
7743,2019,LBY,0
7744,2019,LIE,0
7745,2019,LTU,1
7746,2019,LUX,1
7747,2019,MDG,0
7748,2019,MWI,0
7749,2019,MYS,0
7750,2019,MDV,0
7751,2019,MLI,0
7752,2019,MLT,0
7753,2019,MHL,0
7754,2019,MRT,0
7755,2019,MUS,0
7756,2019,MEX,0
7757,2019,FSM,0
7758,2019,MDA,0
7759,2019,MCO,0
7760,2019,MNG,0
7761,2019,MNE,1
7762,2019,MAR,0
7763,2019,MOZ,0
7764,2019,MMR,0
7765,2019,NAM,0
7766,2019,NRU,0
7767,2019,NPL,0
7768,2019,NLD,1
7769,2019,NZL,0
7770,2019,NIC,0
7771,2019,NER,0
7772,2019,NGA,0
7773,2019,MKD,0
7774,2019,NOR,1
7775,2019,OMN,0
7776,2019,PAK,0
7777,2019,PLW,0
7778,2019,PSE,0
7779,2019,PAN,0
7780,2019,PNG,0
7781,2019,PRY,0
7782,2019,PER,0
7783,2019,PHL,0
7784,2019,POL,1
7785,2019,PRT,1
7786,2019,QAT,0
7787,2019,ROU,1
7788,2019,RUS,0
7789,2019,RWA,0
7790,2019,KNA,0
7791,2019,LCA,0
7792,2019,VCT,0
7793,2019,WSM,0
7794,2019,SMR,0
7795,2019,STP,0
7796,2019,SAU,0
7797,2019,SEN,0
7798,2019,SRB,0
7799,2019,SYC,0
7800,2019,SLE,0
7801,2019,SGP,0
7802,2019,SVK,1
7803,2019,SVN,1
7804,2019,SLB,0
7805,2019,SOM,0
7806,2019,ZAF,0
7807,2019,SSD,0
7808,2019,ESP,1
7809,2019,LKA,0
7810,2019,SDN,0
7811,2019,SUR,0
7812,2019,SWE,0
7813,2019,CHE,0
7814,2019,SYR,0
7815,2019,TWN,0
7816,2019,TJK,0
7817,2019,TZA,0
7818,2019,THA,0
7819,2019,TLS,0
7820,2019,TGO,0
7821,2019,TON,0
7822,2019,TTO,0
7823,2019,TUN,0
7824,2019,TUR,1
7825,2019,TKM,0
7826,2019,TUV,0
7827,2019,UGA,0
7828,2019,UKR,0
7829,2019,ARE,0
7830,2019,GBR,1
7831,2019,USA,1
7832,2019,URY,0
7833,2019,UZB,0
7834,2019,VUT,0
7835,2019,VEN,0
7836,2019,VNM,0
7837,2019,YEM,0
7838,2019,ZMB,0
7839,2019,ZWE,0
7840,2020,AFG,0
7841,2020,ALB,1
7842,2020,DZA,0
7843,2020,AND,0
7844,2020,AGO,0
7845,2020,ATG,0
7846,2020,ARG,0
7847,2020,ARM,0
7848,2020,AUS,0
7849,2020,AUT,0
7850,2020,AZE,0
7851,2020,BHS,0
7852,2020,BHR,0
7853,2020,BGD,0
7854,2020,BRB,0
7855,2020,BLR,0
7856,2020,BEL,1
7857,2020,BLZ,0
7858,2020,BEN,0
7859,2020,BTN,0
7860,2020,BOL,0
7861,2020,BIH,0
7862,2020,BWA,0
7863,2020,BRA,0
7864,2020,BRN,0
7865,2020,BGR,1
7866,2020,BFA,0
7867,2020,BDI,0
7868,2020,CPV,0
7869,2020,KHM,0
7870,2020,CMR,0
7871,2020,CAN,1
7872,2020,CAF,0
7873,2020,TCD,0
7874,2020,CHL,0
7875,2020,CHN,0
7876,2020,COL,0
7877,2020,COM,0
7878,2020,COD,0
7879,2020,COG,0
7880,2020,CRI,0
7881,2020,HRV,1
7882,2020,CUB,0
7883,2020,CYP,0
7884,2020,CZE,1
7885,2020,DNK,1
7886,2020,DJI,0
7887,2020,DMA,0
7888,2020,DOM,0
7889,2020,ECU,0
7890,2020,EGY,0
7891,2020,SLV,0
7892,2020,GNQ,0
7893,2020,ERI,0
7894,2020,EST,1
7895,2020,SWZ,0
7896,2020,ETH,0
7897,2020,FJI,0
7898,2020,FIN,0
7899,2020,FRA,1
7900,2020,GAB,0
7901,2020,GMB,0
7902,2020,GEO,0
7903,2020,DEU,1
7904,2020,GHA,0
7905,2020,GRC,1
7906,2020,GRD,0
7907,2020,GTM,0
7908,2020,GIN,0
7909,2020,GNB,0
7910,2020,GUY,0
7911,2020,HTI,0
7912,2020,VAT,0
7913,2020,HND,0
7914,2020,HUN,1
7915,2020,ISL,1
7916,2020,IND,0
7917,2020,IDN,0
7918,2020,IRN,0
7919,2020,IRQ,0
7920,2020,IRL,0
7921,2020,ISR,0
7922,2020,ITA,1
7923,2020,JAM,0
7924,2020,JPN,0
7925,2020,JOR,0
7926,2020,KAZ,0
7927,2020,KEN,0
7928,2020,KIR,0
7929,2020,PRK,0
7930,2020,KOR,0
7931,2020,XKX,0
7932,2020,KWT,0
7933,2020,KGZ,0
7934,2020,LAO,0
7935,2020,LVA,1
7936,2020,LBN,0
7937,2020,LSO,0
7938,2020,LBR,0
7939,2020,LBY,0
7940,2020,LIE,0
7941,2020,LTU,1
7942,2020,LUX,1
7943,2020,MDG,0
7944,2020,MWI,0
7945,2020,MYS,0
7946,2020,MDV,0
7947,2020,MLI,0
7948,2020,MLT,0
7949,2020,MHL,0
7950,2020,MRT,0
7951,2020,MUS,0
7952,2020,MEX,0
7953,2020,FSM,0
7954,2020,MDA,0
7955,2020,MCO,0
7956,2020,MNG,0
7957,2020,MNE,1
7958,2020,MAR,0
7959,2020,MOZ,0
7960,2020,MMR,0
7961,2020,NAM,0
7962,2020,NRU,0
7963,2020,NPL,0
7964,2020,NLD,1
7965,2020,NZL,0
7966,2020,NIC,0
7967,2020,NER,0
7968,2020,NGA,0
7969,2020,MKD,1
7970,2020,NOR,1
7971,2020,OMN,0
7972,2020,PAK,0
7973,2020,PLW,0
7974,2020,PSE,0
7975,2020,PAN,0
7976,2020,PNG,0
7977,2020,PRY,0
7978,2020,PER,0
7979,2020,PHL,0
7980,2020,POL,1
7981,2020,PRT,1
7982,2020,QAT,0
7983,2020,ROU,1
7984,2020,RUS,0
7985,2020,RWA,0
7986,2020,KNA,0
7987,2020,LCA,0
7988,2020,VCT,0
7989,2020,WSM,0
7990,2020,SMR,0
7991,2020,STP,0
7992,2020,SAU,0
7993,2020,SEN,0
7994,2020,SRB,0
7995,2020,SYC,0
7996,2020,SLE,0
7997,2020,SGP,0
7998,2020,SVK,1
7999,2020,SVN,1
8000,2020,SLB,0
8001,2020,SOM,0
8002,2020,ZAF,0
8003,2020,SSD,0
8004,2020,ESP,1
8005,2020,LKA,0
8006,2020,SDN,0
8007,2020,SUR,0
8008,2020,SWE,0
8009,2020,CHE,0
8010,2020,SYR,0
8011,2020,TWN,0
8012,2020,TJK,0
8013,2020,TZA,0
8014,2020,THA,0
8015,2020,TLS,0
8016,2020,TGO,0
8017,2020,TON,0
8018,2020,TTO,0
8019,2020,TUN,0
8020,2020,TUR,1
8021,2020,TKM,0
8022,2020,TUV,0
8023,2020,UGA,0
8024,2020,UKR,0
8025,2020,ARE,0
8026,2020,GBR,1
8027,2020,USA,1
8028,2020,URY,0
8029,2020,UZB,0
8030,2020,VUT,0
8031,2020,VEN,0
8032,2020,VNM,0
8033,2020,YEM,0
8034,2020,ZMB,0
8035,2020,ZWE,0
8036,2021,AFG,0
8037,2021,ALB,1
8038,2021,DZA,0
8039,2021,AND,0
8040,2021,AGO,0
8041,2021,ATG,0
8042,2021,ARG,0
8043,2021,ARM,0
8044,2021,AUS,0
8045,2021,AUT,0
8046,2021,AZE,0
8047,2021,BHS,0
8048,2021,BHR,0
8049,2021,BGD,0
8050,2021,BRB,0
8051,2021,BLR,0
8052,2021,BEL,1
8053,2021,BLZ,0
8054,2021,BEN,0
8055,2021,BTN,0
8056,2021,BOL,0
8057,2021,BIH,0
8058,2021,BWA,0
8059,2021,BRA,0
8060,2021,BRN,0
8061,2021,BGR,1
8062,2021,BFA,0
8063,2021,BDI,0
8064,2021,CPV,0
8065,2021,KHM,0
8066,2021,CMR,0
8067,2021,CAN,1
8068,2021,CAF,0
8069,2021,TCD,0
8070,2021,CHL,0
8071,2021,CHN,0
8072,2021,COL,0
8073,2021,COM,0
8074,2021,COD,0
8075,2021,COG,0
8076,2021,CRI,0
8077,2021,HRV,1
8078,2021,CUB,0
8079,2021,CYP,0
8080,2021,CZE,1
8081,2021,DNK,1
8082,2021,DJI,0
8083,2021,DMA,0
8084,2021,DOM,0
8085,2021,ECU,0
8086,2021,EGY,0
8087,2021,SLV,0
8088,2021,GNQ,0
8089,2021,ERI,0
8090,2021,EST,1
8091,2021,SWZ,0
8092,2021,ETH,0
8093,2021,FJI,0
8094,2021,FIN,0
8095,2021,FRA,1
8096,2021,GAB,0
8097,2021,GMB,0
8098,2021,GEO,0
8099,2021,DEU,1
8100,2021,GHA,0
8101,2021,GRC,1
8102,2021,GRD,0
8103,2021,GTM,0
8104,2021,GIN,0
8105,2021,GNB,0
8106,2021,GUY,0
8107,2021,HTI,0
8108,2021,VAT,0
8109,2021,HND,0
8110,2021,HUN,1
8111,2021,ISL,1
8112,2021,IND,0
8113,2021,IDN,0
8114,2021,IRN,0
8115,2021,IRQ,0
8116,2021,IRL,0
8117,2021,ISR,0
8118,2021,ITA,1
8119,2021,JAM,0
8120,2021,JPN,0
8121,2021,JOR,0
8122,2021,KAZ,0
8123,2021,KEN,0
8124,2021,KIR,0
8125,2021,PRK,0
8126,2021,KOR,0
8127,2021,XKX,0
8128,2021,KWT,0
8129,2021,KGZ,0
8130,2021,LAO,0
8131,2021,LVA,1
8132,2021,LBN,0
8133,2021,LSO,0
8134,2021,LBR,0
8135,2021,LBY,0
8136,2021,LIE,0
8137,2021,LTU,1
8138,2021,LUX,1
8139,2021,MDG,0
8140,2021,MWI,0
8141,2021,MYS,0
8142,2021,MDV,0
8143,2021,MLI,0
8144,2021,MLT,0
8145,2021,MHL,0
8146,2021,MRT,0
8147,2021,MUS,0
8148,2021,MEX,0
8149,2021,FSM,0
8150,2021,MDA,0
8151,2021,MCO,0
8152,2021,MNG,0
8153,2021,MNE,1
8154,2021,MAR,0
8155,2021,MOZ,0
8156,2021,MMR,0
8157,2021,NAM,0
8158,2021,NRU,0
8159,2021,NPL,0
8160,2021,NLD,1
8161,2021,NZL,0
8162,2021,NIC,0
8163,2021,NER,0
8164,2021,NGA,0
8165,2021,MKD,1
8166,2021,NOR,1
8167,2021,OMN,0
8168,2021,PAK,0
8169,2021,PLW,0
8170,2021,PSE,0
8171,2021,PAN,0
8172,2021,PNG,0
8173,2021,PRY,0
8174,2021,PER,0
8175,2021,PHL,0
8176,2021,POL,1
8177,2021,PRT,1
8178,2021,QAT,0
8179,2021,ROU,1
8180,2021,RUS,0
8181,2021,RWA,0
8182,2021,KNA,0
8183,2021,LCA,0
8184,2021,VCT,0
8185,2021,WSM,0
8186,2021,SMR,0
8187,2021,STP,0
8188,2021,SAU,0
8189,2021,SEN,0
8190,2021,SRB,0
8191,2021,SYC,0
8192,2021,SLE,0
8193,2021,SGP,0
8194,2021,SVK,1
8195,2021,SVN,1
8196,2021,SLB,0
8197,2021,SOM,0
8198,2021,ZAF,0
8199,2021,SSD,0
8200,2021,ESP,1
8201,2021,LKA,0
8202,2021,SDN,0
8203,2021,SUR,0
8204,2021,SWE,0
8205,2021,CHE,0
8206,2021,SYR,0
8207,2021,TWN,0
8208,2021,TJK,0
8209,2021,TZA,0
8210,2021,THA,0
8211,2021,TLS,0
8212,2021,TGO,0
8213,2021,TON,0
8214,2021,TTO,0
8215,2021,TUN,0
8216,2021,TUR,1
8217,2021,TKM,0
8218,2021,TUV,0
8219,2021,UGA,0
8220,2021,UKR,0
8221,2021,ARE,0
8222,2021,GBR,1
8223,2021,USA,1
8224,2021,URY,0
8225,2021,UZB,0
8226,2021,VUT,0
8227,2021,VEN,0
8228,2021,VNM,0
8229,2021,YEM,0
8230,2021,ZMB,0
8231,2021,ZWE,0
8232,2022,AFG,0
8233,2022,ALB,1
8234,2022,DZA,0
8235,2022,AND,0
8236,2022,AGO,0
8237,2022,ATG,0
8238,2022,ARG,0
8239,2022,ARM,0
8240,2022,AUS,0
8241,2022,AUT,0
8242,2022,AZE,0
8243,2022,BHS,0
8244,2022,BHR,0
8245,2022,BGD,0
8246,2022,BRB,0
8247,2022,BLR,0
8248,2022,BEL,1
8249,2022,BLZ,0
8250,2022,BEN,0
8251,2022,BTN,0
8252,2022,BOL,0
8253,2022,BIH,0
8254,2022,BWA,0
8255,2022,BRA,0
8256,2022,BRN,0
8257,2022,BGR,1
8258,2022,BFA,0
8259,2022,BDI,0
8260,2022,CPV,0
8261,2022,KHM,0
8262,2022,CMR,0
8263,2022,CAN,1
8264,2022,CAF,0
8265,2022,TCD,0
8266,2022,CHL,0
8267,2022,CHN,0
8268,2022,COL,0
8269,2022,COM,0
8270,2022,COD,0
8271,2022,COG,0
8272,2022,CRI,0
8273,2022,HRV,1
8274,2022,CUB,0
8275,2022,CYP,0
8276,2022,CZE,1
8277,2022,DNK,1
8278,2022,DJI,0
8279,2022,DMA,0
8280,2022,DOM,0
8281,2022,ECU,0
8282,2022,EGY,0
8283,2022,SLV,0
8284,2022,GNQ,0
8285,2022,ERI,0
8286,2022,EST,1
8287,2022,SWZ,0
8288,2022,ETH,0
8289,2022,FJI,0
8290,2022,FIN,0
8291,2022,FRA,1
8292,2022,GAB,0
8293,2022,GMB,0
8294,2022,GEO,0
8295,2022,DEU,1
8296,2022,GHA,0
8297,2022,GRC,1
8298,2022,GRD,0
8299,2022,GTM,0
8300,2022,GIN,0
8301,2022,GNB,0
8302,2022,GUY,0
8303,2022,HTI,0
8304,2022,VAT,0
8305,2022,HND,0
8306,2022,HUN,1
8307,2022,ISL,1
8308,2022,IND,0
8309,2022,IDN,0
8310,2022,IRN,0
8311,2022,IRQ,0
8312,2022,IRL,0
8313,2022,ISR,0
8314,2022,ITA,1
8315,2022,JAM,0
8316,2022,JPN,0
8317,2022,JOR,0
8318,2022,KAZ,0
8319,2022,KEN,0
8320,2022,KIR,0
8321,2022,PRK,0
8322,2022,KOR,0
8323,2022,XKX,0
8324,2022,KWT,0
8325,2022,KGZ,0
8326,2022,LAO,0
8327,2022,LVA,1
8328,2022,LBN,0
8329,2022,LSO,0
8330,2022,LBR,0
8331,2022,LBY,0
8332,2022,LIE,0
8333,2022,LTU,1
8334,2022,LUX,1
8335,2022,MDG,0
8336,2022,MWI,0
8337,2022,MYS,0
8338,2022,MDV,0
8339,2022,MLI,0
8340,2022,MLT,0
8341,2022,MHL,0
8342,2022,MRT,0
8343,2022,MUS,0
8344,2022,MEX,0
8345,2022,FSM,0
8346,2022,MDA,0
8347,2022,MCO,0
8348,2022,MNG,0
8349,2022,MNE,1
8350,2022,MAR,0
8351,2022,MOZ,0
8352,2022,MMR,0
8353,2022,NAM,0
8354,2022,NRU,0
8355,2022,NPL,0
8356,2022,NLD,1
8357,2022,NZL,0
8358,2022,NIC,0
8359,2022,NER,0
8360,2022,NGA,0
8361,2022,MKD,1
8362,2022,NOR,1
8363,2022,OMN,0
8364,2022,PAK,0
8365,2022,PLW,0
8366,2022,PSE,0
8367,2022,PAN,0
8368,2022,PNG,0
8369,2022,PRY,0
8370,2022,PER,0
8371,2022,PHL,0
8372,2022,POL,1
8373,2022,PRT,1
8374,2022,QAT,0
8375,2022,ROU,1
8376,2022,RUS,0
8377,2022,RWA,0
8378,2022,KNA,0
8379,2022,LCA,0
8380,2022,VCT,0
8381,2022,WSM,0
8382,2022,SMR,0
8383,2022,STP,0
8384,2022,SAU,0
8385,2022,SEN,0
8386,2022,SRB,0
8387,2022,SYC,0
8388,2022,SLE,0
8389,2022,SGP,0
8390,2022,SVK,1
8391,2022,SVN,1
8392,2022,SLB,0
8393,2022,SOM,0
8394,2022,ZAF,0
8395,2022,SSD,0
8396,2022,ESP,1
8397,2022,LKA,0
8398,2022,SDN,0
8399,2022,SUR,0
8400,2022,SWE,0
8401,2022,CHE,0
8402,2022,SYR,0
8403,2022,TWN,0
8404,2022,TJK,0
8405,2022,TZA,0
8406,2022,THA,0
8407,2022,TLS,0
8408,2022,TGO,0
8409,2022,TON,0
8410,2022,TTO,0
8411,2022,TUN,0
8412,2022,TUR,1
8413,2022,TKM,0
8414,2022,TUV,0
8415,2022,UGA,0
8416,2022,UKR,0
8417,2022,ARE,0
8418,2022,GBR,1
8419,2022,USA,1
8420,2022,URY,0
8421,2022,UZB,0
8422,2022,VUT,0
8423,2022,VEN,0
8424,2022,VNM,0
8425,2022,YEM,0
8426,2022,ZMB,0
8427,2022,ZWE,0
8428,2023,AFG,0
8429,2023,ALB,1
8430,2023,DZA,0
8431,2023,AND,0
8432,2023,AGO,0
8433,2023,ATG,0
8434,2023,ARG,0
8435,2023,ARM,0
8436,2023,AUS,0
8437,2023,AUT,0
8438,2023,AZE,0
8439,2023,BHS,0
8440,2023,BHR,0
8441,2023,BGD,0
8442,2023,BRB,0
8443,2023,BLR,0
8444,2023,BEL,1
8445,2023,BLZ,0
8446,2023,BEN,0
8447,2023,BTN,0
8448,2023,BOL,0
8449,2023,BIH,0
8450,2023,BWA,0
8451,2023,BRA,0
8452,2023,BRN,0
8453,2023,BGR,1
8454,2023,BFA,0
8455,2023,BDI,0
8456,2023,CPV,0
8457,2023,KHM,0
8458,2023,CMR,0
8459,2023,CAN,1
8460,2023,CAF,0
8461,2023,TCD,0
8462,2023,CHL,0
8463,2023,CHN,0
8464,2023,COL,0
8465,2023,COM,0
8466,2023,COD,0
8467,2023,COG,0
8468,2023,CRI,0
8469,2023,HRV,1
8470,2023,CUB,0
8471,2023,CYP,0
8472,2023,CZE,1
8473,2023,DNK,1
8474,2023,DJI,0
8475,2023,DMA,0
8476,2023,DOM,0
8477,2023,ECU,0
8478,2023,EGY,0
8479,2023,SLV,0
8480,2023,GNQ,0
8481,2023,ERI,0
8482,2023,EST,1
8483,2023,SWZ,0
8484,2023,ETH,0
8485,2023,FJI,0
8486,2023,FIN,1
8487,2023,FRA,1
8488,2023,GAB,0
8489,2023,GMB,0
8490,2023,GEO,0
8491,2023,DEU,1
8492,2023,GHA,0
8493,2023,GRC,1
8494,2023,GRD,0
8495,2023,GTM,0
8496,2023,GIN,0
8497,2023,GNB,0
8498,2023,GUY,0
8499,2023,HTI,0
8500,2023,VAT,0
8501,2023,HND,0
8502,2023,HUN,1
8503,2023,ISL,1
8504,2023,IND,0
8505,2023,IDN,0
8506,2023,IRN,0
8507,2023,IRQ,0
8508,2023,IRL,0
8509,2023,ISR,0
8510,2023,ITA,1
8511,2023,JAM,0
8512,2023,JPN,0
8513,2023,JOR,0
8514,2023,KAZ,0
8515,2023,KEN,0
8516,2023,KIR,0
8517,2023,PRK,0
8518,2023,KOR,0
8519,2023,XKX,0
8520,2023,KWT,0
8521,2023,KGZ,0
8522,2023,LAO,0
8523,2023,LVA,1
8524,2023,LBN,0
8525,2023,LSO,0
8526,2023,LBR,0
8527,2023,LBY,0
8528,2023,LIE,0
8529,2023,LTU,1
8530,2023,LUX,1
8531,2023,MDG,0
8532,2023,MWI,0
8533,2023,MYS,0
8534,2023,MDV,0
8535,2023,MLI,0
8536,2023,MLT,0
8537,2023,MHL,0
8538,2023,MRT,0
8539,2023,MUS,0
8540,2023,MEX,0
8541,2023,FSM,0
8542,2023,MDA,0
8543,2023,MCO,0
8544,2023,MNG,0
8545,2023,MNE,1
8546,2023,MAR,0
8547,2023,MOZ,0
8548,2023,MMR,0
8549,2023,NAM,0
8550,2023,NRU,0
8551,2023,NPL,0
8552,2023,NLD,1
8553,2023,NZL,0
8554,2023,NIC,0
8555,2023,NER,0
8556,2023,NGA,0
8557,2023,MKD,1
8558,2023,NOR,1
8559,2023,OMN,0
8560,2023,PAK,0
8561,2023,PLW,0
8562,2023,PSE,0
8563,2023,PAN,0
8564,2023,PNG,0
8565,2023,PRY,0
8566,2023,PER,0
8567,2023,PHL,0
8568,2023,POL,1
8569,2023,PRT,1
8570,2023,QAT,0
8571,2023,ROU,1
8572,2023,RUS,0
8573,2023,RWA,0
8574,2023,KNA,0
8575,2023,LCA,0
8576,2023,VCT,0
8577,2023,WSM,0
8578,2023,SMR,0
8579,2023,STP,0
8580,2023,SAU,0
8581,2023,SEN,0
8582,2023,SRB,0
8583,2023,SYC,0
8584,2023,SLE,0
8585,2023,SGP,0
8586,2023,SVK,1
8587,2023,SVN,1
8588,2023,SLB,0
8589,2023,SOM,0
8590,2023,ZAF,0
8591,2023,SSD,0
8592,2023,ESP,1
8593,2023,LKA,0
8594,2023,SDN,0
8595,2023,SUR,0
8596,2023,SWE,0
8597,2023,CHE,0
8598,2023,SYR,0
8599,2023,TWN,0
8600,2023,TJK,0
8601,2023,TZA,0
8602,2023,THA,0
8603,2023,TLS,0
8604,2023,TGO,0
8605,2023,TON,0
8606,2023,TTO,0
8607,2023,TUN,0
8608,2023,TUR,1
8609,2023,TKM,0
8610,2023,TUV,0
8611,2023,UGA,0
8612,2023,UKR,0
8613,2023,ARE,0
8614,2023,GBR,1
8615,2023,USA,1
8616,2023,URY,0
8617,2023,UZB,0
8618,2023,VUT,0
8619,2023,VEN,0
8620,2023,VNM,0
8621,2023,YEM,0
8622,2023,ZMB,0
8623,2023,ZWE,0
8624,2024,AFG,0
8625,2024,ALB,1
8626,2024,DZA,0
8627,2024,AND,0
8628,2024,AGO,0
8629,2024,ATG,0
8630,2024,ARG,0
8631,2024,ARM,0
8632,2024,AUS,0
8633,2024,AUT,0
8634,2024,AZE,0
8635,2024,BHS,0
8636,2024,BHR,0
8637,2024,BGD,0
8638,2024,BRB,0
8639,2024,BLR,0
8640,2024,BEL,1
8641,2024,BLZ,0
8642,2024,BEN,0
8643,2024,BTN,0
8644,2024,BOL,0
8645,2024,BIH,0
8646,2024,BWA,0
8647,2024,BRA,0
8648,2024,BRN,0
8649,2024,BGR,1
8650,2024,BFA,0
8651,2024,BDI,0
8652,2024,CPV,0
8653,2024,KHM,0
8654,2024,CMR,0
8655,2024,CAN,1
8656,2024,CAF,0
8657,2024,TCD,0
8658,2024,CHL,0
8659,2024,CHN,0
8660,2024,COL,0
8661,2024,COM,0
8662,2024,COD,0
8663,2024,COG,0
8664,2024,CRI,0
8665,2024,HRV,1
8666,2024,CUB,0
8667,2024,CYP,0
8668,2024,CZE,1
8669,2024,DNK,1
8670,2024,DJI,0
8671,2024,DMA,0
8672,2024,DOM,0
8673,2024,ECU,0
8674,2024,EGY,0
8675,2024,SLV,0
8676,2024,GNQ,0
8677,2024,ERI,0
8678,2024,EST,1
8679,2024,SWZ,0
8680,2024,ETH,0
8681,2024,FJI,0
8682,2024,FIN,1
8683,2024,FRA,1
8684,2024,GAB,0
8685,2024,GMB,0
8686,2024,GEO,0
8687,2024,DEU,1
8688,2024,GHA,0
8689,2024,GRC,1
8690,2024,GRD,0
8691,2024,GTM,0
8692,2024,GIN,0
8693,2024,GNB,0
8694,2024,GUY,0
8695,2024,HTI,0
8696,2024,VAT,0
8697,2024,HND,0
8698,2024,HUN,1
8699,2024,ISL,1
8700,2024,IND,0
8701,2024,IDN,0
8702,2024,IRN,0
8703,2024,IRQ,0
8704,2024,IRL,0
8705,2024,ISR,0
8706,2024,ITA,1
8707,2024,JAM,0
8708,2024,JPN,0
8709,2024,JOR,0
8710,2024,KAZ,0
8711,2024,KEN,0
8712,2024,KIR,0
8713,2024,PRK,0
8714,2024,KOR,0
8715,2024,XKX,0
8716,2024,KWT,0
8717,2024,KGZ,0
8718,2024,LAO,0
8719,2024,LVA,1
8720,2024,LBN,0
8721,2024,LSO,0
8722,2024,LBR,0
8723,2024,LBY,0
8724,2024,LIE,0
8725,2024,LTU,1
8726,2024,LUX,1
8727,2024,MDG,0
8728,2024,MWI,0
8729,2024,MYS,0
8730,2024,MDV,0
8731,2024,MLI,0
8732,2024,MLT,0
8733,2024,MHL,0
8734,2024,MRT,0
8735,2024,MUS,0
8736,2024,MEX,0
8737,2024,FSM,0
8738,2024,MDA,0
8739,2024,MCO,0
8740,2024,MNG,0
8741,2024,MNE,1
8742,2024,MAR,0
8743,2024,MOZ,0
8744,2024,MMR,0
8745,2024,NAM,0
8746,2024,NRU,0
8747,2024,NPL,0
8748,2024,NLD,1
8749,2024,NZL,0
8750,2024,NIC,0
8751,2024,NER,0
8752,2024,NGA,0
8753,2024,MKD,1
8754,2024,NOR,1
8755,2024,OMN,0
8756,2024,PAK,0
8757,2024,PLW,0
8758,2024,PSE,0
8759,2024,PAN,0
8760,2024,PNG,0
8761,2024,PRY,0
8762,2024,PER,0
8763,2024,PHL,0
8764,2024,POL,1
8765,2024,PRT,1
8766,2024,QAT,0
8767,2024,ROU,1
8768,2024,RUS,0
8769,2024,RWA,0
8770,2024,KNA,0
8771,2024,LCA,0
8772,2024,VCT,0
8773,2024,WSM,0
8774,2024,SMR,0
8775,2024,STP,0
8776,2024,SAU,0
8777,2024,SEN,0
8778,2024,SRB,0
8779,2024,SYC,0
8780,2024,SLE,0
8781,2024,SGP,0
8782,2024,SVK,1
8783,2024,SVN,1
8784,2024,SLB,0
8785,2024,SOM,0
8786,2024,ZAF,0
8787,2024,SSD,0
8788,2024,ESP,1
8789,2024,LKA,0
8790,2024,SDN,0
8791,2024,SUR,0
8792,2024,SWE,1
8793,2024,CHE,0
8794,2024,SYR,0
8795,2024,TWN,0
8796,2024,TJK,0
8797,2024,TZA,0
8798,2024,THA,0
8799,2024,TLS,0
8800,2024,TGO,0
8801,2024,TON,0
8802,2024,TTO,0
8803,2024,TUN,0
8804,2024,TUR,1
8805,2024,TKM,0
8806,2024,TUV,0
8807,2024,UGA,0
8808,2024,UKR,0
8809,2024,ARE,0
8810,2024,GBR,1
8811,2024,USA,1
8812,2024,URY,0
8813,2024,UZB,0
8814,2024,VUT,0
8815,2024,VEN,0
8816,2024,VNM,0
8817,2024,YEM,0
8818,2024,ZMB,0
8819,2024,ZWE,0
8820,2025,AFG,0
8821,2025,ALB,1
8822,2025,DZA,0
8823,2025,AND,0
8824,2025,AGO,0
8825,2025,ATG,0
8826,2025,ARG,0
8827,2025,ARM,0
8828,2025,AUS,0
8829,2025,AUT,0
8830,2025,AZE,0
8831,2025,BHS,0
8832,2025,BHR,0
8833,2025,BGD,0
8834,2025,BRB,0
8835,2025,BLR,0
8836,2025,BEL,1
8837,2025,BLZ,0
8838,2025,BEN,0
8839,2025,BTN,0
8840,2025,BOL,0
8841,2025,BIH,0
8842,2025,BWA,0
8843,2025,BRA,0
8844,2025,BRN,0
8845,2025,BGR,1
8846,2025,BFA,0
8847,2025,BDI,0
8848,2025,CPV,0
8849,2025,KHM,0
8850,2025,CMR,0
8851,2025,CAN,1
8852,2025,CAF,0
8853,2025,TCD,0
8854,2025,CHL,0
8855,2025,CHN,0
8856,2025,COL,0
8857,2025,COM,0
8858,2025,COD,0
8859,2025,COG,0
8860,2025,CRI,0
8861,2025,HRV,1
8862,2025,CUB,0
8863,2025,CYP,0
8864,2025,CZE,1
8865,2025,DNK,1
8866,2025,DJI,0
8867,2025,DMA,0
8868,2025,DOM,0
8869,2025,ECU,0
8870,2025,EGY,0
8871,2025,SLV,0
8872,2025,GNQ,0
8873,2025,ERI,0
8874,2025,EST,1
8875,2025,SWZ,0
8876,2025,ETH,0
8877,2025,FJI,0
8878,2025,FIN,1
8879,2025,FRA,1
8880,2025,GAB,0
8881,2025,GMB,0
8882,2025,GEO,0
8883,2025,DEU,1
8884,2025,GHA,0
8885,2025,GRC,1
8886,2025,GRD,0
8887,2025,GTM,0
8888,2025,GIN,0
8889,2025,GNB,0
8890,2025,GUY,0
8891,2025,HTI,0
8892,2025,VAT,0
8893,2025,HND,0
8894,2025,HUN,1
8895,2025,ISL,1
8896,2025,IND,0
8897,2025,IDN,0
8898,2025,IRN,0
8899,2025,IRQ,0
8900,2025,IRL,0
8901,2025,ISR,0
8902,2025,ITA,1
8903,2025,JAM,0
8904,2025,JPN,0
8905,2025,JOR,0
8906,2025,KAZ,0
8907,2025,KEN,0
8908,2025,KIR,0
8909,2025,PRK,0
8910,2025,KOR,0
8911,2025,XKX,0
8912,2025,KWT,0
8913,2025,KGZ,0
8914,2025,LAO,0
8915,2025,LVA,1
8916,2025,LBN,0
8917,2025,LSO,0
8918,2025,LBR,0
8919,2025,LBY,0
8920,2025,LIE,0
8921,2025,LTU,1
8922,2025,LUX,1
8923,2025,MDG,0
8924,2025,MWI,0
8925,2025,MYS,0
8926,2025,MDV,0
8927,2025,MLI,0
8928,2025,MLT,0
8929,2025,MHL,0
8930,2025,MRT,0
8931,2025,MUS,0
8932,2025,MEX,0
8933,2025,FSM,0
8934,2025,MDA,0
8935,2025,MCO,0
8936,2025,MNG,0
8937,2025,MNE,1
8938,2025,MAR,0
8939,2025,MOZ,0
8940,2025,MMR,0
8941,2025,NAM,0
8942,2025,NRU,0
8943,2025,NPL,0
8944,2025,NLD,1
8945,2025,NZL,0
8946,2025,NIC,0
8947,2025,NER,0
8948,2025,NGA,0
8949,2025,MKD,1
8950,2025,NOR,1
8951,2025,OMN,0
8952,2025,PAK,0
8953,2025,PLW,0
8954,2025,PSE,0
8955,2025,PAN,0
8956,2025,PNG,0
8957,2025,PRY,0
8958,2025,PER,0
8959,2025,PHL,0
8960,2025,POL,1
8961,2025,PRT,1
8962,2025,QAT,0
8963,2025,ROU,1
8964,2025,RUS,0
8965,2025,RWA,0
8966,2025,KNA,0
8967,2025,LCA,0
8968,2025,VCT,0
8969,2025,WSM,0
8970,2025,SMR,0
8971,2025,STP,0
8972,2025,SAU,0
8973,2025,SEN,0
8974,2025,SRB,0
8975,2025,SYC,0
8976,2025,SLE,0
8977,2025,SGP,0
8978,2025,SVK,1
8979,2025,SVN,1
8980,2025,SLB,0
8981,2025,SOM,0
8982,2025,ZAF,0
8983,2025,SSD,0
8984,2025,ESP,1
8985,2025,LKA,0
8986,2025,SDN,0
8987,2025,SUR,0
8988,2025,SWE,1
8989,2025,CHE,0
8990,2025,SYR,0
8991,2025,TWN,0
8992,2025,TJK,0
8993,2025,TZA,0
8994,2025,THA,0
8995,2025,TLS,0
8996,2025,TGO,0
8997,2025,TON,0
8998,2025,TTO,0
8999,2025,TUN,0
9000,2025,TUR,1
9001,2025,TKM,0
9002,2025,TUV,0
9003,2025,UGA,0
9004,2025,UKR,0
9005,2025,ARE,0
9006,2025,GBR,1
9007,2025,USA,1
9008,2025,URY,0
9009,2025,UZB,0
9010,2025,VUT,0
9011,2025,VEN,0
9012,2025,VNM,0
9013,2025,YEM,0
9014,2025,ZMB,0
9015,2025,ZWE,0
9016,2026,AFG,0
9017,2026,ALB,1
9018,2026,DZA,0
9019,2026,AND,0
9020,2026,AGO,0
9021,2026,ATG,0
9022,2026,ARG,0
9023,2026,ARM,0
9024,2026,AUS,0
9025,2026,AUT,0
9026,2026,AZE,0
9027,2026,BHS,0
9028,2026,BHR,0
9029,2026,BGD,0
9030,2026,BRB,0
9031,2026,BLR,0
9032,2026,BEL,1
9033,2026,BLZ,0
9034,2026,BEN,0
9035,2026,BTN,0
9036,2026,BOL,0
9037,2026,BIH,0
9038,2026,BWA,0
9039,2026,BRA,0
9040,2026,BRN,0
9041,2026,BGR,1
9042,2026,BFA,0
9043,2026,BDI,0
9044,2026,CPV,0
9045,2026,KHM,0
9046,2026,CMR,0
9047,2026,CAN,1
9048,2026,CAF,0
9049,2026,TCD,0
9050,2026,CHL,0
9051,2026,CHN,0
9052,2026,COL,0
9053,2026,COM,0
9054,2026,COD,0
9055,2026,COG,0
9056,2026,CRI,0
9057,2026,HRV,1
9058,2026,CUB,0
9059,2026,CYP,0
9060,2026,CZE,1
9061,2026,DNK,1
9062,2026,DJI,0
9063,2026,DMA,0
9064,2026,DOM,0
9065,2026,ECU,0
9066,2026,EGY,0
9067,2026,SLV,0
9068,2026,GNQ,0
9069,2026,ERI,0
9070,2026,EST,1
9071,2026,SWZ,0
9072,2026,ETH,0
9073,2026,FJI,0
9074,2026,FIN,1
9075,2026,FRA,1
9076,2026,GAB,0
9077,2026,GMB,0
9078,2026,GEO,0
9079,2026,DEU,1
9080,2026,GHA,0
9081,2026,GRC,1
9082,2026,GRD,0
9083,2026,GTM,0
9084,2026,GIN,0
9085,2026,GNB,0
9086,2026,GUY,0
9087,2026,HTI,0
9088,2026,VAT,0
9089,2026,HND,0
9090,2026,HUN,1
9091,2026,ISL,1
9092,2026,IND,0
9093,2026,IDN,0
9094,2026,IRN,0
9095,2026,IRQ,0
9096,2026,IRL,0
9097,2026,ISR,0
9098,2026,ITA,1
9099,2026,JAM,0
9100,2026,JPN,0
9101,2026,JOR,0
9102,2026,KAZ,0
9103,2026,KEN,0
9104,2026,KIR,0
9105,2026,PRK,0
9106,2026,KOR,0
9107,2026,XKX,0
9108,2026,KWT,0
9109,2026,KGZ,0
9110,2026,LAO,0
9111,2026,LVA,1
9112,2026,LBN,0
9113,2026,LSO,0
9114,2026,LBR,0
9115,2026,LBY,0
9116,2026,LIE,0
9117,2026,LTU,1
9118,2026,LUX,1
9119,2026,MDG,0
9120,2026,MWI,0
9121,2026,MYS,0
9122,2026,MDV,0
9123,2026,MLI,0
9124,2026,MLT,0
9125,2026,MHL,0
9126,2026,MRT,0
9127,2026,MUS,0
9128,2026,MEX,0
9129,2026,FSM,0
9130,2026,MDA,0
9131,2026,MCO,0
9132,2026,MNG,0
9133,2026,MNE,1
9134,2026,MAR,0
9135,2026,MOZ,0
9136,2026,MMR,0
9137,2026,NAM,0
9138,2026,NRU,0
9139,2026,NPL,0
9140,2026,NLD,1
9141,2026,NZL,0
9142,2026,NIC,0
9143,2026,NER,0
9144,2026,NGA,0
9145,2026,MKD,1
9146,2026,NOR,1
9147,2026,OMN,0
9148,2026,PAK,0
9149,2026,PLW,0
9150,2026,PSE,0
9151,2026,PAN,0
9152,2026,PNG,0
9153,2026,PRY,0
9154,2026,PER,0
9155,2026,PHL,0
9156,2026,POL,1
9157,2026,PRT,1
9158,2026,QAT,0
9159,2026,ROU,1
9160,2026,RUS,0
9161,2026,RWA,0
9162,2026,KNA,0
9163,2026,LCA,0
9164,2026,VCT,0
9165,2026,WSM,0
9166,2026,SMR,0
9167,2026,STP,0
9168,2026,SAU,0
9169,2026,SEN,0
9170,2026,SRB,0
9171,2026,SYC,0
9172,2026,SLE,0
9173,2026,SGP,0
9174,2026,SVK,1
9175,2026,SVN,1
9176,2026,SLB,0
9177,2026,SOM,0
9178,2026,ZAF,0
9179,2026,SSD,0
9180,2026,ESP,1
9181,2026,LKA,0
9182,2026,SDN,0
9183,2026,SUR,0
9184,2026,SWE,1
9185,2026,CHE,0
9186,2026,SYR,0
9187,2026,TWN,0
9188,2026,TJK,0
9189,2026,TZA,0
9190,2026,THA,0
9191,2026,TLS,0
9192,2026,TGO,0
9193,2026,TON,0
9194,2026,TTO,0
9195,2026,TUN,0
9196,2026,TUR,1
9197,2026,TKM,0
9198,2026,TUV,0
9199,2026,UGA,0
9200,2026,UKR,0
9201,2026,ARE,0
9202,2026,GBR,1
9203,2026,USA,1
9204,2026,URY,0
9205,2026,UZB,0
9206,2026,VUT,0
9207,2026,VEN,0
9208,2026,VNM,0
9209,2026,YEM,0
9210,2026,ZMB,0
9211,2026,ZWE,0
