ISO3,year,score,indicator_id,source
AFG,1995,0.292576327260216,climate_vulnerability_score,ND-GAIN
ALB,1995,0.332308723599403,climate_vulnerability_score,ND-GAIN
DZA,1995,0.303340120878115,climate_vulnerability_score,ND-GAIN
AND,1995,0.445442854661236,climate_vulnerability_score,ND-GAIN
AGO,1995,0.186176426737565,climate_vulnerability_score,ND-GAIN
ATG,1995,0.457345617503837,climate_vulnerability_score,ND-GAIN
ARG,1995,0.376373838996969,climate_vulnerability_score,ND-GAIN
ARM,1995,0.363439001189087,climate_vulnerability_score,ND-GAIN
AUS,1995,0.610418802604816,climate_vulnerability_score,ND-GAIN
AUT,1995,0.614703155528135,climate_vulnerability_score,ND-GAIN
AZE,1995,0.315178539601027,climate_vulnerability_score,ND-GAIN
BHS,1995,0.447687664327033,climate_vulnerability_score,ND-GAIN
BHR,1995,0.375692592046676,climate_vulnerability_score,ND-GAIN
BGD,1995,0.338177208734417,climate_vulnerability_score,ND-GAIN
BRB,1995,0.467098998244024,climate_vulnerability_score,ND-GAIN
BLR,1995,0.375326674972852,climate_vulnerability_score,ND-GAIN
BEL,1995,0.546880930835416,climate_vulnerability_score,ND-GAIN
BLZ,1995,0.381531364538969,climate_vulnerability_score,ND-GAIN
BEN,1995,0.35263085711467,climate_vulnerability_score,ND-GAIN
BTN,1995,0.36927264465998,climate_vulnerability_score,ND-GAIN
BOL,1995,0.32187222802588,climate_vulnerability_score,ND-GAIN
BIH,1995,0.325320858640637,climate_vulnerability_score,ND-GAIN
BWA,1995,0.38220085849227,climate_vulnerability_score,ND-GAIN
BRA,1995,0.37795741334508,climate_vulnerability_score,ND-GAIN
BRN,1995,0.455772938022682,climate_vulnerability_score,ND-GAIN
BGR,1995,0.397729873968414,climate_vulnerability_score,ND-GAIN
BFA,1995,0.314177319260573,climate_vulnerability_score,ND-GAIN
BDI,1995,0.232937478173952,climate_vulnerability_score,ND-GAIN
KHM,1995,0.28188350941754,climate_vulnerability_score,ND-GAIN
CMR,1995,0.264050076302515,climate_vulnerability_score,ND-GAIN
CAN,1995,0.576679541742571,climate_vulnerability_score,ND-GAIN
CPV,1995,0.407909255704584,climate_vulnerability_score,ND-GAIN
CAF,1995,0.237558680637573,climate_vulnerability_score,ND-GAIN
TCD,1995,0.249810304904342,climate_vulnerability_score,ND-GAIN
CHL,1995,0.449019111461789,climate_vulnerability_score,ND-GAIN
CHN,1995,0.364438004374795,climate_vulnerability_score,ND-GAIN
COL,1995,0.284857152234875,climate_vulnerability_score,ND-GAIN
COM,1995,0.304816801725656,climate_vulnerability_score,ND-GAIN
COG,1995,0.262856749916632,climate_vulnerability_score,ND-GAIN
COD,1995,0.191473832934847,climate_vulnerability_score,ND-GAIN
CRI,1995,0.394121792724297,climate_vulnerability_score,ND-GAIN
CIV,1995,0.314065776145225,climate_vulnerability_score,ND-GAIN
HRV,1995,0.394907921668314,climate_vulnerability_score,ND-GAIN
CUB,1995,0.260098049185061,climate_vulnerability_score,ND-GAIN
CYP,1995,0.456369921100114,climate_vulnerability_score,ND-GAIN
CZE,1995,0.462698600272493,climate_vulnerability_score,ND-GAIN
DNK,1995,0.659474024339684,climate_vulnerability_score,ND-GAIN
DJI,1995,0.319691983471818,climate_vulnerability_score,ND-GAIN
DMA,1995,0.58096840736508,climate_vulnerability_score,ND-GAIN
DOM,1995,0.314955021832871,climate_vulnerability_score,ND-GAIN
ECU,1995,0.307603192779717,climate_vulnerability_score,ND-GAIN
EGY,1995,0.346042692308354,climate_vulnerability_score,ND-GAIN
SLV,1995,0.293183146989989,climate_vulnerability_score,ND-GAIN
GNQ,1995,0.271183079365816,climate_vulnerability_score,ND-GAIN
ERI,1995,0.298764418390043,climate_vulnerability_score,ND-GAIN
EST,1995,0.47017076399712,climate_vulnerability_score,ND-GAIN
ETH,1995,0.278907751818917,climate_vulnerability_score,ND-GAIN
FJI,1995,0.391860153636994,climate_vulnerability_score,ND-GAIN
FIN,1995,0.681066854239008,climate_vulnerability_score,ND-GAIN
FRA,1995,0.581508801341846,climate_vulnerability_score,ND-GAIN
GAB,1995,0.359788066862815,climate_vulnerability_score,ND-GAIN
GMB,1995,0.373754202393966,climate_vulnerability_score,ND-GAIN
GEO,1995,0.318466409843831,climate_vulnerability_score,ND-GAIN
DEU,1995,0.627148928269423,climate_vulnerability_score,ND-GAIN
GHA,1995,0.323859480620969,climate_vulnerability_score,ND-GAIN
GRC,1995,0.440876917235102,climate_vulnerability_score,ND-GAIN
GRD,1995,0.473333210874871,climate_vulnerability_score,ND-GAIN
GTM,1995,0.266144991077384,climate_vulnerability_score,ND-GAIN
GIN,1995,0.308253369394725,climate_vulnerability_score,ND-GAIN
GNB,1995,0.292374457832864,climate_vulnerability_score,ND-GAIN
GUY,1995,0.360439722313457,climate_vulnerability_score,ND-GAIN
HTI,1995,0.244142858954847,climate_vulnerability_score,ND-GAIN
HND,1995,0.261170002496498,climate_vulnerability_score,ND-GAIN
HUN,1995,0.507589378408383,climate_vulnerability_score,ND-GAIN
ISL,1995,0.563045363728634,climate_vulnerability_score,ND-GAIN
IND,1995,0.358387342215169,climate_vulnerability_score,ND-GAIN
IDN,1995,0.344861764127577,climate_vulnerability_score,ND-GAIN
IRN,1995,0.320187652748748,climate_vulnerability_score,ND-GAIN
IRQ,1995,0.295494232671563,climate_vulnerability_score,ND-GAIN
IRL,1995,0.525440460474215,climate_vulnerability_score,ND-GAIN
ISR,1995,0.526178114223573,climate_vulnerability_score,ND-GAIN
ITA,1995,0.481935799015685,climate_vulnerability_score,ND-GAIN
JAM,1995,0.365385635625187,climate_vulnerability_score,ND-GAIN
JPN,1995,0.588071025883201,climate_vulnerability_score,ND-GAIN
JOR,1995,0.354647908526157,climate_vulnerability_score,ND-GAIN
KAZ,1995,0.349936206870261,climate_vulnerability_score,ND-GAIN
KEN,1995,0.285848513170115,climate_vulnerability_score,ND-GAIN
KIR,1995,0.374214221623023,climate_vulnerability_score,ND-GAIN
PRK,1995,0.381126388154046,climate_vulnerability_score,ND-GAIN
KOR,1995,0.560646517482055,climate_vulnerability_score,ND-GAIN
KWT,1995,0.382544037482927,climate_vulnerability_score,ND-GAIN
KGZ,1995,0.352879258285922,climate_vulnerability_score,ND-GAIN
LAO,1995,0.296035909246096,climate_vulnerability_score,ND-GAIN
LVA,1995,0.474914435177169,climate_vulnerability_score,ND-GAIN
LBN,1995,0.304105819741506,climate_vulnerability_score,ND-GAIN
LSO,1995,0.308302949524084,climate_vulnerability_score,ND-GAIN
LBR,1995,0.260797263602496,climate_vulnerability_score,ND-GAIN
LBY,1995,0.299107605872433,climate_vulnerability_score,ND-GAIN
LIE,1995,0.54663750667555,climate_vulnerability_score,ND-GAIN
LTU,1995,0.456904867743679,climate_vulnerability_score,ND-GAIN
LUX,1995,0.532538809009381,climate_vulnerability_score,ND-GAIN
MKD,1995,0.359120523817977,climate_vulnerability_score,ND-GAIN
MDG,1995,0.314147250631417,climate_vulnerability_score,ND-GAIN
MWI,1995,0.302814269104916,climate_vulnerability_score,ND-GAIN
MYS,1995,0.388949508599725,climate_vulnerability_score,ND-GAIN
MDV,1995,0.385058346525186,climate_vulnerability_score,ND-GAIN
MLI,1995,0.323306917833793,climate_vulnerability_score,ND-GAIN
MLT,1995,0.442351709455647,climate_vulnerability_score,ND-GAIN
MHL,1995,0.341108999385559,climate_vulnerability_score,ND-GAIN
MRT,1995,0.344123401657189,climate_vulnerability_score,ND-GAIN
MUS,1995,0.443313868557841,climate_vulnerability_score,ND-GAIN
MEX,1995,0.356965374349773,climate_vulnerability_score,ND-GAIN
FSM,1995,0.351147824350561,climate_vulnerability_score,ND-GAIN
MDA,1995,0.420287043881225,climate_vulnerability_score,ND-GAIN
MCO,1995,0.678679909282927,climate_vulnerability_score,ND-GAIN
MNG,1995,0.4070238533496,climate_vulnerability_score,ND-GAIN
MNE,1995,0.412742489374807,climate_vulnerability_score,ND-GAIN
MAR,1995,0.356220464132302,climate_vulnerability_score,ND-GAIN
MOZ,1995,0.292948303797185,climate_vulnerability_score,ND-GAIN
MMR,1995,0.242186319159977,climate_vulnerability_score,ND-GAIN
NAM,1995,0.382929454305288,climate_vulnerability_score,ND-GAIN
NRU,1995,0.54655575190141,climate_vulnerability_score,ND-GAIN
NPL,1995,0.349121827422835,climate_vulnerability_score,ND-GAIN
NLD,1995,0.608309117107681,climate_vulnerability_score,ND-GAIN
NZL,1995,0.662074514729104,climate_vulnerability_score,ND-GAIN
NIC,1995,0.315307691044583,climate_vulnerability_score,ND-GAIN
NER,1995,0.281765681860599,climate_vulnerability_score,ND-GAIN
NGA,1995,0.294617896588663,climate_vulnerability_score,ND-GAIN
NOR,1995,0.658229404044331,climate_vulnerability_score,ND-GAIN
OMN,1995,0.368775874663549,climate_vulnerability_score,ND-GAIN
PAK,1995,0.342436050085512,climate_vulnerability_score,ND-GAIN
PLW,1995,0.4105066536868,climate_vulnerability_score,ND-GAIN
PAN,1995,0.333594636705829,climate_vulnerability_score,ND-GAIN
PNG,1995,0.298854150177748,climate_vulnerability_score,ND-GAIN
PRY,1995,0.273061529814713,climate_vulnerability_score,ND-GAIN
PER,1995,0.351274295466022,climate_vulnerability_score,ND-GAIN
PHL,1995,0.325978721555968,climate_vulnerability_score,ND-GAIN
POL,1995,0.460202294539645,climate_vulnerability_score,ND-GAIN
PRT,1995,0.4676455960566,climate_vulnerability_score,ND-GAIN
QAT,1995,0.37331858900673,climate_vulnerability_score,ND-GAIN
ROU,1995,0.427238835022809,climate_vulnerability_score,ND-GAIN
RUS,1995,0.384465491333757,climate_vulnerability_score,ND-GAIN
RWA,1995,0.240761081746073,climate_vulnerability_score,ND-GAIN
KNA,1995,0.434336144962042,climate_vulnerability_score,ND-GAIN
LCA,1995,0.443285503659984,climate_vulnerability_score,ND-GAIN
VCT,1995,0.423026950986946,climate_vulnerability_score,ND-GAIN
WSM,1995,0.365634651025552,climate_vulnerability_score,ND-GAIN
SMR,1995,0.569194897819113,climate_vulnerability_score,ND-GAIN
STP,1995,0.397580191646315,climate_vulnerability_score,ND-GAIN
SAU,1995,0.304436732131165,climate_vulnerability_score,ND-GAIN
SEN,1995,0.339075910897375,climate_vulnerability_score,ND-GAIN
SRB,1995,0.316688023874187,climate_vulnerability_score,ND-GAIN
SYC,1995,0.432943059889028,climate_vulnerability_score,ND-GAIN
SLE,1995,0.26634919978643,climate_vulnerability_score,ND-GAIN
SGP,1995,0.567795959408843,climate_vulnerability_score,ND-GAIN
SVK,1995,0.434417132554798,climate_vulnerability_score,ND-GAIN
SVN,1995,0.54990869116082,climate_vulnerability_score,ND-GAIN
SLB,1995,0.457274087575291,climate_vulnerability_score,ND-GAIN
SOM,1995,0.23422710112782,climate_vulnerability_score,ND-GAIN
ZAF,1995,0.368800757097509,climate_vulnerability_score,ND-GAIN
ESP,1995,0.489682626261848,climate_vulnerability_score,ND-GAIN
LKA,1995,0.352126854195372,climate_vulnerability_score,ND-GAIN
SDN,1995,0.272195724000167,climate_vulnerability_score,ND-GAIN
SUR,1995,0.368459652002596,climate_vulnerability_score,ND-GAIN
SWZ,1995,0.376532889312467,climate_vulnerability_score,ND-GAIN
SWE,1995,0.640244531154767,climate_vulnerability_score,ND-GAIN
CHE,1995,0.616753736331025,climate_vulnerability_score,ND-GAIN
SYR,1995,0.318780641975393,climate_vulnerability_score,ND-GAIN
TJK,1995,0.272153809904298,climate_vulnerability_score,ND-GAIN
TZA,1995,0.325384361778143,climate_vulnerability_score,ND-GAIN
THA,1995,0.396998823300138,climate_vulnerability_score,ND-GAIN
TLS,1995,0.394280916777911,climate_vulnerability_score,ND-GAIN
TGO,1995,0.30245062968641,climate_vulnerability_score,ND-GAIN
TON,1995,0.36434172815522,climate_vulnerability_score,ND-GAIN
TTO,1995,0.407522311897986,climate_vulnerability_score,ND-GAIN
TUN,1995,0.365045548492459,climate_vulnerability_score,ND-GAIN
TUR,1995,0.337517892606223,climate_vulnerability_score,ND-GAIN
TKM,1995,0.24693625405889,climate_vulnerability_score,ND-GAIN
TUV,1995,0.399805361357903,climate_vulnerability_score,ND-GAIN
UGA,1995,0.306578907440596,climate_vulnerability_score,ND-GAIN
UKR,1995,0.349679334700138,climate_vulnerability_score,ND-GAIN
ARE,1995,0.405440274389647,climate_vulnerability_score,ND-GAIN
GBR,1995,0.615584246640322,climate_vulnerability_score,ND-GAIN
USA,1995,0.616229755899824,climate_vulnerability_score,ND-GAIN
URY,1995,0.408448786329193,climate_vulnerability_score,ND-GAIN
UZB,1995,0.297076079262129,climate_vulnerability_score,ND-GAIN
VUT,1995,0.361616243228185,climate_vulnerability_score,ND-GAIN
VEN,1995,0.29251835364654,climate_vulnerability_score,ND-GAIN
VNM,1995,0.33879197088179,climate_vulnerability_score,ND-GAIN
YEM,1995,0.279781329681028,climate_vulnerability_score,ND-GAIN
ZMB,1995,0.313869900961801,climate_vulnerability_score,ND-GAIN
ZWE,1995,0.271468968475027,climate_vulnerability_score,ND-GAIN
AFG,1996,0.292575303868403,climate_vulnerability_score,ND-GAIN
ALB,1996,0.33286496254474,climate_vulnerability_score,ND-GAIN
DZA,1996,0.304353436985538,climate_vulnerability_score,ND-GAIN
AND,1996,0.44613267084885,climate_vulnerability_score,ND-GAIN
AGO,1996,0.18617520358071,climate_vulnerability_score,ND-GAIN
ATG,1996,0.457850588264071,climate_vulnerability_score,ND-GAIN
ARG,1996,0.379352395749797,climate_vulnerability_score,ND-GAIN
ARM,1996,0.359184163699261,climate_vulnerability_score,ND-GAIN
AUS,1996,0.610878937471589,climate_vulnerability_score,ND-GAIN
AUT,1996,0.619398839370742,climate_vulnerability_score,ND-GAIN
AZE,1996,0.31278882490283,climate_vulnerability_score,ND-GAIN
BHS,1996,0.448124073622932,climate_vulnerability_score,ND-GAIN
BHR,1996,0.375683811132658,climate_vulnerability_score,ND-GAIN
BGD,1996,0.338020807177512,climate_vulnerability_score,ND-GAIN
BRB,1996,0.467586345904326,climate_vulnerability_score,ND-GAIN
BLR,1996,0.381709017203185,climate_vulnerability_score,ND-GAIN
BEL,1996,0.550229956706467,climate_vulnerability_score,ND-GAIN
BLZ,1996,0.389789665876512,climate_vulnerability_score,ND-GAIN
BEN,1996,0.352652087705565,climate_vulnerability_score,ND-GAIN
BTN,1996,0.369289420975769,climate_vulnerability_score,ND-GAIN
BOL,1996,0.322063323993072,climate_vulnerability_score,ND-GAIN
BIH,1996,0.325391330411602,climate_vulnerability_score,ND-GAIN
BWA,1996,0.382487115871172,climate_vulnerability_score,ND-GAIN
BRA,1996,0.377207542168744,climate_vulnerability_score,ND-GAIN
BRN,1996,0.456952174934501,climate_vulnerability_score,ND-GAIN
BGR,1996,0.403046610471532,climate_vulnerability_score,ND-GAIN
BFA,1996,0.314159254487676,climate_vulnerability_score,ND-GAIN
BDI,1996,0.232933915900613,climate_vulnerability_score,ND-GAIN
KHM,1996,0.282023705248028,climate_vulnerability_score,ND-GAIN
CMR,1996,0.26405380707573,climate_vulnerability_score,ND-GAIN
CAN,1996,0.579131955227057,climate_vulnerability_score,ND-GAIN
CPV,1996,0.407994782020373,climate_vulnerability_score,ND-GAIN
CAF,1996,0.237564834525952,climate_vulnerability_score,ND-GAIN
TCD,1996,0.249811152857558,climate_vulnerability_score,ND-GAIN
CHL,1996,0.44941900150934,climate_vulnerability_score,ND-GAIN
CHN,1996,0.365379876992738,climate_vulnerability_score,ND-GAIN
COL,1996,0.284495897479632,climate_vulnerability_score,ND-GAIN
COM,1996,0.30483229880168,climate_vulnerability_score,ND-GAIN
COG,1996,0.26285832141245,climate_vulnerability_score,ND-GAIN
COD,1996,0.191365943820159,climate_vulnerability_score,ND-GAIN
CRI,1996,0.392815416982636,climate_vulnerability_score,ND-GAIN
CIV,1996,0.313082991883517,climate_vulnerability_score,ND-GAIN
HRV,1996,0.395067381207746,climate_vulnerability_score,ND-GAIN
CUB,1996,0.257693133521892,climate_vulnerability_score,ND-GAIN
CYP,1996,0.456936245498232,climate_vulnerability_score,ND-GAIN
CZE,1996,0.462820957236071,climate_vulnerability_score,ND-GAIN
DNK,1996,0.659919283578945,climate_vulnerability_score,ND-GAIN
DJI,1996,0.319703444734374,climate_vulnerability_score,ND-GAIN
DMA,1996,0.58096840736508,climate_vulnerability_score,ND-GAIN
DOM,1996,0.315012627342318,climate_vulnerability_score,ND-GAIN
ECU,1996,0.30807213386172,climate_vulnerability_score,ND-GAIN
EGY,1996,0.346613487504977,climate_vulnerability_score,ND-GAIN
SLV,1996,0.291015316008297,climate_vulnerability_score,ND-GAIN
GNQ,1996,0.271222874326714,climate_vulnerability_score,ND-GAIN
ERI,1996,0.298467971764707,climate_vulnerability_score,ND-GAIN
EST,1996,0.467330412149247,climate_vulnerability_score,ND-GAIN
ETH,1996,0.282030887667329,climate_vulnerability_score,ND-GAIN
FJI,1996,0.391972266870431,climate_vulnerability_score,ND-GAIN
FIN,1996,0.680558630225286,climate_vulnerability_score,ND-GAIN
FRA,1996,0.581854157519184,climate_vulnerability_score,ND-GAIN
GAB,1996,0.359827188794628,climate_vulnerability_score,ND-GAIN
GMB,1996,0.373711929896538,climate_vulnerability_score,ND-GAIN
GEO,1996,0.318239874816932,climate_vulnerability_score,ND-GAIN
DEU,1996,0.62774356109432,climate_vulnerability_score,ND-GAIN
GHA,1996,0.323870114779642,climate_vulnerability_score,ND-GAIN
GRC,1996,0.442354003678396,climate_vulnerability_score,ND-GAIN
GRD,1996,0.473622443995621,climate_vulnerability_score,ND-GAIN
GTM,1996,0.265846866220165,climate_vulnerability_score,ND-GAIN
GIN,1996,0.308204666671245,climate_vulnerability_score,ND-GAIN
GNB,1996,0.292379720990759,climate_vulnerability_score,ND-GAIN
GUY,1996,0.361062787344527,climate_vulnerability_score,ND-GAIN
HTI,1996,0.244140665972391,climate_vulnerability_score,ND-GAIN
HND,1996,0.260452832738366,climate_vulnerability_score,ND-GAIN
HUN,1996,0.49691216925533,climate_vulnerability_score,ND-GAIN
ISL,1996,0.55977992013016,climate_vulnerability_score,ND-GAIN
IND,1996,0.358813756026884,climate_vulnerability_score,ND-GAIN
IDN,1996,0.344986450536596,climate_vulnerability_score,ND-GAIN
IRN,1996,0.321171176545349,climate_vulnerability_score,ND-GAIN
IRQ,1996,0.295288911856848,climate_vulnerability_score,ND-GAIN
IRL,1996,0.527871728587528,climate_vulnerability_score,ND-GAIN
ISR,1996,0.527092820131845,climate_vulnerability_score,ND-GAIN
ITA,1996,0.4816752303016,climate_vulnerability_score,ND-GAIN
JAM,1996,0.364977947841544,climate_vulnerability_score,ND-GAIN
JPN,1996,0.589219503089457,climate_vulnerability_score,ND-GAIN
JOR,1996,0.355772795523593,climate_vulnerability_score,ND-GAIN
KAZ,1996,0.348190184537779,climate_vulnerability_score,ND-GAIN
KEN,1996,0.285851582825245,climate_vulnerability_score,ND-GAIN
KIR,1996,0.374229572500216,climate_vulnerability_score,ND-GAIN
PRK,1996,0.381117616224221,climate_vulnerability_score,ND-GAIN
KOR,1996,0.56130863830388,climate_vulnerability_score,ND-GAIN
KWT,1996,0.383170440956906,climate_vulnerability_score,ND-GAIN
KGZ,1996,0.353903633280213,climate_vulnerability_score,ND-GAIN
LAO,1996,0.296412038378048,climate_vulnerability_score,ND-GAIN
LVA,1996,0.471362177169024,climate_vulnerability_score,ND-GAIN
LBN,1996,0.304230269441183,climate_vulnerability_score,ND-GAIN
LSO,1996,0.306874590992389,climate_vulnerability_score,ND-GAIN
LBR,1996,0.260796532608344,climate_vulnerability_score,ND-GAIN
LBY,1996,0.299907844915061,climate_vulnerability_score,ND-GAIN
LIE,1996,0.54663750667555,climate_vulnerability_score,ND-GAIN
LTU,1996,0.456547166767263,climate_vulnerability_score,ND-GAIN
LUX,1996,0.555757245260258,climate_vulnerability_score,ND-GAIN
MKD,1996,0.34956091029346,climate_vulnerability_score,ND-GAIN
MDG,1996,0.313637855580432,climate_vulnerability_score,ND-GAIN
MWI,1996,0.302858188541615,climate_vulnerability_score,ND-GAIN
MYS,1996,0.39247914669788,climate_vulnerability_score,ND-GAIN
MDV,1996,0.385183172327939,climate_vulnerability_score,ND-GAIN
MLI,1996,0.32338598831682,climate_vulnerability_score,ND-GAIN
MLT,1996,0.435773678566113,climate_vulnerability_score,ND-GAIN
MHL,1996,0.341175161158027,climate_vulnerability_score,ND-GAIN
MRT,1996,0.343985068511685,climate_vulnerability_score,ND-GAIN
MUS,1996,0.44401833360254,climate_vulnerability_score,ND-GAIN
MEX,1996,0.356750304101973,climate_vulnerability_score,ND-GAIN
FSM,1996,0.35119022201138,climate_vulnerability_score,ND-GAIN
MDA,1996,0.423027170774639,climate_vulnerability_score,ND-GAIN
MCO,1996,0.679507779744168,climate_vulnerability_score,ND-GAIN
MNG,1996,0.405254019506897,climate_vulnerability_score,ND-GAIN
MNE,1996,0.412742489374807,climate_vulnerability_score,ND-GAIN
MAR,1996,0.356315606093311,climate_vulnerability_score,ND-GAIN
MOZ,1996,0.29295801484836,climate_vulnerability_score,ND-GAIN
MMR,1996,0.24277355155594,climate_vulnerability_score,ND-GAIN
NAM,1996,0.382524085522223,climate_vulnerability_score,ND-GAIN
NRU,1996,0.54655575190141,climate_vulnerability_score,ND-GAIN
NPL,1996,0.348284696961861,climate_vulnerability_score,ND-GAIN
NLD,1996,0.614832679989938,climate_vulnerability_score,ND-GAIN
NZL,1996,0.663037992164295,climate_vulnerability_score,ND-GAIN
NIC,1996,0.315407279931956,climate_vulnerability_score,ND-GAIN
NER,1996,0.281767436246564,climate_vulnerability_score,ND-GAIN
NGA,1996,0.294617589464408,climate_vulnerability_score,ND-GAIN
NOR,1996,0.66199308147233,climate_vulnerability_score,ND-GAIN
OMN,1996,0.368804290035488,climate_vulnerability_score,ND-GAIN
PAK,1996,0.342436391636504,climate_vulnerability_score,ND-GAIN
PLW,1996,0.4105066536868,climate_vulnerability_score,ND-GAIN
PAN,1996,0.337456798359807,climate_vulnerability_score,ND-GAIN
PNG,1996,0.299011024160773,climate_vulnerability_score,ND-GAIN
PRY,1996,0.273449926488054,climate_vulnerability_score,ND-GAIN
PER,1996,0.350790103665316,climate_vulnerability_score,ND-GAIN
PHL,1996,0.32673293021537,climate_vulnerability_score,ND-GAIN
POL,1996,0.458648223496802,climate_vulnerability_score,ND-GAIN
PRT,1996,0.46871203196462,climate_vulnerability_score,ND-GAIN
QAT,1996,0.375105787271384,climate_vulnerability_score,ND-GAIN
ROU,1996,0.427827986582767,climate_vulnerability_score,ND-GAIN
RUS,1996,0.386403782276228,climate_vulnerability_score,ND-GAIN
RWA,1996,0.24076448086888,climate_vulnerability_score,ND-GAIN
KNA,1996,0.434884390576077,climate_vulnerability_score,ND-GAIN
LCA,1996,0.443578846245134,climate_vulnerability_score,ND-GAIN
VCT,1996,0.423397862669142,climate_vulnerability_score,ND-GAIN
WSM,1996,0.365666814768242,climate_vulnerability_score,ND-GAIN
SMR,1996,0.569649572241478,climate_vulnerability_score,ND-GAIN
STP,1996,0.397587501587835,climate_vulnerability_score,ND-GAIN
SAU,1996,0.304746596747144,climate_vulnerability_score,ND-GAIN
SEN,1996,0.339097516067159,climate_vulnerability_score,ND-GAIN
SRB,1996,0.316688023874187,climate_vulnerability_score,ND-GAIN
SYC,1996,0.433330638077786,climate_vulnerability_score,ND-GAIN
SLE,1996,0.266351505195786,climate_vulnerability_score,ND-GAIN
SGP,1996,0.580439243126002,climate_vulnerability_score,ND-GAIN
SVK,1996,0.429161579322002,climate_vulnerability_score,ND-GAIN
SVN,1996,0.545449544386995,climate_vulnerability_score,ND-GAIN
SLB,1996,0.457274087575291,climate_vulnerability_score,ND-GAIN
SOM,1996,0.23422710112782,climate_vulnerability_score,ND-GAIN
ZAF,1996,0.367071941726188,climate_vulnerability_score,ND-GAIN
ESP,1996,0.493699342057046,climate_vulnerability_score,ND-GAIN
LKA,1996,0.350487080059334,climate_vulnerability_score,ND-GAIN
SDN,1996,0.272205707658902,climate_vulnerability_score,ND-GAIN
SUR,1996,0.368556515920419,climate_vulnerability_score,ND-GAIN
SWZ,1996,0.376561223084397,climate_vulnerability_score,ND-GAIN
SWE,1996,0.641273672070175,climate_vulnerability_score,ND-GAIN
CHE,1996,0.617181324624761,climate_vulnerability_score,ND-GAIN
SYR,1996,0.318088751173197,climate_vulnerability_score,ND-GAIN
TJK,1996,0.27126861928517,climate_vulnerability_score,ND-GAIN
TZA,1996,0.325414147449462,climate_vulnerability_score,ND-GAIN
THA,1996,0.398085395699074,climate_vulnerability_score,ND-GAIN
TLS,1996,0.394280916777911,climate_vulnerability_score,ND-GAIN
TGO,1996,0.302448399260929,climate_vulnerability_score,ND-GAIN
TON,1996,0.364613294714892,climate_vulnerability_score,ND-GAIN
TTO,1996,0.4014839300262,climate_vulnerability_score,ND-GAIN
TUN,1996,0.366502699248295,climate_vulnerability_score,ND-GAIN
TUR,1996,0.338734779736592,climate_vulnerability_score,ND-GAIN
TKM,1996,0.246983951427312,climate_vulnerability_score,ND-GAIN
TUV,1996,0.399792203463166,climate_vulnerability_score,ND-GAIN
UGA,1996,0.30669899643212,climate_vulnerability_score,ND-GAIN
UKR,1996,0.346417393138684,climate_vulnerability_score,ND-GAIN
ARE,1996,0.405740945162495,climate_vulnerability_score,ND-GAIN
GBR,1996,0.61620415520499,climate_vulnerability_score,ND-GAIN
USA,1996,0.617569317650985,climate_vulnerability_score,ND-GAIN
URY,1996,0.407068841553781,climate_vulnerability_score,ND-GAIN
UZB,1996,0.294569548004959,climate_vulnerability_score,ND-GAIN
VUT,1996,0.361639422931482,climate_vulnerability_score,ND-GAIN
VEN,1996,0.29181940378911,climate_vulnerability_score,ND-GAIN
VNM,1996,0.339545891533348,climate_vulnerability_score,ND-GAIN
YEM,1996,0.279787973757598,climate_vulnerability_score,ND-GAIN
ZMB,1996,0.313954313497109,climate_vulnerability_score,ND-GAIN
ZWE,1996,0.270158028039294,climate_vulnerability_score,ND-GAIN
AFG,1997,0.293482912916019,climate_vulnerability_score,ND-GAIN
ALB,1997,0.329456194053038,climate_vulnerability_score,ND-GAIN
DZA,1997,0.298540874317851,climate_vulnerability_score,ND-GAIN
AND,1997,0.447519205943891,climate_vulnerability_score,ND-GAIN
AGO,1997,0.184609420034349,climate_vulnerability_score,ND-GAIN
ATG,1997,0.458650127246034,climate_vulnerability_score,ND-GAIN
ARG,1997,0.374088223708499,climate_vulnerability_score,ND-GAIN
ARM,1997,0.358927237069275,climate_vulnerability_score,ND-GAIN
AUS,1997,0.614146555865777,climate_vulnerability_score,ND-GAIN
AUT,1997,0.62025755860206,climate_vulnerability_score,ND-GAIN
AZE,1997,0.319072588793626,climate_vulnerability_score,ND-GAIN
BHS,1997,0.451572873346507,climate_vulnerability_score,ND-GAIN
BHR,1997,0.381868766643715,climate_vulnerability_score,ND-GAIN
BGD,1997,0.338671936771209,climate_vulnerability_score,ND-GAIN
BRB,1997,0.471521437312633,climate_vulnerability_score,ND-GAIN
BLR,1997,0.386415598681249,climate_vulnerability_score,ND-GAIN
BEL,1997,0.547516760063949,climate_vulnerability_score,ND-GAIN
BLZ,1997,0.383468561759285,climate_vulnerability_score,ND-GAIN
BEN,1997,0.35122740995416,climate_vulnerability_score,ND-GAIN
BTN,1997,0.368662933257865,climate_vulnerability_score,ND-GAIN
BOL,1997,0.326200934820458,climate_vulnerability_score,ND-GAIN
BIH,1997,0.323984293449778,climate_vulnerability_score,ND-GAIN
BWA,1997,0.386038250864585,climate_vulnerability_score,ND-GAIN
BRA,1997,0.378726739399392,climate_vulnerability_score,ND-GAIN
BRN,1997,0.445482781486509,climate_vulnerability_score,ND-GAIN
BGR,1997,0.426670144442243,climate_vulnerability_score,ND-GAIN
BFA,1997,0.314453426987351,climate_vulnerability_score,ND-GAIN
BDI,1997,0.232181340679151,climate_vulnerability_score,ND-GAIN
KHM,1997,0.281407505019418,climate_vulnerability_score,ND-GAIN
CMR,1997,0.272804725061944,climate_vulnerability_score,ND-GAIN
CAN,1997,0.592309292639161,climate_vulnerability_score,ND-GAIN
CPV,1997,0.406244148692166,climate_vulnerability_score,ND-GAIN
CAF,1997,0.237707274392556,climate_vulnerability_score,ND-GAIN
TCD,1997,0.248677509520803,climate_vulnerability_score,ND-GAIN
CHL,1997,0.4422868475948,climate_vulnerability_score,ND-GAIN
CHN,1997,0.361500257764425,climate_vulnerability_score,ND-GAIN
COL,1997,0.28217586087659,climate_vulnerability_score,ND-GAIN
COM,1997,0.305104115064,climate_vulnerability_score,ND-GAIN
COG,1997,0.255758975052556,climate_vulnerability_score,ND-GAIN
COD,1997,0.186415583982867,climate_vulnerability_score,ND-GAIN
CRI,1997,0.398747308653283,climate_vulnerability_score,ND-GAIN
CIV,1997,0.305703311694663,climate_vulnerability_score,ND-GAIN
HRV,1997,0.400705713411623,climate_vulnerability_score,ND-GAIN
CUB,1997,0.258022252618034,climate_vulnerability_score,ND-GAIN
CYP,1997,0.455890288042698,climate_vulnerability_score,ND-GAIN
CZE,1997,0.459862791266435,climate_vulnerability_score,ND-GAIN
DNK,1997,0.661730664512241,climate_vulnerability_score,ND-GAIN
DJI,1997,0.318454654654975,climate_vulnerability_score,ND-GAIN
DMA,1997,0.58115627353554,climate_vulnerability_score,ND-GAIN
DOM,1997,0.310950804920143,climate_vulnerability_score,ND-GAIN
ECU,1997,0.311992907408313,climate_vulnerability_score,ND-GAIN
EGY,1997,0.344822380921481,climate_vulnerability_score,ND-GAIN
SLV,1997,0.293134343079509,climate_vulnerability_score,ND-GAIN
GNQ,1997,0.270561288173129,climate_vulnerability_score,ND-GAIN
ERI,1997,0.298083694587147,climate_vulnerability_score,ND-GAIN
EST,1997,0.471391161214394,climate_vulnerability_score,ND-GAIN
ETH,1997,0.289127510790708,climate_vulnerability_score,ND-GAIN
FJI,1997,0.39222741314086,climate_vulnerability_score,ND-GAIN
FIN,1997,0.683719613511653,climate_vulnerability_score,ND-GAIN
FRA,1997,0.581382315988923,climate_vulnerability_score,ND-GAIN
GAB,1997,0.367571014998196,climate_vulnerability_score,ND-GAIN
GMB,1997,0.379358209542903,climate_vulnerability_score,ND-GAIN
GEO,1997,0.313877117342003,climate_vulnerability_score,ND-GAIN
DEU,1997,0.628719352067355,climate_vulnerability_score,ND-GAIN
GHA,1997,0.321337598628779,climate_vulnerability_score,ND-GAIN
GRC,1997,0.447856826473246,climate_vulnerability_score,ND-GAIN
GRD,1997,0.474545002409303,climate_vulnerability_score,ND-GAIN
GTM,1997,0.267107190759488,climate_vulnerability_score,ND-GAIN
GIN,1997,0.309105977847575,climate_vulnerability_score,ND-GAIN
GNB,1997,0.289376487294708,climate_vulnerability_score,ND-GAIN
GUY,1997,0.364655755336076,climate_vulnerability_score,ND-GAIN
HTI,1997,0.239195570047423,climate_vulnerability_score,ND-GAIN
HND,1997,0.268059760155939,climate_vulnerability_score,ND-GAIN
HUN,1997,0.497258353260269,climate_vulnerability_score,ND-GAIN
ISL,1997,0.579526714871476,climate_vulnerability_score,ND-GAIN
IND,1997,0.359668445119048,climate_vulnerability_score,ND-GAIN
IDN,1997,0.333461233871034,climate_vulnerability_score,ND-GAIN
IRN,1997,0.322073803696506,climate_vulnerability_score,ND-GAIN
IRQ,1997,0.295562717995377,climate_vulnerability_score,ND-GAIN
IRL,1997,0.530383069703456,climate_vulnerability_score,ND-GAIN
ISR,1997,0.523427548102775,climate_vulnerability_score,ND-GAIN
ITA,1997,0.48054900251677,climate_vulnerability_score,ND-GAIN
JAM,1997,0.365864297534825,climate_vulnerability_score,ND-GAIN
JPN,1997,0.585379195932841,climate_vulnerability_score,ND-GAIN
JOR,1997,0.363117844045474,climate_vulnerability_score,ND-GAIN
KAZ,1997,0.360364329763524,climate_vulnerability_score,ND-GAIN
KEN,1997,0.283136050050889,climate_vulnerability_score,ND-GAIN
KIR,1997,0.374134501500102,climate_vulnerability_score,ND-GAIN
PRK,1997,0.387267198107357,climate_vulnerability_score,ND-GAIN
KOR,1997,0.558057878382791,climate_vulnerability_score,ND-GAIN
KWT,1997,0.378749575863733,climate_vulnerability_score,ND-GAIN
KGZ,1997,0.359154670885685,climate_vulnerability_score,ND-GAIN
LAO,1997,0.294288207601529,climate_vulnerability_score,ND-GAIN
LVA,1997,0.466550085161755,climate_vulnerability_score,ND-GAIN
LBN,1997,0.301710447386434,climate_vulnerability_score,ND-GAIN
LSO,1997,0.301862179928207,climate_vulnerability_score,ND-GAIN
LBR,1997,0.267811884378204,climate_vulnerability_score,ND-GAIN
LBY,1997,0.300895183303061,climate_vulnerability_score,ND-GAIN
LIE,1997,0.546477662939171,climate_vulnerability_score,ND-GAIN
LTU,1997,0.457685409603117,climate_vulnerability_score,ND-GAIN
LUX,1997,0.547488310605168,climate_vulnerability_score,ND-GAIN
MKD,1997,0.351020157764829,climate_vulnerability_score,ND-GAIN
MDG,1997,0.314782890852523,climate_vulnerability_score,ND-GAIN
MWI,1997,0.30607358840831,climate_vulnerability_score,ND-GAIN
MYS,1997,0.385147159289036,climate_vulnerability_score,ND-GAIN
MDV,1997,0.384331296176362,climate_vulnerability_score,ND-GAIN
MLI,1997,0.32322076709358,climate_vulnerability_score,ND-GAIN
MLT,1997,0.465091921009284,climate_vulnerability_score,ND-GAIN
MHL,1997,0.341087176229185,climate_vulnerability_score,ND-GAIN
MRT,1997,0.343745925527047,climate_vulnerability_score,ND-GAIN
MUS,1997,0.446245044737222,climate_vulnerability_score,ND-GAIN
MEX,1997,0.362570406973851,climate_vulnerability_score,ND-GAIN
FSM,1997,0.351107826449862,climate_vulnerability_score,ND-GAIN
MDA,1997,0.424659334541767,climate_vulnerability_score,ND-GAIN
MCO,1997,0.679150134050504,climate_vulnerability_score,ND-GAIN
MNG,1997,0.418445509295773,climate_vulnerability_score,ND-GAIN
MNE,1997,0.412742489374807,climate_vulnerability_score,ND-GAIN
MAR,1997,0.360541942831781,climate_vulnerability_score,ND-GAIN
MOZ,1997,0.296120982276164,climate_vulnerability_score,ND-GAIN
MMR,1997,0.241746772656963,climate_vulnerability_score,ND-GAIN
NAM,1997,0.37696763603973,climate_vulnerability_score,ND-GAIN
NRU,1997,0.546007381006331,climate_vulnerability_score,ND-GAIN
NPL,1997,0.34474298101118,climate_vulnerability_score,ND-GAIN
NLD,1997,0.618991728250785,climate_vulnerability_score,ND-GAIN
NZL,1997,0.665893150761696,climate_vulnerability_score,ND-GAIN
NIC,1997,0.313417990212696,climate_vulnerability_score,ND-GAIN
NER,1997,0.280422943943839,climate_vulnerability_score,ND-GAIN
NGA,1997,0.295277045488127,climate_vulnerability_score,ND-GAIN
NOR,1997,0.663997884946974,climate_vulnerability_score,ND-GAIN
OMN,1997,0.371503310877701,climate_vulnerability_score,ND-GAIN
PAK,1997,0.338032989071805,climate_vulnerability_score,ND-GAIN
PLW,1997,0.41032386338844,climate_vulnerability_score,ND-GAIN
PAN,1997,0.343436195183719,climate_vulnerability_score,ND-GAIN
PNG,1997,0.302614926002747,climate_vulnerability_score,ND-GAIN
PRY,1997,0.267315528295602,climate_vulnerability_score,ND-GAIN
PER,1997,0.353416012798177,climate_vulnerability_score,ND-GAIN
PHL,1997,0.328932754799426,climate_vulnerability_score,ND-GAIN
POL,1997,0.460085625298725,climate_vulnerability_score,ND-GAIN
PRT,1997,0.46854919244975,climate_vulnerability_score,ND-GAIN
QAT,1997,0.38675730815256,climate_vulnerability_score,ND-GAIN
ROU,1997,0.425198889598498,climate_vulnerability_score,ND-GAIN
RUS,1997,0.382843778893286,climate_vulnerability_score,ND-GAIN
RWA,1997,0.23999822926307,climate_vulnerability_score,ND-GAIN
KNA,1997,0.435494152504602,climate_vulnerability_score,ND-GAIN
LCA,1997,0.438023873324927,climate_vulnerability_score,ND-GAIN
VCT,1997,0.423637881157877,climate_vulnerability_score,ND-GAIN
WSM,1997,0.365789446136917,climate_vulnerability_score,ND-GAIN
SMR,1997,0.569617460770604,climate_vulnerability_score,ND-GAIN
STP,1997,0.397913887474733,climate_vulnerability_score,ND-GAIN
SAU,1997,0.307038311609844,climate_vulnerability_score,ND-GAIN
SEN,1997,0.341205693100231,climate_vulnerability_score,ND-GAIN
SRB,1997,0.306012333729952,climate_vulnerability_score,ND-GAIN
SYC,1997,0.433915129308593,climate_vulnerability_score,ND-GAIN
SLE,1997,0.264413796777871,climate_vulnerability_score,ND-GAIN
SGP,1997,0.588234912132544,climate_vulnerability_score,ND-GAIN
SVK,1997,0.435184044520215,climate_vulnerability_score,ND-GAIN
SVN,1997,0.543784997082787,climate_vulnerability_score,ND-GAIN
SLB,1997,0.454562522812566,climate_vulnerability_score,ND-GAIN
SOM,1997,0.242118989517109,climate_vulnerability_score,ND-GAIN
ZAF,1997,0.363321615786798,climate_vulnerability_score,ND-GAIN
ESP,1997,0.497303192919848,climate_vulnerability_score,ND-GAIN
LKA,1997,0.351648123843863,climate_vulnerability_score,ND-GAIN
SDN,1997,0.274869023133384,climate_vulnerability_score,ND-GAIN
SUR,1997,0.37061079427738,climate_vulnerability_score,ND-GAIN
SWZ,1997,0.375520905427038,climate_vulnerability_score,ND-GAIN
SWE,1997,0.643920104401383,climate_vulnerability_score,ND-GAIN
CHE,1997,0.621448856712891,climate_vulnerability_score,ND-GAIN
SYR,1997,0.316979897033065,climate_vulnerability_score,ND-GAIN
TJK,1997,0.27574087756541,climate_vulnerability_score,ND-GAIN
TZA,1997,0.326098334965675,climate_vulnerability_score,ND-GAIN
THA,1997,0.40007458479241,climate_vulnerability_score,ND-GAIN
TLS,1997,0.394280916777911,climate_vulnerability_score,ND-GAIN
TGO,1997,0.300222856723928,climate_vulnerability_score,ND-GAIN
TON,1997,0.36445002349419,climate_vulnerability_score,ND-GAIN
TTO,1997,0.405680350113869,climate_vulnerability_score,ND-GAIN
TUN,1997,0.369231651484573,climate_vulnerability_score,ND-GAIN
TUR,1997,0.338136288149397,climate_vulnerability_score,ND-GAIN
TKM,1997,0.24905201064434,climate_vulnerability_score,ND-GAIN
TUV,1997,0.39952130748931,climate_vulnerability_score,ND-GAIN
UGA,1997,0.301359543125181,climate_vulnerability_score,ND-GAIN
UKR,1997,0.353672922743298,climate_vulnerability_score,ND-GAIN
ARE,1997,0.405579903348342,climate_vulnerability_score,ND-GAIN
GBR,1997,0.619360674659791,climate_vulnerability_score,ND-GAIN
USA,1997,0.618371085799063,climate_vulnerability_score,ND-GAIN
URY,1997,0.413679894257236,climate_vulnerability_score,ND-GAIN
UZB,1997,0.290714800692503,climate_vulnerability_score,ND-GAIN
VUT,1997,0.361459939345288,climate_vulnerability_score,ND-GAIN
VEN,1997,0.291224292966738,climate_vulnerability_score,ND-GAIN
VNM,1997,0.33969030973035,climate_vulnerability_score,ND-GAIN
YEM,1997,0.278194683783585,climate_vulnerability_score,ND-GAIN
ZMB,1997,0.314666119317599,climate_vulnerability_score,ND-GAIN
ZWE,1997,0.264490487180253,climate_vulnerability_score,ND-GAIN
AFG,1998,0.294390521963635,climate_vulnerability_score,ND-GAIN
ALB,1998,0.325588797202151,climate_vulnerability_score,ND-GAIN
DZA,1998,0.293041100378507,climate_vulnerability_score,ND-GAIN
AND,1998,0.45013108980021,climate_vulnerability_score,ND-GAIN
AGO,1998,0.183039516779007,climate_vulnerability_score,ND-GAIN
ATG,1998,0.459441228396749,climate_vulnerability_score,ND-GAIN
ARG,1998,0.370374915987876,climate_vulnerability_score,ND-GAIN
ARM,1998,0.37483607369305,climate_vulnerability_score,ND-GAIN
AUS,1998,0.620694977675277,climate_vulnerability_score,ND-GAIN
AUT,1998,0.619625356541727,climate_vulnerability_score,ND-GAIN
AZE,1998,0.325371145090713,climate_vulnerability_score,ND-GAIN
BHS,1998,0.455352658615417,climate_vulnerability_score,ND-GAIN
BHR,1998,0.388308006033166,climate_vulnerability_score,ND-GAIN
BGD,1998,0.339203112763355,climate_vulnerability_score,ND-GAIN
BRB,1998,0.475323392520996,climate_vulnerability_score,ND-GAIN
BLR,1998,0.397067744313942,climate_vulnerability_score,ND-GAIN
BEL,1998,0.537927668068223,climate_vulnerability_score,ND-GAIN
BLZ,1998,0.38349089785617,climate_vulnerability_score,ND-GAIN
BEN,1998,0.349724489574059,climate_vulnerability_score,ND-GAIN
BTN,1998,0.368106620978557,climate_vulnerability_score,ND-GAIN
BOL,1998,0.327489020916752,climate_vulnerability_score,ND-GAIN
BIH,1998,0.322604078113917,climate_vulnerability_score,ND-GAIN
BWA,1998,0.389668914450143,climate_vulnerability_score,ND-GAIN
BRA,1998,0.380041084469424,climate_vulnerability_score,ND-GAIN
BRN,1998,0.434191931928102,climate_vulnerability_score,ND-GAIN
BGR,1998,0.427917759431353,climate_vulnerability_score,ND-GAIN
BFA,1998,0.314799818117797,climate_vulnerability_score,ND-GAIN
BDI,1998,0.231430611696493,climate_vulnerability_score,ND-GAIN
KHM,1998,0.281190056115882,climate_vulnerability_score,ND-GAIN
CMR,1998,0.281571778817771,climate_vulnerability_score,ND-GAIN
CAN,1998,0.599283915665138,climate_vulnerability_score,ND-GAIN
CPV,1998,0.404512638490597,climate_vulnerability_score,ND-GAIN
CAF,1998,0.237849612670137,climate_vulnerability_score,ND-GAIN
TCD,1998,0.247604363581704,climate_vulnerability_score,ND-GAIN
CHL,1998,0.436802745916818,climate_vulnerability_score,ND-GAIN
CHN,1998,0.357650069802622,climate_vulnerability_score,ND-GAIN
COL,1998,0.280901102892125,climate_vulnerability_score,ND-GAIN
COM,1998,0.305393476647957,climate_vulnerability_score,ND-GAIN
COG,1998,0.248659485271608,climate_vulnerability_score,ND-GAIN
COD,1998,0.181471732612683,climate_vulnerability_score,ND-GAIN
CRI,1998,0.402031586004639,climate_vulnerability_score,ND-GAIN
CIV,1998,0.297908856340234,climate_vulnerability_score,ND-GAIN
HRV,1998,0.404555646526931,climate_vulnerability_score,ND-GAIN
CUB,1998,0.256836682444861,climate_vulnerability_score,ND-GAIN
CYP,1998,0.455073593505324,climate_vulnerability_score,ND-GAIN
CZE,1998,0.460060015122892,climate_vulnerability_score,ND-GAIN
DNK,1998,0.665098895717469,climate_vulnerability_score,ND-GAIN
DJI,1998,0.317167173421996,climate_vulnerability_score,ND-GAIN
DMA,1998,0.581344139706,climate_vulnerability_score,ND-GAIN
DOM,1998,0.309133544610999,climate_vulnerability_score,ND-GAIN
ECU,1998,0.315995012153127,climate_vulnerability_score,ND-GAIN
EGY,1998,0.343045218875921,climate_vulnerability_score,ND-GAIN
SLV,1998,0.295283406972275,climate_vulnerability_score,ND-GAIN
GNQ,1998,0.269974876222883,climate_vulnerability_score,ND-GAIN
ERI,1998,0.297686563681515,climate_vulnerability_score,ND-GAIN
EST,1998,0.476712115184947,climate_vulnerability_score,ND-GAIN
ETH,1998,0.296184759544197,climate_vulnerability_score,ND-GAIN
FJI,1998,0.392616897713916,climate_vulnerability_score,ND-GAIN
FIN,1998,0.687494348553208,climate_vulnerability_score,ND-GAIN
FRA,1998,0.581049379339308,climate_vulnerability_score,ND-GAIN
GAB,1998,0.375314607641233,climate_vulnerability_score,ND-GAIN
GMB,1998,0.385008770455828,climate_vulnerability_score,ND-GAIN
GEO,1998,0.317066149768827,climate_vulnerability_score,ND-GAIN
DEU,1998,0.629775633245975,climate_vulnerability_score,ND-GAIN
GHA,1998,0.318802746931449,climate_vulnerability_score,ND-GAIN
GRC,1998,0.452166800471301,climate_vulnerability_score,ND-GAIN
GRD,1998,0.47505520584432,climate_vulnerability_score,ND-GAIN
GTM,1998,0.267536612255206,climate_vulnerability_score,ND-GAIN
GIN,1998,0.310020127802609,climate_vulnerability_score,ND-GAIN
GNB,1998,0.286384603013861,climate_vulnerability_score,ND-GAIN
GUY,1998,0.366924842794161,climate_vulnerability_score,ND-GAIN
HTI,1998,0.234265540326339,climate_vulnerability_score,ND-GAIN
HND,1998,0.263679185546923,climate_vulnerability_score,ND-GAIN
HUN,1998,0.498476021898726,climate_vulnerability_score,ND-GAIN
ISL,1998,0.617491028128575,climate_vulnerability_score,ND-GAIN
IND,1998,0.36099728013408,climate_vulnerability_score,ND-GAIN
IDN,1998,0.320916765205876,climate_vulnerability_score,ND-GAIN
IRN,1998,0.323360184568583,climate_vulnerability_score,ND-GAIN
IRQ,1998,0.295832138168993,climate_vulnerability_score,ND-GAIN
IRL,1998,0.533187920910041,climate_vulnerability_score,ND-GAIN
ISR,1998,0.519785298333787,climate_vulnerability_score,ND-GAIN
ITA,1998,0.479832205546158,climate_vulnerability_score,ND-GAIN
JAM,1998,0.365902867479938,climate_vulnerability_score,ND-GAIN
JPN,1998,0.580907540989007,climate_vulnerability_score,ND-GAIN
JOR,1998,0.369041120276913,climate_vulnerability_score,ND-GAIN
KAZ,1998,0.370897069248918,climate_vulnerability_score,ND-GAIN
KEN,1998,0.279923308822938,climate_vulnerability_score,ND-GAIN
KIR,1998,0.374021554359633,climate_vulnerability_score,ND-GAIN
PRK,1998,0.393416779990492,climate_vulnerability_score,ND-GAIN
KOR,1998,0.555115678361988,climate_vulnerability_score,ND-GAIN
KWT,1998,0.374991337748139,climate_vulnerability_score,ND-GAIN
KGZ,1998,0.359536816727803,climate_vulnerability_score,ND-GAIN
LAO,1998,0.292573029240368,climate_vulnerability_score,ND-GAIN
LVA,1998,0.471619080980343,climate_vulnerability_score,ND-GAIN
LBN,1998,0.298872362025161,climate_vulnerability_score,ND-GAIN
LSO,1998,0.2968358302989,climate_vulnerability_score,ND-GAIN
LBR,1998,0.274814993311808,climate_vulnerability_score,ND-GAIN
LBY,1998,0.302108818352325,climate_vulnerability_score,ND-GAIN
LIE,1998,0.5464274683256,climate_vulnerability_score,ND-GAIN
LTU,1998,0.457103816839452,climate_vulnerability_score,ND-GAIN
LUX,1998,0.540372802432067,climate_vulnerability_score,ND-GAIN
MKD,1998,0.353115151591028,climate_vulnerability_score,ND-GAIN
MDG,1998,0.31560186676954,climate_vulnerability_score,ND-GAIN
MWI,1998,0.311156624869588,climate_vulnerability_score,ND-GAIN
MYS,1998,0.38146683897212,climate_vulnerability_score,ND-GAIN
MDV,1998,0.383472018542384,climate_vulnerability_score,ND-GAIN
MLI,1998,0.322779343070539,climate_vulnerability_score,ND-GAIN
MLT,1998,0.45226461609487,climate_vulnerability_score,ND-GAIN
MHL,1998,0.341067912373779,climate_vulnerability_score,ND-GAIN
MRT,1998,0.343256973746784,climate_vulnerability_score,ND-GAIN
MUS,1998,0.449537002736355,climate_vulnerability_score,ND-GAIN
MEX,1998,0.368490514326893,climate_vulnerability_score,ND-GAIN
FSM,1998,0.351372272993607,climate_vulnerability_score,ND-GAIN
MDA,1998,0.417690529839082,climate_vulnerability_score,ND-GAIN
MCO,1998,0.611903872305025,climate_vulnerability_score,ND-GAIN
MNG,1998,0.412646654333045,climate_vulnerability_score,ND-GAIN
MNE,1998,0.412742489374807,climate_vulnerability_score,ND-GAIN
MAR,1998,0.363489540622095,climate_vulnerability_score,ND-GAIN
MOZ,1998,0.299287727286114,climate_vulnerability_score,ND-GAIN
MMR,1998,0.240710143228917,climate_vulnerability_score,ND-GAIN
NAM,1998,0.372449634177157,climate_vulnerability_score,ND-GAIN
NRU,1998,0.545459010111252,climate_vulnerability_score,ND-GAIN
NPL,1998,0.341224985345588,climate_vulnerability_score,ND-GAIN
NLD,1998,0.624518930003788,climate_vulnerability_score,ND-GAIN
NZL,1998,0.671810721535349,climate_vulnerability_score,ND-GAIN
NIC,1998,0.312877887345121,climate_vulnerability_score,ND-GAIN
NER,1998,0.279079820280297,climate_vulnerability_score,ND-GAIN
NGA,1998,0.295940604557365,climate_vulnerability_score,ND-GAIN
NOR,1998,0.664533188607564,climate_vulnerability_score,ND-GAIN
OMN,1998,0.374584132951732,climate_vulnerability_score,ND-GAIN
PAK,1998,0.33364082993481,climate_vulnerability_score,ND-GAIN
PLW,1998,0.41014107309008,climate_vulnerability_score,ND-GAIN
PAN,1998,0.348355828867338,climate_vulnerability_score,ND-GAIN
PNG,1998,0.306216499158842,climate_vulnerability_score,ND-GAIN
PRY,1998,0.262184203949001,climate_vulnerability_score,ND-GAIN
PER,1998,0.32941973183791,climate_vulnerability_score,ND-GAIN
PHL,1998,0.331744192843102,climate_vulnerability_score,ND-GAIN
POL,1998,0.462137778618218,climate_vulnerability_score,ND-GAIN
PRT,1998,0.471557096283066,climate_vulnerability_score,ND-GAIN
QAT,1998,0.39536627391191,climate_vulnerability_score,ND-GAIN
ROU,1998,0.417779884225504,climate_vulnerability_score,ND-GAIN
RUS,1998,0.391064905794464,climate_vulnerability_score,ND-GAIN
RWA,1998,0.239234807636992,climate_vulnerability_score,ND-GAIN
KNA,1998,0.436260004100153,climate_vulnerability_score,ND-GAIN
LCA,1998,0.432490166775579,climate_vulnerability_score,ND-GAIN
VCT,1998,0.423990176362574,climate_vulnerability_score,ND-GAIN
WSM,1998,0.365912378800996,climate_vulnerability_score,ND-GAIN
SMR,1998,0.570791678006478,climate_vulnerability_score,ND-GAIN
STP,1998,0.39805752482362,climate_vulnerability_score,ND-GAIN
SAU,1998,0.307916483989792,climate_vulnerability_score,ND-GAIN
SEN,1998,0.343366533004547,climate_vulnerability_score,ND-GAIN
SRB,1998,0.295336643585718,climate_vulnerability_score,ND-GAIN
SYC,1998,0.434522094934116,climate_vulnerability_score,ND-GAIN
SLE,1998,0.262477539675746,climate_vulnerability_score,ND-GAIN
SGP,1998,0.589794650997895,climate_vulnerability_score,ND-GAIN
SVK,1998,0.438527373733925,climate_vulnerability_score,ND-GAIN
SVN,1998,0.550906660831684,climate_vulnerability_score,ND-GAIN
SLB,1998,0.451850958049842,climate_vulnerability_score,ND-GAIN
SOM,1998,0.250010877906398,climate_vulnerability_score,ND-GAIN
ZAF,1998,0.361956508107824,climate_vulnerability_score,ND-GAIN
ESP,1998,0.501706515072842,climate_vulnerability_score,ND-GAIN
LKA,1998,0.351594937857718,climate_vulnerability_score,ND-GAIN
SDN,1998,0.277547865136619,climate_vulnerability_score,ND-GAIN
SUR,1998,0.372545636807311,climate_vulnerability_score,ND-GAIN
SWZ,1998,0.374515205534352,climate_vulnerability_score,ND-GAIN
SWE,1998,0.645551367918081,climate_vulnerability_score,ND-GAIN
CHE,1998,0.625797683628688,climate_vulnerability_score,ND-GAIN
SYR,1998,0.314065876564747,climate_vulnerability_score,ND-GAIN
TJK,1998,0.281629947004921,climate_vulnerability_score,ND-GAIN
TZA,1998,0.3266932877722,climate_vulnerability_score,ND-GAIN
THA,1998,0.404003195558522,climate_vulnerability_score,ND-GAIN
TLS,1998,0.394280916777911,climate_vulnerability_score,ND-GAIN
TGO,1998,0.297985126904797,climate_vulnerability_score,ND-GAIN
TON,1998,0.364621531159279,climate_vulnerability_score,ND-GAIN
TTO,1998,0.405582747213441,climate_vulnerability_score,ND-GAIN
TUN,1998,0.372376434426964,climate_vulnerability_score,ND-GAIN
TUR,1998,0.336222383954694,climate_vulnerability_score,ND-GAIN
TKM,1998,0.251536502011694,climate_vulnerability_score,ND-GAIN
TUV,1998,0.399559622041771,climate_vulnerability_score,ND-GAIN
UGA,1998,0.296032576550327,climate_vulnerability_score,ND-GAIN
UKR,1998,0.357739453886331,climate_vulnerability_score,ND-GAIN
ARE,1998,0.405598193190551,climate_vulnerability_score,ND-GAIN
GBR,1998,0.623381867475807,climate_vulnerability_score,ND-GAIN
USA,1998,0.620240105601714,climate_vulnerability_score,ND-GAIN
URY,1998,0.41730801862156,climate_vulnerability_score,ND-GAIN
UZB,1998,0.287019579399544,climate_vulnerability_score,ND-GAIN
VUT,1998,0.361304328605196,climate_vulnerability_score,ND-GAIN
VEN,1998,0.28959614120638,climate_vulnerability_score,ND-GAIN
VNM,1998,0.339843301376278,climate_vulnerability_score,ND-GAIN
YEM,1998,0.277871390329295,climate_vulnerability_score,ND-GAIN
ZMB,1998,0.315383897327793,climate_vulnerability_score,ND-GAIN
ZWE,1998,0.258818885705765,climate_vulnerability_score,ND-GAIN
AFG,1999,0.294323575668594,climate_vulnerability_score,ND-GAIN
ALB,1999,0.320320927567391,climate_vulnerability_score,ND-GAIN
DZA,1999,0.296768842470584,climate_vulnerability_score,ND-GAIN
AND,1999,0.451113029065239,climate_vulnerability_score,ND-GAIN
AGO,1999,0.18300490513291,climate_vulnerability_score,ND-GAIN
ATG,1999,0.460479175643696,climate_vulnerability_score,ND-GAIN
ARG,1999,0.369286446152916,climate_vulnerability_score,ND-GAIN
ARM,1999,0.376343753601086,climate_vulnerability_score,ND-GAIN
AUS,1999,0.625977654476124,climate_vulnerability_score,ND-GAIN
AUT,1999,0.623890344261431,climate_vulnerability_score,ND-GAIN
AZE,1999,0.326899411949701,climate_vulnerability_score,ND-GAIN
BHS,1999,0.456974192436851,climate_vulnerability_score,ND-GAIN
BHR,1999,0.391973704078753,climate_vulnerability_score,ND-GAIN
BGD,1999,0.333626699674525,climate_vulnerability_score,ND-GAIN
BRB,1999,0.478644199688556,climate_vulnerability_score,ND-GAIN
BLR,1999,0.395812095150975,climate_vulnerability_score,ND-GAIN
BEL,1999,0.539544855449063,climate_vulnerability_score,ND-GAIN
BLZ,1999,0.383765296478157,climate_vulnerability_score,ND-GAIN
BEN,1999,0.346889877043004,climate_vulnerability_score,ND-GAIN
BTN,1999,0.365988518627645,climate_vulnerability_score,ND-GAIN
BOL,1999,0.320301152972715,climate_vulnerability_score,ND-GAIN
BIH,1999,0.32408926623885,climate_vulnerability_score,ND-GAIN
BWA,1999,0.390051838681116,climate_vulnerability_score,ND-GAIN
BRA,1999,0.38527531255538,climate_vulnerability_score,ND-GAIN
BRN,1999,0.437899489812558,climate_vulnerability_score,ND-GAIN
BGR,1999,0.421654015024836,climate_vulnerability_score,ND-GAIN
BFA,1999,0.316066596636943,climate_vulnerability_score,ND-GAIN
BDI,1999,0.238093201419926,climate_vulnerability_score,ND-GAIN
KHM,1999,0.284454127579499,climate_vulnerability_score,ND-GAIN
CMR,1999,0.283069144603105,climate_vulnerability_score,ND-GAIN
CAN,1999,0.606483287448324,climate_vulnerability_score,ND-GAIN
CPV,1999,0.409619353917353,climate_vulnerability_score,ND-GAIN
CAF,1999,0.238171124104052,climate_vulnerability_score,ND-GAIN
TCD,1999,0.247633853771326,climate_vulnerability_score,ND-GAIN
CHL,1999,0.445499123637271,climate_vulnerability_score,ND-GAIN
CHN,1999,0.356943804846053,climate_vulnerability_score,ND-GAIN
COL,1999,0.278101298802591,climate_vulnerability_score,ND-GAIN
COM,1999,0.299576164195406,climate_vulnerability_score,ND-GAIN
COG,1999,0.257840001263937,climate_vulnerability_score,ND-GAIN
COD,1999,0.182727440315829,climate_vulnerability_score,ND-GAIN
CRI,1999,0.402166207835819,climate_vulnerability_score,ND-GAIN
CIV,1999,0.280237115590632,climate_vulnerability_score,ND-GAIN
HRV,1999,0.419677336498101,climate_vulnerability_score,ND-GAIN
CUB,1999,0.26570982100599,climate_vulnerability_score,ND-GAIN
CYP,1999,0.458431840877545,climate_vulnerability_score,ND-GAIN
CZE,1999,0.45061276319247,climate_vulnerability_score,ND-GAIN
DNK,1999,0.669170807711364,climate_vulnerability_score,ND-GAIN
DJI,1999,0.321268278729737,climate_vulnerability_score,ND-GAIN
DMA,1999,0.580132726788899,climate_vulnerability_score,ND-GAIN
DOM,1999,0.312368714276068,climate_vulnerability_score,ND-GAIN
ECU,1999,0.298506232265432,climate_vulnerability_score,ND-GAIN
EGY,1999,0.342620327409421,climate_vulnerability_score,ND-GAIN
SLV,1999,0.299075403882788,climate_vulnerability_score,ND-GAIN
GNQ,1999,0.271411509729038,climate_vulnerability_score,ND-GAIN
ERI,1999,0.296812888435669,climate_vulnerability_score,ND-GAIN
EST,1999,0.477093591386905,climate_vulnerability_score,ND-GAIN
ETH,1999,0.29766774916785,climate_vulnerability_score,ND-GAIN
FJI,1999,0.381194010001474,climate_vulnerability_score,ND-GAIN
FIN,1999,0.689458743224233,climate_vulnerability_score,ND-GAIN
FRA,1999,0.584332711697423,climate_vulnerability_score,ND-GAIN
GAB,1999,0.379328105880017,climate_vulnerability_score,ND-GAIN
GMB,1999,0.384632153118006,climate_vulnerability_score,ND-GAIN
GEO,1999,0.323434408348037,climate_vulnerability_score,ND-GAIN
DEU,1999,0.633661710172069,climate_vulnerability_score,ND-GAIN
GHA,1999,0.329081747164607,climate_vulnerability_score,ND-GAIN
GRC,1999,0.457137508401993,climate_vulnerability_score,ND-GAIN
GRD,1999,0.475758122404094,climate_vulnerability_score,ND-GAIN
GTM,1999,0.27576077360417,climate_vulnerability_score,ND-GAIN
GIN,1999,0.299957790226363,climate_vulnerability_score,ND-GAIN
GNB,1999,0.301664306691003,climate_vulnerability_score,ND-GAIN
GUY,1999,0.361509956197504,climate_vulnerability_score,ND-GAIN
HTI,1999,0.235263250641231,climate_vulnerability_score,ND-GAIN
HND,1999,0.264545093201058,climate_vulnerability_score,ND-GAIN
HUN,1999,0.498928780687167,climate_vulnerability_score,ND-GAIN
ISL,1999,0.616832579357444,climate_vulnerability_score,ND-GAIN
IND,1999,0.363860571355997,climate_vulnerability_score,ND-GAIN
IDN,1999,0.323301762874339,climate_vulnerability_score,ND-GAIN
IRN,1999,0.32572285246798,climate_vulnerability_score,ND-GAIN
IRQ,1999,0.296659245728736,climate_vulnerability_score,ND-GAIN
IRL,1999,0.5342382968841,climate_vulnerability_score,ND-GAIN
ISR,1999,0.519485264800539,climate_vulnerability_score,ND-GAIN
ITA,1999,0.483781452752192,climate_vulnerability_score,ND-GAIN
JAM,1999,0.358990428204365,climate_vulnerability_score,ND-GAIN
JPN,1999,0.58722223053245,climate_vulnerability_score,ND-GAIN
JOR,1999,0.368812622601047,climate_vulnerability_score,ND-GAIN
KAZ,1999,0.370521811176924,climate_vulnerability_score,ND-GAIN
KEN,1999,0.281065303883563,climate_vulnerability_score,ND-GAIN
KIR,1999,0.374222406804564,climate_vulnerability_score,ND-GAIN
PRK,1999,0.396798483922079,climate_vulnerability_score,ND-GAIN
KOR,1999,0.564548604452789,climate_vulnerability_score,ND-GAIN
KWT,1999,0.376505415643209,climate_vulnerability_score,ND-GAIN
KGZ,1999,0.355901653041084,climate_vulnerability_score,ND-GAIN
LAO,1999,0.28918898005551,climate_vulnerability_score,ND-GAIN
LVA,1999,0.453950163901439,climate_vulnerability_score,ND-GAIN
LBN,1999,0.30672460645845,climate_vulnerability_score,ND-GAIN
LSO,1999,0.299142436977183,climate_vulnerability_score,ND-GAIN
LBR,1999,0.28557516112585,climate_vulnerability_score,ND-GAIN
LBY,1999,0.307129589708375,climate_vulnerability_score,ND-GAIN
LIE,1999,0.546437470104173,climate_vulnerability_score,ND-GAIN
LTU,1999,0.448734242682646,climate_vulnerability_score,ND-GAIN
LUX,1999,0.523469378546925,climate_vulnerability_score,ND-GAIN
MKD,1999,0.340602624250846,climate_vulnerability_score,ND-GAIN
MDG,1999,0.317457529456599,climate_vulnerability_score,ND-GAIN
MWI,1999,0.31100432390732,climate_vulnerability_score,ND-GAIN
MYS,1999,0.384744480717842,climate_vulnerability_score,ND-GAIN
MDV,1999,0.392641213909272,climate_vulnerability_score,ND-GAIN
MLI,1999,0.321321276798808,climate_vulnerability_score,ND-GAIN
MLT,1999,0.460473920235192,climate_vulnerability_score,ND-GAIN
MHL,1999,0.348763079511369,climate_vulnerability_score,ND-GAIN
MRT,1999,0.344166262539242,climate_vulnerability_score,ND-GAIN
MUS,1999,0.448681757651687,climate_vulnerability_score,ND-GAIN
MEX,1999,0.375327838377538,climate_vulnerability_score,ND-GAIN
FSM,1999,0.351608204934475,climate_vulnerability_score,ND-GAIN
MDA,1999,0.407574044421405,climate_vulnerability_score,ND-GAIN
MCO,1999,0.678807199844937,climate_vulnerability_score,ND-GAIN
MNG,1999,0.408017034570906,climate_vulnerability_score,ND-GAIN
MNE,1999,0.415066931026208,climate_vulnerability_score,ND-GAIN
MAR,1999,0.358875781976276,climate_vulnerability_score,ND-GAIN
MOZ,1999,0.296011915872938,climate_vulnerability_score,ND-GAIN
MMR,1999,0.24176552667461,climate_vulnerability_score,ND-GAIN
NAM,1999,0.368288388311314,climate_vulnerability_score,ND-GAIN
NRU,1999,0.545098384881221,climate_vulnerability_score,ND-GAIN
NPL,1999,0.331828655311882,climate_vulnerability_score,ND-GAIN
NLD,1999,0.634515149762145,climate_vulnerability_score,ND-GAIN
NZL,1999,0.673845075486858,climate_vulnerability_score,ND-GAIN
NIC,1999,0.315424059339105,climate_vulnerability_score,ND-GAIN
NER,1999,0.282423350315886,climate_vulnerability_score,ND-GAIN
NGA,1999,0.28972844700565,climate_vulnerability_score,ND-GAIN
NOR,1999,0.667267034003679,climate_vulnerability_score,ND-GAIN
OMN,1999,0.377530635387765,climate_vulnerability_score,ND-GAIN
PAK,1999,0.331478072451436,climate_vulnerability_score,ND-GAIN
PLW,1999,0.41002086468007,climate_vulnerability_score,ND-GAIN
PAN,1999,0.347482594440977,climate_vulnerability_score,ND-GAIN
PNG,1999,0.302962661662633,climate_vulnerability_score,ND-GAIN
PRY,1999,0.258807802443636,climate_vulnerability_score,ND-GAIN
PER,1999,0.324906398892621,climate_vulnerability_score,ND-GAIN
PHL,1999,0.316624053487854,climate_vulnerability_score,ND-GAIN
POL,1999,0.455929356513537,climate_vulnerability_score,ND-GAIN
PRT,1999,0.470467778359636,climate_vulnerability_score,ND-GAIN
QAT,1999,0.400283143816285,climate_vulnerability_score,ND-GAIN
ROU,1999,0.402793170557595,climate_vulnerability_score,ND-GAIN
RUS,1999,0.404813361814793,climate_vulnerability_score,ND-GAIN
RWA,1999,0.242087800552538,climate_vulnerability_score,ND-GAIN
KNA,1999,0.43734628174849,climate_vulnerability_score,ND-GAIN
LCA,1999,0.437876137893672,climate_vulnerability_score,ND-GAIN
VCT,1999,0.424748656509511,climate_vulnerability_score,ND-GAIN
WSM,1999,0.365912224017855,climate_vulnerability_score,ND-GAIN
SMR,1999,0.583172710606854,climate_vulnerability_score,ND-GAIN
STP,1999,0.39722820015841,climate_vulnerability_score,ND-GAIN
SAU,1999,0.313253332503971,climate_vulnerability_score,ND-GAIN
SEN,1999,0.34588431829396,climate_vulnerability_score,ND-GAIN
SRB,1999,0.295950006625868,climate_vulnerability_score,ND-GAIN
SYC,1999,0.437764164983287,climate_vulnerability_score,ND-GAIN
SLE,1999,0.264609807072922,climate_vulnerability_score,ND-GAIN
SGP,1999,0.60388707936981,climate_vulnerability_score,ND-GAIN
SVK,1999,0.437339058754164,climate_vulnerability_score,ND-GAIN
SVN,1999,0.53680895299827,climate_vulnerability_score,ND-GAIN
SLB,1999,0.425713113389453,climate_vulnerability_score,ND-GAIN
SOM,1999,0.25481288569556,climate_vulnerability_score,ND-GAIN
ZAF,1999,0.361449733155096,climate_vulnerability_score,ND-GAIN
ESP,1999,0.507799048730292,climate_vulnerability_score,ND-GAIN
LKA,1999,0.349174561364775,climate_vulnerability_score,ND-GAIN
SDN,1999,0.277666055143244,climate_vulnerability_score,ND-GAIN
SUR,1999,0.372733746229567,climate_vulnerability_score,ND-GAIN
SWZ,1999,0.37293908325671,climate_vulnerability_score,ND-GAIN
SWE,1999,0.649966647116208,climate_vulnerability_score,ND-GAIN
CHE,1999,0.631729386224106,climate_vulnerability_score,ND-GAIN
SYR,1999,0.310843672747495,climate_vulnerability_score,ND-GAIN
TJK,1999,0.286911070933233,climate_vulnerability_score,ND-GAIN
TZA,1999,0.324073044460025,climate_vulnerability_score,ND-GAIN
THA,1999,0.411889578673668,climate_vulnerability_score,ND-GAIN
TLS,1999,0.394280916777911,climate_vulnerability_score,ND-GAIN
TGO,1999,0.298803640098344,climate_vulnerability_score,ND-GAIN
TON,1999,0.364726647075902,climate_vulnerability_score,ND-GAIN
TTO,1999,0.398959527424763,climate_vulnerability_score,ND-GAIN
TUN,1999,0.375665072423729,climate_vulnerability_score,ND-GAIN
TUR,1999,0.345430747625907,climate_vulnerability_score,ND-GAIN
TKM,1999,0.249739652326056,climate_vulnerability_score,ND-GAIN
TUV,1999,0.399471414689914,climate_vulnerability_score,ND-GAIN
UGA,1999,0.288309620013756,climate_vulnerability_score,ND-GAIN
UKR,1999,0.362151941323133,climate_vulnerability_score,ND-GAIN
ARE,1999,0.409046095097427,climate_vulnerability_score,ND-GAIN
GBR,1999,0.625555713084646,climate_vulnerability_score,ND-GAIN
USA,1999,0.625622977542529,climate_vulnerability_score,ND-GAIN
URY,1999,0.41631274412934,climate_vulnerability_score,ND-GAIN
UZB,1999,0.28976646569131,climate_vulnerability_score,ND-GAIN
VUT,1999,0.36615363084699,climate_vulnerability_score,ND-GAIN
VEN,1999,0.289277273368599,climate_vulnerability_score,ND-GAIN
VNM,1999,0.340757952804287,climate_vulnerability_score,ND-GAIN
YEM,1999,0.277506581756866,climate_vulnerability_score,ND-GAIN
ZMB,1999,0.317597380831421,climate_vulnerability_score,ND-GAIN
ZWE,1999,0.238855190257405,climate_vulnerability_score,ND-GAIN
AFG,2000,0.29425707692421,climate_vulnerability_score,ND-GAIN
ALB,2000,0.314768848527468,climate_vulnerability_score,ND-GAIN
DZA,2000,0.30064626521096,climate_vulnerability_score,ND-GAIN
AND,2000,0.452672557062892,climate_vulnerability_score,ND-GAIN
AGO,2000,0.183027936992442,climate_vulnerability_score,ND-GAIN
ATG,2000,0.461782858082746,climate_vulnerability_score,ND-GAIN
ARG,2000,0.369158873948904,climate_vulnerability_score,ND-GAIN
ARM,2000,0.37410527973336,climate_vulnerability_score,ND-GAIN
AUS,2000,0.632147971023984,climate_vulnerability_score,ND-GAIN
AUT,2000,0.628913164551022,climate_vulnerability_score,ND-GAIN
AZE,2000,0.328338042130369,climate_vulnerability_score,ND-GAIN
BHS,2000,0.459392300754331,climate_vulnerability_score,ND-GAIN
BHR,2000,0.395953015393439,climate_vulnerability_score,ND-GAIN
BGD,2000,0.328047645593652,climate_vulnerability_score,ND-GAIN
BRB,2000,0.486621911011914,climate_vulnerability_score,ND-GAIN
BLR,2000,0.392360141569342,climate_vulnerability_score,ND-GAIN
BEL,2000,0.547105308539592,climate_vulnerability_score,ND-GAIN
BLZ,2000,0.385174107954515,climate_vulnerability_score,ND-GAIN
BEN,2000,0.344126793672364,climate_vulnerability_score,ND-GAIN
BTN,2000,0.364116311409866,climate_vulnerability_score,ND-GAIN
BOL,2000,0.311809973365437,climate_vulnerability_score,ND-GAIN
BIH,2000,0.327513166805143,climate_vulnerability_score,ND-GAIN
BWA,2000,0.390967413373016,climate_vulnerability_score,ND-GAIN
BRA,2000,0.389774428083327,climate_vulnerability_score,ND-GAIN
BRN,2000,0.44049688967939,climate_vulnerability_score,ND-GAIN
BGR,2000,0.412824191697902,climate_vulnerability_score,ND-GAIN
BFA,2000,0.317228355853745,climate_vulnerability_score,ND-GAIN
BDI,2000,0.244809956856004,climate_vulnerability_score,ND-GAIN
KHM,2000,0.28772043961863,climate_vulnerability_score,ND-GAIN
CMR,2000,0.284430409661311,climate_vulnerability_score,ND-GAIN
CAN,2000,0.612894946766258,climate_vulnerability_score,ND-GAIN
CPV,2000,0.41488850631692,climate_vulnerability_score,ND-GAIN
CAF,2000,0.23843922036934,climate_vulnerability_score,ND-GAIN
TCD,2000,0.247669797880605,climate_vulnerability_score,ND-GAIN
CHL,2000,0.457369742219691,climate_vulnerability_score,ND-GAIN
CHN,2000,0.359126089441906,climate_vulnerability_score,ND-GAIN
COL,2000,0.276634443641906,climate_vulnerability_score,ND-GAIN
COM,2000,0.293681813846996,climate_vulnerability_score,ND-GAIN
COG,2000,0.268166604000087,climate_vulnerability_score,ND-GAIN
COD,2000,0.184289140356374,climate_vulnerability_score,ND-GAIN
CRI,2000,0.403803849532533,climate_vulnerability_score,ND-GAIN
CIV,2000,0.262712007660567,climate_vulnerability_score,ND-GAIN
HRV,2000,0.437690193359456,climate_vulnerability_score,ND-GAIN
CUB,2000,0.268712300899615,climate_vulnerability_score,ND-GAIN
CYP,2000,0.462374343775335,climate_vulnerability_score,ND-GAIN
CZE,2000,0.441205348265428,climate_vulnerability_score,ND-GAIN
DNK,2000,0.673397485780209,climate_vulnerability_score,ND-GAIN
DJI,2000,0.325391421148856,climate_vulnerability_score,ND-GAIN
DMA,2000,0.578921313871797,climate_vulnerability_score,ND-GAIN
DOM,2000,0.316003703443225,climate_vulnerability_score,ND-GAIN
ECU,2000,0.291247128380945,climate_vulnerability_score,ND-GAIN
EGY,2000,0.341844102312351,climate_vulnerability_score,ND-GAIN
SLV,2000,0.299322188159056,climate_vulnerability_score,ND-GAIN
GNQ,2000,0.272903040921405,climate_vulnerability_score,ND-GAIN
ERI,2000,0.295573185350113,climate_vulnerability_score,ND-GAIN
EST,2000,0.4816645314362,climate_vulnerability_score,ND-GAIN
ETH,2000,0.296218876485736,climate_vulnerability_score,ND-GAIN
FJI,2000,0.369934046849953,climate_vulnerability_score,ND-GAIN
FIN,2000,0.690835221715346,climate_vulnerability_score,ND-GAIN
FRA,2000,0.58800854645004,climate_vulnerability_score,ND-GAIN
GAB,2000,0.384298409893996,climate_vulnerability_score,ND-GAIN
GMB,2000,0.38425753509245,climate_vulnerability_score,ND-GAIN
GEO,2000,0.329118434343799,climate_vulnerability_score,ND-GAIN
DEU,2000,0.637916250945617,climate_vulnerability_score,ND-GAIN
GHA,2000,0.339374314343429,climate_vulnerability_score,ND-GAIN
GRC,2000,0.461958617327238,climate_vulnerability_score,ND-GAIN
GRD,2000,0.476799910850843,climate_vulnerability_score,ND-GAIN
GTM,2000,0.284863862192484,climate_vulnerability_score,ND-GAIN
GIN,2000,0.28989241605716,climate_vulnerability_score,ND-GAIN
GNB,2000,0.317032814859052,climate_vulnerability_score,ND-GAIN
GUY,2000,0.356281021395195,climate_vulnerability_score,ND-GAIN
HTI,2000,0.236342971302994,climate_vulnerability_score,ND-GAIN
HND,2000,0.265817460340239,climate_vulnerability_score,ND-GAIN
HUN,2000,0.503413267849734,climate_vulnerability_score,ND-GAIN
ISL,2000,0.648071955987844,climate_vulnerability_score,ND-GAIN
IND,2000,0.366778439955438,climate_vulnerability_score,ND-GAIN
IDN,2000,0.32358641294756,climate_vulnerability_score,ND-GAIN
IRN,2000,0.328278905812616,climate_vulnerability_score,ND-GAIN
IRQ,2000,0.297689077427471,climate_vulnerability_score,ND-GAIN
IRL,2000,0.535945672146178,climate_vulnerability_score,ND-GAIN
ISR,2000,0.520154010316855,climate_vulnerability_score,ND-GAIN
ITA,2000,0.500076092695348,climate_vulnerability_score,ND-GAIN
JAM,2000,0.339727160330876,climate_vulnerability_score,ND-GAIN
JPN,2000,0.593816573232937,climate_vulnerability_score,ND-GAIN
JOR,2000,0.368499462340155,climate_vulnerability_score,ND-GAIN
KAZ,2000,0.372349738315129,climate_vulnerability_score,ND-GAIN
KEN,2000,0.282266695361435,climate_vulnerability_score,ND-GAIN
KIR,2000,0.374403296947095,climate_vulnerability_score,ND-GAIN
PRK,2000,0.40017806610063,climate_vulnerability_score,ND-GAIN
KOR,2000,0.576043267142305,climate_vulnerability_score,ND-GAIN
KWT,2000,0.378240247506141,climate_vulnerability_score,ND-GAIN
KGZ,2000,0.360907515682145,climate_vulnerability_score,ND-GAIN
LAO,2000,0.28582548573991,climate_vulnerability_score,ND-GAIN
LVA,2000,0.455110186551992,climate_vulnerability_score,ND-GAIN
LBN,2000,0.313110360992785,climate_vulnerability_score,ND-GAIN
LSO,2000,0.301642370273996,climate_vulnerability_score,ND-GAIN
LBR,2000,0.303533959608476,climate_vulnerability_score,ND-GAIN
LBY,2000,0.309627458559388,climate_vulnerability_score,ND-GAIN
LIE,2000,0.546547742758647,climate_vulnerability_score,ND-GAIN
LTU,2000,0.444170362645961,climate_vulnerability_score,ND-GAIN
LUX,2000,0.606292430838356,climate_vulnerability_score,ND-GAIN
MKD,2000,0.333352851591693,climate_vulnerability_score,ND-GAIN
MDG,2000,0.31688423323788,climate_vulnerability_score,ND-GAIN
MWI,2000,0.311018347278173,climate_vulnerability_score,ND-GAIN
MYS,2000,0.389439429099766,climate_vulnerability_score,ND-GAIN
MDV,2000,0.402018250563526,climate_vulnerability_score,ND-GAIN
MLI,2000,0.31962646879472,climate_vulnerability_score,ND-GAIN
MLT,2000,0.482869115385888,climate_vulnerability_score,ND-GAIN
MHL,2000,0.356518172715666,climate_vulnerability_score,ND-GAIN
MRT,2000,0.344672246218292,climate_vulnerability_score,ND-GAIN
MUS,2000,0.447954743768511,climate_vulnerability_score,ND-GAIN
MEX,2000,0.382705796175901,climate_vulnerability_score,ND-GAIN
FSM,2000,0.351714014017281,climate_vulnerability_score,ND-GAIN
MDA,2000,0.398705504756543,climate_vulnerability_score,ND-GAIN
MCO,2000,0.660712470616049,climate_vulnerability_score,ND-GAIN
MNG,2000,0.402530923919339,climate_vulnerability_score,ND-GAIN
MNE,2000,0.417391372677609,climate_vulnerability_score,ND-GAIN
MAR,2000,0.354613960890083,climate_vulnerability_score,ND-GAIN
MOZ,2000,0.292729082419464,climate_vulnerability_score,ND-GAIN
MMR,2000,0.242821931083715,climate_vulnerability_score,ND-GAIN
NAM,2000,0.364470222521919,climate_vulnerability_score,ND-GAIN
NRU,2000,0.544737759651191,climate_vulnerability_score,ND-GAIN
NPL,2000,0.322412433820051,climate_vulnerability_score,ND-GAIN
NLD,2000,0.635877122510819,climate_vulnerability_score,ND-GAIN
NZL,2000,0.674085783718413,climate_vulnerability_score,ND-GAIN
NIC,2000,0.318703798403131,climate_vulnerability_score,ND-GAIN
NER,2000,0.285762120374696,climate_vulnerability_score,ND-GAIN
NGA,2000,0.283957843049541,climate_vulnerability_score,ND-GAIN
NOR,2000,0.668390991339531,climate_vulnerability_score,ND-GAIN
OMN,2000,0.380333113148672,climate_vulnerability_score,ND-GAIN
PAK,2000,0.329448464530313,climate_vulnerability_score,ND-GAIN
PLW,2000,0.40990065627006,climate_vulnerability_score,ND-GAIN
PAN,2000,0.34411749524547,climate_vulnerability_score,ND-GAIN
PNG,2000,0.299682834429415,climate_vulnerability_score,ND-GAIN
PRY,2000,0.25545841264013,climate_vulnerability_score,ND-GAIN
PER,2000,0.319808803661456,climate_vulnerability_score,ND-GAIN
PHL,2000,0.301621833785947,climate_vulnerability_score,ND-GAIN
POL,2000,0.453102434159107,climate_vulnerability_score,ND-GAIN
PRT,2000,0.469316363295817,climate_vulnerability_score,ND-GAIN
QAT,2000,0.4062602712997,climate_vulnerability_score,ND-GAIN
ROU,2000,0.392105988668332,climate_vulnerability_score,ND-GAIN
RUS,2000,0.413483980245135,climate_vulnerability_score,ND-GAIN
RWA,2000,0.245153988460556,climate_vulnerability_score,ND-GAIN
KNA,2000,0.438665155486838,climate_vulnerability_score,ND-GAIN
LCA,2000,0.443799130025742,climate_vulnerability_score,ND-GAIN
VCT,2000,0.425097606763461,climate_vulnerability_score,ND-GAIN
WSM,2000,0.361723330856383,climate_vulnerability_score,ND-GAIN
SMR,2000,0.585663278028796,climate_vulnerability_score,ND-GAIN
STP,2000,0.397552376684293,climate_vulnerability_score,ND-GAIN
SAU,2000,0.315651481232864,climate_vulnerability_score,ND-GAIN
SEN,2000,0.348604541221242,climate_vulnerability_score,ND-GAIN
SRB,2000,0.296563369666018,climate_vulnerability_score,ND-GAIN
SYC,2000,0.438588936044033,climate_vulnerability_score,ND-GAIN
SLE,2000,0.266763695136964,climate_vulnerability_score,ND-GAIN
SGP,2000,0.6301883633263,climate_vulnerability_score,ND-GAIN
SVK,2000,0.43825884552704,climate_vulnerability_score,ND-GAIN
SVN,2000,0.537478717189726,climate_vulnerability_score,ND-GAIN
SLB,2000,0.399575268729064,climate_vulnerability_score,ND-GAIN
SOM,2000,0.259614893484722,climate_vulnerability_score,ND-GAIN
ZAF,2000,0.367799405980967,climate_vulnerability_score,ND-GAIN
ESP,2000,0.515828742830339,climate_vulnerability_score,ND-GAIN
LKA,2000,0.344391170586734,climate_vulnerability_score,ND-GAIN
SDN,2000,0.277924194625099,climate_vulnerability_score,ND-GAIN
SUR,2000,0.373166198404611,climate_vulnerability_score,ND-GAIN
SWZ,2000,0.371525814580531,climate_vulnerability_score,ND-GAIN
SWE,2000,0.653604841387606,climate_vulnerability_score,ND-GAIN
CHE,2000,0.638387012943886,climate_vulnerability_score,ND-GAIN
SYR,2000,0.310618121078346,climate_vulnerability_score,ND-GAIN
TJK,2000,0.292711889835478,climate_vulnerability_score,ND-GAIN
TZA,2000,0.321430894080702,climate_vulnerability_score,ND-GAIN
THA,2000,0.416947279597305,climate_vulnerability_score,ND-GAIN
TLS,2000,0.394280916777911,climate_vulnerability_score,ND-GAIN
TGO,2000,0.299615519471619,climate_vulnerability_score,ND-GAIN
TON,2000,0.367268842128898,climate_vulnerability_score,ND-GAIN
TTO,2000,0.39264511130751,climate_vulnerability_score,ND-GAIN
TUN,2000,0.377167488585456,climate_vulnerability_score,ND-GAIN
TUR,2000,0.354659720103789,climate_vulnerability_score,ND-GAIN
TKM,2000,0.247673104292909,climate_vulnerability_score,ND-GAIN
TUV,2000,0.39938496374605,climate_vulnerability_score,ND-GAIN
UGA,2000,0.283390065634161,climate_vulnerability_score,ND-GAIN
UKR,2000,0.364490572248281,climate_vulnerability_score,ND-GAIN
ARE,2000,0.412839836401801,climate_vulnerability_score,ND-GAIN
GBR,2000,0.627815822423194,climate_vulnerability_score,ND-GAIN
USA,2000,0.631946093387812,climate_vulnerability_score,ND-GAIN
URY,2000,0.41770118252479,climate_vulnerability_score,ND-GAIN
UZB,2000,0.291678640898091,climate_vulnerability_score,ND-GAIN
VUT,2000,0.371627475945237,climate_vulnerability_score,ND-GAIN
VEN,2000,0.288747932690245,climate_vulnerability_score,ND-GAIN
VNM,2000,0.340616215895195,climate_vulnerability_score,ND-GAIN
YEM,2000,0.275834448827462,climate_vulnerability_score,ND-GAIN
ZMB,2000,0.319916876485175,climate_vulnerability_score,ND-GAIN
ZWE,2000,0.218919614369121,climate_vulnerability_score,ND-GAIN
AFG,2001,0.300170234349996,climate_vulnerability_score,ND-GAIN
ALB,2001,0.323512594722121,climate_vulnerability_score,ND-GAIN
DZA,2001,0.306823511311014,climate_vulnerability_score,ND-GAIN
AND,2001,0.455699191194368,climate_vulnerability_score,ND-GAIN
AGO,2001,0.191488265825391,climate_vulnerability_score,ND-GAIN
ATG,2001,0.462396472024502,climate_vulnerability_score,ND-GAIN
ARG,2001,0.345304976232707,climate_vulnerability_score,ND-GAIN
ARM,2001,0.385512453884877,climate_vulnerability_score,ND-GAIN
AUS,2001,0.635016590180427,climate_vulnerability_score,ND-GAIN
AUT,2001,0.634687830562772,climate_vulnerability_score,ND-GAIN
AZE,2001,0.33240452416743,climate_vulnerability_score,ND-GAIN
BHS,2001,0.463218276849021,climate_vulnerability_score,ND-GAIN
BHR,2001,0.409241616375673,climate_vulnerability_score,ND-GAIN
BGD,2001,0.322869777413566,climate_vulnerability_score,ND-GAIN
BRB,2001,0.487737911504038,climate_vulnerability_score,ND-GAIN
BLR,2001,0.392699113799652,climate_vulnerability_score,ND-GAIN
BEL,2001,0.550875709027117,climate_vulnerability_score,ND-GAIN
BLZ,2001,0.385585863156409,climate_vulnerability_score,ND-GAIN
BEN,2001,0.341382577207517,climate_vulnerability_score,ND-GAIN
BTN,2001,0.366094107354587,climate_vulnerability_score,ND-GAIN
BOL,2001,0.313647391753905,climate_vulnerability_score,ND-GAIN
BIH,2001,0.33848740540507,climate_vulnerability_score,ND-GAIN
BWA,2001,0.388216961930025,climate_vulnerability_score,ND-GAIN
BRA,2001,0.390855007119591,climate_vulnerability_score,ND-GAIN
BRN,2001,0.443319324690544,climate_vulnerability_score,ND-GAIN
BGR,2001,0.41487104878788,climate_vulnerability_score,ND-GAIN
BFA,2001,0.314177764949897,climate_vulnerability_score,ND-GAIN
BDI,2001,0.249539220717071,climate_vulnerability_score,ND-GAIN
KHM,2001,0.288262696532215,climate_vulnerability_score,ND-GAIN
CMR,2001,0.277725320962454,climate_vulnerability_score,ND-GAIN
CAN,2001,0.611633935025326,climate_vulnerability_score,ND-GAIN
CPV,2001,0.401185961954064,climate_vulnerability_score,ND-GAIN
CAF,2001,0.242286357633994,climate_vulnerability_score,ND-GAIN
TCD,2001,0.246811435214752,climate_vulnerability_score,ND-GAIN
CHL,2001,0.463734072350443,climate_vulnerability_score,ND-GAIN
CHN,2001,0.355066277872409,climate_vulnerability_score,ND-GAIN
COL,2001,0.285596653265056,climate_vulnerability_score,ND-GAIN
COM,2001,0.307346302129294,climate_vulnerability_score,ND-GAIN
COG,2001,0.266255404655217,climate_vulnerability_score,ND-GAIN
COD,2001,0.19093749233998,climate_vulnerability_score,ND-GAIN
CRI,2001,0.394574221996116,climate_vulnerability_score,ND-GAIN
CIV,2001,0.258418649704846,climate_vulnerability_score,ND-GAIN
HRV,2001,0.451609071844247,climate_vulnerability_score,ND-GAIN
CUB,2001,0.270532231110996,climate_vulnerability_score,ND-GAIN
CYP,2001,0.46424171190506,climate_vulnerability_score,ND-GAIN
CZE,2001,0.453777058994969,climate_vulnerability_score,ND-GAIN
DNK,2001,0.675286174231667,climate_vulnerability_score,ND-GAIN
DJI,2001,0.325775945666949,climate_vulnerability_score,ND-GAIN
DMA,2001,0.579050039856381,climate_vulnerability_score,ND-GAIN
DOM,2001,0.317280177293255,climate_vulnerability_score,ND-GAIN
ECU,2001,0.289922934770577,climate_vulnerability_score,ND-GAIN
EGY,2001,0.337739152993757,climate_vulnerability_score,ND-GAIN
SLV,2001,0.299840821569324,climate_vulnerability_score,ND-GAIN
GNQ,2001,0.272459105697245,climate_vulnerability_score,ND-GAIN
ERI,2001,0.299968906085952,climate_vulnerability_score,ND-GAIN
EST,2001,0.486135476048241,climate_vulnerability_score,ND-GAIN
ETH,2001,0.29448434289696,climate_vulnerability_score,ND-GAIN
FJI,2001,0.378240784459244,climate_vulnerability_score,ND-GAIN
FIN,2001,0.694640292324751,climate_vulnerability_score,ND-GAIN
FRA,2001,0.5889607439425,climate_vulnerability_score,ND-GAIN
GAB,2001,0.382972235297053,climate_vulnerability_score,ND-GAIN
GMB,2001,0.385020204133615,climate_vulnerability_score,ND-GAIN
GEO,2001,0.33071825251116,climate_vulnerability_score,ND-GAIN
DEU,2001,0.637444715007246,climate_vulnerability_score,ND-GAIN
GHA,2001,0.334050495147573,climate_vulnerability_score,ND-GAIN
GRC,2001,0.465761100152333,climate_vulnerability_score,ND-GAIN
GRD,2001,0.477717576427835,climate_vulnerability_score,ND-GAIN
GTM,2001,0.279028144349108,climate_vulnerability_score,ND-GAIN
GIN,2001,0.286691373400636,climate_vulnerability_score,ND-GAIN
GNB,2001,0.321421165666968,climate_vulnerability_score,ND-GAIN
GUY,2001,0.354024710784572,climate_vulnerability_score,ND-GAIN
HTI,2001,0.226611370785862,climate_vulnerability_score,ND-GAIN
HND,2001,0.269799793918817,climate_vulnerability_score,ND-GAIN
HUN,2001,0.511792275483532,climate_vulnerability_score,ND-GAIN
ISL,2001,0.647397235685707,climate_vulnerability_score,ND-GAIN
IND,2001,0.358712255466743,climate_vulnerability_score,ND-GAIN
IDN,2001,0.318996197802685,climate_vulnerability_score,ND-GAIN
IRN,2001,0.328535993077843,climate_vulnerability_score,ND-GAIN
IRQ,2001,0.29743172477026,climate_vulnerability_score,ND-GAIN
IRL,2001,0.539479833619815,climate_vulnerability_score,ND-GAIN
ISR,2001,0.511945689238838,climate_vulnerability_score,ND-GAIN
ITA,2001,0.499524399260365,climate_vulnerability_score,ND-GAIN
JAM,2001,0.321419952567741,climate_vulnerability_score,ND-GAIN
JPN,2001,0.5921797331251,climate_vulnerability_score,ND-GAIN
JOR,2001,0.35790897686496,climate_vulnerability_score,ND-GAIN
KAZ,2001,0.38066599102451,climate_vulnerability_score,ND-GAIN
KEN,2001,0.286074923291748,climate_vulnerability_score,ND-GAIN
KIR,2001,0.37484258042263,climate_vulnerability_score,ND-GAIN
PRK,2001,0.395327326459271,climate_vulnerability_score,ND-GAIN
KOR,2001,0.585966456415612,climate_vulnerability_score,ND-GAIN
KWT,2001,0.379959377797574,climate_vulnerability_score,ND-GAIN
KGZ,2001,0.368320937603785,climate_vulnerability_score,ND-GAIN
LAO,2001,0.289763058117683,climate_vulnerability_score,ND-GAIN
LVA,2001,0.468661847186719,climate_vulnerability_score,ND-GAIN
LBN,2001,0.315411103563708,climate_vulnerability_score,ND-GAIN
LSO,2001,0.303201742458721,climate_vulnerability_score,ND-GAIN
LBR,2001,0.298946762965308,climate_vulnerability_score,ND-GAIN
LBY,2001,0.307655491450123,climate_vulnerability_score,ND-GAIN
LIE,2001,0.551658272234906,climate_vulnerability_score,ND-GAIN
LTU,2001,0.452097571579461,climate_vulnerability_score,ND-GAIN
LUX,2001,0.569898381619495,climate_vulnerability_score,ND-GAIN
MKD,2001,0.332731383361833,climate_vulnerability_score,ND-GAIN
MDG,2001,0.312894947277412,climate_vulnerability_score,ND-GAIN
MWI,2001,0.30687424458343,climate_vulnerability_score,ND-GAIN
MYS,2001,0.398157469871744,climate_vulnerability_score,ND-GAIN
MDV,2001,0.40638250600826,climate_vulnerability_score,ND-GAIN
MLI,2001,0.321436542837549,climate_vulnerability_score,ND-GAIN
MLT,2001,0.489638834657368,climate_vulnerability_score,ND-GAIN
MHL,2001,0.356764825982394,climate_vulnerability_score,ND-GAIN
MRT,2001,0.353823301010813,climate_vulnerability_score,ND-GAIN
MUS,2001,0.45316201818124,climate_vulnerability_score,ND-GAIN
MEX,2001,0.386696646494686,climate_vulnerability_score,ND-GAIN
FSM,2001,0.352174706151618,climate_vulnerability_score,ND-GAIN
MDA,2001,0.422359222781467,climate_vulnerability_score,ND-GAIN
MCO,2001,0.666548076901989,climate_vulnerability_score,ND-GAIN
MNG,2001,0.4097968300685,climate_vulnerability_score,ND-GAIN
MNE,2001,0.423062216980721,climate_vulnerability_score,ND-GAIN
MAR,2001,0.352421177835745,climate_vulnerability_score,ND-GAIN
MOZ,2001,0.292352592346457,climate_vulnerability_score,ND-GAIN
MMR,2001,0.240800903203225,climate_vulnerability_score,ND-GAIN
NAM,2001,0.365171166903442,climate_vulnerability_score,ND-GAIN
NRU,2001,0.545191003480152,climate_vulnerability_score,ND-GAIN
NPL,2001,0.316014545022926,climate_vulnerability_score,ND-GAIN
NLD,2001,0.617392766676713,climate_vulnerability_score,ND-GAIN
NZL,2001,0.67570921505588,climate_vulnerability_score,ND-GAIN
NIC,2001,0.320846293120813,climate_vulnerability_score,ND-GAIN
NER,2001,0.285110947230209,climate_vulnerability_score,ND-GAIN
NGA,2001,0.276942581822749,climate_vulnerability_score,ND-GAIN
NOR,2001,0.670981096749664,climate_vulnerability_score,ND-GAIN
OMN,2001,0.387981018383181,climate_vulnerability_score,ND-GAIN
PAK,2001,0.329627737711827,climate_vulnerability_score,ND-GAIN
PLW,2001,0.400577966130532,climate_vulnerability_score,ND-GAIN
PAN,2001,0.348836445317269,climate_vulnerability_score,ND-GAIN
PNG,2001,0.292179667759001,climate_vulnerability_score,ND-GAIN
PRY,2001,0.257000844160892,climate_vulnerability_score,ND-GAIN
PER,2001,0.320457539463162,climate_vulnerability_score,ND-GAIN
PHL,2001,0.304197674086392,climate_vulnerability_score,ND-GAIN
POL,2001,0.451370493774369,climate_vulnerability_score,ND-GAIN
PRT,2001,0.474753403563484,climate_vulnerability_score,ND-GAIN
QAT,2001,0.409697486921956,climate_vulnerability_score,ND-GAIN
ROU,2001,0.40171970100459,climate_vulnerability_score,ND-GAIN
RUS,2001,0.427189605266543,climate_vulnerability_score,ND-GAIN
RWA,2001,0.254058064147064,climate_vulnerability_score,ND-GAIN
KNA,2001,0.43989213973514,climate_vulnerability_score,ND-GAIN
LCA,2001,0.439030030271216,climate_vulnerability_score,ND-GAIN
VCT,2001,0.421215023536408,climate_vulnerability_score,ND-GAIN
WSM,2001,0.360812485552569,climate_vulnerability_score,ND-GAIN
SMR,2001,0.586973827209323,climate_vulnerability_score,ND-GAIN
STP,2001,0.396799156974694,climate_vulnerability_score,ND-GAIN
SAU,2001,0.316193733612358,climate_vulnerability_score,ND-GAIN
SEN,2001,0.352841636052073,climate_vulnerability_score,ND-GAIN
SRB,2001,0.31719867517635,climate_vulnerability_score,ND-GAIN
SYC,2001,0.438087606461058,climate_vulnerability_score,ND-GAIN
SLE,2001,0.274878378081887,climate_vulnerability_score,ND-GAIN
SGP,2001,0.633257582469283,climate_vulnerability_score,ND-GAIN
SVK,2001,0.441918689858596,climate_vulnerability_score,ND-GAIN
SVN,2001,0.540106187097268,climate_vulnerability_score,ND-GAIN
SLB,2001,0.40647419455647,climate_vulnerability_score,ND-GAIN
SOM,2001,0.261900224445905,climate_vulnerability_score,ND-GAIN
ZAF,2001,0.36840897840332,climate_vulnerability_score,ND-GAIN
ESP,2001,0.514353091670286,climate_vulnerability_score,ND-GAIN
LKA,2001,0.35343047872884,climate_vulnerability_score,ND-GAIN
SDN,2001,0.284314944530498,climate_vulnerability_score,ND-GAIN
SUR,2001,0.37418455041372,climate_vulnerability_score,ND-GAIN
SWZ,2001,0.369648809774559,climate_vulnerability_score,ND-GAIN
SWE,2001,0.65778900892464,climate_vulnerability_score,ND-GAIN
CHE,2001,0.641139053215546,climate_vulnerability_score,ND-GAIN
SYR,2001,0.31718481246697,climate_vulnerability_score,ND-GAIN
TJK,2001,0.303586789515985,climate_vulnerability_score,ND-GAIN
TZA,2001,0.320879291508697,climate_vulnerability_score,ND-GAIN
THA,2001,0.409563843635978,climate_vulnerability_score,ND-GAIN
TLS,2001,0.381825883909268,climate_vulnerability_score,ND-GAIN
TGO,2001,0.298738254683048,climate_vulnerability_score,ND-GAIN
TON,2001,0.367058563316515,climate_vulnerability_score,ND-GAIN
TTO,2001,0.392206234281092,climate_vulnerability_score,ND-GAIN
TUN,2001,0.379076004181385,climate_vulnerability_score,ND-GAIN
TUR,2001,0.354261854047744,climate_vulnerability_score,ND-GAIN
TKM,2001,0.251150565655562,climate_vulnerability_score,ND-GAIN
TUV,2001,0.399853778816631,climate_vulnerability_score,ND-GAIN
UGA,2001,0.283416915574451,climate_vulnerability_score,ND-GAIN
UKR,2001,0.382768131872135,climate_vulnerability_score,ND-GAIN
ARE,2001,0.424364242402322,climate_vulnerability_score,ND-GAIN
GBR,2001,0.624288404357641,climate_vulnerability_score,ND-GAIN
USA,2001,0.631052985943626,climate_vulnerability_score,ND-GAIN
URY,2001,0.419986908186443,climate_vulnerability_score,ND-GAIN
UZB,2001,0.305724534427316,climate_vulnerability_score,ND-GAIN
VUT,2001,0.371923193641708,climate_vulnerability_score,ND-GAIN
VEN,2001,0.280194421427119,climate_vulnerability_score,ND-GAIN
VNM,2001,0.337356165333734,climate_vulnerability_score,ND-GAIN
YEM,2001,0.27122987980589,climate_vulnerability_score,ND-GAIN
ZMB,2001,0.319231875571534,climate_vulnerability_score,ND-GAIN
ZWE,2001,0.212444187547375,climate_vulnerability_score,ND-GAIN
AFG,2002,0.306090864843817,climate_vulnerability_score,ND-GAIN
ALB,2002,0.332669746923538,climate_vulnerability_score,ND-GAIN
DZA,2002,0.313256722363365,climate_vulnerability_score,ND-GAIN
AND,2002,0.458375525020037,climate_vulnerability_score,ND-GAIN
AGO,2002,0.199966859225055,climate_vulnerability_score,ND-GAIN
ATG,2002,0.464350842314118,climate_vulnerability_score,ND-GAIN
ARG,2002,0.329622710885538,climate_vulnerability_score,ND-GAIN
ARM,2002,0.406123034134107,climate_vulnerability_score,ND-GAIN
AUS,2002,0.635692069464117,climate_vulnerability_score,ND-GAIN
AUT,2002,0.638612686172234,climate_vulnerability_score,ND-GAIN
AZE,2002,0.371408503389041,climate_vulnerability_score,ND-GAIN
BHS,2002,0.46836694386328,climate_vulnerability_score,ND-GAIN
BHR,2002,0.420847028146257,climate_vulnerability_score,ND-GAIN
BGD,2002,0.317083408478726,climate_vulnerability_score,ND-GAIN
BRB,2002,0.493907918107704,climate_vulnerability_score,ND-GAIN
BLR,2002,0.391826691496396,climate_vulnerability_score,ND-GAIN
BEL,2002,0.559084915905084,climate_vulnerability_score,ND-GAIN
BLZ,2002,0.386649617754745,climate_vulnerability_score,ND-GAIN
BEN,2002,0.338713746212793,climate_vulnerability_score,ND-GAIN
BTN,2002,0.368118382598435,climate_vulnerability_score,ND-GAIN
BOL,2002,0.308218360293677,climate_vulnerability_score,ND-GAIN
BIH,2002,0.343237698317608,climate_vulnerability_score,ND-GAIN
BWA,2002,0.38493750163781,climate_vulnerability_score,ND-GAIN
BRA,2002,0.393324902972449,climate_vulnerability_score,ND-GAIN
BRN,2002,0.443461339726204,climate_vulnerability_score,ND-GAIN
BGR,2002,0.427101299271113,climate_vulnerability_score,ND-GAIN
BFA,2002,0.311193726732443,climate_vulnerability_score,ND-GAIN
BDI,2002,0.254564970326635,climate_vulnerability_score,ND-GAIN
KHM,2002,0.288968811370691,climate_vulnerability_score,ND-GAIN
CMR,2002,0.27156856083561,climate_vulnerability_score,ND-GAIN
CAN,2002,0.610512864862149,climate_vulnerability_score,ND-GAIN
CPV,2002,0.388617486707768,climate_vulnerability_score,ND-GAIN
CAF,2002,0.246137157894373,climate_vulnerability_score,ND-GAIN
TCD,2002,0.246008465366716,climate_vulnerability_score,ND-GAIN
CHL,2002,0.473612524883536,climate_vulnerability_score,ND-GAIN
CHN,2002,0.353277443455642,climate_vulnerability_score,ND-GAIN
COL,2002,0.294508375015487,climate_vulnerability_score,ND-GAIN
COM,2002,0.32097301446023,climate_vulnerability_score,ND-GAIN
COG,2002,0.264765259306935,climate_vulnerability_score,ND-GAIN
COD,2002,0.197619596234388,climate_vulnerability_score,ND-GAIN
CRI,2002,0.392158884534493,climate_vulnerability_score,ND-GAIN
CIV,2002,0.254118391231034,climate_vulnerability_score,ND-GAIN
HRV,2002,0.461504659794925,climate_vulnerability_score,ND-GAIN
CUB,2002,0.271533619585349,climate_vulnerability_score,ND-GAIN
CYP,2002,0.470289695510308,climate_vulnerability_score,ND-GAIN
CZE,2002,0.466670857468075,climate_vulnerability_score,ND-GAIN
DNK,2002,0.682118796886356,climate_vulnerability_score,ND-GAIN
DJI,2002,0.32614107430372,climate_vulnerability_score,ND-GAIN
DMA,2002,0.579178765840965,climate_vulnerability_score,ND-GAIN
DOM,2002,0.314075382776911,climate_vulnerability_score,ND-GAIN
ECU,2002,0.289019261733375,climate_vulnerability_score,ND-GAIN
EGY,2002,0.335909041324821,climate_vulnerability_score,ND-GAIN
SLV,2002,0.302952419187616,climate_vulnerability_score,ND-GAIN
GNQ,2002,0.272147168426112,climate_vulnerability_score,ND-GAIN
ERI,2002,0.303584834605989,climate_vulnerability_score,ND-GAIN
EST,2002,0.492010659081871,climate_vulnerability_score,ND-GAIN
ETH,2002,0.292706832498633,climate_vulnerability_score,ND-GAIN
FJI,2002,0.387531805762611,climate_vulnerability_score,ND-GAIN
FIN,2002,0.701848564270346,climate_vulnerability_score,ND-GAIN
FRA,2002,0.588056006769632,climate_vulnerability_score,ND-GAIN
GAB,2002,0.381888244706245,climate_vulnerability_score,ND-GAIN
GMB,2002,0.385787076339336,climate_vulnerability_score,ND-GAIN
GEO,2002,0.321565232779431,climate_vulnerability_score,ND-GAIN
DEU,2002,0.639808417060474,climate_vulnerability_score,ND-GAIN
GHA,2002,0.328850471096882,climate_vulnerability_score,ND-GAIN
GRC,2002,0.467148237187705,climate_vulnerability_score,ND-GAIN
GRD,2002,0.482022108748638,climate_vulnerability_score,ND-GAIN
GTM,2002,0.273470668135872,climate_vulnerability_score,ND-GAIN
GIN,2002,0.283541408707034,climate_vulnerability_score,ND-GAIN
GNB,2002,0.326020306978885,climate_vulnerability_score,ND-GAIN
GUY,2002,0.351483700459185,climate_vulnerability_score,ND-GAIN
HTI,2002,0.217080694477455,climate_vulnerability_score,ND-GAIN
HND,2002,0.266964748444824,climate_vulnerability_score,ND-GAIN
HUN,2002,0.515998855550362,climate_vulnerability_score,ND-GAIN
ISL,2002,0.672648687545276,climate_vulnerability_score,ND-GAIN
IND,2002,0.351051220346494,climate_vulnerability_score,ND-GAIN
IDN,2002,0.314802259308615,climate_vulnerability_score,ND-GAIN
IRN,2002,0.328048844038938,climate_vulnerability_score,ND-GAIN
IRQ,2002,0.2974517884215,climate_vulnerability_score,ND-GAIN
IRL,2002,0.544147398758447,climate_vulnerability_score,ND-GAIN
ISR,2002,0.508799806299472,climate_vulnerability_score,ND-GAIN
ITA,2002,0.499743045879807,climate_vulnerability_score,ND-GAIN
JAM,2002,0.352678039087126,climate_vulnerability_score,ND-GAIN
JPN,2002,0.590944026918789,climate_vulnerability_score,ND-GAIN
JOR,2002,0.346229852622936,climate_vulnerability_score,ND-GAIN
KAZ,2002,0.385838700799944,climate_vulnerability_score,ND-GAIN
KEN,2002,0.289912774363,climate_vulnerability_score,ND-GAIN
KIR,2002,0.37525125734756,climate_vulnerability_score,ND-GAIN
PRK,2002,0.390101180582637,climate_vulnerability_score,ND-GAIN
KOR,2002,0.592410443079516,climate_vulnerability_score,ND-GAIN
KWT,2002,0.382738522156375,climate_vulnerability_score,ND-GAIN
KGZ,2002,0.375577133156311,climate_vulnerability_score,ND-GAIN
LAO,2002,0.294010488422823,climate_vulnerability_score,ND-GAIN
LVA,2002,0.48977990138233,climate_vulnerability_score,ND-GAIN
LBN,2002,0.316576223570899,climate_vulnerability_score,ND-GAIN
LSO,2002,0.304941742684135,climate_vulnerability_score,ND-GAIN
LBR,2002,0.294358772003798,climate_vulnerability_score,ND-GAIN
LBY,2002,0.306606065197808,climate_vulnerability_score,ND-GAIN
LIE,2002,0.558917410442537,climate_vulnerability_score,ND-GAIN
LTU,2002,0.467050030898621,climate_vulnerability_score,ND-GAIN
LUX,2002,0.561757971764124,climate_vulnerability_score,ND-GAIN
MKD,2002,0.331416462233261,climate_vulnerability_score,ND-GAIN
MDG,2002,0.315363971972478,climate_vulnerability_score,ND-GAIN
MWI,2002,0.302742920599249,climate_vulnerability_score,ND-GAIN
MYS,2002,0.407802808946835,climate_vulnerability_score,ND-GAIN
MDV,2002,0.41094872254274,climate_vulnerability_score,ND-GAIN
MLI,2002,0.323824783546779,climate_vulnerability_score,ND-GAIN
MLT,2002,0.486628175994509,climate_vulnerability_score,ND-GAIN
MHL,2002,0.357144076569725,climate_vulnerability_score,ND-GAIN
MRT,2002,0.363027873785951,climate_vulnerability_score,ND-GAIN
MUS,2002,0.454617394317796,climate_vulnerability_score,ND-GAIN
MEX,2002,0.390771623967779,climate_vulnerability_score,ND-GAIN
FSM,2002,0.35258542148196,climate_vulnerability_score,ND-GAIN
MDA,2002,0.391880118586191,climate_vulnerability_score,ND-GAIN
MCO,2002,0.693049036451908,climate_vulnerability_score,ND-GAIN
MNG,2002,0.420655779326688,climate_vulnerability_score,ND-GAIN
MNE,2002,0.427713429313093,climate_vulnerability_score,ND-GAIN
MAR,2002,0.35010387268764,climate_vulnerability_score,ND-GAIN
MOZ,2002,0.292030004699736,climate_vulnerability_score,ND-GAIN
MMR,2002,0.23724166787898,climate_vulnerability_score,ND-GAIN
NAM,2002,0.36495077058301,climate_vulnerability_score,ND-GAIN
NRU,2002,0.545644247309113,climate_vulnerability_score,ND-GAIN
NPL,2002,0.309768810906407,climate_vulnerability_score,ND-GAIN
NLD,2002,0.612340749309224,climate_vulnerability_score,ND-GAIN
NZL,2002,0.676397508790118,climate_vulnerability_score,ND-GAIN
NIC,2002,0.323505745024404,climate_vulnerability_score,ND-GAIN
NER,2002,0.284467171630821,climate_vulnerability_score,ND-GAIN
NGA,2002,0.270002906346912,climate_vulnerability_score,ND-GAIN
NOR,2002,0.674570299640146,climate_vulnerability_score,ND-GAIN
OMN,2002,0.395103109363469,climate_vulnerability_score,ND-GAIN
PAK,2002,0.328059218648967,climate_vulnerability_score,ND-GAIN
PLW,2002,0.400729280784994,climate_vulnerability_score,ND-GAIN
PAN,2002,0.353898451266047,climate_vulnerability_score,ND-GAIN
PNG,2002,0.284757788803139,climate_vulnerability_score,ND-GAIN
PRY,2002,0.260467705897178,climate_vulnerability_score,ND-GAIN
PER,2002,0.322430897611357,climate_vulnerability_score,ND-GAIN
PHL,2002,0.306621789602388,climate_vulnerability_score,ND-GAIN
POL,2002,0.455865434467395,climate_vulnerability_score,ND-GAIN
PRT,2002,0.480161819836179,climate_vulnerability_score,ND-GAIN
QAT,2002,0.413541013367462,climate_vulnerability_score,ND-GAIN
ROU,2002,0.417740648635976,climate_vulnerability_score,ND-GAIN
RUS,2002,0.438468679803896,climate_vulnerability_score,ND-GAIN
RWA,2002,0.262887808939807,climate_vulnerability_score,ND-GAIN
KNA,2002,0.44651352612141,climate_vulnerability_score,ND-GAIN
LCA,2002,0.435224178063288,climate_vulnerability_score,ND-GAIN
VCT,2002,0.417196436308065,climate_vulnerability_score,ND-GAIN
WSM,2002,0.359825009937997,climate_vulnerability_score,ND-GAIN
SMR,2002,0.58780890801866,climate_vulnerability_score,ND-GAIN
STP,2002,0.396000271698502,climate_vulnerability_score,ND-GAIN
SAU,2002,0.317606142227632,climate_vulnerability_score,ND-GAIN
SEN,2002,0.356122861507119,climate_vulnerability_score,ND-GAIN
SRB,2002,0.336781827854476,climate_vulnerability_score,ND-GAIN
SYC,2002,0.43731233795694,climate_vulnerability_score,ND-GAIN
SLE,2002,0.282623334469441,climate_vulnerability_score,ND-GAIN
SGP,2002,0.649633444169745,climate_vulnerability_score,ND-GAIN
SVK,2002,0.451740340089182,climate_vulnerability_score,ND-GAIN
SVN,2002,0.543856879219323,climate_vulnerability_score,ND-GAIN
SLB,2002,0.413373120383874,climate_vulnerability_score,ND-GAIN
SOM,2002,0.264185555407088,climate_vulnerability_score,ND-GAIN
ZAF,2002,0.368454833679391,climate_vulnerability_score,ND-GAIN
ESP,2002,0.517835559292239,climate_vulnerability_score,ND-GAIN
LKA,2002,0.361551659283248,climate_vulnerability_score,ND-GAIN
SDN,2002,0.290636324054612,climate_vulnerability_score,ND-GAIN
SUR,2002,0.375072118394322,climate_vulnerability_score,ND-GAIN
SWZ,2002,0.367771553418252,climate_vulnerability_score,ND-GAIN
SWE,2002,0.666661648805816,climate_vulnerability_score,ND-GAIN
CHE,2002,0.644178916307085,climate_vulnerability_score,ND-GAIN
SYR,2002,0.325431093032345,climate_vulnerability_score,ND-GAIN
TJK,2002,0.30968560387461,climate_vulnerability_score,ND-GAIN
TZA,2002,0.320344743448113,climate_vulnerability_score,ND-GAIN
THA,2002,0.401970541460917,climate_vulnerability_score,ND-GAIN
TLS,2002,0.369370851040625,climate_vulnerability_score,ND-GAIN
TGO,2002,0.29787317491989,climate_vulnerability_score,ND-GAIN
TON,2002,0.369039645669383,climate_vulnerability_score,ND-GAIN
TTO,2002,0.392505659142452,climate_vulnerability_score,ND-GAIN
TUN,2002,0.382326272551777,climate_vulnerability_score,ND-GAIN
TUR,2002,0.354688620074134,climate_vulnerability_score,ND-GAIN
TKM,2002,0.254524190190675,climate_vulnerability_score,ND-GAIN
TUV,2002,0.400481008010075,climate_vulnerability_score,ND-GAIN
UGA,2002,0.283680250969723,climate_vulnerability_score,ND-GAIN
UKR,2002,0.34258482993739,climate_vulnerability_score,ND-GAIN
ARE,2002,0.435694183327251,climate_vulnerability_score,ND-GAIN
GBR,2002,0.626496166926178,climate_vulnerability_score,ND-GAIN
USA,2002,0.630950012088134,climate_vulnerability_score,ND-GAIN
URY,2002,0.41912590376544,climate_vulnerability_score,ND-GAIN
UZB,2002,0.317756555902569,climate_vulnerability_score,ND-GAIN
VUT,2002,0.373291024697274,climate_vulnerability_score,ND-GAIN
VEN,2002,0.26631065408812,climate_vulnerability_score,ND-GAIN
VNM,2002,0.334161574634937,climate_vulnerability_score,ND-GAIN
YEM,2002,0.266850117523854,climate_vulnerability_score,ND-GAIN
ZMB,2002,0.318452844811671,climate_vulnerability_score,ND-GAIN
ZWE,2002,0.205974354904447,climate_vulnerability_score,ND-GAIN
AFG,2003,0.309414144926067,climate_vulnerability_score,ND-GAIN
ALB,2003,0.335912914690488,climate_vulnerability_score,ND-GAIN
DZA,2003,0.31853924472107,climate_vulnerability_score,ND-GAIN
AND,2003,0.459980238850581,climate_vulnerability_score,ND-GAIN
AGO,2003,0.208289907267682,climate_vulnerability_score,ND-GAIN
ATG,2003,0.466228691195695,climate_vulnerability_score,ND-GAIN
ARG,2003,0.339927583274813,climate_vulnerability_score,ND-GAIN
ARM,2003,0.413539631089357,climate_vulnerability_score,ND-GAIN
AUS,2003,0.639093291511689,climate_vulnerability_score,ND-GAIN
AUT,2003,0.637737475485947,climate_vulnerability_score,ND-GAIN
AZE,2003,0.371414272269095,climate_vulnerability_score,ND-GAIN
BHS,2003,0.466778163343683,climate_vulnerability_score,ND-GAIN
BHR,2003,0.415572069475206,climate_vulnerability_score,ND-GAIN
BGD,2003,0.317188011733864,climate_vulnerability_score,ND-GAIN
BRB,2003,0.498274788555651,climate_vulnerability_score,ND-GAIN
BLR,2003,0.409185002429177,climate_vulnerability_score,ND-GAIN
BEL,2003,0.552941365338277,climate_vulnerability_score,ND-GAIN
BLZ,2003,0.388948622754352,climate_vulnerability_score,ND-GAIN
BEN,2003,0.337124028789289,climate_vulnerability_score,ND-GAIN
BTN,2003,0.388885917389671,climate_vulnerability_score,ND-GAIN
BOL,2003,0.30773930417241,climate_vulnerability_score,ND-GAIN
BIH,2003,0.340596322539489,climate_vulnerability_score,ND-GAIN
BWA,2003,0.400341847435753,climate_vulnerability_score,ND-GAIN
BRA,2003,0.390991939532675,climate_vulnerability_score,ND-GAIN
BRN,2003,0.443661734446807,climate_vulnerability_score,ND-GAIN
BGR,2003,0.430004267993781,climate_vulnerability_score,ND-GAIN
BFA,2003,0.314886724251587,climate_vulnerability_score,ND-GAIN
BDI,2003,0.253978171973506,climate_vulnerability_score,ND-GAIN
KHM,2003,0.287979447830923,climate_vulnerability_score,ND-GAIN
CMR,2003,0.28199420245251,climate_vulnerability_score,ND-GAIN
CAN,2003,0.609451205328324,climate_vulnerability_score,ND-GAIN
CPV,2003,0.392345656248896,climate_vulnerability_score,ND-GAIN
CAF,2003,0.234227464774549,climate_vulnerability_score,ND-GAIN
TCD,2003,0.238214935096485,climate_vulnerability_score,ND-GAIN
CHL,2003,0.465645055513694,climate_vulnerability_score,ND-GAIN
CHN,2003,0.35846011879328,climate_vulnerability_score,ND-GAIN
COL,2003,0.301577522455778,climate_vulnerability_score,ND-GAIN
COM,2003,0.304206192037802,climate_vulnerability_score,ND-GAIN
COG,2003,0.27031704665909,climate_vulnerability_score,ND-GAIN
COD,2003,0.201547848530981,climate_vulnerability_score,ND-GAIN
CRI,2003,0.389679268430995,climate_vulnerability_score,ND-GAIN
CIV,2003,0.252883919011989,climate_vulnerability_score,ND-GAIN
HRV,2003,0.474441845275498,climate_vulnerability_score,ND-GAIN
CUB,2003,0.271975452755571,climate_vulnerability_score,ND-GAIN
CYP,2003,0.472907162294113,climate_vulnerability_score,ND-GAIN
CZE,2003,0.475909755308901,climate_vulnerability_score,ND-GAIN
DNK,2003,0.686253644386329,climate_vulnerability_score,ND-GAIN
DJI,2003,0.320204634880098,climate_vulnerability_score,ND-GAIN
DMA,2003,0.580854551637739,climate_vulnerability_score,ND-GAIN
DOM,2003,0.301321590049651,climate_vulnerability_score,ND-GAIN
ECU,2003,0.290860263625429,climate_vulnerability_score,ND-GAIN
EGY,2003,0.330346571129924,climate_vulnerability_score,ND-GAIN
SLV,2003,0.30632805745496,climate_vulnerability_score,ND-GAIN
GNQ,2003,0.275891611234597,climate_vulnerability_score,ND-GAIN
ERI,2003,0.297009423205733,climate_vulnerability_score,ND-GAIN
EST,2003,0.499702414102219,climate_vulnerability_score,ND-GAIN
ETH,2003,0.291520724853465,climate_vulnerability_score,ND-GAIN
FJI,2003,0.379151068948737,climate_vulnerability_score,ND-GAIN
FIN,2003,0.704859310448635,climate_vulnerability_score,ND-GAIN
FRA,2003,0.591368284143939,climate_vulnerability_score,ND-GAIN
GAB,2003,0.374979194734532,climate_vulnerability_score,ND-GAIN
GMB,2003,0.389602865576119,climate_vulnerability_score,ND-GAIN
GEO,2003,0.338719292486701,climate_vulnerability_score,ND-GAIN
DEU,2003,0.636043971401549,climate_vulnerability_score,ND-GAIN
GHA,2003,0.327749195303818,climate_vulnerability_score,ND-GAIN
GRC,2003,0.46987727911557,climate_vulnerability_score,ND-GAIN
GRD,2003,0.485583927391386,climate_vulnerability_score,ND-GAIN
GTM,2003,0.276533963252858,climate_vulnerability_score,ND-GAIN
GIN,2003,0.289307364785884,climate_vulnerability_score,ND-GAIN
GNB,2003,0.325351825767572,climate_vulnerability_score,ND-GAIN
GUY,2003,0.35617731061804,climate_vulnerability_score,ND-GAIN
HTI,2003,0.222530744114001,climate_vulnerability_score,ND-GAIN
HND,2003,0.265858651918586,climate_vulnerability_score,ND-GAIN
HUN,2003,0.506972056718249,climate_vulnerability_score,ND-GAIN
ISL,2003,0.67547541923382,climate_vulnerability_score,ND-GAIN
IND,2003,0.350059095724839,climate_vulnerability_score,ND-GAIN
IDN,2003,0.314099815887622,climate_vulnerability_score,ND-GAIN
IRN,2003,0.331186149087076,climate_vulnerability_score,ND-GAIN
IRQ,2003,0.301671703046743,climate_vulnerability_score,ND-GAIN
IRL,2003,0.544193126342917,climate_vulnerability_score,ND-GAIN
ISR,2003,0.513144803260209,climate_vulnerability_score,ND-GAIN
ITA,2003,0.496514897903953,climate_vulnerability_score,ND-GAIN
JAM,2003,0.352005632162725,climate_vulnerability_score,ND-GAIN
JPN,2003,0.59929570596201,climate_vulnerability_score,ND-GAIN
JOR,2003,0.366187394952449,climate_vulnerability_score,ND-GAIN
KAZ,2003,0.395573560372053,climate_vulnerability_score,ND-GAIN
KEN,2003,0.294396977038821,climate_vulnerability_score,ND-GAIN
KIR,2003,0.375293812369587,climate_vulnerability_score,ND-GAIN
PRK,2003,0.376209433456146,climate_vulnerability_score,ND-GAIN
KOR,2003,0.597081087544122,climate_vulnerability_score,ND-GAIN
KWT,2003,0.383862123371384,climate_vulnerability_score,ND-GAIN
KGZ,2003,0.380737616906119,climate_vulnerability_score,ND-GAIN
LAO,2003,0.277271867984006,climate_vulnerability_score,ND-GAIN
LVA,2003,0.49338375494281,climate_vulnerability_score,ND-GAIN
LBN,2003,0.314759040441688,climate_vulnerability_score,ND-GAIN
LSO,2003,0.306167558685895,climate_vulnerability_score,ND-GAIN
LBR,2003,0.291889145732803,climate_vulnerability_score,ND-GAIN
LBY,2003,0.313025400274949,climate_vulnerability_score,ND-GAIN
LIE,2003,0.55814187391494,climate_vulnerability_score,ND-GAIN
LTU,2003,0.475094331885199,climate_vulnerability_score,ND-GAIN
LUX,2003,0.52514745597862,climate_vulnerability_score,ND-GAIN
MKD,2003,0.334424137685067,climate_vulnerability_score,ND-GAIN
MDG,2003,0.32556925654318,climate_vulnerability_score,ND-GAIN
MWI,2003,0.307109734758446,climate_vulnerability_score,ND-GAIN
MYS,2003,0.418927094868703,climate_vulnerability_score,ND-GAIN
MDV,2003,0.413623538352352,climate_vulnerability_score,ND-GAIN
MLI,2003,0.326743706188001,climate_vulnerability_score,ND-GAIN
MLT,2003,0.490827672018564,climate_vulnerability_score,ND-GAIN
MHL,2003,0.357993258376533,climate_vulnerability_score,ND-GAIN
MRT,2003,0.354337882403601,climate_vulnerability_score,ND-GAIN
MUS,2003,0.455707853353601,climate_vulnerability_score,ND-GAIN
MEX,2003,0.393145186060638,climate_vulnerability_score,ND-GAIN
FSM,2003,0.353859823800841,climate_vulnerability_score,ND-GAIN
MDA,2003,0.401314809006149,climate_vulnerability_score,ND-GAIN
MCO,2003,0.654156585721775,climate_vulnerability_score,ND-GAIN
MNG,2003,0.420545377390696,climate_vulnerability_score,ND-GAIN
MNE,2003,0.425112655744598,climate_vulnerability_score,ND-GAIN
MAR,2003,0.340223053074496,climate_vulnerability_score,ND-GAIN
MOZ,2003,0.288943888527826,climate_vulnerability_score,ND-GAIN
MMR,2003,0.239711852196825,climate_vulnerability_score,ND-GAIN
NAM,2003,0.363966452468742,climate_vulnerability_score,ND-GAIN
NRU,2003,0.545258547391158,climate_vulnerability_score,ND-GAIN
NPL,2003,0.306967376465474,climate_vulnerability_score,ND-GAIN
NLD,2003,0.616872468787796,climate_vulnerability_score,ND-GAIN
NZL,2003,0.678530480675248,climate_vulnerability_score,ND-GAIN
NIC,2003,0.330369671140696,climate_vulnerability_score,ND-GAIN
NER,2003,0.28888476132094,climate_vulnerability_score,ND-GAIN
NGA,2003,0.279230311660055,climate_vulnerability_score,ND-GAIN
NOR,2003,0.67226749547789,climate_vulnerability_score,ND-GAIN
OMN,2003,0.394500775633246,climate_vulnerability_score,ND-GAIN
PAK,2003,0.327458716097874,climate_vulnerability_score,ND-GAIN
PLW,2003,0.404956172490129,climate_vulnerability_score,ND-GAIN
PAN,2003,0.351250196953241,climate_vulnerability_score,ND-GAIN
PNG,2003,0.281073516776804,climate_vulnerability_score,ND-GAIN
PRY,2003,0.269123752714074,climate_vulnerability_score,ND-GAIN
PER,2003,0.329460145099765,climate_vulnerability_score,ND-GAIN
PHL,2003,0.297488744078184,climate_vulnerability_score,ND-GAIN
POL,2003,0.453196641356326,climate_vulnerability_score,ND-GAIN
PRT,2003,0.480797930957949,climate_vulnerability_score,ND-GAIN
QAT,2003,0.420087309353572,climate_vulnerability_score,ND-GAIN
ROU,2003,0.409456290421357,climate_vulnerability_score,ND-GAIN
RUS,2003,0.443859827519154,climate_vulnerability_score,ND-GAIN
RWA,2003,0.276230474381387,climate_vulnerability_score,ND-GAIN
KNA,2003,0.451946555700755,climate_vulnerability_score,ND-GAIN
LCA,2003,0.448476743290417,climate_vulnerability_score,ND-GAIN
VCT,2003,0.424929349637817,climate_vulnerability_score,ND-GAIN
WSM,2003,0.363536037830495,climate_vulnerability_score,ND-GAIN
SMR,2003,0.587913745172748,climate_vulnerability_score,ND-GAIN
STP,2003,0.386005038653988,climate_vulnerability_score,ND-GAIN
SAU,2003,0.31852791302526,climate_vulnerability_score,ND-GAIN
SEN,2003,0.339833843042089,climate_vulnerability_score,ND-GAIN
SRB,2003,0.344630866702885,climate_vulnerability_score,ND-GAIN
SYC,2003,0.436049418728679,climate_vulnerability_score,ND-GAIN
SLE,2003,0.2875102144222,climate_vulnerability_score,ND-GAIN
SGP,2003,0.651570762445595,climate_vulnerability_score,ND-GAIN
SVK,2003,0.458342876236996,climate_vulnerability_score,ND-GAIN
SVN,2003,0.543170950389732,climate_vulnerability_score,ND-GAIN
SLB,2003,0.425820244351079,climate_vulnerability_score,ND-GAIN
SOM,2003,0.248852533523076,climate_vulnerability_score,ND-GAIN
ZAF,2003,0.368677766361181,climate_vulnerability_score,ND-GAIN
ESP,2003,0.52081450050511,climate_vulnerability_score,ND-GAIN
LKA,2003,0.357349708112106,climate_vulnerability_score,ND-GAIN
SDN,2003,0.282216824043868,climate_vulnerability_score,ND-GAIN
SUR,2003,0.375303193265732,climate_vulnerability_score,ND-GAIN
SWZ,2003,0.368560770271102,climate_vulnerability_score,ND-GAIN
SWE,2003,0.670097253918443,climate_vulnerability_score,ND-GAIN
CHE,2003,0.641204220807327,climate_vulnerability_score,ND-GAIN
SYR,2003,0.320825196450245,climate_vulnerability_score,ND-GAIN
TJK,2003,0.310902704492029,climate_vulnerability_score,ND-GAIN
TZA,2003,0.316460942748472,climate_vulnerability_score,ND-GAIN
THA,2003,0.391578669803575,climate_vulnerability_score,ND-GAIN
TLS,2003,0.384172263279681,climate_vulnerability_score,ND-GAIN
TGO,2003,0.291397545805679,climate_vulnerability_score,ND-GAIN
TON,2003,0.354962827348741,climate_vulnerability_score,ND-GAIN
TTO,2003,0.389865371749735,climate_vulnerability_score,ND-GAIN
TUN,2003,0.383622152261468,climate_vulnerability_score,ND-GAIN
TUR,2003,0.360138159397343,climate_vulnerability_score,ND-GAIN
TKM,2003,0.253735229550467,climate_vulnerability_score,ND-GAIN
TUV,2003,0.400782121403849,climate_vulnerability_score,ND-GAIN
UGA,2003,0.285530602819633,climate_vulnerability_score,ND-GAIN
UKR,2003,0.346783882628438,climate_vulnerability_score,ND-GAIN
ARE,2003,0.435232412524242,climate_vulnerability_score,ND-GAIN
GBR,2003,0.627219484495264,climate_vulnerability_score,ND-GAIN
USA,2003,0.623357316485509,climate_vulnerability_score,ND-GAIN
URY,2003,0.419059823749989,climate_vulnerability_score,ND-GAIN
UZB,2003,0.312207784896118,climate_vulnerability_score,ND-GAIN
VUT,2003,0.368727712873964,climate_vulnerability_score,ND-GAIN
VEN,2003,0.262316059904976,climate_vulnerability_score,ND-GAIN
VNM,2003,0.334386579969747,climate_vulnerability_score,ND-GAIN
YEM,2003,0.268817604312051,climate_vulnerability_score,ND-GAIN
ZMB,2003,0.325004618073946,climate_vulnerability_score,ND-GAIN
ZWE,2003,0.205494768102875,climate_vulnerability_score,ND-GAIN
AFG,2004,0.322552341629939,climate_vulnerability_score,ND-GAIN
ALB,2004,0.345525498671376,climate_vulnerability_score,ND-GAIN
DZA,2004,0.326511376774131,climate_vulnerability_score,ND-GAIN
AND,2004,0.438829292693384,climate_vulnerability_score,ND-GAIN
AGO,2004,0.220934274449304,climate_vulnerability_score,ND-GAIN
ATG,2004,0.458147229398719,climate_vulnerability_score,ND-GAIN
ARG,2004,0.351117934208785,climate_vulnerability_score,ND-GAIN
ARM,2004,0.413641219512997,climate_vulnerability_score,ND-GAIN
AUS,2004,0.63789417028823,climate_vulnerability_score,ND-GAIN
AUT,2004,0.637062619557226,climate_vulnerability_score,ND-GAIN
AZE,2004,0.379890244314691,climate_vulnerability_score,ND-GAIN
BHS,2004,0.461497391010283,climate_vulnerability_score,ND-GAIN
BHR,2004,0.411728999418393,climate_vulnerability_score,ND-GAIN
BGD,2004,0.316220404373503,climate_vulnerability_score,ND-GAIN
BRB,2004,0.494505339014303,climate_vulnerability_score,ND-GAIN
BLR,2004,0.41513878675718,climate_vulnerability_score,ND-GAIN
BEL,2004,0.548907149162896,climate_vulnerability_score,ND-GAIN
BLZ,2004,0.378538883482709,climate_vulnerability_score,ND-GAIN
BEN,2004,0.337455523883875,climate_vulnerability_score,ND-GAIN
BTN,2004,0.377083148762369,climate_vulnerability_score,ND-GAIN
BOL,2004,0.319583104692991,climate_vulnerability_score,ND-GAIN
BIH,2004,0.348866840912431,climate_vulnerability_score,ND-GAIN
BWA,2004,0.388218249513538,climate_vulnerability_score,ND-GAIN
BRA,2004,0.385784290789263,climate_vulnerability_score,ND-GAIN
BRN,2004,0.440470302582897,climate_vulnerability_score,ND-GAIN
BGR,2004,0.434579024448186,climate_vulnerability_score,ND-GAIN
BFA,2004,0.306071358635429,climate_vulnerability_score,ND-GAIN
BDI,2004,0.260257079640869,climate_vulnerability_score,ND-GAIN
KHM,2004,0.288894287421011,climate_vulnerability_score,ND-GAIN
CMR,2004,0.290773433590016,climate_vulnerability_score,ND-GAIN
CAN,2004,0.618088926334005,climate_vulnerability_score,ND-GAIN
CPV,2004,0.387139512119223,climate_vulnerability_score,ND-GAIN
CAF,2004,0.240448281927283,climate_vulnerability_score,ND-GAIN
TCD,2004,0.247418318675209,climate_vulnerability_score,ND-GAIN
CHL,2004,0.467257538826341,climate_vulnerability_score,ND-GAIN
CHN,2004,0.366425187436922,climate_vulnerability_score,ND-GAIN
COL,2004,0.313709978065572,climate_vulnerability_score,ND-GAIN
COM,2004,0.301378655004485,climate_vulnerability_score,ND-GAIN
COG,2004,0.276569485056136,climate_vulnerability_score,ND-GAIN
COD,2004,0.213325733260309,climate_vulnerability_score,ND-GAIN
CRI,2004,0.394284975893524,climate_vulnerability_score,ND-GAIN
CIV,2004,0.235310617670957,climate_vulnerability_score,ND-GAIN
HRV,2004,0.477775391204319,climate_vulnerability_score,ND-GAIN
CUB,2004,0.289977673527154,climate_vulnerability_score,ND-GAIN
CYP,2004,0.469084258394666,climate_vulnerability_score,ND-GAIN
CZE,2004,0.469556137340998,climate_vulnerability_score,ND-GAIN
DNK,2004,0.68530626620636,climate_vulnerability_score,ND-GAIN
DJI,2004,0.330837279031933,climate_vulnerability_score,ND-GAIN
DMA,2004,0.56365523258732,climate_vulnerability_score,ND-GAIN
DOM,2004,0.310550582951654,climate_vulnerability_score,ND-GAIN
ECU,2004,0.292709098867318,climate_vulnerability_score,ND-GAIN
EGY,2004,0.331031227628685,climate_vulnerability_score,ND-GAIN
SLV,2004,0.330038605218985,climate_vulnerability_score,ND-GAIN
GNQ,2004,0.272306983638084,climate_vulnerability_score,ND-GAIN
ERI,2004,0.292155340589312,climate_vulnerability_score,ND-GAIN
EST,2004,0.503907954902212,climate_vulnerability_score,ND-GAIN
ETH,2004,0.305240316037624,climate_vulnerability_score,ND-GAIN
FJI,2004,0.372009341924496,climate_vulnerability_score,ND-GAIN
FIN,2004,0.69745911762081,climate_vulnerability_score,ND-GAIN
FRA,2004,0.59364076674799,climate_vulnerability_score,ND-GAIN
GAB,2004,0.368151612004464,climate_vulnerability_score,ND-GAIN
GMB,2004,0.364002607568897,climate_vulnerability_score,ND-GAIN
GEO,2004,0.380051571186438,climate_vulnerability_score,ND-GAIN
DEU,2004,0.634770000080086,climate_vulnerability_score,ND-GAIN
GHA,2004,0.331403672855001,climate_vulnerability_score,ND-GAIN
GRC,2004,0.471160872230342,climate_vulnerability_score,ND-GAIN
GRD,2004,0.473791633671959,climate_vulnerability_score,ND-GAIN
GTM,2004,0.28855417475694,climate_vulnerability_score,ND-GAIN
GIN,2004,0.296729327557466,climate_vulnerability_score,ND-GAIN
GNB,2004,0.318471154212547,climate_vulnerability_score,ND-GAIN
GUY,2004,0.35454242996922,climate_vulnerability_score,ND-GAIN
HTI,2004,0.218741672429687,climate_vulnerability_score,ND-GAIN
HND,2004,0.271416878750084,climate_vulnerability_score,ND-GAIN
HUN,2004,0.509310691816709,climate_vulnerability_score,ND-GAIN
ISL,2004,0.677116025618961,climate_vulnerability_score,ND-GAIN
IND,2004,0.363568099339073,climate_vulnerability_score,ND-GAIN
IDN,2004,0.324436201814327,climate_vulnerability_score,ND-GAIN
IRN,2004,0.340310147366714,climate_vulnerability_score,ND-GAIN
IRQ,2004,0.291234361374627,climate_vulnerability_score,ND-GAIN
IRL,2004,0.535078409382255,climate_vulnerability_score,ND-GAIN
ISR,2004,0.51424332998252,climate_vulnerability_score,ND-GAIN
ITA,2004,0.497593603126386,climate_vulnerability_score,ND-GAIN
JAM,2004,0.362442874060898,climate_vulnerability_score,ND-GAIN
JPN,2004,0.602648538830027,climate_vulnerability_score,ND-GAIN
JOR,2004,0.371890175294718,climate_vulnerability_score,ND-GAIN
KAZ,2004,0.399092018518382,climate_vulnerability_score,ND-GAIN
KEN,2004,0.296659781232341,climate_vulnerability_score,ND-GAIN
KIR,2004,0.368232287397419,climate_vulnerability_score,ND-GAIN
PRK,2004,0.374852840157662,climate_vulnerability_score,ND-GAIN
KOR,2004,0.609691996245777,climate_vulnerability_score,ND-GAIN
KWT,2004,0.384490250660303,climate_vulnerability_score,ND-GAIN
KGZ,2004,0.365016288492748,climate_vulnerability_score,ND-GAIN
LAO,2004,0.283005303798582,climate_vulnerability_score,ND-GAIN
LVA,2004,0.489906434456368,climate_vulnerability_score,ND-GAIN
LBN,2004,0.316493134007366,climate_vulnerability_score,ND-GAIN
LSO,2004,0.30125376142516,climate_vulnerability_score,ND-GAIN
LBR,2004,0.307310867827918,climate_vulnerability_score,ND-GAIN
LBY,2004,0.320241712351899,climate_vulnerability_score,ND-GAIN
LIE,2004,0.547191796894716,climate_vulnerability_score,ND-GAIN
LTU,2004,0.476213367235893,climate_vulnerability_score,ND-GAIN
LUX,2004,0.530643294477256,climate_vulnerability_score,ND-GAIN
MKD,2004,0.358159700754633,climate_vulnerability_score,ND-GAIN
MDG,2004,0.317295498648386,climate_vulnerability_score,ND-GAIN
MWI,2004,0.314558320108556,climate_vulnerability_score,ND-GAIN
MYS,2004,0.419720046731221,climate_vulnerability_score,ND-GAIN
MDV,2004,0.391097820772959,climate_vulnerability_score,ND-GAIN
MLI,2004,0.331902266638292,climate_vulnerability_score,ND-GAIN
MLT,2004,0.476283452523,climate_vulnerability_score,ND-GAIN
MHL,2004,0.359304492399918,climate_vulnerability_score,ND-GAIN
MRT,2004,0.336966810161144,climate_vulnerability_score,ND-GAIN
MUS,2004,0.452611977114234,climate_vulnerability_score,ND-GAIN
MEX,2004,0.390776515586482,climate_vulnerability_score,ND-GAIN
FSM,2004,0.358283617357436,climate_vulnerability_score,ND-GAIN
MDA,2004,0.404317028426751,climate_vulnerability_score,ND-GAIN
MCO,2004,0.699826401216806,climate_vulnerability_score,ND-GAIN
MNG,2004,0.408828793008057,climate_vulnerability_score,ND-GAIN
MNE,2004,0.426636859118075,climate_vulnerability_score,ND-GAIN
MAR,2004,0.344493541563731,climate_vulnerability_score,ND-GAIN
MOZ,2004,0.284928683844067,climate_vulnerability_score,ND-GAIN
MMR,2004,0.238422711058303,climate_vulnerability_score,ND-GAIN
NAM,2004,0.356508077359513,climate_vulnerability_score,ND-GAIN
NRU,2004,0.544772723967458,climate_vulnerability_score,ND-GAIN
NPL,2004,0.297133834227,climate_vulnerability_score,ND-GAIN
NLD,2004,0.609940548545448,climate_vulnerability_score,ND-GAIN
NZL,2004,0.681636206140154,climate_vulnerability_score,ND-GAIN
NIC,2004,0.336469508341751,climate_vulnerability_score,ND-GAIN
NER,2004,0.289490858065282,climate_vulnerability_score,ND-GAIN
NGA,2004,0.286147033762462,climate_vulnerability_score,ND-GAIN
NOR,2004,0.670261327129492,climate_vulnerability_score,ND-GAIN
OMN,2004,0.394190306549335,climate_vulnerability_score,ND-GAIN
PAK,2004,0.323818203150747,climate_vulnerability_score,ND-GAIN
PLW,2004,0.41019888642691,climate_vulnerability_score,ND-GAIN
PAN,2004,0.354251960262172,climate_vulnerability_score,ND-GAIN
PNG,2004,0.284104159738398,climate_vulnerability_score,ND-GAIN
PRY,2004,0.29052205369708,climate_vulnerability_score,ND-GAIN
PER,2004,0.338784254862052,climate_vulnerability_score,ND-GAIN
PHL,2004,0.299035364111378,climate_vulnerability_score,ND-GAIN
POL,2004,0.442054304627533,climate_vulnerability_score,ND-GAIN
PRT,2004,0.473568921482665,climate_vulnerability_score,ND-GAIN
QAT,2004,0.415560050699053,climate_vulnerability_score,ND-GAIN
ROU,2004,0.417485679772825,climate_vulnerability_score,ND-GAIN
RUS,2004,0.442006640528132,climate_vulnerability_score,ND-GAIN
RWA,2004,0.286171397210382,climate_vulnerability_score,ND-GAIN
KNA,2004,0.456276616031539,climate_vulnerability_score,ND-GAIN
LCA,2004,0.446819416079901,climate_vulnerability_score,ND-GAIN
VCT,2004,0.427894551027223,climate_vulnerability_score,ND-GAIN
WSM,2004,0.352137161135938,climate_vulnerability_score,ND-GAIN
SMR,2004,0.58910110893057,climate_vulnerability_score,ND-GAIN
STP,2004,0.374810051878605,climate_vulnerability_score,ND-GAIN
SAU,2004,0.303800156009422,climate_vulnerability_score,ND-GAIN
SEN,2004,0.343222392348296,climate_vulnerability_score,ND-GAIN
SRB,2004,0.3551846509204,climate_vulnerability_score,ND-GAIN
SYC,2004,0.410458517081216,climate_vulnerability_score,ND-GAIN
SLE,2004,0.302346444920734,climate_vulnerability_score,ND-GAIN
SGP,2004,0.653935345440285,climate_vulnerability_score,ND-GAIN
SVK,2004,0.458834219459354,climate_vulnerability_score,ND-GAIN
SVN,2004,0.551098731189249,climate_vulnerability_score,ND-GAIN
SLB,2004,0.390373083746785,climate_vulnerability_score,ND-GAIN
SOM,2004,0.256476304025917,climate_vulnerability_score,ND-GAIN
ZAF,2004,0.371530457274761,climate_vulnerability_score,ND-GAIN
ESP,2004,0.513667492210259,climate_vulnerability_score,ND-GAIN
LKA,2004,0.358978832196576,climate_vulnerability_score,ND-GAIN
SDN,2004,0.296353234494578,climate_vulnerability_score,ND-GAIN
SUR,2004,0.369872998932722,climate_vulnerability_score,ND-GAIN
SWZ,2004,0.352901814430578,climate_vulnerability_score,ND-GAIN
SWE,2004,0.66751693647307,climate_vulnerability_score,ND-GAIN
CHE,2004,0.637709471752361,climate_vulnerability_score,ND-GAIN
SYR,2004,0.314651773299402,climate_vulnerability_score,ND-GAIN
TJK,2004,0.314544676470234,climate_vulnerability_score,ND-GAIN
TZA,2004,0.325406001192508,climate_vulnerability_score,ND-GAIN
THA,2004,0.389707797916903,climate_vulnerability_score,ND-GAIN
TLS,2004,0.384490375486422,climate_vulnerability_score,ND-GAIN
TGO,2004,0.288517537289141,climate_vulnerability_score,ND-GAIN
TON,2004,0.358171366883892,climate_vulnerability_score,ND-GAIN
TTO,2004,0.393058056680135,climate_vulnerability_score,ND-GAIN
TUN,2004,0.385969157622509,climate_vulnerability_score,ND-GAIN
TUR,2004,0.362032706515452,climate_vulnerability_score,ND-GAIN
TKM,2004,0.234925876639053,climate_vulnerability_score,ND-GAIN
TUV,2004,0.396112012264566,climate_vulnerability_score,ND-GAIN
UGA,2004,0.300563475668705,climate_vulnerability_score,ND-GAIN
UKR,2004,0.375275398780468,climate_vulnerability_score,ND-GAIN
ARE,2004,0.415422516884373,climate_vulnerability_score,ND-GAIN
GBR,2004,0.624749846418655,climate_vulnerability_score,ND-GAIN
USA,2004,0.622632602132317,climate_vulnerability_score,ND-GAIN
URY,2004,0.409080703250748,climate_vulnerability_score,ND-GAIN
UZB,2004,0.302595996915866,climate_vulnerability_score,ND-GAIN
VUT,2004,0.354683028366768,climate_vulnerability_score,ND-GAIN
VEN,2004,0.266466671544925,climate_vulnerability_score,ND-GAIN
VNM,2004,0.336169156057218,climate_vulnerability_score,ND-GAIN
YEM,2004,0.276592424491863,climate_vulnerability_score,ND-GAIN
ZMB,2004,0.312984097108133,climate_vulnerability_score,ND-GAIN
ZWE,2004,0.213042444928029,climate_vulnerability_score,ND-GAIN
AFG,2005,0.269032898860708,climate_vulnerability_score,ND-GAIN
ALB,2005,0.334879041587844,climate_vulnerability_score,ND-GAIN
DZA,2005,0.324664796961018,climate_vulnerability_score,ND-GAIN
AND,2005,0.479975219881595,climate_vulnerability_score,ND-GAIN
AGO,2005,0.211133075865028,climate_vulnerability_score,ND-GAIN
ATG,2005,0.481850747690417,climate_vulnerability_score,ND-GAIN
ARG,2005,0.369012231884015,climate_vulnerability_score,ND-GAIN
ARM,2005,0.434867200594856,climate_vulnerability_score,ND-GAIN
AUS,2005,0.646515104259995,climate_vulnerability_score,ND-GAIN
AUT,2005,0.649679010841801,climate_vulnerability_score,ND-GAIN
AZE,2005,0.384934071496547,climate_vulnerability_score,ND-GAIN
BHS,2005,0.492906790505112,climate_vulnerability_score,ND-GAIN
BHR,2005,0.422973432726887,climate_vulnerability_score,ND-GAIN
BGD,2005,0.334765085737454,climate_vulnerability_score,ND-GAIN
BRB,2005,0.532034780396427,climate_vulnerability_score,ND-GAIN
BLR,2005,0.414261407205295,climate_vulnerability_score,ND-GAIN
BEL,2005,0.548044160351478,climate_vulnerability_score,ND-GAIN
BLZ,2005,0.403465270131812,climate_vulnerability_score,ND-GAIN
BEN,2005,0.329969262985399,climate_vulnerability_score,ND-GAIN
BTN,2005,0.397936210648606,climate_vulnerability_score,ND-GAIN
BOL,2005,0.291216797991144,climate_vulnerability_score,ND-GAIN
BIH,2005,0.341405414651105,climate_vulnerability_score,ND-GAIN
BWA,2005,0.405355805508462,climate_vulnerability_score,ND-GAIN
BRA,2005,0.405344014760717,climate_vulnerability_score,ND-GAIN
BRN,2005,0.460894177311572,climate_vulnerability_score,ND-GAIN
BGR,2005,0.438415150598477,climate_vulnerability_score,ND-GAIN
BFA,2005,0.291937613509708,climate_vulnerability_score,ND-GAIN
BDI,2005,0.261525803049688,climate_vulnerability_score,ND-GAIN
KHM,2005,0.278459019099802,climate_vulnerability_score,ND-GAIN
CMR,2005,0.278335906855463,climate_vulnerability_score,ND-GAIN
CAN,2005,0.638139854005437,climate_vulnerability_score,ND-GAIN
CPV,2005,0.424075272076369,climate_vulnerability_score,ND-GAIN
CAF,2005,0.225453246887974,climate_vulnerability_score,ND-GAIN
TCD,2005,0.225082915117465,climate_vulnerability_score,ND-GAIN
CHL,2005,0.48742208559907,climate_vulnerability_score,ND-GAIN
CHN,2005,0.392700893339549,climate_vulnerability_score,ND-GAIN
COL,2005,0.318329465034862,climate_vulnerability_score,ND-GAIN
COM,2005,0.322685198559651,climate_vulnerability_score,ND-GAIN
COG,2005,0.252141998005021,climate_vulnerability_score,ND-GAIN
COD,2005,0.205566305903429,climate_vulnerability_score,ND-GAIN
CRI,2005,0.403186876851958,climate_vulnerability_score,ND-GAIN
CIV,2005,0.21490485896842,climate_vulnerability_score,ND-GAIN
HRV,2005,0.469791300440987,climate_vulnerability_score,ND-GAIN
CUB,2005,0.305496982768175,climate_vulnerability_score,ND-GAIN
CYP,2005,0.50373283626313,climate_vulnerability_score,ND-GAIN
CZE,2005,0.48004849833774,climate_vulnerability_score,ND-GAIN
DNK,2005,0.694793422312881,climate_vulnerability_score,ND-GAIN
DJI,2005,0.339994782485721,climate_vulnerability_score,ND-GAIN
DMA,2005,0.602018991917312,climate_vulnerability_score,ND-GAIN
DOM,2005,0.306148455918215,climate_vulnerability_score,ND-GAIN
ECU,2005,0.285127459479019,climate_vulnerability_score,ND-GAIN
EGY,2005,0.31975849436103,climate_vulnerability_score,ND-GAIN
SLV,2005,0.328573226004857,climate_vulnerability_score,ND-GAIN
GNQ,2005,0.28736231840286,climate_vulnerability_score,ND-GAIN
ERI,2005,0.259159665699165,climate_vulnerability_score,ND-GAIN
EST,2005,0.521742793801737,climate_vulnerability_score,ND-GAIN
ETH,2005,0.292154651787647,climate_vulnerability_score,ND-GAIN
FJI,2005,0.385221934180386,climate_vulnerability_score,ND-GAIN
FIN,2005,0.715620211325359,climate_vulnerability_score,ND-GAIN
FRA,2005,0.600113914699007,climate_vulnerability_score,ND-GAIN
GAB,2005,0.396025199500748,climate_vulnerability_score,ND-GAIN
GMB,2005,0.384421081027496,climate_vulnerability_score,ND-GAIN
GEO,2005,0.388706877778429,climate_vulnerability_score,ND-GAIN
DEU,2005,0.644243745606454,climate_vulnerability_score,ND-GAIN
GHA,2005,0.327854291648844,climate_vulnerability_score,ND-GAIN
GRC,2005,0.46710479160524,climate_vulnerability_score,ND-GAIN
GRD,2005,0.498391189928771,climate_vulnerability_score,ND-GAIN
GTM,2005,0.282220834848372,climate_vulnerability_score,ND-GAIN
GIN,2005,0.28835799944191,climate_vulnerability_score,ND-GAIN
GNB,2005,0.345640297354739,climate_vulnerability_score,ND-GAIN
GUY,2005,0.31584230442294,climate_vulnerability_score,ND-GAIN
HTI,2005,0.20399193995742,climate_vulnerability_score,ND-GAIN
HND,2005,0.269305803050008,climate_vulnerability_score,ND-GAIN
HUN,2005,0.514300457121624,climate_vulnerability_score,ND-GAIN
ISL,2005,0.689163472897783,climate_vulnerability_score,ND-GAIN
IND,2005,0.388715001774216,climate_vulnerability_score,ND-GAIN
IDN,2005,0.349161951692994,climate_vulnerability_score,ND-GAIN
IRN,2005,0.343703336551774,climate_vulnerability_score,ND-GAIN
IRQ,2005,0.266603127163392,climate_vulnerability_score,ND-GAIN
IRL,2005,0.553094600711709,climate_vulnerability_score,ND-GAIN
ISR,2005,0.504699345342644,climate_vulnerability_score,ND-GAIN
ITA,2005,0.511303364434871,climate_vulnerability_score,ND-GAIN
JAM,2005,0.352661212835003,climate_vulnerability_score,ND-GAIN
JPN,2005,0.632200319077506,climate_vulnerability_score,ND-GAIN
JOR,2005,0.378067389796276,climate_vulnerability_score,ND-GAIN
KAZ,2005,0.411492534721028,climate_vulnerability_score,ND-GAIN
KEN,2005,0.285032012610967,climate_vulnerability_score,ND-GAIN
KIR,2005,0.36972474685681,climate_vulnerability_score,ND-GAIN
PRK,2005,0.380419412278161,climate_vulnerability_score,ND-GAIN
KOR,2005,0.622180873086513,climate_vulnerability_score,ND-GAIN
KWT,2005,0.386256435118447,climate_vulnerability_score,ND-GAIN
KGZ,2005,0.342753073362108,climate_vulnerability_score,ND-GAIN
LAO,2005,0.280651699189642,climate_vulnerability_score,ND-GAIN
LVA,2005,0.498550748209276,climate_vulnerability_score,ND-GAIN
LBN,2005,0.309001436759951,climate_vulnerability_score,ND-GAIN
LSO,2005,0.298081578919708,climate_vulnerability_score,ND-GAIN
LBR,2005,0.333343231588692,climate_vulnerability_score,ND-GAIN
LBY,2005,0.344023856802807,climate_vulnerability_score,ND-GAIN
LIE,2005,0.576094381046464,climate_vulnerability_score,ND-GAIN
LTU,2005,0.506436013464813,climate_vulnerability_score,ND-GAIN
LUX,2005,0.554955283158018,climate_vulnerability_score,ND-GAIN
MKD,2005,0.346839870768996,climate_vulnerability_score,ND-GAIN
MDG,2005,0.312133232806416,climate_vulnerability_score,ND-GAIN
MWI,2005,0.31443127580451,climate_vulnerability_score,ND-GAIN
MYS,2005,0.406312267499302,climate_vulnerability_score,ND-GAIN
MDV,2005,0.414192370446817,climate_vulnerability_score,ND-GAIN
MLI,2005,0.328488166065567,climate_vulnerability_score,ND-GAIN
MLT,2005,0.509858839694326,climate_vulnerability_score,ND-GAIN
MHL,2005,0.369156449792062,climate_vulnerability_score,ND-GAIN
MRT,2005,0.334602960439454,climate_vulnerability_score,ND-GAIN
MUS,2005,0.431873625731689,climate_vulnerability_score,ND-GAIN
MEX,2005,0.403276261397232,climate_vulnerability_score,ND-GAIN
FSM,2005,0.37064471494584,climate_vulnerability_score,ND-GAIN
MDA,2005,0.422310815572287,climate_vulnerability_score,ND-GAIN
MCO,2005,0.598932693688091,climate_vulnerability_score,ND-GAIN
MNG,2005,0.412252951025396,climate_vulnerability_score,ND-GAIN
MNE,2005,0.449180795717334,climate_vulnerability_score,ND-GAIN
MAR,2005,0.335693718004669,climate_vulnerability_score,ND-GAIN
MOZ,2005,0.277587021249059,climate_vulnerability_score,ND-GAIN
MMR,2005,0.261864311132713,climate_vulnerability_score,ND-GAIN
NAM,2005,0.352449152480983,climate_vulnerability_score,ND-GAIN
NRU,2005,0.565690049663507,climate_vulnerability_score,ND-GAIN
NPL,2005,0.305525937628959,climate_vulnerability_score,ND-GAIN
NLD,2005,0.626766250892236,climate_vulnerability_score,ND-GAIN
NZL,2005,0.698631418412468,climate_vulnerability_score,ND-GAIN
NIC,2005,0.329388332435615,climate_vulnerability_score,ND-GAIN
NER,2005,0.2926911302644,climate_vulnerability_score,ND-GAIN
NGA,2005,0.312320698566128,climate_vulnerability_score,ND-GAIN
NOR,2005,0.694878251620318,climate_vulnerability_score,ND-GAIN
OMN,2005,0.399407302896193,climate_vulnerability_score,ND-GAIN
PAK,2005,0.349532808319093,climate_vulnerability_score,ND-GAIN
PLW,2005,0.433326261035892,climate_vulnerability_score,ND-GAIN
PAN,2005,0.347939020344821,climate_vulnerability_score,ND-GAIN
PNG,2005,0.270400359083101,climate_vulnerability_score,ND-GAIN
PRY,2005,0.29424227505367,climate_vulnerability_score,ND-GAIN
PER,2005,0.334871136270081,climate_vulnerability_score,ND-GAIN
PHL,2005,0.305837827321289,climate_vulnerability_score,ND-GAIN
POL,2005,0.453389701020765,climate_vulnerability_score,ND-GAIN
PRT,2005,0.474765308686001,climate_vulnerability_score,ND-GAIN
QAT,2005,0.439426728746889,climate_vulnerability_score,ND-GAIN
ROU,2005,0.426632598604874,climate_vulnerability_score,ND-GAIN
RUS,2005,0.468521210918302,climate_vulnerability_score,ND-GAIN
RWA,2005,0.277319033078594,climate_vulnerability_score,ND-GAIN
KNA,2005,0.521416434502288,climate_vulnerability_score,ND-GAIN
LCA,2005,0.49569580915683,climate_vulnerability_score,ND-GAIN
VCT,2005,0.480151184077817,climate_vulnerability_score,ND-GAIN
WSM,2005,0.377763646678111,climate_vulnerability_score,ND-GAIN
SMR,2005,0.619077654858451,climate_vulnerability_score,ND-GAIN
STP,2005,0.328950833702511,climate_vulnerability_score,ND-GAIN
SAU,2005,0.324478595618457,climate_vulnerability_score,ND-GAIN
SEN,2005,0.331430419245237,climate_vulnerability_score,ND-GAIN
SRB,2005,0.335946805346503,climate_vulnerability_score,ND-GAIN
SYC,2005,0.434537906517739,climate_vulnerability_score,ND-GAIN
SLE,2005,0.284641677156782,climate_vulnerability_score,ND-GAIN
SGP,2005,0.656408643868708,climate_vulnerability_score,ND-GAIN
SVK,2005,0.476151002731614,climate_vulnerability_score,ND-GAIN
SVN,2005,0.562741091285804,climate_vulnerability_score,ND-GAIN
SLB,2005,0.364728667888554,climate_vulnerability_score,ND-GAIN
SOM,2005,0.290711289461768,climate_vulnerability_score,ND-GAIN
ZAF,2005,0.368568310842541,climate_vulnerability_score,ND-GAIN
ESP,2005,0.523680790967576,climate_vulnerability_score,ND-GAIN
LKA,2005,0.345002123131928,climate_vulnerability_score,ND-GAIN
SDN,2005,0.262490721373636,climate_vulnerability_score,ND-GAIN
SUR,2005,0.398687831227008,climate_vulnerability_score,ND-GAIN
SWZ,2005,0.37061802093631,climate_vulnerability_score,ND-GAIN
SWE,2005,0.679577733609468,climate_vulnerability_score,ND-GAIN
CHE,2005,0.654098540474927,climate_vulnerability_score,ND-GAIN
SYR,2005,0.309162880806416,climate_vulnerability_score,ND-GAIN
TJK,2005,0.332776729800733,climate_vulnerability_score,ND-GAIN
TZA,2005,0.316360794709351,climate_vulnerability_score,ND-GAIN
THA,2005,0.393606117466603,climate_vulnerability_score,ND-GAIN
TLS,2005,0.334673187709697,climate_vulnerability_score,ND-GAIN
TGO,2005,0.257909442547772,climate_vulnerability_score,ND-GAIN
TON,2005,0.33437781373058,climate_vulnerability_score,ND-GAIN
TTO,2005,0.415485916889693,climate_vulnerability_score,ND-GAIN
TUN,2005,0.385921292362077,climate_vulnerability_score,ND-GAIN
TUR,2005,0.383126134669036,climate_vulnerability_score,ND-GAIN
TKM,2005,0.221050460306175,climate_vulnerability_score,ND-GAIN
TUV,2005,0.406716050832169,climate_vulnerability_score,ND-GAIN
UGA,2005,0.292322361580546,climate_vulnerability_score,ND-GAIN
UKR,2005,0.367174234210999,climate_vulnerability_score,ND-GAIN
ARE,2005,0.429306951494255,climate_vulnerability_score,ND-GAIN
GBR,2005,0.625352253657968,climate_vulnerability_score,ND-GAIN
USA,2005,0.646318829942338,climate_vulnerability_score,ND-GAIN
URY,2005,0.409054322389393,climate_vulnerability_score,ND-GAIN
UZB,2005,0.271265897027334,climate_vulnerability_score,ND-GAIN
VUT,2005,0.364416139536578,climate_vulnerability_score,ND-GAIN
VEN,2005,0.26704559080577,climate_vulnerability_score,ND-GAIN
VNM,2005,0.353720142827975,climate_vulnerability_score,ND-GAIN
YEM,2005,0.283963164616901,climate_vulnerability_score,ND-GAIN
ZMB,2005,0.310366939933608,climate_vulnerability_score,ND-GAIN
ZWE,2005,0.202405517661381,climate_vulnerability_score,ND-GAIN
AFG,2006,0.242287582091684,climate_vulnerability_score,ND-GAIN
ALB,2006,0.324971109759115,climate_vulnerability_score,ND-GAIN
DZA,2006,0.299613292191179,climate_vulnerability_score,ND-GAIN
AND,2006,0.489743240744019,climate_vulnerability_score,ND-GAIN
AGO,2006,0.187941287802304,climate_vulnerability_score,ND-GAIN
ATG,2006,0.459667333203395,climate_vulnerability_score,ND-GAIN
ARG,2006,0.345105767651452,climate_vulnerability_score,ND-GAIN
ARM,2006,0.415284780362302,climate_vulnerability_score,ND-GAIN
AUS,2006,0.687645654058279,climate_vulnerability_score,ND-GAIN
AUT,2006,0.680282501519301,climate_vulnerability_score,ND-GAIN
AZE,2006,0.341515424969045,climate_vulnerability_score,ND-GAIN
BHS,2006,0.555394985801967,climate_vulnerability_score,ND-GAIN
BHR,2006,0.48734942705597,climate_vulnerability_score,ND-GAIN
BGD,2006,0.40795078482207,climate_vulnerability_score,ND-GAIN
BRB,2006,0.598164600462724,climate_vulnerability_score,ND-GAIN
BLR,2006,0.353946162234788,climate_vulnerability_score,ND-GAIN
BEL,2006,0.571545290607901,climate_vulnerability_score,ND-GAIN
BLZ,2006,0.343747258012547,climate_vulnerability_score,ND-GAIN
BEN,2006,0.314537178231603,climate_vulnerability_score,ND-GAIN
BTN,2006,0.377510917370891,climate_vulnerability_score,ND-GAIN
BOL,2006,0.27776147288013,climate_vulnerability_score,ND-GAIN
BIH,2006,0.323774585847696,climate_vulnerability_score,ND-GAIN
BWA,2006,0.390416238271573,climate_vulnerability_score,ND-GAIN
BRA,2006,0.475355983215667,climate_vulnerability_score,ND-GAIN
BRN,2006,0.531481242218377,climate_vulnerability_score,ND-GAIN
BGR,2006,0.436476896506367,climate_vulnerability_score,ND-GAIN
BFA,2006,0.255161005515422,climate_vulnerability_score,ND-GAIN
BDI,2006,0.240710540290984,climate_vulnerability_score,ND-GAIN
KHM,2006,0.272230185307335,climate_vulnerability_score,ND-GAIN
CMR,2006,0.261314156455546,climate_vulnerability_score,ND-GAIN
CAN,2006,0.679139597966135,climate_vulnerability_score,ND-GAIN
CPV,2006,0.388434939518109,climate_vulnerability_score,ND-GAIN
CAF,2006,0.168805734806494,climate_vulnerability_score,ND-GAIN
TCD,2006,0.179715501502007,climate_vulnerability_score,ND-GAIN
CHL,2006,0.502007119477109,climate_vulnerability_score,ND-GAIN
CHN,2006,0.473594309741883,climate_vulnerability_score,ND-GAIN
COL,2006,0.292619401778453,climate_vulnerability_score,ND-GAIN
COM,2006,0.282583536309091,climate_vulnerability_score,ND-GAIN
COG,2006,0.225143774023128,climate_vulnerability_score,ND-GAIN
COD,2006,0.166269986860216,climate_vulnerability_score,ND-GAIN
CRI,2006,0.381819434406775,climate_vulnerability_score,ND-GAIN
CIV,2006,0.181697531150284,climate_vulnerability_score,ND-GAIN
HRV,2006,0.453097334523022,climate_vulnerability_score,ND-GAIN
CUB,2006,0.357397074137428,climate_vulnerability_score,ND-GAIN
CYP,2006,0.580211242876047,climate_vulnerability_score,ND-GAIN
CZE,2006,0.487803320164187,climate_vulnerability_score,ND-GAIN
DNK,2006,0.755492423355244,climate_vulnerability_score,ND-GAIN
DJI,2006,0.296128465941562,climate_vulnerability_score,ND-GAIN
DMA,2006,0.546031849940399,climate_vulnerability_score,ND-GAIN
DOM,2006,0.315649176660851,climate_vulnerability_score,ND-GAIN
ECU,2006,0.288445406134106,climate_vulnerability_score,ND-GAIN
EGY,2006,0.288960493231719,climate_vulnerability_score,ND-GAIN
SLV,2006,0.33612769586849,climate_vulnerability_score,ND-GAIN
GNQ,2006,0.251081383019646,climate_vulnerability_score,ND-GAIN
ERI,2006,0.231217616393082,climate_vulnerability_score,ND-GAIN
EST,2006,0.5858924292123,climate_vulnerability_score,ND-GAIN
ETH,2006,0.292560448832711,climate_vulnerability_score,ND-GAIN
FJI,2006,0.411555699084086,climate_vulnerability_score,ND-GAIN
FIN,2006,0.751854702603678,climate_vulnerability_score,ND-GAIN
FRA,2006,0.612794405606865,climate_vulnerability_score,ND-GAIN
GAB,2006,0.310335632513044,climate_vulnerability_score,ND-GAIN
GMB,2006,0.319348721810319,climate_vulnerability_score,ND-GAIN
GEO,2006,0.381185083560571,climate_vulnerability_score,ND-GAIN
DEU,2006,0.680197833771264,climate_vulnerability_score,ND-GAIN
GHA,2006,0.329455770011515,climate_vulnerability_score,ND-GAIN
GRC,2006,0.492556950308322,climate_vulnerability_score,ND-GAIN
GRD,2006,0.435168601130221,climate_vulnerability_score,ND-GAIN
GTM,2006,0.262032268013975,climate_vulnerability_score,ND-GAIN
GIN,2006,0.237725445064399,climate_vulnerability_score,ND-GAIN
GNB,2006,0.272984860509474,climate_vulnerability_score,ND-GAIN
GUY,2006,0.313470144840594,climate_vulnerability_score,ND-GAIN
HTI,2006,0.210548631358486,climate_vulnerability_score,ND-GAIN
HND,2006,0.262718033967425,climate_vulnerability_score,ND-GAIN
HUN,2006,0.52884530428898,climate_vulnerability_score,ND-GAIN
ISL,2006,0.709042986858808,climate_vulnerability_score,ND-GAIN
IND,2006,0.463347927993537,climate_vulnerability_score,ND-GAIN
IDN,2006,0.432618796366745,climate_vulnerability_score,ND-GAIN
IRN,2006,0.328709545337252,climate_vulnerability_score,ND-GAIN
IRQ,2006,0.254959943497358,climate_vulnerability_score,ND-GAIN
IRL,2006,0.598149987161972,climate_vulnerability_score,ND-GAIN
ISR,2006,0.520071474195754,climate_vulnerability_score,ND-GAIN
ITA,2006,0.517621252755638,climate_vulnerability_score,ND-GAIN
JAM,2006,0.341125082805522,climate_vulnerability_score,ND-GAIN
JPN,2006,0.706350052421751,climate_vulnerability_score,ND-GAIN
JOR,2006,0.373222646467181,climate_vulnerability_score,ND-GAIN
KAZ,2006,0.385537093010433,climate_vulnerability_score,ND-GAIN
KEN,2006,0.268377533906947,climate_vulnerability_score,ND-GAIN
KIR,2006,0.379258755752541,climate_vulnerability_score,ND-GAIN
PRK,2006,0.378488892675525,climate_vulnerability_score,ND-GAIN
KOR,2006,0.651558751897424,climate_vulnerability_score,ND-GAIN
KWT,2006,0.386038525417718,climate_vulnerability_score,ND-GAIN
KGZ,2006,0.29098590652266,climate_vulnerability_score,ND-GAIN
LAO,2006,0.274681840922129,climate_vulnerability_score,ND-GAIN
LVA,2006,0.516471264298116,climate_vulnerability_score,ND-GAIN
LBN,2006,0.2901771123831,climate_vulnerability_score,ND-GAIN
LSO,2006,0.281264704550861,climate_vulnerability_score,ND-GAIN
LBR,2006,0.426590817671039,climate_vulnerability_score,ND-GAIN
LBY,2006,0.415555169297738,climate_vulnerability_score,ND-GAIN
LIE,2006,0.583904138861492,climate_vulnerability_score,ND-GAIN
LTU,2006,0.543385711656047,climate_vulnerability_score,ND-GAIN
LUX,2006,0.635772478473398,climate_vulnerability_score,ND-GAIN
MKD,2006,0.354776637258693,climate_vulnerability_score,ND-GAIN
MDG,2006,0.293728477152389,climate_vulnerability_score,ND-GAIN
MWI,2006,0.302721509378432,climate_vulnerability_score,ND-GAIN
MYS,2006,0.42141051560759,climate_vulnerability_score,ND-GAIN
MDV,2006,0.449177901317407,climate_vulnerability_score,ND-GAIN
MLI,2006,0.29787244663228,climate_vulnerability_score,ND-GAIN
MLT,2006,0.578674414434944,climate_vulnerability_score,ND-GAIN
MHL,2006,0.384842059149139,climate_vulnerability_score,ND-GAIN
MRT,2006,0.310165051799495,climate_vulnerability_score,ND-GAIN
MUS,2006,0.460338853193518,climate_vulnerability_score,ND-GAIN
MEX,2006,0.479469521264268,climate_vulnerability_score,ND-GAIN
FSM,2006,0.378485386114032,climate_vulnerability_score,ND-GAIN
MDA,2006,0.389403554031415,climate_vulnerability_score,ND-GAIN
MCO,2006,0.705783894739133,climate_vulnerability_score,ND-GAIN
MNG,2006,0.388924004008731,climate_vulnerability_score,ND-GAIN
MNE,2006,0.51585376218814,climate_vulnerability_score,ND-GAIN
MAR,2006,0.357112954494951,climate_vulnerability_score,ND-GAIN
MOZ,2006,0.277616803222214,climate_vulnerability_score,ND-GAIN
MMR,2006,0.339159499654532,climate_vulnerability_score,ND-GAIN
NAM,2006,0.366777888446655,climate_vulnerability_score,ND-GAIN
NRU,2006,0.565993161840923,climate_vulnerability_score,ND-GAIN
NPL,2006,0.311016423057939,climate_vulnerability_score,ND-GAIN
NLD,2006,0.649963658868932,climate_vulnerability_score,ND-GAIN
NZL,2006,0.748926491925135,climate_vulnerability_score,ND-GAIN
NIC,2006,0.298302951011891,climate_vulnerability_score,ND-GAIN
NER,2006,0.268319664346066,climate_vulnerability_score,ND-GAIN
NGA,2006,0.386665366293324,climate_vulnerability_score,ND-GAIN
NOR,2006,0.741033888818196,climate_vulnerability_score,ND-GAIN
OMN,2006,0.429759808684225,climate_vulnerability_score,ND-GAIN
PAK,2006,0.426470275593831,climate_vulnerability_score,ND-GAIN
PLW,2006,0.43984345839911,climate_vulnerability_score,ND-GAIN
PAN,2006,0.35580087066809,climate_vulnerability_score,ND-GAIN
PNG,2006,0.270265453450285,climate_vulnerability_score,ND-GAIN
PRY,2006,0.27824170870534,climate_vulnerability_score,ND-GAIN
PER,2006,0.353826812566111,climate_vulnerability_score,ND-GAIN
PHL,2006,0.299782236603506,climate_vulnerability_score,ND-GAIN
POL,2006,0.448557404385143,climate_vulnerability_score,ND-GAIN
PRT,2006,0.478960503081725,climate_vulnerability_score,ND-GAIN
QAT,2006,0.515226528184155,climate_vulnerability_score,ND-GAIN
ROU,2006,0.428288107527732,climate_vulnerability_score,ND-GAIN
RUS,2006,0.553384494178408,climate_vulnerability_score,ND-GAIN
RWA,2006,0.267691667461426,climate_vulnerability_score,ND-GAIN
KNA,2006,0.494975898304289,climate_vulnerability_score,ND-GAIN
LCA,2006,0.454089121044067,climate_vulnerability_score,ND-GAIN
VCT,2006,0.462869065864937,climate_vulnerability_score,ND-GAIN
WSM,2006,0.393687322208116,climate_vulnerability_score,ND-GAIN
SMR,2006,0.689056517247462,climate_vulnerability_score,ND-GAIN
STP,2006,0.305093467155507,climate_vulnerability_score,ND-GAIN
SAU,2006,0.351694114965121,climate_vulnerability_score,ND-GAIN
SEN,2006,0.295676478275465,climate_vulnerability_score,ND-GAIN
SRB,2006,0.356498397886986,climate_vulnerability_score,ND-GAIN
SYC,2006,0.41549697321864,climate_vulnerability_score,ND-GAIN
SLE,2006,0.250027420485627,climate_vulnerability_score,ND-GAIN
SGP,2006,0.71838155201452,climate_vulnerability_score,ND-GAIN
SVK,2006,0.502493256054486,climate_vulnerability_score,ND-GAIN
SVN,2006,0.562972257906233,climate_vulnerability_score,ND-GAIN
SLB,2006,0.363685188842439,climate_vulnerability_score,ND-GAIN
SOM,2006,0.386945719010543,climate_vulnerability_score,ND-GAIN
ZAF,2006,0.369977266692043,climate_vulnerability_score,ND-GAIN
ESP,2006,0.536031908697771,climate_vulnerability_score,ND-GAIN
LKA,2006,0.336060859089161,climate_vulnerability_score,ND-GAIN
SDN,2006,0.243242168598155,climate_vulnerability_score,ND-GAIN
SUR,2006,0.318669290141865,climate_vulnerability_score,ND-GAIN
SWZ,2006,0.3257623607203,climate_vulnerability_score,ND-GAIN
SWE,2006,0.721096298805692,climate_vulnerability_score,ND-GAIN
CHE,2006,0.699582135578933,climate_vulnerability_score,ND-GAIN
SYR,2006,0.293832529855298,climate_vulnerability_score,ND-GAIN
TJK,2006,0.25691570461207,climate_vulnerability_score,ND-GAIN
TZA,2006,0.305098959373535,climate_vulnerability_score,ND-GAIN
THA,2006,0.387113220821167,climate_vulnerability_score,ND-GAIN
TLS,2006,0.301119735504889,climate_vulnerability_score,ND-GAIN
TGO,2006,0.248628779279772,climate_vulnerability_score,ND-GAIN
TON,2006,0.353141054770441,climate_vulnerability_score,ND-GAIN
TTO,2006,0.328807923259695,climate_vulnerability_score,ND-GAIN
TUN,2006,0.414065908874917,climate_vulnerability_score,ND-GAIN
TUR,2006,0.39042090510045,climate_vulnerability_score,ND-GAIN
TKM,2006,0.215956490479011,climate_vulnerability_score,ND-GAIN
TUV,2006,0.398605187769857,climate_vulnerability_score,ND-GAIN
UGA,2006,0.281407869208877,climate_vulnerability_score,ND-GAIN
UKR,2006,0.321233600557,climate_vulnerability_score,ND-GAIN
ARE,2006,0.474955821758566,climate_vulnerability_score,ND-GAIN
GBR,2006,0.663117859643811,climate_vulnerability_score,ND-GAIN
USA,2006,0.714298477817869,climate_vulnerability_score,ND-GAIN
URY,2006,0.406125257467003,climate_vulnerability_score,ND-GAIN
UZB,2006,0.235502430158596,climate_vulnerability_score,ND-GAIN
VUT,2006,0.375454841363366,climate_vulnerability_score,ND-GAIN
VEN,2006,0.238284488046758,climate_vulnerability_score,ND-GAIN
VNM,2006,0.368118064667145,climate_vulnerability_score,ND-GAIN
YEM,2006,0.290127912802243,climate_vulnerability_score,ND-GAIN
ZMB,2006,0.307711946563922,climate_vulnerability_score,ND-GAIN
ZWE,2006,0.195745697468096,climate_vulnerability_score,ND-GAIN
AFG,2007,0.236949582690335,climate_vulnerability_score,ND-GAIN
ALB,2007,0.337100899303874,climate_vulnerability_score,ND-GAIN
DZA,2007,0.302171084770597,climate_vulnerability_score,ND-GAIN
AND,2007,0.509462463172292,climate_vulnerability_score,ND-GAIN
AGO,2007,0.192663729440798,climate_vulnerability_score,ND-GAIN
ATG,2007,0.46304029534533,climate_vulnerability_score,ND-GAIN
ARG,2007,0.356557330027673,climate_vulnerability_score,ND-GAIN
ARM,2007,0.422611328575753,climate_vulnerability_score,ND-GAIN
AUS,2007,0.695355566735251,climate_vulnerability_score,ND-GAIN
AUT,2007,0.689811977091479,climate_vulnerability_score,ND-GAIN
AZE,2007,0.344204911021548,climate_vulnerability_score,ND-GAIN
BHS,2007,0.559746859389563,climate_vulnerability_score,ND-GAIN
BHR,2007,0.5004188018651,climate_vulnerability_score,ND-GAIN
BGD,2007,0.420578462856995,climate_vulnerability_score,ND-GAIN
BRB,2007,0.609878865615065,climate_vulnerability_score,ND-GAIN
BLR,2007,0.372273084273708,climate_vulnerability_score,ND-GAIN
BEL,2007,0.577857850905983,climate_vulnerability_score,ND-GAIN
BLZ,2007,0.346041457482164,climate_vulnerability_score,ND-GAIN
BEN,2007,0.317743263605632,climate_vulnerability_score,ND-GAIN
BTN,2007,0.399915524765577,climate_vulnerability_score,ND-GAIN
BOL,2007,0.281087573851157,climate_vulnerability_score,ND-GAIN
BIH,2007,0.325383542311608,climate_vulnerability_score,ND-GAIN
BWA,2007,0.394287477260424,climate_vulnerability_score,ND-GAIN
BRA,2007,0.477946841262975,climate_vulnerability_score,ND-GAIN
BRN,2007,0.447622922493854,climate_vulnerability_score,ND-GAIN
BGR,2007,0.44081482732459,climate_vulnerability_score,ND-GAIN
BFA,2007,0.269340521970892,climate_vulnerability_score,ND-GAIN
BDI,2007,0.24101079898722,climate_vulnerability_score,ND-GAIN
KHM,2007,0.271482731284703,climate_vulnerability_score,ND-GAIN
CMR,2007,0.26215630149168,climate_vulnerability_score,ND-GAIN
CAN,2007,0.676004619070478,climate_vulnerability_score,ND-GAIN
CPV,2007,0.393746242347301,climate_vulnerability_score,ND-GAIN
CAF,2007,0.168101246099172,climate_vulnerability_score,ND-GAIN
TCD,2007,0.179501432269133,climate_vulnerability_score,ND-GAIN
CHL,2007,0.513827558073442,climate_vulnerability_score,ND-GAIN
CHN,2007,0.491218036308357,climate_vulnerability_score,ND-GAIN
COL,2007,0.299685854585583,climate_vulnerability_score,ND-GAIN
COM,2007,0.274568226871467,climate_vulnerability_score,ND-GAIN
COG,2007,0.228559306904787,climate_vulnerability_score,ND-GAIN
COD,2007,0.16795523803355,climate_vulnerability_score,ND-GAIN
CRI,2007,0.384804653384156,climate_vulnerability_score,ND-GAIN
CIV,2007,0.196440471663845,climate_vulnerability_score,ND-GAIN
HRV,2007,0.463617485023031,climate_vulnerability_score,ND-GAIN
CUB,2007,0.377513615428067,climate_vulnerability_score,ND-GAIN
CYP,2007,0.58285207113193,climate_vulnerability_score,ND-GAIN
CZE,2007,0.496229219651899,climate_vulnerability_score,ND-GAIN
DNK,2007,0.761633966161078,climate_vulnerability_score,ND-GAIN
DJI,2007,0.302657166254216,climate_vulnerability_score,ND-GAIN
DMA,2007,0.546463225581019,climate_vulnerability_score,ND-GAIN
DOM,2007,0.323242004487243,climate_vulnerability_score,ND-GAIN
ECU,2007,0.293284108746188,climate_vulnerability_score,ND-GAIN
EGY,2007,0.302669025577984,climate_vulnerability_score,ND-GAIN
SLV,2007,0.339248951882722,climate_vulnerability_score,ND-GAIN
GNQ,2007,0.252742857662186,climate_vulnerability_score,ND-GAIN
ERI,2007,0.226604751363087,climate_vulnerability_score,ND-GAIN
EST,2007,0.59586124542187,climate_vulnerability_score,ND-GAIN
ETH,2007,0.29562262381786,climate_vulnerability_score,ND-GAIN
FJI,2007,0.413982657918745,climate_vulnerability_score,ND-GAIN
FIN,2007,0.752868951623875,climate_vulnerability_score,ND-GAIN
FRA,2007,0.633320581295982,climate_vulnerability_score,ND-GAIN
GAB,2007,0.310276527589594,climate_vulnerability_score,ND-GAIN
GMB,2007,0.323723512410604,climate_vulnerability_score,ND-GAIN
GEO,2007,0.438064998699523,climate_vulnerability_score,ND-GAIN
DEU,2007,0.68774682344291,climate_vulnerability_score,ND-GAIN
GHA,2007,0.335267818370166,climate_vulnerability_score,ND-GAIN
GRC,2007,0.490687274387765,climate_vulnerability_score,ND-GAIN
GRD,2007,0.432478581472766,climate_vulnerability_score,ND-GAIN
GTM,2007,0.27213580656904,climate_vulnerability_score,ND-GAIN
GIN,2007,0.226481156915453,climate_vulnerability_score,ND-GAIN
GNB,2007,0.274105625775929,climate_vulnerability_score,ND-GAIN
GUY,2007,0.309769863440474,climate_vulnerability_score,ND-GAIN
HTI,2007,0.214415238344519,climate_vulnerability_score,ND-GAIN
HND,2007,0.274999190475182,climate_vulnerability_score,ND-GAIN
HUN,2007,0.526270568294545,climate_vulnerability_score,ND-GAIN
ISL,2007,0.737446260309175,climate_vulnerability_score,ND-GAIN
IND,2007,0.464586905594549,climate_vulnerability_score,ND-GAIN
IDN,2007,0.443358246107934,climate_vulnerability_score,ND-GAIN
IRN,2007,0.354810376506345,climate_vulnerability_score,ND-GAIN
IRQ,2007,0.252919821030748,climate_vulnerability_score,ND-GAIN
IRL,2007,0.606947431682225,climate_vulnerability_score,ND-GAIN
ISR,2007,0.536032088499608,climate_vulnerability_score,ND-GAIN
ITA,2007,0.518258613683416,climate_vulnerability_score,ND-GAIN
JAM,2007,0.344417025875382,climate_vulnerability_score,ND-GAIN
JPN,2007,0.705586795490793,climate_vulnerability_score,ND-GAIN
JOR,2007,0.391159042798696,climate_vulnerability_score,ND-GAIN
KAZ,2007,0.400106992170887,climate_vulnerability_score,ND-GAIN
KEN,2007,0.261812489479303,climate_vulnerability_score,ND-GAIN
KIR,2007,0.381787770663014,climate_vulnerability_score,ND-GAIN
PRK,2007,0.377851782007852,climate_vulnerability_score,ND-GAIN
KOR,2007,0.66942675310383,climate_vulnerability_score,ND-GAIN
KWT,2007,0.398024521071088,climate_vulnerability_score,ND-GAIN
KGZ,2007,0.315952181072003,climate_vulnerability_score,ND-GAIN
LAO,2007,0.280001951841128,climate_vulnerability_score,ND-GAIN
LVA,2007,0.532322520083414,climate_vulnerability_score,ND-GAIN
LBN,2007,0.284602022125542,climate_vulnerability_score,ND-GAIN
LSO,2007,0.278979060166168,climate_vulnerability_score,ND-GAIN
LBR,2007,0.252366225245635,climate_vulnerability_score,ND-GAIN
LBY,2007,0.42684333612387,climate_vulnerability_score,ND-GAIN
LIE,2007,0.597165181385522,climate_vulnerability_score,ND-GAIN
LTU,2007,0.550517412590501,climate_vulnerability_score,ND-GAIN
LUX,2007,0.572083904250133,climate_vulnerability_score,ND-GAIN
MKD,2007,0.384794777612506,climate_vulnerability_score,ND-GAIN
MDG,2007,0.302139813159688,climate_vulnerability_score,ND-GAIN
MWI,2007,0.300772111215296,climate_vulnerability_score,ND-GAIN
MYS,2007,0.418478319305245,climate_vulnerability_score,ND-GAIN
MDV,2007,0.435666940492898,climate_vulnerability_score,ND-GAIN
MLI,2007,0.306467978321674,climate_vulnerability_score,ND-GAIN
MLT,2007,0.587361928857982,climate_vulnerability_score,ND-GAIN
MHL,2007,0.387311039239834,climate_vulnerability_score,ND-GAIN
MRT,2007,0.314999081176313,climate_vulnerability_score,ND-GAIN
MUS,2007,0.466415002839837,climate_vulnerability_score,ND-GAIN
MEX,2007,0.479563864667246,climate_vulnerability_score,ND-GAIN
FSM,2007,0.373202072922296,climate_vulnerability_score,ND-GAIN
MDA,2007,0.405044655439581,climate_vulnerability_score,ND-GAIN
MCO,2007,0.727159661943281,climate_vulnerability_score,ND-GAIN
MNG,2007,0.385744997334471,climate_vulnerability_score,ND-GAIN
MNE,2007,0.40692633186085,climate_vulnerability_score,ND-GAIN
MAR,2007,0.360890963291065,climate_vulnerability_score,ND-GAIN
MOZ,2007,0.275355649908866,climate_vulnerability_score,ND-GAIN
MMR,2007,0.338871959093691,climate_vulnerability_score,ND-GAIN
NAM,2007,0.36967138065986,climate_vulnerability_score,ND-GAIN
NRU,2007,0.555991819764295,climate_vulnerability_score,ND-GAIN
NPL,2007,0.31397736410161,climate_vulnerability_score,ND-GAIN
NLD,2007,0.658833083555064,climate_vulnerability_score,ND-GAIN
NZL,2007,0.757868318859548,climate_vulnerability_score,ND-GAIN
NIC,2007,0.302707985844384,climate_vulnerability_score,ND-GAIN
NER,2007,0.285449099199306,climate_vulnerability_score,ND-GAIN
NGA,2007,0.393746098965034,climate_vulnerability_score,ND-GAIN
NOR,2007,0.744800286469404,climate_vulnerability_score,ND-GAIN
OMN,2007,0.432930200593558,climate_vulnerability_score,ND-GAIN
PAK,2007,0.424969152956568,climate_vulnerability_score,ND-GAIN
PLW,2007,0.441638377632885,climate_vulnerability_score,ND-GAIN
PAN,2007,0.361970736841761,climate_vulnerability_score,ND-GAIN
PNG,2007,0.276683409590476,climate_vulnerability_score,ND-GAIN
PRY,2007,0.286837337445501,climate_vulnerability_score,ND-GAIN
PER,2007,0.352644580944959,climate_vulnerability_score,ND-GAIN
PHL,2007,0.296679625361716,climate_vulnerability_score,ND-GAIN
POL,2007,0.46418699241877,climate_vulnerability_score,ND-GAIN
PRT,2007,0.500302924047721,climate_vulnerability_score,ND-GAIN
QAT,2007,0.524058433141895,climate_vulnerability_score,ND-GAIN
ROU,2007,0.452272985217031,climate_vulnerability_score,ND-GAIN
RUS,2007,0.56154728250191,climate_vulnerability_score,ND-GAIN
RWA,2007,0.276163101657332,climate_vulnerability_score,ND-GAIN
KNA,2007,0.489087814532299,climate_vulnerability_score,ND-GAIN
LCA,2007,0.451182288501203,climate_vulnerability_score,ND-GAIN
VCT,2007,0.459488908849458,climate_vulnerability_score,ND-GAIN
WSM,2007,0.393078255651089,climate_vulnerability_score,ND-GAIN
SMR,2007,0.692577510065536,climate_vulnerability_score,ND-GAIN
STP,2007,0.308540523872841,climate_vulnerability_score,ND-GAIN
SAU,2007,0.363207785373861,climate_vulnerability_score,ND-GAIN
SEN,2007,0.29994328602696,climate_vulnerability_score,ND-GAIN
SRB,2007,0.374828570726136,climate_vulnerability_score,ND-GAIN
SYC,2007,0.420682327958752,climate_vulnerability_score,ND-GAIN
SLE,2007,0.253144455346603,climate_vulnerability_score,ND-GAIN
SGP,2007,0.73262845961454,climate_vulnerability_score,ND-GAIN
SVK,2007,0.515922682555046,climate_vulnerability_score,ND-GAIN
SVN,2007,0.576169152850258,climate_vulnerability_score,ND-GAIN
SLB,2007,0.360938225722426,climate_vulnerability_score,ND-GAIN
SOM,2007,0.381117771824266,climate_vulnerability_score,ND-GAIN
ZAF,2007,0.368670053315038,climate_vulnerability_score,ND-GAIN
ESP,2007,0.538358290578111,climate_vulnerability_score,ND-GAIN
LKA,2007,0.337632397764285,climate_vulnerability_score,ND-GAIN
SDN,2007,0.244607902095853,climate_vulnerability_score,ND-GAIN
SUR,2007,0.319878075967643,climate_vulnerability_score,ND-GAIN
SWZ,2007,0.323784104816007,climate_vulnerability_score,ND-GAIN
SWE,2007,0.724828966831633,climate_vulnerability_score,ND-GAIN
CHE,2007,0.708494999733586,climate_vulnerability_score,ND-GAIN
SYR,2007,0.29919365027428,climate_vulnerability_score,ND-GAIN
TJK,2007,0.266724757716304,climate_vulnerability_score,ND-GAIN
TZA,2007,0.30483360646195,climate_vulnerability_score,ND-GAIN
THA,2007,0.392272357470939,climate_vulnerability_score,ND-GAIN
TLS,2007,0.301898962636389,climate_vulnerability_score,ND-GAIN
TGO,2007,0.258358310548834,climate_vulnerability_score,ND-GAIN
TON,2007,0.360194018172932,climate_vulnerability_score,ND-GAIN
TTO,2007,0.33652223090091,climate_vulnerability_score,ND-GAIN
TUN,2007,0.415095303123315,climate_vulnerability_score,ND-GAIN
TUR,2007,0.398473940465294,climate_vulnerability_score,ND-GAIN
TKM,2007,0.23038037549481,climate_vulnerability_score,ND-GAIN
TUV,2007,0.395505241759316,climate_vulnerability_score,ND-GAIN
UGA,2007,0.285146749913353,climate_vulnerability_score,ND-GAIN
UKR,2007,0.331856592015334,climate_vulnerability_score,ND-GAIN
ARE,2007,0.482401388463317,climate_vulnerability_score,ND-GAIN
GBR,2007,0.662229502111668,climate_vulnerability_score,ND-GAIN
USA,2007,0.71511014027851,climate_vulnerability_score,ND-GAIN
URY,2007,0.418754535516138,climate_vulnerability_score,ND-GAIN
UZB,2007,0.250048474733336,climate_vulnerability_score,ND-GAIN
VUT,2007,0.375371997282669,climate_vulnerability_score,ND-GAIN
VEN,2007,0.232749725102696,climate_vulnerability_score,ND-GAIN
VNM,2007,0.373045039579824,climate_vulnerability_score,ND-GAIN
YEM,2007,0.291406776699665,climate_vulnerability_score,ND-GAIN
ZMB,2007,0.312709617625007,climate_vulnerability_score,ND-GAIN
ZWE,2007,0.193624134871514,climate_vulnerability_score,ND-GAIN
AFG,2008,0.228003632764031,climate_vulnerability_score,ND-GAIN
ALB,2008,0.347650570353483,climate_vulnerability_score,ND-GAIN
DZA,2008,0.302956621797812,climate_vulnerability_score,ND-GAIN
AND,2008,0.510850610669421,climate_vulnerability_score,ND-GAIN
AGO,2008,0.200572925053542,climate_vulnerability_score,ND-GAIN
ATG,2008,0.46515450968888,climate_vulnerability_score,ND-GAIN
ARG,2008,0.349309009510687,climate_vulnerability_score,ND-GAIN
ARM,2008,0.437285944836912,climate_vulnerability_score,ND-GAIN
AUS,2008,0.702441991327503,climate_vulnerability_score,ND-GAIN
AUT,2008,0.687080925689838,climate_vulnerability_score,ND-GAIN
AZE,2008,0.3399456508931,climate_vulnerability_score,ND-GAIN
BHS,2008,0.462573821502267,climate_vulnerability_score,ND-GAIN
BHR,2008,0.442114193307765,climate_vulnerability_score,ND-GAIN
BGD,2008,0.429670943764272,climate_vulnerability_score,ND-GAIN
BRB,2008,0.614703640480908,climate_vulnerability_score,ND-GAIN
BLR,2008,0.394795084370312,climate_vulnerability_score,ND-GAIN
BEL,2008,0.582893050448827,climate_vulnerability_score,ND-GAIN
BLZ,2008,0.349242758311462,climate_vulnerability_score,ND-GAIN
BEN,2008,0.311869928990021,climate_vulnerability_score,ND-GAIN
BTN,2008,0.411830335715601,climate_vulnerability_score,ND-GAIN
BOL,2008,0.278707373370597,climate_vulnerability_score,ND-GAIN
BIH,2008,0.330900169133348,climate_vulnerability_score,ND-GAIN
BWA,2008,0.39965678514388,climate_vulnerability_score,ND-GAIN
BRA,2008,0.490240147624653,climate_vulnerability_score,ND-GAIN
BRN,2008,0.448943362704164,climate_vulnerability_score,ND-GAIN
BGR,2008,0.440390623869595,climate_vulnerability_score,ND-GAIN
BFA,2008,0.274530888322445,climate_vulnerability_score,ND-GAIN
BDI,2008,0.237180547098303,climate_vulnerability_score,ND-GAIN
KHM,2008,0.276738933783849,climate_vulnerability_score,ND-GAIN
CMR,2008,0.260618363286639,climate_vulnerability_score,ND-GAIN
CAN,2008,0.679513194681761,climate_vulnerability_score,ND-GAIN
CPV,2008,0.399262559623157,climate_vulnerability_score,ND-GAIN
CAF,2008,0.161920983502543,climate_vulnerability_score,ND-GAIN
TCD,2008,0.170771146782472,climate_vulnerability_score,ND-GAIN
CHL,2008,0.516665323401933,climate_vulnerability_score,ND-GAIN
CHN,2008,0.509886636119197,climate_vulnerability_score,ND-GAIN
COL,2008,0.313742439558584,climate_vulnerability_score,ND-GAIN
COM,2008,0.266549752462233,climate_vulnerability_score,ND-GAIN
COG,2008,0.227143771885461,climate_vulnerability_score,ND-GAIN
COD,2008,0.16973465666553,climate_vulnerability_score,ND-GAIN
CRI,2008,0.394515022721184,climate_vulnerability_score,ND-GAIN
CIV,2008,0.198599441267192,climate_vulnerability_score,ND-GAIN
HRV,2008,0.4637746762714,climate_vulnerability_score,ND-GAIN
CUB,2008,0.391738547889985,climate_vulnerability_score,ND-GAIN
CYP,2008,0.598800823014881,climate_vulnerability_score,ND-GAIN
CZE,2008,0.502097862282443,climate_vulnerability_score,ND-GAIN
DNK,2008,0.7591526742822,climate_vulnerability_score,ND-GAIN
DJI,2008,0.316551143461139,climate_vulnerability_score,ND-GAIN
DMA,2008,0.548169041168525,climate_vulnerability_score,ND-GAIN
DOM,2008,0.335961058200656,climate_vulnerability_score,ND-GAIN
ECU,2008,0.293701710038716,climate_vulnerability_score,ND-GAIN
EGY,2008,0.326762810320159,climate_vulnerability_score,ND-GAIN
SLV,2008,0.347423535013125,climate_vulnerability_score,ND-GAIN
GNQ,2008,0.248854725277012,climate_vulnerability_score,ND-GAIN
ERI,2008,0.225293382753938,climate_vulnerability_score,ND-GAIN
EST,2008,0.609393042599118,climate_vulnerability_score,ND-GAIN
ETH,2008,0.290032549234376,climate_vulnerability_score,ND-GAIN
FJI,2008,0.413197968001676,climate_vulnerability_score,ND-GAIN
FIN,2008,0.755997060088096,climate_vulnerability_score,ND-GAIN
FRA,2008,0.636420226991605,climate_vulnerability_score,ND-GAIN
GAB,2008,0.306778707701155,climate_vulnerability_score,ND-GAIN
GMB,2008,0.316676118941118,climate_vulnerability_score,ND-GAIN
GEO,2008,0.444642718248124,climate_vulnerability_score,ND-GAIN
DEU,2008,0.682276326986052,climate_vulnerability_score,ND-GAIN
GHA,2008,0.344489573772159,climate_vulnerability_score,ND-GAIN
GRC,2008,0.485322341350776,climate_vulnerability_score,ND-GAIN
GRD,2008,0.432745468119437,climate_vulnerability_score,ND-GAIN
GTM,2008,0.278168164665506,climate_vulnerability_score,ND-GAIN
GIN,2008,0.233088910476849,climate_vulnerability_score,ND-GAIN
GNB,2008,0.267647942764626,climate_vulnerability_score,ND-GAIN
GUY,2008,0.310277128724613,climate_vulnerability_score,ND-GAIN
HTI,2008,0.222853384533033,climate_vulnerability_score,ND-GAIN
HND,2008,0.279214137687674,climate_vulnerability_score,ND-GAIN
HUN,2008,0.526262885496431,climate_vulnerability_score,ND-GAIN
ISL,2008,0.720401267739715,climate_vulnerability_score,ND-GAIN
IND,2008,0.467712369772117,climate_vulnerability_score,ND-GAIN
IDN,2008,0.455630533572457,climate_vulnerability_score,ND-GAIN
IRN,2008,0.376162457065919,climate_vulnerability_score,ND-GAIN
IRQ,2008,0.259261040141279,climate_vulnerability_score,ND-GAIN
IRL,2008,0.603645636824521,climate_vulnerability_score,ND-GAIN
ISR,2008,0.540202123528265,climate_vulnerability_score,ND-GAIN
ITA,2008,0.509705031071097,climate_vulnerability_score,ND-GAIN
JAM,2008,0.345183109474565,climate_vulnerability_score,ND-GAIN
JPN,2008,0.707749369493456,climate_vulnerability_score,ND-GAIN
JOR,2008,0.400810424271805,climate_vulnerability_score,ND-GAIN
KAZ,2008,0.404872492927218,climate_vulnerability_score,ND-GAIN
KEN,2008,0.259243366439853,climate_vulnerability_score,ND-GAIN
KIR,2008,0.368852352819475,climate_vulnerability_score,ND-GAIN
PRK,2008,0.373512570724894,climate_vulnerability_score,ND-GAIN
KOR,2008,0.664973379973702,climate_vulnerability_score,ND-GAIN
KWT,2008,0.399269248541375,climate_vulnerability_score,ND-GAIN
KGZ,2008,0.310811764995155,climate_vulnerability_score,ND-GAIN
LAO,2008,0.288307260117202,climate_vulnerability_score,ND-GAIN
LVA,2008,0.544807194529262,climate_vulnerability_score,ND-GAIN
LBN,2008,0.293930340908534,climate_vulnerability_score,ND-GAIN
LSO,2008,0.286190538691695,climate_vulnerability_score,ND-GAIN
LBR,2008,0.251738028097999,climate_vulnerability_score,ND-GAIN
LBY,2008,0.434225066875773,climate_vulnerability_score,ND-GAIN
LIE,2008,0.60575227553081,climate_vulnerability_score,ND-GAIN
LTU,2008,0.553702545252679,climate_vulnerability_score,ND-GAIN
LUX,2008,0.610637685948879,climate_vulnerability_score,ND-GAIN
MKD,2008,0.382667107720274,climate_vulnerability_score,ND-GAIN
MDG,2008,0.301511627616204,climate_vulnerability_score,ND-GAIN
MWI,2008,0.297506682330743,climate_vulnerability_score,ND-GAIN
MYS,2008,0.41726077323003,climate_vulnerability_score,ND-GAIN
MDV,2008,0.430548884495673,climate_vulnerability_score,ND-GAIN
MLI,2008,0.308168521488154,climate_vulnerability_score,ND-GAIN
MLT,2008,0.597990376352164,climate_vulnerability_score,ND-GAIN
MHL,2008,0.386494412542431,climate_vulnerability_score,ND-GAIN
MRT,2008,0.293008792448079,climate_vulnerability_score,ND-GAIN
MUS,2008,0.488452112310063,climate_vulnerability_score,ND-GAIN
MEX,2008,0.476942528249521,climate_vulnerability_score,ND-GAIN
FSM,2008,0.356199467691218,climate_vulnerability_score,ND-GAIN
MDA,2008,0.396816938248457,climate_vulnerability_score,ND-GAIN
MCO,2008,0.729892068841743,climate_vulnerability_score,ND-GAIN
MNG,2008,0.37863473625595,climate_vulnerability_score,ND-GAIN
MNE,2008,0.421289261663142,climate_vulnerability_score,ND-GAIN
MAR,2008,0.362597718176775,climate_vulnerability_score,ND-GAIN
MOZ,2008,0.277852918880147,climate_vulnerability_score,ND-GAIN
MMR,2008,0.339837768922144,climate_vulnerability_score,ND-GAIN
NAM,2008,0.379831191092587,climate_vulnerability_score,ND-GAIN
NRU,2008,0.555741685057679,climate_vulnerability_score,ND-GAIN
NPL,2008,0.310030476904196,climate_vulnerability_score,ND-GAIN
NLD,2008,0.673481827467389,climate_vulnerability_score,ND-GAIN
NZL,2008,0.759999079957247,climate_vulnerability_score,ND-GAIN
NIC,2008,0.295625539028583,climate_vulnerability_score,ND-GAIN
NER,2008,0.286716681895676,climate_vulnerability_score,ND-GAIN
NGA,2008,0.401771432143701,climate_vulnerability_score,ND-GAIN
NOR,2008,0.747757796925369,climate_vulnerability_score,ND-GAIN
OMN,2008,0.436582977000536,climate_vulnerability_score,ND-GAIN
PAK,2008,0.41722961668395,climate_vulnerability_score,ND-GAIN
PLW,2008,0.446529092247013,climate_vulnerability_score,ND-GAIN
PAN,2008,0.370565853737567,climate_vulnerability_score,ND-GAIN
PNG,2008,0.273953438251295,climate_vulnerability_score,ND-GAIN
PRY,2008,0.310065916575477,climate_vulnerability_score,ND-GAIN
PER,2008,0.357076609171606,climate_vulnerability_score,ND-GAIN
PHL,2008,0.287325978452521,climate_vulnerability_score,ND-GAIN
POL,2008,0.476432047400743,climate_vulnerability_score,ND-GAIN
PRT,2008,0.51531447696279,climate_vulnerability_score,ND-GAIN
QAT,2008,0.462999325485267,climate_vulnerability_score,ND-GAIN
ROU,2008,0.469520304018904,climate_vulnerability_score,ND-GAIN
RUS,2008,0.576583879098713,climate_vulnerability_score,ND-GAIN
RWA,2008,0.292867185365056,climate_vulnerability_score,ND-GAIN
KNA,2008,0.494751570106746,climate_vulnerability_score,ND-GAIN
LCA,2008,0.457194945306277,climate_vulnerability_score,ND-GAIN
VCT,2008,0.465719426880124,climate_vulnerability_score,ND-GAIN
WSM,2008,0.390332371650854,climate_vulnerability_score,ND-GAIN
SMR,2008,0.700928870084454,climate_vulnerability_score,ND-GAIN
STP,2008,0.312631722849775,climate_vulnerability_score,ND-GAIN
SAU,2008,0.394339669604777,climate_vulnerability_score,ND-GAIN
SEN,2008,0.299124032312961,climate_vulnerability_score,ND-GAIN
SRB,2008,0.378088097898147,climate_vulnerability_score,ND-GAIN
SYC,2008,0.415553601254532,climate_vulnerability_score,ND-GAIN
SLE,2008,0.248337904970351,climate_vulnerability_score,ND-GAIN
SGP,2008,0.741286497339123,climate_vulnerability_score,ND-GAIN
SVK,2008,0.511090049027502,climate_vulnerability_score,ND-GAIN
SVN,2008,0.568658733726947,climate_vulnerability_score,ND-GAIN
SLB,2008,0.365806701179053,climate_vulnerability_score,ND-GAIN
SOM,2008,0.383611821577722,climate_vulnerability_score,ND-GAIN
ZAF,2008,0.362029493778443,climate_vulnerability_score,ND-GAIN
ESP,2008,0.539461836208186,climate_vulnerability_score,ND-GAIN
LKA,2008,0.337421148022401,climate_vulnerability_score,ND-GAIN
SDN,2008,0.244677727662618,climate_vulnerability_score,ND-GAIN
SUR,2008,0.325247078697406,climate_vulnerability_score,ND-GAIN
SWZ,2008,0.328177616801606,climate_vulnerability_score,ND-GAIN
SWE,2008,0.725188986066124,climate_vulnerability_score,ND-GAIN
CHE,2008,0.70971159104002,climate_vulnerability_score,ND-GAIN
SYR,2008,0.297672744747601,climate_vulnerability_score,ND-GAIN
TJK,2008,0.266856372225236,climate_vulnerability_score,ND-GAIN
TZA,2008,0.303974621805477,climate_vulnerability_score,ND-GAIN
THA,2008,0.396915774036491,climate_vulnerability_score,ND-GAIN
TLS,2008,0.32005673959472,climate_vulnerability_score,ND-GAIN
TGO,2008,0.259425301990963,climate_vulnerability_score,ND-GAIN
TON,2008,0.367641822205081,climate_vulnerability_score,ND-GAIN
TTO,2008,0.337014400855516,climate_vulnerability_score,ND-GAIN
TUN,2008,0.417117148967712,climate_vulnerability_score,ND-GAIN
TUR,2008,0.408003999293251,climate_vulnerability_score,ND-GAIN
TKM,2008,0.237942076582048,climate_vulnerability_score,ND-GAIN
TUV,2008,0.387674417192251,climate_vulnerability_score,ND-GAIN
UGA,2008,0.288374760281249,climate_vulnerability_score,ND-GAIN
UKR,2008,0.328349972480264,climate_vulnerability_score,ND-GAIN
ARE,2008,0.486280191393827,climate_vulnerability_score,ND-GAIN
GBR,2008,0.657692167502695,climate_vulnerability_score,ND-GAIN
USA,2008,0.722829848644615,climate_vulnerability_score,ND-GAIN
URY,2008,0.420879188903506,climate_vulnerability_score,ND-GAIN
UZB,2008,0.25653013891176,climate_vulnerability_score,ND-GAIN
VUT,2008,0.371393596050054,climate_vulnerability_score,ND-GAIN
VEN,2008,0.235745713263053,climate_vulnerability_score,ND-GAIN
VNM,2008,0.37367647818837,climate_vulnerability_score,ND-GAIN
YEM,2008,0.285331225677071,climate_vulnerability_score,ND-GAIN
ZMB,2008,0.316288342617456,climate_vulnerability_score,ND-GAIN
ZWE,2008,0.17332317657499,climate_vulnerability_score,ND-GAIN
AFG,2009,0.230707157455547,climate_vulnerability_score,ND-GAIN
ALB,2009,0.367519189758221,climate_vulnerability_score,ND-GAIN
DZA,2009,0.295951514150949,climate_vulnerability_score,ND-GAIN
AND,2009,0.516693075391196,climate_vulnerability_score,ND-GAIN
AGO,2009,0.206072312985595,climate_vulnerability_score,ND-GAIN
ATG,2009,0.467449752564693,climate_vulnerability_score,ND-GAIN
ARG,2009,0.346173482877085,climate_vulnerability_score,ND-GAIN
ARM,2009,0.427322206582932,climate_vulnerability_score,ND-GAIN
AUS,2009,0.69000397210657,climate_vulnerability_score,ND-GAIN
AUT,2009,0.674273361829041,climate_vulnerability_score,ND-GAIN
AZE,2009,0.375943987310524,climate_vulnerability_score,ND-GAIN
BHS,2009,0.453724855879723,climate_vulnerability_score,ND-GAIN
BHR,2009,0.448838811810436,climate_vulnerability_score,ND-GAIN
BGD,2009,0.432899991132556,climate_vulnerability_score,ND-GAIN
BRB,2009,0.612682677232386,climate_vulnerability_score,ND-GAIN
BLR,2009,0.434551852794949,climate_vulnerability_score,ND-GAIN
BEL,2009,0.590343760382904,climate_vulnerability_score,ND-GAIN
BLZ,2009,0.347381751215057,climate_vulnerability_score,ND-GAIN
BEN,2009,0.298076423061675,climate_vulnerability_score,ND-GAIN
BTN,2009,0.40380378592726,climate_vulnerability_score,ND-GAIN
BOL,2009,0.28083340666414,climate_vulnerability_score,ND-GAIN
BIH,2009,0.331123786057197,climate_vulnerability_score,ND-GAIN
BWA,2009,0.402632474147307,climate_vulnerability_score,ND-GAIN
BRA,2009,0.49874200687439,climate_vulnerability_score,ND-GAIN
BRN,2009,0.470483326964643,climate_vulnerability_score,ND-GAIN
BGR,2009,0.440201212943511,climate_vulnerability_score,ND-GAIN
BFA,2009,0.286312353488213,climate_vulnerability_score,ND-GAIN
BDI,2009,0.234688561569443,climate_vulnerability_score,ND-GAIN
KHM,2009,0.276419972165205,climate_vulnerability_score,ND-GAIN
CMR,2009,0.256555909933109,climate_vulnerability_score,ND-GAIN
CAN,2009,0.681268398431865,climate_vulnerability_score,ND-GAIN
CPV,2009,0.403461103844455,climate_vulnerability_score,ND-GAIN
CAF,2009,0.168518491921046,climate_vulnerability_score,ND-GAIN
TCD,2009,0.181435703105511,climate_vulnerability_score,ND-GAIN
CHL,2009,0.513191528119142,climate_vulnerability_score,ND-GAIN
CHN,2009,0.524022422353839,climate_vulnerability_score,ND-GAIN
COL,2009,0.327702917870892,climate_vulnerability_score,ND-GAIN
COM,2009,0.268729947412529,climate_vulnerability_score,ND-GAIN
COG,2009,0.232656979904048,climate_vulnerability_score,ND-GAIN
COD,2009,0.173148933667084,climate_vulnerability_score,ND-GAIN
CRI,2009,0.40018729619687,climate_vulnerability_score,ND-GAIN
CIV,2009,0.211277910110234,climate_vulnerability_score,ND-GAIN
HRV,2009,0.457774721614927,climate_vulnerability_score,ND-GAIN
CUB,2009,0.388157404532428,climate_vulnerability_score,ND-GAIN
CYP,2009,0.507513961462984,climate_vulnerability_score,ND-GAIN
CZE,2009,0.498216057581779,climate_vulnerability_score,ND-GAIN
DNK,2009,0.75438877123189,climate_vulnerability_score,ND-GAIN
DJI,2009,0.319209990038469,climate_vulnerability_score,ND-GAIN
DMA,2009,0.549838260312006,climate_vulnerability_score,ND-GAIN
DOM,2009,0.354217028088845,climate_vulnerability_score,ND-GAIN
ECU,2009,0.29719540578891,climate_vulnerability_score,ND-GAIN
EGY,2009,0.333730668858104,climate_vulnerability_score,ND-GAIN
SLV,2009,0.357681952212441,climate_vulnerability_score,ND-GAIN
GNQ,2009,0.25223279717298,climate_vulnerability_score,ND-GAIN
ERI,2009,0.224946942912776,climate_vulnerability_score,ND-GAIN
EST,2009,0.608073196039546,climate_vulnerability_score,ND-GAIN
ETH,2009,0.290675248077581,climate_vulnerability_score,ND-GAIN
FJI,2009,0.403087941105002,climate_vulnerability_score,ND-GAIN
FIN,2009,0.750291452160623,climate_vulnerability_score,ND-GAIN
FRA,2009,0.637135800463604,climate_vulnerability_score,ND-GAIN
GAB,2009,0.296776306850112,climate_vulnerability_score,ND-GAIN
GMB,2009,0.315364393379099,climate_vulnerability_score,ND-GAIN
GEO,2009,0.457593693308064,climate_vulnerability_score,ND-GAIN
DEU,2009,0.679267824281413,climate_vulnerability_score,ND-GAIN
GHA,2009,0.352097644143165,climate_vulnerability_score,ND-GAIN
GRC,2009,0.488806484796256,climate_vulnerability_score,ND-GAIN
GRD,2009,0.433324184665054,climate_vulnerability_score,ND-GAIN
GTM,2009,0.274935738471759,climate_vulnerability_score,ND-GAIN
GIN,2009,0.234916278647017,climate_vulnerability_score,ND-GAIN
GNB,2009,0.266463881464975,climate_vulnerability_score,ND-GAIN
GUY,2009,0.306751304451946,climate_vulnerability_score,ND-GAIN
HTI,2009,0.223917789415998,climate_vulnerability_score,ND-GAIN
HND,2009,0.285094117373252,climate_vulnerability_score,ND-GAIN
HUN,2009,0.535190072543077,climate_vulnerability_score,ND-GAIN
ISL,2009,0.740222412013911,climate_vulnerability_score,ND-GAIN
IND,2009,0.466708263276069,climate_vulnerability_score,ND-GAIN
IDN,2009,0.456319525478835,climate_vulnerability_score,ND-GAIN
IRN,2009,0.346605263241231,climate_vulnerability_score,ND-GAIN
IRQ,2009,0.259731731678666,climate_vulnerability_score,ND-GAIN
IRL,2009,0.59476431482517,climate_vulnerability_score,ND-GAIN
ISR,2009,0.525732594961584,climate_vulnerability_score,ND-GAIN
ITA,2009,0.506269662416752,climate_vulnerability_score,ND-GAIN
JAM,2009,0.345193671224945,climate_vulnerability_score,ND-GAIN
JPN,2009,0.717016762084344,climate_vulnerability_score,ND-GAIN
JOR,2009,0.392227323779873,climate_vulnerability_score,ND-GAIN
KAZ,2009,0.419312357064075,climate_vulnerability_score,ND-GAIN
KEN,2009,0.260607269755284,climate_vulnerability_score,ND-GAIN
KIR,2009,0.370669038242729,climate_vulnerability_score,ND-GAIN
PRK,2009,0.370225914017893,climate_vulnerability_score,ND-GAIN
KOR,2009,0.667751861806957,climate_vulnerability_score,ND-GAIN
KWT,2009,0.399674988094216,climate_vulnerability_score,ND-GAIN
KGZ,2009,0.32371701100088,climate_vulnerability_score,ND-GAIN
LAO,2009,0.288376053315543,climate_vulnerability_score,ND-GAIN
LVA,2009,0.551307382677176,climate_vulnerability_score,ND-GAIN
LBN,2009,0.304407418528298,climate_vulnerability_score,ND-GAIN
LSO,2009,0.297274451412054,climate_vulnerability_score,ND-GAIN
LBR,2009,0.268269698454237,climate_vulnerability_score,ND-GAIN
LBY,2009,0.428612193397404,climate_vulnerability_score,ND-GAIN
LIE,2009,0.624988932290554,climate_vulnerability_score,ND-GAIN
LTU,2009,0.552980251341072,climate_vulnerability_score,ND-GAIN
LUX,2009,0.62363100861281,climate_vulnerability_score,ND-GAIN
MKD,2009,0.394645482988208,climate_vulnerability_score,ND-GAIN
MDG,2009,0.284258939209742,climate_vulnerability_score,ND-GAIN
MWI,2009,0.29796237599338,climate_vulnerability_score,ND-GAIN
MYS,2009,0.426027877810475,climate_vulnerability_score,ND-GAIN
MDV,2009,0.433631719523616,climate_vulnerability_score,ND-GAIN
MLI,2009,0.308840878166076,climate_vulnerability_score,ND-GAIN
MLT,2009,0.59232598049572,climate_vulnerability_score,ND-GAIN
MHL,2009,0.393110835378562,climate_vulnerability_score,ND-GAIN
MRT,2009,0.306083029558738,climate_vulnerability_score,ND-GAIN
MUS,2009,0.486646832297698,climate_vulnerability_score,ND-GAIN
MEX,2009,0.481981176497288,climate_vulnerability_score,ND-GAIN
FSM,2009,0.358285645512454,climate_vulnerability_score,ND-GAIN
MDA,2009,0.378555096555635,climate_vulnerability_score,ND-GAIN
MCO,2009,0.644484154066093,climate_vulnerability_score,ND-GAIN
MNG,2009,0.388914159868282,climate_vulnerability_score,ND-GAIN
MNE,2009,0.428755208001278,climate_vulnerability_score,ND-GAIN
MAR,2009,0.366629218310299,climate_vulnerability_score,ND-GAIN
MOZ,2009,0.273006512669424,climate_vulnerability_score,ND-GAIN
MMR,2009,0.339806275349255,climate_vulnerability_score,ND-GAIN
NAM,2009,0.374440126207205,climate_vulnerability_score,ND-GAIN
NRU,2009,0.581698153710196,climate_vulnerability_score,ND-GAIN
NPL,2009,0.311759383090837,climate_vulnerability_score,ND-GAIN
NLD,2009,0.672472465685119,climate_vulnerability_score,ND-GAIN
NZL,2009,0.764225317280621,climate_vulnerability_score,ND-GAIN
NIC,2009,0.287986573217209,climate_vulnerability_score,ND-GAIN
NER,2009,0.280849578298192,climate_vulnerability_score,ND-GAIN
NGA,2009,0.40389023611422,climate_vulnerability_score,ND-GAIN
NOR,2009,0.744293711548673,climate_vulnerability_score,ND-GAIN
OMN,2009,0.444981631644732,climate_vulnerability_score,ND-GAIN
PAK,2009,0.420153482033332,climate_vulnerability_score,ND-GAIN
PLW,2009,0.455173806245511,climate_vulnerability_score,ND-GAIN
PAN,2009,0.370919059067039,climate_vulnerability_score,ND-GAIN
PNG,2009,0.269359413449313,climate_vulnerability_score,ND-GAIN
PRY,2009,0.309555765411777,climate_vulnerability_score,ND-GAIN
PER,2009,0.35029892444263,climate_vulnerability_score,ND-GAIN
PHL,2009,0.282961625061429,climate_vulnerability_score,ND-GAIN
POL,2009,0.484368796839736,climate_vulnerability_score,ND-GAIN
PRT,2009,0.519911375477943,climate_vulnerability_score,ND-GAIN
QAT,2009,0.48000164909237,climate_vulnerability_score,ND-GAIN
ROU,2009,0.477870956215013,climate_vulnerability_score,ND-GAIN
RUS,2009,0.559322386661058,climate_vulnerability_score,ND-GAIN
RWA,2009,0.312034912214107,climate_vulnerability_score,ND-GAIN
KNA,2009,0.517867577866114,climate_vulnerability_score,ND-GAIN
LCA,2009,0.466898448930073,climate_vulnerability_score,ND-GAIN
VCT,2009,0.474575309889604,climate_vulnerability_score,ND-GAIN
WSM,2009,0.383898038801051,climate_vulnerability_score,ND-GAIN
SMR,2009,0.710590776146658,climate_vulnerability_score,ND-GAIN
STP,2009,0.315922701324585,climate_vulnerability_score,ND-GAIN
SAU,2009,0.3912981854299,climate_vulnerability_score,ND-GAIN
SEN,2009,0.321803505192935,climate_vulnerability_score,ND-GAIN
SRB,2009,0.37353697367415,climate_vulnerability_score,ND-GAIN
SYC,2009,0.420909226282192,climate_vulnerability_score,ND-GAIN
SLE,2009,0.268289891243915,climate_vulnerability_score,ND-GAIN
SGP,2009,0.725414731019514,climate_vulnerability_score,ND-GAIN
SVK,2009,0.506637526712845,climate_vulnerability_score,ND-GAIN
SVN,2009,0.59317531542634,climate_vulnerability_score,ND-GAIN
SLB,2009,0.369576344727308,climate_vulnerability_score,ND-GAIN
SOM,2009,0.393563502549798,climate_vulnerability_score,ND-GAIN
ZAF,2009,0.365380356850515,climate_vulnerability_score,ND-GAIN
ESP,2009,0.529065858171329,climate_vulnerability_score,ND-GAIN
LKA,2009,0.342531930153537,climate_vulnerability_score,ND-GAIN
SDN,2009,0.245726570626588,climate_vulnerability_score,ND-GAIN
SUR,2009,0.322406424511341,climate_vulnerability_score,ND-GAIN
SWZ,2009,0.326096660198498,climate_vulnerability_score,ND-GAIN
SWE,2009,0.721636022456417,climate_vulnerability_score,ND-GAIN
CHE,2009,0.701570555837002,climate_vulnerability_score,ND-GAIN
SYR,2009,0.318246721666019,climate_vulnerability_score,ND-GAIN
TJK,2009,0.265671674231466,climate_vulnerability_score,ND-GAIN
TZA,2009,0.307035812309577,climate_vulnerability_score,ND-GAIN
THA,2009,0.416564936646878,climate_vulnerability_score,ND-GAIN
TLS,2009,0.328342148831501,climate_vulnerability_score,ND-GAIN
TGO,2009,0.256483152341149,climate_vulnerability_score,ND-GAIN
TON,2009,0.378016494431743,climate_vulnerability_score,ND-GAIN
TTO,2009,0.335971102943315,climate_vulnerability_score,ND-GAIN
TUN,2009,0.422356130989037,climate_vulnerability_score,ND-GAIN
TUR,2009,0.413467981030052,climate_vulnerability_score,ND-GAIN
TKM,2009,0.238134695285294,climate_vulnerability_score,ND-GAIN
TUV,2009,0.393514247517406,climate_vulnerability_score,ND-GAIN
UGA,2009,0.283331695064177,climate_vulnerability_score,ND-GAIN
UKR,2009,0.320037820293216,climate_vulnerability_score,ND-GAIN
ARE,2009,0.488796240759739,climate_vulnerability_score,ND-GAIN
GBR,2009,0.648388138448508,climate_vulnerability_score,ND-GAIN
USA,2009,0.715218401908093,climate_vulnerability_score,ND-GAIN
URY,2009,0.430826248502847,climate_vulnerability_score,ND-GAIN
UZB,2009,0.253608799630674,climate_vulnerability_score,ND-GAIN
VUT,2009,0.380889935928848,climate_vulnerability_score,ND-GAIN
VEN,2009,0.231296604986483,climate_vulnerability_score,ND-GAIN
VNM,2009,0.37177577497227,climate_vulnerability_score,ND-GAIN
YEM,2009,0.306166382270254,climate_vulnerability_score,ND-GAIN
ZMB,2009,0.318575763762763,climate_vulnerability_score,ND-GAIN
ZWE,2009,0.167977596060943,climate_vulnerability_score,ND-GAIN
AFG,2010,0.225566043810629,climate_vulnerability_score,ND-GAIN
ALB,2010,0.36851866760706,climate_vulnerability_score,ND-GAIN
DZA,2010,0.286428979700672,climate_vulnerability_score,ND-GAIN
AND,2010,0.520504886705294,climate_vulnerability_score,ND-GAIN
AGO,2010,0.191657388825331,climate_vulnerability_score,ND-GAIN
ATG,2010,0.488970402282885,climate_vulnerability_score,ND-GAIN
ARG,2010,0.351711686750678,climate_vulnerability_score,ND-GAIN
ARM,2010,0.431682930271934,climate_vulnerability_score,ND-GAIN
AUS,2010,0.694834980072982,climate_vulnerability_score,ND-GAIN
AUT,2010,0.680303373733662,climate_vulnerability_score,ND-GAIN
AZE,2010,0.364330684517536,climate_vulnerability_score,ND-GAIN
BHS,2010,0.454062368112425,climate_vulnerability_score,ND-GAIN
BHR,2010,0.445139179596189,climate_vulnerability_score,ND-GAIN
BGD,2010,0.455249320951653,climate_vulnerability_score,ND-GAIN
BRB,2010,0.631754959567065,climate_vulnerability_score,ND-GAIN
BLR,2010,0.435950616350074,climate_vulnerability_score,ND-GAIN
BEL,2010,0.5802390187235,climate_vulnerability_score,ND-GAIN
BLZ,2010,0.345715600607099,climate_vulnerability_score,ND-GAIN
BEN,2010,0.281508254484778,climate_vulnerability_score,ND-GAIN
BTN,2010,0.395680026672903,climate_vulnerability_score,ND-GAIN
BOL,2010,0.283716489548954,climate_vulnerability_score,ND-GAIN
BIH,2010,0.329052839032397,climate_vulnerability_score,ND-GAIN
BWA,2010,0.401044978689558,climate_vulnerability_score,ND-GAIN
BRA,2010,0.52245710758551,climate_vulnerability_score,ND-GAIN
BRN,2010,0.471525766633525,climate_vulnerability_score,ND-GAIN
BGR,2010,0.431821100614566,climate_vulnerability_score,ND-GAIN
BFA,2010,0.283876200124184,climate_vulnerability_score,ND-GAIN
BDI,2010,0.206551154720485,climate_vulnerability_score,ND-GAIN
KHM,2010,0.275243784800535,climate_vulnerability_score,ND-GAIN
CMR,2010,0.249001980522594,climate_vulnerability_score,ND-GAIN
CAN,2010,0.657281094986146,climate_vulnerability_score,ND-GAIN
CPV,2010,0.399495752325913,climate_vulnerability_score,ND-GAIN
CAF,2010,0.144490075773581,climate_vulnerability_score,ND-GAIN
TCD,2010,0.168367518767576,climate_vulnerability_score,ND-GAIN
CHL,2010,0.521491543801565,climate_vulnerability_score,ND-GAIN
CHN,2010,0.559004380569208,climate_vulnerability_score,ND-GAIN
COL,2010,0.339011181909573,climate_vulnerability_score,ND-GAIN
COM,2010,0.269701566998711,climate_vulnerability_score,ND-GAIN
COG,2010,0.216757297579807,climate_vulnerability_score,ND-GAIN
COD,2010,0.147428232384996,climate_vulnerability_score,ND-GAIN
CRI,2010,0.4120112600746,climate_vulnerability_score,ND-GAIN
CIV,2010,0.181356500633387,climate_vulnerability_score,ND-GAIN
HRV,2010,0.469697981055232,climate_vulnerability_score,ND-GAIN
CUB,2010,0.36127765519164,climate_vulnerability_score,ND-GAIN
CYP,2010,0.503449581611724,climate_vulnerability_score,ND-GAIN
CZE,2010,0.511084295973644,climate_vulnerability_score,ND-GAIN
DNK,2010,0.76094416796736,climate_vulnerability_score,ND-GAIN
DJI,2010,0.30159407564355,climate_vulnerability_score,ND-GAIN
DMA,2010,0.555722645302435,climate_vulnerability_score,ND-GAIN
DOM,2010,0.347301233165836,climate_vulnerability_score,ND-GAIN
ECU,2010,0.286569312490963,climate_vulnerability_score,ND-GAIN
EGY,2010,0.333178980597733,climate_vulnerability_score,ND-GAIN
SLV,2010,0.354281533734443,climate_vulnerability_score,ND-GAIN
GNQ,2010,0.248708819185215,climate_vulnerability_score,ND-GAIN
ERI,2010,0.214694638612079,climate_vulnerability_score,ND-GAIN
EST,2010,0.616696191318781,climate_vulnerability_score,ND-GAIN
ETH,2010,0.289742651090134,climate_vulnerability_score,ND-GAIN
FJI,2010,0.402834637246231,climate_vulnerability_score,ND-GAIN
FIN,2010,0.759803790226552,climate_vulnerability_score,ND-GAIN
FRA,2010,0.650230310680466,climate_vulnerability_score,ND-GAIN
GAB,2010,0.290978524729008,climate_vulnerability_score,ND-GAIN
GMB,2010,0.303440018739726,climate_vulnerability_score,ND-GAIN
GEO,2010,0.479153126610805,climate_vulnerability_score,ND-GAIN
DEU,2010,0.693136919637624,climate_vulnerability_score,ND-GAIN
GHA,2010,0.347146370601686,climate_vulnerability_score,ND-GAIN
GRC,2010,0.484285603206863,climate_vulnerability_score,ND-GAIN
GRD,2010,0.452043765846616,climate_vulnerability_score,ND-GAIN
GTM,2010,0.283093994370037,climate_vulnerability_score,ND-GAIN
GIN,2010,0.234324544689132,climate_vulnerability_score,ND-GAIN
GNB,2010,0.246703637280898,climate_vulnerability_score,ND-GAIN
GUY,2010,0.303635833972082,climate_vulnerability_score,ND-GAIN
HTI,2010,0.2150303768321,climate_vulnerability_score,ND-GAIN
HND,2010,0.276420805935253,climate_vulnerability_score,ND-GAIN
HUN,2010,0.518034638092096,climate_vulnerability_score,ND-GAIN
ISL,2010,0.728109217490163,climate_vulnerability_score,ND-GAIN
IND,2010,0.489683587565027,climate_vulnerability_score,ND-GAIN
IDN,2010,0.474404689447813,climate_vulnerability_score,ND-GAIN
IRN,2010,0.343032202020581,climate_vulnerability_score,ND-GAIN
IRQ,2010,0.264555495272714,climate_vulnerability_score,ND-GAIN
IRL,2010,0.589396365075361,climate_vulnerability_score,ND-GAIN
ISR,2010,0.535827696135528,climate_vulnerability_score,ND-GAIN
ITA,2010,0.504098266037055,climate_vulnerability_score,ND-GAIN
JAM,2010,0.337768744690572,climate_vulnerability_score,ND-GAIN
JPN,2010,0.742851033083979,climate_vulnerability_score,ND-GAIN
JOR,2010,0.391374264750241,climate_vulnerability_score,ND-GAIN
KAZ,2010,0.422275455067388,climate_vulnerability_score,ND-GAIN
KEN,2010,0.252937417340089,climate_vulnerability_score,ND-GAIN
KIR,2010,0.355260376924811,climate_vulnerability_score,ND-GAIN
PRK,2010,0.395711424785067,climate_vulnerability_score,ND-GAIN
KOR,2010,0.698201111234944,climate_vulnerability_score,ND-GAIN
KWT,2010,0.40812439079126,climate_vulnerability_score,ND-GAIN
KGZ,2010,0.323936444380647,climate_vulnerability_score,ND-GAIN
LAO,2010,0.272248047728675,climate_vulnerability_score,ND-GAIN
LVA,2010,0.533603517065171,climate_vulnerability_score,ND-GAIN
LBN,2010,0.313812447721942,climate_vulnerability_score,ND-GAIN
LSO,2010,0.289001689499286,climate_vulnerability_score,ND-GAIN
LBR,2010,0.269980512339285,climate_vulnerability_score,ND-GAIN
LBY,2010,0.435815506288624,climate_vulnerability_score,ND-GAIN
LIE,2010,0.626840971491713,climate_vulnerability_score,ND-GAIN
LTU,2010,0.557336445184274,climate_vulnerability_score,ND-GAIN
LUX,2010,0.649071132654127,climate_vulnerability_score,ND-GAIN
MKD,2010,0.38596877457938,climate_vulnerability_score,ND-GAIN
MDG,2010,0.251801929596028,climate_vulnerability_score,ND-GAIN
MWI,2010,0.287022280241682,climate_vulnerability_score,ND-GAIN
MYS,2010,0.446731084551118,climate_vulnerability_score,ND-GAIN
MDV,2010,0.422569506345605,climate_vulnerability_score,ND-GAIN
MLI,2010,0.309067762084994,climate_vulnerability_score,ND-GAIN
MLT,2010,0.624243005342678,climate_vulnerability_score,ND-GAIN
MHL,2010,0.38610716605751,climate_vulnerability_score,ND-GAIN
MRT,2010,0.293846114698122,climate_vulnerability_score,ND-GAIN
MUS,2010,0.497524756775485,climate_vulnerability_score,ND-GAIN
MEX,2010,0.502011183488648,climate_vulnerability_score,ND-GAIN
FSM,2010,0.355662947660433,climate_vulnerability_score,ND-GAIN
MDA,2010,0.389181965707154,climate_vulnerability_score,ND-GAIN
MCO,2010,0.716356062799459,climate_vulnerability_score,ND-GAIN
MNG,2010,0.380612789958766,climate_vulnerability_score,ND-GAIN
MNE,2010,0.419461067316044,climate_vulnerability_score,ND-GAIN
MAR,2010,0.36680232135624,climate_vulnerability_score,ND-GAIN
MOZ,2010,0.268350295459611,climate_vulnerability_score,ND-GAIN
MMR,2010,0.38284847515734,climate_vulnerability_score,ND-GAIN
NAM,2010,0.364406926220923,climate_vulnerability_score,ND-GAIN
NRU,2010,0.599276593916024,climate_vulnerability_score,ND-GAIN
NPL,2010,0.309494328359008,climate_vulnerability_score,ND-GAIN
NLD,2010,0.67141509744181,climate_vulnerability_score,ND-GAIN
NZL,2010,0.769043145272139,climate_vulnerability_score,ND-GAIN
NIC,2010,0.272122435960601,climate_vulnerability_score,ND-GAIN
NER,2010,0.270677545991038,climate_vulnerability_score,ND-GAIN
NGA,2010,0.413659565093625,climate_vulnerability_score,ND-GAIN
NOR,2010,0.757451320190698,climate_vulnerability_score,ND-GAIN
OMN,2010,0.459292113377289,climate_vulnerability_score,ND-GAIN
PAK,2010,0.440502294930593,climate_vulnerability_score,ND-GAIN
PLW,2010,0.455230328029738,climate_vulnerability_score,ND-GAIN
PAN,2010,0.378928580298606,climate_vulnerability_score,ND-GAIN
PNG,2010,0.278536008334598,climate_vulnerability_score,ND-GAIN
PRY,2010,0.309625802654478,climate_vulnerability_score,ND-GAIN
PER,2010,0.363438313752334,climate_vulnerability_score,ND-GAIN
PHL,2010,0.289910299335745,climate_vulnerability_score,ND-GAIN
POL,2010,0.495747309278043,climate_vulnerability_score,ND-GAIN
PRT,2010,0.517142229083373,climate_vulnerability_score,ND-GAIN
QAT,2010,0.488645718377045,climate_vulnerability_score,ND-GAIN
ROU,2010,0.460800628109604,climate_vulnerability_score,ND-GAIN
RUS,2010,0.595407452242861,climate_vulnerability_score,ND-GAIN
RWA,2010,0.340191390775111,climate_vulnerability_score,ND-GAIN
KNA,2010,0.550848377882545,climate_vulnerability_score,ND-GAIN
LCA,2010,0.474466023649062,climate_vulnerability_score,ND-GAIN
VCT,2010,0.490369691487163,climate_vulnerability_score,ND-GAIN
WSM,2010,0.401487405990409,climate_vulnerability_score,ND-GAIN
SMR,2010,0.732984987922465,climate_vulnerability_score,ND-GAIN
STP,2010,0.319495741448851,climate_vulnerability_score,ND-GAIN
SAU,2010,0.417629193512984,climate_vulnerability_score,ND-GAIN
SEN,2010,0.294136298550918,climate_vulnerability_score,ND-GAIN
SRB,2010,0.37493189886373,climate_vulnerability_score,ND-GAIN
SYC,2010,0.417737509267299,climate_vulnerability_score,ND-GAIN
SLE,2010,0.247371262491324,climate_vulnerability_score,ND-GAIN
SGP,2010,0.754719823514545,climate_vulnerability_score,ND-GAIN
SVK,2010,0.501562291414601,climate_vulnerability_score,ND-GAIN
SVN,2010,0.613615433613045,climate_vulnerability_score,ND-GAIN
SLB,2010,0.358999977550144,climate_vulnerability_score,ND-GAIN
SOM,2010,0.421479478618867,climate_vulnerability_score,ND-GAIN
ZAF,2010,0.355422463598096,climate_vulnerability_score,ND-GAIN
ESP,2010,0.51767830529167,climate_vulnerability_score,ND-GAIN
LKA,2010,0.334748674795153,climate_vulnerability_score,ND-GAIN
SDN,2010,0.236103992287622,climate_vulnerability_score,ND-GAIN
SUR,2010,0.311903312925094,climate_vulnerability_score,ND-GAIN
SWZ,2010,0.304628719739762,climate_vulnerability_score,ND-GAIN
SWE,2010,0.737817792147222,climate_vulnerability_score,ND-GAIN
CHE,2010,0.716502445251907,climate_vulnerability_score,ND-GAIN
SYR,2010,0.307952120021999,climate_vulnerability_score,ND-GAIN
TJK,2010,0.250213492458928,climate_vulnerability_score,ND-GAIN
TZA,2010,0.292027634561355,climate_vulnerability_score,ND-GAIN
THA,2010,0.419651627941728,climate_vulnerability_score,ND-GAIN
TLS,2010,0.353838122469871,climate_vulnerability_score,ND-GAIN
TGO,2010,0.263014265431195,climate_vulnerability_score,ND-GAIN
TON,2010,0.404300962064792,climate_vulnerability_score,ND-GAIN
TTO,2010,0.345415109420424,climate_vulnerability_score,ND-GAIN
TUN,2010,0.420383151345851,climate_vulnerability_score,ND-GAIN
TUR,2010,0.420619210357635,climate_vulnerability_score,ND-GAIN
TKM,2010,0.241359398808337,climate_vulnerability_score,ND-GAIN
TUV,2010,0.3966498600863,climate_vulnerability_score,ND-GAIN
UGA,2010,0.272684410734067,climate_vulnerability_score,ND-GAIN
UKR,2010,0.312155300184729,climate_vulnerability_score,ND-GAIN
ARE,2010,0.515686305248153,climate_vulnerability_score,ND-GAIN
GBR,2010,0.671248807447435,climate_vulnerability_score,ND-GAIN
USA,2010,0.740196635204984,climate_vulnerability_score,ND-GAIN
URY,2010,0.44263485704113,climate_vulnerability_score,ND-GAIN
UZB,2010,0.24149104708588,climate_vulnerability_score,ND-GAIN
VUT,2010,0.372088874408268,climate_vulnerability_score,ND-GAIN
VEN,2010,0.213890419231762,climate_vulnerability_score,ND-GAIN
VNM,2010,0.352080147612645,climate_vulnerability_score,ND-GAIN
YEM,2010,0.303610680457864,climate_vulnerability_score,ND-GAIN
ZMB,2010,0.309568983646249,climate_vulnerability_score,ND-GAIN
ZWE,2010,0.159954855841227,climate_vulnerability_score,ND-GAIN
AFG,2011,0.213813271710449,climate_vulnerability_score,ND-GAIN
ALB,2011,0.365797678837113,climate_vulnerability_score,ND-GAIN
DZA,2011,0.278044995157221,climate_vulnerability_score,ND-GAIN
AND,2011,0.531022412495413,climate_vulnerability_score,ND-GAIN
AGO,2011,0.187047962256054,climate_vulnerability_score,ND-GAIN
ATG,2011,0.482919460183495,climate_vulnerability_score,ND-GAIN
ARG,2011,0.355673421300923,climate_vulnerability_score,ND-GAIN
ARM,2011,0.43132090003428,climate_vulnerability_score,ND-GAIN
AUS,2011,0.695047333598593,climate_vulnerability_score,ND-GAIN
AUT,2011,0.678672873696291,climate_vulnerability_score,ND-GAIN
AZE,2011,0.367910321291172,climate_vulnerability_score,ND-GAIN
BHS,2011,0.453908179893811,climate_vulnerability_score,ND-GAIN
BHR,2011,0.451635124054825,climate_vulnerability_score,ND-GAIN
BGD,2011,0.458194495253715,climate_vulnerability_score,ND-GAIN
BRB,2011,0.637776754900986,climate_vulnerability_score,ND-GAIN
BLR,2011,0.447868136621642,climate_vulnerability_score,ND-GAIN
BEL,2011,0.579868986023395,climate_vulnerability_score,ND-GAIN
BLZ,2011,0.33387390230183,climate_vulnerability_score,ND-GAIN
BEN,2011,0.28234382651178,climate_vulnerability_score,ND-GAIN
BTN,2011,0.393584475342354,climate_vulnerability_score,ND-GAIN
BOL,2011,0.28590348098978,climate_vulnerability_score,ND-GAIN
BIH,2011,0.336105326433143,climate_vulnerability_score,ND-GAIN
BWA,2011,0.398564777892789,climate_vulnerability_score,ND-GAIN
BRA,2011,0.528700511604759,climate_vulnerability_score,ND-GAIN
BRN,2011,0.469582258701898,climate_vulnerability_score,ND-GAIN
BGR,2011,0.435107033254882,climate_vulnerability_score,ND-GAIN
BFA,2011,0.276440186645934,climate_vulnerability_score,ND-GAIN
BDI,2011,0.200615138933639,climate_vulnerability_score,ND-GAIN
KHM,2011,0.271337434419228,climate_vulnerability_score,ND-GAIN
CMR,2011,0.25252149806097,climate_vulnerability_score,ND-GAIN
CAN,2011,0.665020837714846,climate_vulnerability_score,ND-GAIN
CPV,2011,0.417072678730143,climate_vulnerability_score,ND-GAIN
CAF,2011,0.143705433774253,climate_vulnerability_score,ND-GAIN
TCD,2011,0.16488501836386,climate_vulnerability_score,ND-GAIN
CHL,2011,0.523511670473255,climate_vulnerability_score,ND-GAIN
CHN,2011,0.565955358983707,climate_vulnerability_score,ND-GAIN
COL,2011,0.352654504494169,climate_vulnerability_score,ND-GAIN
COM,2011,0.269933288722388,climate_vulnerability_score,ND-GAIN
COG,2011,0.212504298454787,climate_vulnerability_score,ND-GAIN
COD,2011,0.159090999583728,climate_vulnerability_score,ND-GAIN
CRI,2011,0.404547289006728,climate_vulnerability_score,ND-GAIN
CIV,2011,0.181345204800837,climate_vulnerability_score,ND-GAIN
HRV,2011,0.466586126445202,climate_vulnerability_score,ND-GAIN
CUB,2011,0.342722906005933,climate_vulnerability_score,ND-GAIN
CYP,2011,0.492442865593857,climate_vulnerability_score,ND-GAIN
CZE,2011,0.522795182705644,climate_vulnerability_score,ND-GAIN
DNK,2011,0.771318470123785,climate_vulnerability_score,ND-GAIN
DJI,2011,0.291491638632658,climate_vulnerability_score,ND-GAIN
DMA,2011,0.547970244673331,climate_vulnerability_score,ND-GAIN
DOM,2011,0.342121311376362,climate_vulnerability_score,ND-GAIN
ECU,2011,0.291372668753584,climate_vulnerability_score,ND-GAIN
EGY,2011,0.321234018438608,climate_vulnerability_score,ND-GAIN
SLV,2011,0.355827695416397,climate_vulnerability_score,ND-GAIN
GNQ,2011,0.242897884845002,climate_vulnerability_score,ND-GAIN
ERI,2011,0.213163308790104,climate_vulnerability_score,ND-GAIN
EST,2011,0.614605245300331,climate_vulnerability_score,ND-GAIN
ETH,2011,0.290826284437304,climate_vulnerability_score,ND-GAIN
FJI,2011,0.417438056079045,climate_vulnerability_score,ND-GAIN
FIN,2011,0.759946168612369,climate_vulnerability_score,ND-GAIN
FRA,2011,0.647681332010549,climate_vulnerability_score,ND-GAIN
GAB,2011,0.28871913862472,climate_vulnerability_score,ND-GAIN
GMB,2011,0.303054275156305,climate_vulnerability_score,ND-GAIN
GEO,2011,0.483700645831924,climate_vulnerability_score,ND-GAIN
DEU,2011,0.691267721822794,climate_vulnerability_score,ND-GAIN
GHA,2011,0.354192622919567,climate_vulnerability_score,ND-GAIN
GRC,2011,0.473969624720156,climate_vulnerability_score,ND-GAIN
GRD,2011,0.46383818531919,climate_vulnerability_score,ND-GAIN
GTM,2011,0.282319364102871,climate_vulnerability_score,ND-GAIN
GIN,2011,0.238626014416555,climate_vulnerability_score,ND-GAIN
GNB,2011,0.24383347465159,climate_vulnerability_score,ND-GAIN
GUY,2011,0.295784899737894,climate_vulnerability_score,ND-GAIN
HTI,2011,0.211263141281524,climate_vulnerability_score,ND-GAIN
HND,2011,0.26430854569781,climate_vulnerability_score,ND-GAIN
HUN,2011,0.524548865684067,climate_vulnerability_score,ND-GAIN
ISL,2011,0.72745176754072,climate_vulnerability_score,ND-GAIN
IND,2011,0.484662376453417,climate_vulnerability_score,ND-GAIN
IDN,2011,0.482176552992509,climate_vulnerability_score,ND-GAIN
IRN,2011,0.359894880910064,climate_vulnerability_score,ND-GAIN
IRQ,2011,0.269239720577634,climate_vulnerability_score,ND-GAIN
IRL,2011,0.58372226673188,climate_vulnerability_score,ND-GAIN
ISR,2011,0.532983761072328,climate_vulnerability_score,ND-GAIN
ITA,2011,0.49759363982738,climate_vulnerability_score,ND-GAIN
JAM,2011,0.350888400916337,climate_vulnerability_score,ND-GAIN
JPN,2011,0.74904237775164,climate_vulnerability_score,ND-GAIN
JOR,2011,0.394937241822206,climate_vulnerability_score,ND-GAIN
KAZ,2011,0.422245568395782,climate_vulnerability_score,ND-GAIN
KEN,2011,0.241754856442615,climate_vulnerability_score,ND-GAIN
KIR,2011,0.355950663864772,climate_vulnerability_score,ND-GAIN
PRK,2011,0.395985924497411,climate_vulnerability_score,ND-GAIN
KOR,2011,0.702459773733446,climate_vulnerability_score,ND-GAIN
KWT,2011,0.396863759423506,climate_vulnerability_score,ND-GAIN
KGZ,2011,0.342158598976315,climate_vulnerability_score,ND-GAIN
LAO,2011,0.279335192829242,climate_vulnerability_score,ND-GAIN
LVA,2011,0.533014856966607,climate_vulnerability_score,ND-GAIN
LBN,2011,0.319005738190629,climate_vulnerability_score,ND-GAIN
LSO,2011,0.29185443118029,climate_vulnerability_score,ND-GAIN
LBR,2011,0.264403130505633,climate_vulnerability_score,ND-GAIN
LBY,2011,0.414459370292384,climate_vulnerability_score,ND-GAIN
LIE,2011,0.632743793395813,climate_vulnerability_score,ND-GAIN
LTU,2011,0.555377617512621,climate_vulnerability_score,ND-GAIN
LUX,2011,0.656258244902406,climate_vulnerability_score,ND-GAIN
MKD,2011,0.388774361787431,climate_vulnerability_score,ND-GAIN
MDG,2011,0.254482479910221,climate_vulnerability_score,ND-GAIN
MWI,2011,0.288030412764664,climate_vulnerability_score,ND-GAIN
MYS,2011,0.446707502347911,climate_vulnerability_score,ND-GAIN
MDV,2011,0.413519734968041,climate_vulnerability_score,ND-GAIN
MLI,2011,0.305921984046163,climate_vulnerability_score,ND-GAIN
MLT,2011,0.614430248126983,climate_vulnerability_score,ND-GAIN
MHL,2011,0.391159251581292,climate_vulnerability_score,ND-GAIN
MRT,2011,0.29141854881857,climate_vulnerability_score,ND-GAIN
MUS,2011,0.500554876101156,climate_vulnerability_score,ND-GAIN
MEX,2011,0.503951250354822,climate_vulnerability_score,ND-GAIN
FSM,2011,0.344515611026893,climate_vulnerability_score,ND-GAIN
MDA,2011,0.392297643865076,climate_vulnerability_score,ND-GAIN
MCO,2011,0.719275877591355,climate_vulnerability_score,ND-GAIN
MNG,2011,0.379783909350897,climate_vulnerability_score,ND-GAIN
MNE,2011,0.419246159948925,climate_vulnerability_score,ND-GAIN
MAR,2011,0.355800304713198,climate_vulnerability_score,ND-GAIN
MOZ,2011,0.268011488637151,climate_vulnerability_score,ND-GAIN
MMR,2011,0.38681631312644,climate_vulnerability_score,ND-GAIN
NAM,2011,0.359695833125753,climate_vulnerability_score,ND-GAIN
NRU,2011,0.598995932503341,climate_vulnerability_score,ND-GAIN
NPL,2011,0.303771790163723,climate_vulnerability_score,ND-GAIN
NLD,2011,0.682738398696109,climate_vulnerability_score,ND-GAIN
NZL,2011,0.773396648282764,climate_vulnerability_score,ND-GAIN
NIC,2011,0.273137409729572,climate_vulnerability_score,ND-GAIN
NER,2011,0.28148759635383,climate_vulnerability_score,ND-GAIN
NGA,2011,0.416876506846216,climate_vulnerability_score,ND-GAIN
NOR,2011,0.759557892291685,climate_vulnerability_score,ND-GAIN
OMN,2011,0.448851072712248,climate_vulnerability_score,ND-GAIN
PAK,2011,0.429872510680249,climate_vulnerability_score,ND-GAIN
PLW,2011,0.462687511255901,climate_vulnerability_score,ND-GAIN
PAN,2011,0.383064206170119,climate_vulnerability_score,ND-GAIN
PNG,2011,0.276286835338668,climate_vulnerability_score,ND-GAIN
PRY,2011,0.314900879112158,climate_vulnerability_score,ND-GAIN
PER,2011,0.375592170036442,climate_vulnerability_score,ND-GAIN
PHL,2011,0.304474632224896,climate_vulnerability_score,ND-GAIN
POL,2011,0.512243525041582,climate_vulnerability_score,ND-GAIN
PRT,2011,0.525435018247792,climate_vulnerability_score,ND-GAIN
QAT,2011,0.477178940872974,climate_vulnerability_score,ND-GAIN
ROU,2011,0.453155505280817,climate_vulnerability_score,ND-GAIN
RUS,2011,0.59471623131496,climate_vulnerability_score,ND-GAIN
RWA,2011,0.347198494474595,climate_vulnerability_score,ND-GAIN
KNA,2011,0.555964869319514,climate_vulnerability_score,ND-GAIN
LCA,2011,0.473426257831365,climate_vulnerability_score,ND-GAIN
VCT,2011,0.499443609770299,climate_vulnerability_score,ND-GAIN
WSM,2011,0.412294080122677,climate_vulnerability_score,ND-GAIN
SMR,2011,0.730465017238439,climate_vulnerability_score,ND-GAIN
STP,2011,0.320306962844474,climate_vulnerability_score,ND-GAIN
SAU,2011,0.416817045557906,climate_vulnerability_score,ND-GAIN
SEN,2011,0.29518307555344,climate_vulnerability_score,ND-GAIN
SRB,2011,0.3754368497548,climate_vulnerability_score,ND-GAIN
SYC,2011,0.417283583225168,climate_vulnerability_score,ND-GAIN
SLE,2011,0.25600609938977,climate_vulnerability_score,ND-GAIN
SGP,2011,0.769855529652507,climate_vulnerability_score,ND-GAIN
SVK,2011,0.50081134996198,climate_vulnerability_score,ND-GAIN
SVN,2011,0.617840982282922,climate_vulnerability_score,ND-GAIN
SLB,2011,0.363139656993618,climate_vulnerability_score,ND-GAIN
SOM,2011,0.419410984994441,climate_vulnerability_score,ND-GAIN
ZAF,2011,0.352864643647308,climate_vulnerability_score,ND-GAIN
ESP,2011,0.523719200334293,climate_vulnerability_score,ND-GAIN
LKA,2011,0.333423819884309,climate_vulnerability_score,ND-GAIN
SDN,2011,0.234837530667095,climate_vulnerability_score,ND-GAIN
SUR,2011,0.31293770690209,climate_vulnerability_score,ND-GAIN
SWZ,2011,0.299746298683099,climate_vulnerability_score,ND-GAIN
SWE,2011,0.746613351022218,climate_vulnerability_score,ND-GAIN
CHE,2011,0.714451938309328,climate_vulnerability_score,ND-GAIN
SYR,2011,0.285121533853092,climate_vulnerability_score,ND-GAIN
TJK,2011,0.258895686461904,climate_vulnerability_score,ND-GAIN
TZA,2011,0.294544722941172,climate_vulnerability_score,ND-GAIN
THA,2011,0.424300280479647,climate_vulnerability_score,ND-GAIN
TLS,2011,0.357398290543967,climate_vulnerability_score,ND-GAIN
TGO,2011,0.260689934279895,climate_vulnerability_score,ND-GAIN
TON,2011,0.406981909786348,climate_vulnerability_score,ND-GAIN
TTO,2011,0.348837224749945,climate_vulnerability_score,ND-GAIN
TUN,2011,0.428038791769191,climate_vulnerability_score,ND-GAIN
TUR,2011,0.419179215357697,climate_vulnerability_score,ND-GAIN
TKM,2011,0.239712896530191,climate_vulnerability_score,ND-GAIN
TUV,2011,0.401014361649887,climate_vulnerability_score,ND-GAIN
UGA,2011,0.271957047031878,climate_vulnerability_score,ND-GAIN
UKR,2011,0.314677822829008,climate_vulnerability_score,ND-GAIN
ARE,2011,0.531856016556078,climate_vulnerability_score,ND-GAIN
GBR,2011,0.668255585727145,climate_vulnerability_score,ND-GAIN
USA,2011,0.74084856119371,climate_vulnerability_score,ND-GAIN
URY,2011,0.441628133931948,climate_vulnerability_score,ND-GAIN
UZB,2011,0.238157039167429,climate_vulnerability_score,ND-GAIN
VUT,2011,0.372654380145268,climate_vulnerability_score,ND-GAIN
VEN,2011,0.217803102195607,climate_vulnerability_score,ND-GAIN
VNM,2011,0.36110484164511,climate_vulnerability_score,ND-GAIN
YEM,2011,0.291840711203158,climate_vulnerability_score,ND-GAIN
ZMB,2011,0.315565182636838,climate_vulnerability_score,ND-GAIN
ZWE,2011,0.160276301534444,climate_vulnerability_score,ND-GAIN
AFG,2012,0.217744515422829,climate_vulnerability_score,ND-GAIN
ALB,2012,0.366975802385391,climate_vulnerability_score,ND-GAIN
DZA,2012,0.2804759340434,climate_vulnerability_score,ND-GAIN
AND,2012,0.533075530549554,climate_vulnerability_score,ND-GAIN
AGO,2012,0.197106400958038,climate_vulnerability_score,ND-GAIN
ATG,2012,0.490900459747086,climate_vulnerability_score,ND-GAIN
ARG,2012,0.349643260203734,climate_vulnerability_score,ND-GAIN
ARM,2012,0.440034410680519,climate_vulnerability_score,ND-GAIN
AUS,2012,0.701168711227468,climate_vulnerability_score,ND-GAIN
AUT,2012,0.676727592381842,climate_vulnerability_score,ND-GAIN
AZE,2012,0.363579434963689,climate_vulnerability_score,ND-GAIN
BHS,2012,0.457963863313453,climate_vulnerability_score,ND-GAIN
BHR,2012,0.455731443558191,climate_vulnerability_score,ND-GAIN
BGD,2012,0.451585281027438,climate_vulnerability_score,ND-GAIN
BRB,2012,0.514321237224834,climate_vulnerability_score,ND-GAIN
BLR,2012,0.478480354074213,climate_vulnerability_score,ND-GAIN
BEL,2012,0.586608420128214,climate_vulnerability_score,ND-GAIN
BLZ,2012,0.334209044281752,climate_vulnerability_score,ND-GAIN
BEN,2012,0.278378829596391,climate_vulnerability_score,ND-GAIN
BTN,2012,0.396720175966378,climate_vulnerability_score,ND-GAIN
BOL,2012,0.27727066704161,climate_vulnerability_score,ND-GAIN
BIH,2012,0.344822113068684,climate_vulnerability_score,ND-GAIN
BWA,2012,0.405807669710548,climate_vulnerability_score,ND-GAIN
BRA,2012,0.529242403105324,climate_vulnerability_score,ND-GAIN
BRN,2012,0.477914746567908,climate_vulnerability_score,ND-GAIN
BGR,2012,0.440751784572927,climate_vulnerability_score,ND-GAIN
BFA,2012,0.277407243007916,climate_vulnerability_score,ND-GAIN
BDI,2012,0.200624815590495,climate_vulnerability_score,ND-GAIN
KHM,2012,0.277742999012073,climate_vulnerability_score,ND-GAIN
CMR,2012,0.248240807170913,climate_vulnerability_score,ND-GAIN
CAN,2012,0.665004481231017,climate_vulnerability_score,ND-GAIN
CPV,2012,0.419671693843621,climate_vulnerability_score,ND-GAIN
CAF,2012,0.146576495913502,climate_vulnerability_score,ND-GAIN
TCD,2012,0.164901870414283,climate_vulnerability_score,ND-GAIN
CHL,2012,0.537943962446232,climate_vulnerability_score,ND-GAIN
CHN,2012,0.565087317721185,climate_vulnerability_score,ND-GAIN
COL,2012,0.349513817399254,climate_vulnerability_score,ND-GAIN
COM,2012,0.272230871058376,climate_vulnerability_score,ND-GAIN
COG,2012,0.207039760166413,climate_vulnerability_score,ND-GAIN
COD,2012,0.158999748359064,climate_vulnerability_score,ND-GAIN
CRI,2012,0.414982948607902,climate_vulnerability_score,ND-GAIN
CIV,2012,0.194496417828454,climate_vulnerability_score,ND-GAIN
HRV,2012,0.46625262138875,climate_vulnerability_score,ND-GAIN
CUB,2012,0.331773381973277,climate_vulnerability_score,ND-GAIN
CYP,2012,0.489665948600213,climate_vulnerability_score,ND-GAIN
CZE,2012,0.528288763601983,climate_vulnerability_score,ND-GAIN
DNK,2012,0.774015248735638,climate_vulnerability_score,ND-GAIN
DJI,2012,0.293234948100696,climate_vulnerability_score,ND-GAIN
DMA,2012,0.546373528438577,climate_vulnerability_score,ND-GAIN
DOM,2012,0.345646780741918,climate_vulnerability_score,ND-GAIN
ECU,2012,0.296806457152771,climate_vulnerability_score,ND-GAIN
EGY,2012,0.32147618499532,climate_vulnerability_score,ND-GAIN
SLV,2012,0.348384028989594,climate_vulnerability_score,ND-GAIN
GNQ,2012,0.242781924194653,climate_vulnerability_score,ND-GAIN
ERI,2012,0.208761858776653,climate_vulnerability_score,ND-GAIN
EST,2012,0.601261251157709,climate_vulnerability_score,ND-GAIN
ETH,2012,0.28438922780921,climate_vulnerability_score,ND-GAIN
FJI,2012,0.419367746833996,climate_vulnerability_score,ND-GAIN
FIN,2012,0.768992285418637,climate_vulnerability_score,ND-GAIN
FRA,2012,0.651203740659309,climate_vulnerability_score,ND-GAIN
GAB,2012,0.293467761876409,climate_vulnerability_score,ND-GAIN
GMB,2012,0.296193679943939,climate_vulnerability_score,ND-GAIN
GEO,2012,0.505190392699762,climate_vulnerability_score,ND-GAIN
DEU,2012,0.692969801026687,climate_vulnerability_score,ND-GAIN
GHA,2012,0.351725662900877,climate_vulnerability_score,ND-GAIN
GRC,2012,0.467223555381164,climate_vulnerability_score,ND-GAIN
GRD,2012,0.469984718584104,climate_vulnerability_score,ND-GAIN
GTM,2012,0.278471369911864,climate_vulnerability_score,ND-GAIN
GIN,2012,0.241859375089856,climate_vulnerability_score,ND-GAIN
GNB,2012,0.240770802305887,climate_vulnerability_score,ND-GAIN
GUY,2012,0.290940572496323,climate_vulnerability_score,ND-GAIN
HTI,2012,0.213452191872758,climate_vulnerability_score,ND-GAIN
HND,2012,0.254357387833567,climate_vulnerability_score,ND-GAIN
HUN,2012,0.526025847345773,climate_vulnerability_score,ND-GAIN
ISL,2012,0.710055346887035,climate_vulnerability_score,ND-GAIN
IND,2012,0.48464502096535,climate_vulnerability_score,ND-GAIN
IDN,2012,0.484059976590848,climate_vulnerability_score,ND-GAIN
IRN,2012,0.356854606804673,climate_vulnerability_score,ND-GAIN
IRQ,2012,0.264724530497243,climate_vulnerability_score,ND-GAIN
IRL,2012,0.580620348530118,climate_vulnerability_score,ND-GAIN
ISR,2012,0.530053872446435,climate_vulnerability_score,ND-GAIN
ITA,2012,0.489265601922235,climate_vulnerability_score,ND-GAIN
JAM,2012,0.344554727833947,climate_vulnerability_score,ND-GAIN
JPN,2012,0.750308340754152,climate_vulnerability_score,ND-GAIN
JOR,2012,0.403201155767723,climate_vulnerability_score,ND-GAIN
KAZ,2012,0.435014493186428,climate_vulnerability_score,ND-GAIN
KEN,2012,0.23871981507301,climate_vulnerability_score,ND-GAIN
KIR,2012,0.353336868010895,climate_vulnerability_score,ND-GAIN
PRK,2012,0.362955884710756,climate_vulnerability_score,ND-GAIN
KOR,2012,0.70785383395644,climate_vulnerability_score,ND-GAIN
KWT,2012,0.399777668549017,climate_vulnerability_score,ND-GAIN
KGZ,2012,0.33305410831152,climate_vulnerability_score,ND-GAIN
LAO,2012,0.284145526677099,climate_vulnerability_score,ND-GAIN
LVA,2012,0.557854313429611,climate_vulnerability_score,ND-GAIN
LBN,2012,0.317204351894611,climate_vulnerability_score,ND-GAIN
LSO,2012,0.286760839684071,climate_vulnerability_score,ND-GAIN
LBR,2012,0.277183878217381,climate_vulnerability_score,ND-GAIN
LBY,2012,0.423636179063336,climate_vulnerability_score,ND-GAIN
LIE,2012,0.633284234685913,climate_vulnerability_score,ND-GAIN
LTU,2012,0.564570713119578,climate_vulnerability_score,ND-GAIN
LUX,2012,0.676396097327429,climate_vulnerability_score,ND-GAIN
MKD,2012,0.423177083278492,climate_vulnerability_score,ND-GAIN
MDG,2012,0.258845918394494,climate_vulnerability_score,ND-GAIN
MWI,2012,0.277735432224546,climate_vulnerability_score,ND-GAIN
MYS,2012,0.479585203351213,climate_vulnerability_score,ND-GAIN
MDV,2012,0.409519154261693,climate_vulnerability_score,ND-GAIN
MLI,2012,0.279281468977406,climate_vulnerability_score,ND-GAIN
MLT,2012,0.509033294430533,climate_vulnerability_score,ND-GAIN
MHL,2012,0.390182975422515,climate_vulnerability_score,ND-GAIN
MRT,2012,0.295517778892245,climate_vulnerability_score,ND-GAIN
MUS,2012,0.522006672249083,climate_vulnerability_score,ND-GAIN
MEX,2012,0.508245831227645,climate_vulnerability_score,ND-GAIN
FSM,2012,0.347815915542204,climate_vulnerability_score,ND-GAIN
MDA,2012,0.387060577508367,climate_vulnerability_score,ND-GAIN
MCO,2012,0.672610647929938,climate_vulnerability_score,ND-GAIN
MNG,2012,0.384193910694752,climate_vulnerability_score,ND-GAIN
MNE,2012,0.448818179457588,climate_vulnerability_score,ND-GAIN
MAR,2012,0.367213367407134,climate_vulnerability_score,ND-GAIN
MOZ,2012,0.263971225268304,climate_vulnerability_score,ND-GAIN
MMR,2012,0.382688504889269,climate_vulnerability_score,ND-GAIN
NAM,2012,0.368920806686099,climate_vulnerability_score,ND-GAIN
NRU,2012,0.603087733317706,climate_vulnerability_score,ND-GAIN
NPL,2012,0.310279544843969,climate_vulnerability_score,ND-GAIN
NLD,2012,0.680300375862375,climate_vulnerability_score,ND-GAIN
NZL,2012,0.775148385396359,climate_vulnerability_score,ND-GAIN
NIC,2012,0.286820032470112,climate_vulnerability_score,ND-GAIN
NER,2012,0.275922714026604,climate_vulnerability_score,ND-GAIN
NGA,2012,0.418249171638793,climate_vulnerability_score,ND-GAIN
NOR,2012,0.761340021432627,climate_vulnerability_score,ND-GAIN
OMN,2012,0.460922632022048,climate_vulnerability_score,ND-GAIN
PAK,2012,0.432871914828233,climate_vulnerability_score,ND-GAIN
PLW,2012,0.466925125362441,climate_vulnerability_score,ND-GAIN
PAN,2012,0.373815807937982,climate_vulnerability_score,ND-GAIN
PNG,2012,0.272701520245125,climate_vulnerability_score,ND-GAIN
PRY,2012,0.31903482446197,climate_vulnerability_score,ND-GAIN
PER,2012,0.37687037843815,climate_vulnerability_score,ND-GAIN
PHL,2012,0.315450705978779,climate_vulnerability_score,ND-GAIN
POL,2012,0.521812179494995,climate_vulnerability_score,ND-GAIN
PRT,2012,0.544403583691473,climate_vulnerability_score,ND-GAIN
QAT,2012,0.483090517983504,climate_vulnerability_score,ND-GAIN
ROU,2012,0.430812246060486,climate_vulnerability_score,ND-GAIN
RUS,2012,0.597515244842243,climate_vulnerability_score,ND-GAIN
RWA,2012,0.348193542169651,climate_vulnerability_score,ND-GAIN
KNA,2012,0.562094621579447,climate_vulnerability_score,ND-GAIN
LCA,2012,0.466178764882897,climate_vulnerability_score,ND-GAIN
VCT,2012,0.499886952498518,climate_vulnerability_score,ND-GAIN
WSM,2012,0.415540537894733,climate_vulnerability_score,ND-GAIN
SMR,2012,0.73309195378491,climate_vulnerability_score,ND-GAIN
STP,2012,0.348320944549044,climate_vulnerability_score,ND-GAIN
SAU,2012,0.418678664243022,climate_vulnerability_score,ND-GAIN
SEN,2012,0.302548551285352,climate_vulnerability_score,ND-GAIN
SRB,2012,0.376578115565005,climate_vulnerability_score,ND-GAIN
SYC,2012,0.417972240974398,climate_vulnerability_score,ND-GAIN
SLE,2012,0.264745265774277,climate_vulnerability_score,ND-GAIN
SGP,2012,0.782936541657317,climate_vulnerability_score,ND-GAIN
SVK,2012,0.49708800125792,climate_vulnerability_score,ND-GAIN
SVN,2012,0.619741944274781,climate_vulnerability_score,ND-GAIN
SLB,2012,0.364841000407613,climate_vulnerability_score,ND-GAIN
SOM,2012,0.427436107598964,climate_vulnerability_score,ND-GAIN
ZAF,2012,0.355227485210276,climate_vulnerability_score,ND-GAIN
ESP,2012,0.529247317709782,climate_vulnerability_score,ND-GAIN
LKA,2012,0.333722832993074,climate_vulnerability_score,ND-GAIN
SDN,2012,0.231784071775568,climate_vulnerability_score,ND-GAIN
SUR,2012,0.313994953594504,climate_vulnerability_score,ND-GAIN
SWZ,2012,0.302252807691301,climate_vulnerability_score,ND-GAIN
SWE,2012,0.744137144789118,climate_vulnerability_score,ND-GAIN
CHE,2012,0.714098836856842,climate_vulnerability_score,ND-GAIN
SYR,2012,0.266833347723685,climate_vulnerability_score,ND-GAIN
TJK,2012,0.25547502597104,climate_vulnerability_score,ND-GAIN
TZA,2012,0.295224324745091,climate_vulnerability_score,ND-GAIN
THA,2012,0.424719576147243,climate_vulnerability_score,ND-GAIN
TLS,2012,0.36179816083546,climate_vulnerability_score,ND-GAIN
TGO,2012,0.256863482716145,climate_vulnerability_score,ND-GAIN
TON,2012,0.407972054635961,climate_vulnerability_score,ND-GAIN
TTO,2012,0.350041819422703,climate_vulnerability_score,ND-GAIN
TUN,2012,0.424166975542277,climate_vulnerability_score,ND-GAIN
TUR,2012,0.42701577062103,climate_vulnerability_score,ND-GAIN
TKM,2012,0.241530676373971,climate_vulnerability_score,ND-GAIN
TUV,2012,0.38595998202398,climate_vulnerability_score,ND-GAIN
UGA,2012,0.258930970368835,climate_vulnerability_score,ND-GAIN
UKR,2012,0.315308831107762,climate_vulnerability_score,ND-GAIN
ARE,2012,0.532173635812566,climate_vulnerability_score,ND-GAIN
GBR,2012,0.672102389146571,climate_vulnerability_score,ND-GAIN
USA,2012,0.744966510608017,climate_vulnerability_score,ND-GAIN
URY,2012,0.464348572524454,climate_vulnerability_score,ND-GAIN
UZB,2012,0.249886998461909,climate_vulnerability_score,ND-GAIN
VUT,2012,0.370281488950381,climate_vulnerability_score,ND-GAIN
VEN,2012,0.213733196688194,climate_vulnerability_score,ND-GAIN
VNM,2012,0.354656458452447,climate_vulnerability_score,ND-GAIN
YEM,2012,0.295501131078173,climate_vulnerability_score,ND-GAIN
ZMB,2012,0.313344284688771,climate_vulnerability_score,ND-GAIN
ZWE,2012,0.169114912537592,climate_vulnerability_score,ND-GAIN
AFG,2013,0.220847414261172,climate_vulnerability_score,ND-GAIN
ALB,2013,0.376967531864122,climate_vulnerability_score,ND-GAIN
DZA,2013,0.292009666934466,climate_vulnerability_score,ND-GAIN
AND,2013,0.536760438356013,climate_vulnerability_score,ND-GAIN
AGO,2013,0.202957220503704,climate_vulnerability_score,ND-GAIN
ATG,2013,0.486690284551353,climate_vulnerability_score,ND-GAIN
ARG,2013,0.338499835214616,climate_vulnerability_score,ND-GAIN
ARM,2013,0.456155242387708,climate_vulnerability_score,ND-GAIN
AUS,2013,0.707882078241517,climate_vulnerability_score,ND-GAIN
AUT,2013,0.690088237929382,climate_vulnerability_score,ND-GAIN
AZE,2013,0.383159050425278,climate_vulnerability_score,ND-GAIN
BHS,2013,0.449940006068211,climate_vulnerability_score,ND-GAIN
BHR,2013,0.456240799321511,climate_vulnerability_score,ND-GAIN
BGD,2013,0.451343586011464,climate_vulnerability_score,ND-GAIN
BRB,2013,0.518219753945108,climate_vulnerability_score,ND-GAIN
BLR,2013,0.480406669103563,climate_vulnerability_score,ND-GAIN
BEL,2013,0.591740975792087,climate_vulnerability_score,ND-GAIN
BLZ,2013,0.336278545874869,climate_vulnerability_score,ND-GAIN
BEN,2013,0.289395506959505,climate_vulnerability_score,ND-GAIN
BTN,2013,0.404781065662767,climate_vulnerability_score,ND-GAIN
BOL,2013,0.283563127179954,climate_vulnerability_score,ND-GAIN
BIH,2013,0.359704752337543,climate_vulnerability_score,ND-GAIN
BWA,2013,0.409026589280036,climate_vulnerability_score,ND-GAIN
BRA,2013,0.52689343438979,climate_vulnerability_score,ND-GAIN
BRN,2013,0.485757786364827,climate_vulnerability_score,ND-GAIN
BGR,2013,0.447975241769788,climate_vulnerability_score,ND-GAIN
BFA,2013,0.271512728563955,climate_vulnerability_score,ND-GAIN
BDI,2013,0.224970304273273,climate_vulnerability_score,ND-GAIN
KHM,2013,0.270022158509379,climate_vulnerability_score,ND-GAIN
CMR,2013,0.250120332636944,climate_vulnerability_score,ND-GAIN
CAN,2013,0.66739550572065,climate_vulnerability_score,ND-GAIN
CPV,2013,0.421165239264218,climate_vulnerability_score,ND-GAIN
CAF,2013,0.123986051002241,climate_vulnerability_score,ND-GAIN
TCD,2013,0.16188346955801,climate_vulnerability_score,ND-GAIN
CHL,2013,0.542315326809836,climate_vulnerability_score,ND-GAIN
CHN,2013,0.57084288049304,climate_vulnerability_score,ND-GAIN
COL,2013,0.350545417077155,climate_vulnerability_score,ND-GAIN
COM,2013,0.280574938782832,climate_vulnerability_score,ND-GAIN
COG,2013,0.211423206495006,climate_vulnerability_score,ND-GAIN
COD,2013,0.163961848680197,climate_vulnerability_score,ND-GAIN
CRI,2013,0.428207580455778,climate_vulnerability_score,ND-GAIN
CIV,2013,0.207204250413526,climate_vulnerability_score,ND-GAIN
HRV,2013,0.472911847946432,climate_vulnerability_score,ND-GAIN
CUB,2013,0.318888409107284,climate_vulnerability_score,ND-GAIN
CYP,2013,0.492608517759194,climate_vulnerability_score,ND-GAIN
CZE,2013,0.54220033143137,climate_vulnerability_score,ND-GAIN
DNK,2013,0.782227927117174,climate_vulnerability_score,ND-GAIN
DJI,2013,0.285635098871641,climate_vulnerability_score,ND-GAIN
DMA,2013,0.551183922893264,climate_vulnerability_score,ND-GAIN
DOM,2013,0.34395504501098,climate_vulnerability_score,ND-GAIN
ECU,2013,0.304935554394011,climate_vulnerability_score,ND-GAIN
EGY,2013,0.312831395704239,climate_vulnerability_score,ND-GAIN
SLV,2013,0.346950209067465,climate_vulnerability_score,ND-GAIN
GNQ,2013,0.242655704525435,climate_vulnerability_score,ND-GAIN
ERI,2013,0.205205238281769,climate_vulnerability_score,ND-GAIN
EST,2013,0.61261720776301,climate_vulnerability_score,ND-GAIN
ETH,2013,0.280456357918052,climate_vulnerability_score,ND-GAIN
FJI,2013,0.422001183878249,climate_vulnerability_score,ND-GAIN
FIN,2013,0.770678001253472,climate_vulnerability_score,ND-GAIN
FRA,2013,0.647488991996363,climate_vulnerability_score,ND-GAIN
GAB,2013,0.286289914083696,climate_vulnerability_score,ND-GAIN
GMB,2013,0.293337386994913,climate_vulnerability_score,ND-GAIN
GEO,2013,0.522671806271121,climate_vulnerability_score,ND-GAIN
DEU,2013,0.697650877630529,climate_vulnerability_score,ND-GAIN
GHA,2013,0.357552338009431,climate_vulnerability_score,ND-GAIN
GRC,2013,0.484613421156741,climate_vulnerability_score,ND-GAIN
GRD,2013,0.482717875121177,climate_vulnerability_score,ND-GAIN
GTM,2013,0.2843525212562,climate_vulnerability_score,ND-GAIN
GIN,2013,0.255313562896265,climate_vulnerability_score,ND-GAIN
GNB,2013,0.239473834547736,climate_vulnerability_score,ND-GAIN
GUY,2013,0.296987442289461,climate_vulnerability_score,ND-GAIN
HTI,2013,0.22060478022984,climate_vulnerability_score,ND-GAIN
HND,2013,0.258408196224473,climate_vulnerability_score,ND-GAIN
HUN,2013,0.523535208168995,climate_vulnerability_score,ND-GAIN
ISL,2013,0.709366934362808,climate_vulnerability_score,ND-GAIN
IND,2013,0.488872939559438,climate_vulnerability_score,ND-GAIN
IDN,2013,0.489643814773881,climate_vulnerability_score,ND-GAIN
IRN,2013,0.36175739691426,climate_vulnerability_score,ND-GAIN
IRQ,2013,0.268301779409674,climate_vulnerability_score,ND-GAIN
IRL,2013,0.596129232820979,climate_vulnerability_score,ND-GAIN
ISR,2013,0.524437887773611,climate_vulnerability_score,ND-GAIN
ITA,2013,0.487630274993298,climate_vulnerability_score,ND-GAIN
JAM,2013,0.358183155089704,climate_vulnerability_score,ND-GAIN
JPN,2013,0.756345900594398,climate_vulnerability_score,ND-GAIN
JOR,2013,0.399911452468251,climate_vulnerability_score,ND-GAIN
KAZ,2013,0.443986785819158,climate_vulnerability_score,ND-GAIN
KEN,2013,0.247666886918233,climate_vulnerability_score,ND-GAIN
KIR,2013,0.355710147880076,climate_vulnerability_score,ND-GAIN
PRK,2013,0.356528887808855,climate_vulnerability_score,ND-GAIN
KOR,2013,0.718491005859514,climate_vulnerability_score,ND-GAIN
KWT,2013,0.407843394780445,climate_vulnerability_score,ND-GAIN
KGZ,2013,0.344573418623362,climate_vulnerability_score,ND-GAIN
LAO,2013,0.288980955432238,climate_vulnerability_score,ND-GAIN
LVA,2013,0.571952894065185,climate_vulnerability_score,ND-GAIN
LBN,2013,0.323832954550241,climate_vulnerability_score,ND-GAIN
LSO,2013,0.308048409956922,climate_vulnerability_score,ND-GAIN
LBR,2013,0.283529554312274,climate_vulnerability_score,ND-GAIN
LBY,2013,0.295772218986618,climate_vulnerability_score,ND-GAIN
LIE,2013,0.634676101587064,climate_vulnerability_score,ND-GAIN
LTU,2013,0.573831980391338,climate_vulnerability_score,ND-GAIN
LUX,2013,0.680576036871407,climate_vulnerability_score,ND-GAIN
MKD,2013,0.432075889082704,climate_vulnerability_score,ND-GAIN
MDG,2013,0.255207043638318,climate_vulnerability_score,ND-GAIN
MWI,2013,0.2701168051659,climate_vulnerability_score,ND-GAIN
MYS,2013,0.492326445620936,climate_vulnerability_score,ND-GAIN
MDV,2013,0.395654432165108,climate_vulnerability_score,ND-GAIN
MLI,2013,0.28416687914022,climate_vulnerability_score,ND-GAIN
MLT,2013,0.513937476787393,climate_vulnerability_score,ND-GAIN
MHL,2013,0.394100340067091,climate_vulnerability_score,ND-GAIN
MRT,2013,0.293879509267571,climate_vulnerability_score,ND-GAIN
MUS,2013,0.528690216319355,climate_vulnerability_score,ND-GAIN
MEX,2013,0.509755328027823,climate_vulnerability_score,ND-GAIN
FSM,2013,0.351171146750769,climate_vulnerability_score,ND-GAIN
MDA,2013,0.388777930023854,climate_vulnerability_score,ND-GAIN
MCO,2013,0.695135843025123,climate_vulnerability_score,ND-GAIN
MNG,2013,0.401550805117809,climate_vulnerability_score,ND-GAIN
MNE,2013,0.448291364019799,climate_vulnerability_score,ND-GAIN
MAR,2013,0.372630460384899,climate_vulnerability_score,ND-GAIN
MOZ,2013,0.248348561986606,climate_vulnerability_score,ND-GAIN
MMR,2013,0.195682012058116,climate_vulnerability_score,ND-GAIN
NAM,2013,0.372392054696899,climate_vulnerability_score,ND-GAIN
NRU,2013,0.572573058008373,climate_vulnerability_score,ND-GAIN
NPL,2013,0.318781302623738,climate_vulnerability_score,ND-GAIN
NLD,2013,0.68680598524087,climate_vulnerability_score,ND-GAIN
NZL,2013,0.7742911730035,climate_vulnerability_score,ND-GAIN
NIC,2013,0.295450130658212,climate_vulnerability_score,ND-GAIN
NER,2013,0.285190732032661,climate_vulnerability_score,ND-GAIN
NGA,2013,0.421423824748461,climate_vulnerability_score,ND-GAIN
NOR,2013,0.782261831700628,climate_vulnerability_score,ND-GAIN
OMN,2013,0.467928624461365,climate_vulnerability_score,ND-GAIN
PAK,2013,0.439469863483182,climate_vulnerability_score,ND-GAIN
PLW,2013,0.474269859283066,climate_vulnerability_score,ND-GAIN
PAN,2013,0.379214408577776,climate_vulnerability_score,ND-GAIN
PNG,2013,0.274457790873184,climate_vulnerability_score,ND-GAIN
PRY,2013,0.31827767179298,climate_vulnerability_score,ND-GAIN
PER,2013,0.381293032255389,climate_vulnerability_score,ND-GAIN
PHL,2013,0.323455776942215,climate_vulnerability_score,ND-GAIN
POL,2013,0.539150743680125,climate_vulnerability_score,ND-GAIN
PRT,2013,0.553781686300463,climate_vulnerability_score,ND-GAIN
QAT,2013,0.500158246978579,climate_vulnerability_score,ND-GAIN
ROU,2013,0.442257365872362,climate_vulnerability_score,ND-GAIN
RUS,2013,0.60641416458654,climate_vulnerability_score,ND-GAIN
RWA,2013,0.347049188142122,climate_vulnerability_score,ND-GAIN
KNA,2013,0.572960938922122,climate_vulnerability_score,ND-GAIN
LCA,2013,0.47215958401961,climate_vulnerability_score,ND-GAIN
VCT,2013,0.487186218932096,climate_vulnerability_score,ND-GAIN
WSM,2013,0.421525076300932,climate_vulnerability_score,ND-GAIN
SMR,2013,0.638085620585506,climate_vulnerability_score,ND-GAIN
STP,2013,0.346413111589429,climate_vulnerability_score,ND-GAIN
SAU,2013,0.438867506265557,climate_vulnerability_score,ND-GAIN
SEN,2013,0.305701285573301,climate_vulnerability_score,ND-GAIN
SRB,2013,0.395230340180164,climate_vulnerability_score,ND-GAIN
SYC,2013,0.424045896750849,climate_vulnerability_score,ND-GAIN
SLE,2013,0.269383750113746,climate_vulnerability_score,ND-GAIN
SGP,2013,0.789499309847434,climate_vulnerability_score,ND-GAIN
SVK,2013,0.502164498986237,climate_vulnerability_score,ND-GAIN
SVN,2013,0.618025992721115,climate_vulnerability_score,ND-GAIN
SLB,2013,0.38166986583661,climate_vulnerability_score,ND-GAIN
SOM,2013,0.431040533140307,climate_vulnerability_score,ND-GAIN
ZAF,2013,0.365062595639013,climate_vulnerability_score,ND-GAIN
ESP,2013,0.523066388130738,climate_vulnerability_score,ND-GAIN
LKA,2013,0.346485950371132,climate_vulnerability_score,ND-GAIN
SDN,2013,0.236797417480396,climate_vulnerability_score,ND-GAIN
SUR,2013,0.316130461909663,climate_vulnerability_score,ND-GAIN
SWZ,2013,0.309232481180384,climate_vulnerability_score,ND-GAIN
SWE,2013,0.74122009983063,climate_vulnerability_score,ND-GAIN
CHE,2013,0.71967376249546,climate_vulnerability_score,ND-GAIN
SYR,2013,0.264100538853729,climate_vulnerability_score,ND-GAIN
TJK,2013,0.257891173422864,climate_vulnerability_score,ND-GAIN
TZA,2013,0.291331797941274,climate_vulnerability_score,ND-GAIN
THA,2013,0.434515935591302,climate_vulnerability_score,ND-GAIN
TLS,2013,0.362584816759774,climate_vulnerability_score,ND-GAIN
TGO,2013,0.261166774873873,climate_vulnerability_score,ND-GAIN
TON,2013,0.412053347918328,climate_vulnerability_score,ND-GAIN
TTO,2013,0.355900035299651,climate_vulnerability_score,ND-GAIN
TUN,2013,0.421290468837634,climate_vulnerability_score,ND-GAIN
TUR,2013,0.4403000174668,climate_vulnerability_score,ND-GAIN
TKM,2013,0.241867293872374,climate_vulnerability_score,ND-GAIN
TUV,2013,0.38739023745502,climate_vulnerability_score,ND-GAIN
UGA,2013,0.253905330737768,climate_vulnerability_score,ND-GAIN
UKR,2013,0.328654851280691,climate_vulnerability_score,ND-GAIN
ARE,2013,0.555703360846421,climate_vulnerability_score,ND-GAIN
GBR,2013,0.677515432169403,climate_vulnerability_score,ND-GAIN
USA,2013,0.743749079984825,climate_vulnerability_score,ND-GAIN
URY,2013,0.479682837512428,climate_vulnerability_score,ND-GAIN
UZB,2013,0.266317609243456,climate_vulnerability_score,ND-GAIN
VUT,2013,0.374425672428665,climate_vulnerability_score,ND-GAIN
VEN,2013,0.209742970531154,climate_vulnerability_score,ND-GAIN
VNM,2013,0.362881886996437,climate_vulnerability_score,ND-GAIN
YEM,2013,0.275114791451702,climate_vulnerability_score,ND-GAIN
ZMB,2013,0.314814319685313,climate_vulnerability_score,ND-GAIN
ZWE,2013,0.173513981508219,climate_vulnerability_score,ND-GAIN
AFG,2014,0.238768638686129,climate_vulnerability_score,ND-GAIN
ALB,2014,0.402833112146632,climate_vulnerability_score,ND-GAIN
DZA,2014,0.289111125650469,climate_vulnerability_score,ND-GAIN
AND,2014,0.520932620327096,climate_vulnerability_score,ND-GAIN
AGO,2014,0.208015152384031,climate_vulnerability_score,ND-GAIN
ATG,2014,0.464770746475167,climate_vulnerability_score,ND-GAIN
ARG,2014,0.330724382669307,climate_vulnerability_score,ND-GAIN
ARM,2014,0.468676579759686,climate_vulnerability_score,ND-GAIN
AUS,2014,0.706008076160817,climate_vulnerability_score,ND-GAIN
AUT,2014,0.703820397951546,climate_vulnerability_score,ND-GAIN
AZE,2014,0.408955546634083,climate_vulnerability_score,ND-GAIN
BHS,2014,0.447962501043778,climate_vulnerability_score,ND-GAIN
BHR,2014,0.464540119841827,climate_vulnerability_score,ND-GAIN
BGD,2014,0.246047385473226,climate_vulnerability_score,ND-GAIN
BRB,2014,0.509044483563114,climate_vulnerability_score,ND-GAIN
BLR,2014,0.473389959451119,climate_vulnerability_score,ND-GAIN
BEL,2014,0.60544132360796,climate_vulnerability_score,ND-GAIN
BLZ,2014,0.331152401367128,climate_vulnerability_score,ND-GAIN
BEN,2014,0.292730842081804,climate_vulnerability_score,ND-GAIN
BTN,2014,0.433763999584328,climate_vulnerability_score,ND-GAIN
BOL,2014,0.28166006395345,climate_vulnerability_score,ND-GAIN
BIH,2014,0.378933841425939,climate_vulnerability_score,ND-GAIN
BWA,2014,0.425008954636607,climate_vulnerability_score,ND-GAIN
BRA,2014,0.353987834147571,climate_vulnerability_score,ND-GAIN
BRN,2014,0.515879887069769,climate_vulnerability_score,ND-GAIN
BGR,2014,0.45831003835418,climate_vulnerability_score,ND-GAIN
BFA,2014,0.276134374980963,climate_vulnerability_score,ND-GAIN
BDI,2014,0.266021461864489,climate_vulnerability_score,ND-GAIN
KHM,2014,0.272784797713024,climate_vulnerability_score,ND-GAIN
CMR,2014,0.257391610156902,climate_vulnerability_score,ND-GAIN
CAN,2014,0.676897419624964,climate_vulnerability_score,ND-GAIN
CPV,2014,0.443591671285004,climate_vulnerability_score,ND-GAIN
CAF,2014,0.115294740329601,climate_vulnerability_score,ND-GAIN
TCD,2014,0.164393093755062,climate_vulnerability_score,ND-GAIN
CHL,2014,0.557181822226489,climate_vulnerability_score,ND-GAIN
CHN,2014,0.430175239719552,climate_vulnerability_score,ND-GAIN
COL,2014,0.373600932996155,climate_vulnerability_score,ND-GAIN
COM,2014,0.297265947768946,climate_vulnerability_score,ND-GAIN
COG,2014,0.217919555287494,climate_vulnerability_score,ND-GAIN
COD,2014,0.162980122577348,climate_vulnerability_score,ND-GAIN
CRI,2014,0.451720110441774,climate_vulnerability_score,ND-GAIN
CIV,2014,0.24742782097293,climate_vulnerability_score,ND-GAIN
HRV,2014,0.478166963563894,climate_vulnerability_score,ND-GAIN
CUB,2014,0.32431679217414,climate_vulnerability_score,ND-GAIN
CYP,2014,0.50423263409368,climate_vulnerability_score,ND-GAIN
CZE,2014,0.558304894498309,climate_vulnerability_score,ND-GAIN
DNK,2014,0.78957434941884,climate_vulnerability_score,ND-GAIN
DJI,2014,0.302314655267758,climate_vulnerability_score,ND-GAIN
DMA,2014,0.550498475324934,climate_vulnerability_score,ND-GAIN
DOM,2014,0.355607173289657,climate_vulnerability_score,ND-GAIN
ECU,2014,0.31632734339021,climate_vulnerability_score,ND-GAIN
EGY,2014,0.326221642810057,climate_vulnerability_score,ND-GAIN
SLV,2014,0.350619610203845,climate_vulnerability_score,ND-GAIN
GNQ,2014,0.238822498009923,climate_vulnerability_score,ND-GAIN
ERI,2014,0.211561031090304,climate_vulnerability_score,ND-GAIN
EST,2014,0.638944742099722,climate_vulnerability_score,ND-GAIN
ETH,2014,0.287180485638931,climate_vulnerability_score,ND-GAIN
FJI,2014,0.458930490688407,climate_vulnerability_score,ND-GAIN
FIN,2014,0.780793270290603,climate_vulnerability_score,ND-GAIN
FRA,2014,0.656597854903134,climate_vulnerability_score,ND-GAIN
GAB,2014,0.293858222124192,climate_vulnerability_score,ND-GAIN
GMB,2014,0.296312452281214,climate_vulnerability_score,ND-GAIN
GEO,2014,0.558830522489972,climate_vulnerability_score,ND-GAIN
DEU,2014,0.717848539816041,climate_vulnerability_score,ND-GAIN
GHA,2014,0.345407175301296,climate_vulnerability_score,ND-GAIN
GRC,2014,0.503126654186651,climate_vulnerability_score,ND-GAIN
GRD,2014,0.495789630998452,climate_vulnerability_score,ND-GAIN
GTM,2014,0.304838038201392,climate_vulnerability_score,ND-GAIN
GIN,2014,0.27036575440065,climate_vulnerability_score,ND-GAIN
GNB,2014,0.251352691798293,climate_vulnerability_score,ND-GAIN
GUY,2014,0.310820349532447,climate_vulnerability_score,ND-GAIN
HTI,2014,0.218999794494382,climate_vulnerability_score,ND-GAIN
HND,2014,0.261893819722865,climate_vulnerability_score,ND-GAIN
HUN,2014,0.513518408830831,climate_vulnerability_score,ND-GAIN
ISL,2014,0.750404519465759,climate_vulnerability_score,ND-GAIN
IND,2014,0.290196166547672,climate_vulnerability_score,ND-GAIN
IDN,2014,0.345199783589852,climate_vulnerability_score,ND-GAIN
IRN,2014,0.395860888577917,climate_vulnerability_score,ND-GAIN
IRQ,2014,0.276926292490862,climate_vulnerability_score,ND-GAIN
IRL,2014,0.618048649303903,climate_vulnerability_score,ND-GAIN
ISR,2014,0.536964835800568,climate_vulnerability_score,ND-GAIN
ITA,2014,0.507622509931616,climate_vulnerability_score,ND-GAIN
JAM,2014,0.370378405389514,climate_vulnerability_score,ND-GAIN
JPN,2014,0.708856861577134,climate_vulnerability_score,ND-GAIN
JOR,2014,0.409923518488067,climate_vulnerability_score,ND-GAIN
KAZ,2014,0.472521760966699,climate_vulnerability_score,ND-GAIN
KEN,2014,0.259756631573472,climate_vulnerability_score,ND-GAIN
KIR,2014,0.365730228311157,climate_vulnerability_score,ND-GAIN
PRK,2014,0.348455596337509,climate_vulnerability_score,ND-GAIN
KOR,2014,0.733996593298035,climate_vulnerability_score,ND-GAIN
KWT,2014,0.408640942839297,climate_vulnerability_score,ND-GAIN
KGZ,2014,0.364361500062544,climate_vulnerability_score,ND-GAIN
LAO,2014,0.296080707377863,climate_vulnerability_score,ND-GAIN
LVA,2014,0.576869390022288,climate_vulnerability_score,ND-GAIN
LBN,2014,0.323545042062709,climate_vulnerability_score,ND-GAIN
LSO,2014,0.317982335122898,climate_vulnerability_score,ND-GAIN
LBR,2014,0.293401319073127,climate_vulnerability_score,ND-GAIN
LBY,2014,0.288635145265929,climate_vulnerability_score,ND-GAIN
LIE,2014,0.63516432417742,climate_vulnerability_score,ND-GAIN
LTU,2014,0.597701105498977,climate_vulnerability_score,ND-GAIN
LUX,2014,0.690424415759194,climate_vulnerability_score,ND-GAIN
MKD,2014,0.463851879608547,climate_vulnerability_score,ND-GAIN
MDG,2014,0.259627984948663,climate_vulnerability_score,ND-GAIN
MWI,2014,0.262199714323882,climate_vulnerability_score,ND-GAIN
MYS,2014,0.516759651954293,climate_vulnerability_score,ND-GAIN
MDV,2014,0.411015203258368,climate_vulnerability_score,ND-GAIN
MLI,2014,0.291215557650168,climate_vulnerability_score,ND-GAIN
MLT,2014,0.506892240704613,climate_vulnerability_score,ND-GAIN
MHL,2014,0.402620996203114,climate_vulnerability_score,ND-GAIN
MRT,2014,0.308786145523893,climate_vulnerability_score,ND-GAIN
MUS,2014,0.540295543809853,climate_vulnerability_score,ND-GAIN
MEX,2014,0.367611060274609,climate_vulnerability_score,ND-GAIN
FSM,2014,0.364665398222714,climate_vulnerability_score,ND-GAIN
MDA,2014,0.400676473904096,climate_vulnerability_score,ND-GAIN
MCO,2014,0.719158143520289,climate_vulnerability_score,ND-GAIN
MNG,2014,0.429187424259539,climate_vulnerability_score,ND-GAIN
MNE,2014,0.464524970161742,climate_vulnerability_score,ND-GAIN
MAR,2014,0.400931917145023,climate_vulnerability_score,ND-GAIN
MOZ,2014,0.263207503121185,climate_vulnerability_score,ND-GAIN
MMR,2014,0.214887530042496,climate_vulnerability_score,ND-GAIN
NAM,2014,0.378622359052968,climate_vulnerability_score,ND-GAIN
NRU,2014,0.55291425978425,climate_vulnerability_score,ND-GAIN
NPL,2014,0.33712679919965,climate_vulnerability_score,ND-GAIN
NLD,2014,0.70932787157643,climate_vulnerability_score,ND-GAIN
NZL,2014,0.793909748339051,climate_vulnerability_score,ND-GAIN
NIC,2014,0.298565416191346,climate_vulnerability_score,ND-GAIN
NER,2014,0.287789890434065,climate_vulnerability_score,ND-GAIN
NGA,2014,0.199482807367224,climate_vulnerability_score,ND-GAIN
NOR,2014,0.79477941089184,climate_vulnerability_score,ND-GAIN
OMN,2014,0.489897062998667,climate_vulnerability_score,ND-GAIN
PAK,2014,0.271012996810035,climate_vulnerability_score,ND-GAIN
PLW,2014,0.479959784748669,climate_vulnerability_score,ND-GAIN
PAN,2014,0.402663890203736,climate_vulnerability_score,ND-GAIN
PNG,2014,0.290873361806696,climate_vulnerability_score,ND-GAIN
PRY,2014,0.342280876591833,climate_vulnerability_score,ND-GAIN
PER,2014,0.39175574034036,climate_vulnerability_score,ND-GAIN
PHL,2014,0.339422638890088,climate_vulnerability_score,ND-GAIN
POL,2014,0.567408823386419,climate_vulnerability_score,ND-GAIN
PRT,2014,0.574355717267517,climate_vulnerability_score,ND-GAIN
QAT,2014,0.50015010903317,climate_vulnerability_score,ND-GAIN
ROU,2014,0.458847140940261,climate_vulnerability_score,ND-GAIN
RUS,2014,0.485716852653823,climate_vulnerability_score,ND-GAIN
RWA,2014,0.379013253892136,climate_vulnerability_score,ND-GAIN
KNA,2014,0.532257021762846,climate_vulnerability_score,ND-GAIN
LCA,2014,0.461073103601815,climate_vulnerability_score,ND-GAIN
VCT,2014,0.488842065698142,climate_vulnerability_score,ND-GAIN
WSM,2014,0.43246529509468,climate_vulnerability_score,ND-GAIN
SMR,2014,0.595048467291355,climate_vulnerability_score,ND-GAIN
STP,2014,0.358762184965231,climate_vulnerability_score,ND-GAIN
SAU,2014,0.457544025928199,climate_vulnerability_score,ND-GAIN
SEN,2014,0.31317887304656,climate_vulnerability_score,ND-GAIN
SRB,2014,0.415182982880617,climate_vulnerability_score,ND-GAIN
SYC,2014,0.430647740463058,climate_vulnerability_score,ND-GAIN
SLE,2014,0.280485963629809,climate_vulnerability_score,ND-GAIN
SGP,2014,0.804864971971586,climate_vulnerability_score,ND-GAIN
SVK,2014,0.506797899634117,climate_vulnerability_score,ND-GAIN
SVN,2014,0.626587943928311,climate_vulnerability_score,ND-GAIN
SLB,2014,0.394344002862749,climate_vulnerability_score,ND-GAIN
SOM,2014,0.456767314015315,climate_vulnerability_score,ND-GAIN
ZAF,2014,0.373506545884576,climate_vulnerability_score,ND-GAIN
ESP,2014,0.532988433945228,climate_vulnerability_score,ND-GAIN
LKA,2014,0.361330208709352,climate_vulnerability_score,ND-GAIN
SDN,2014,0.240676906308784,climate_vulnerability_score,ND-GAIN
SUR,2014,0.317726186849941,climate_vulnerability_score,ND-GAIN
SWZ,2014,0.313451082250455,climate_vulnerability_score,ND-GAIN
SWE,2014,0.747603108518357,climate_vulnerability_score,ND-GAIN
CHE,2014,0.730752050219852,climate_vulnerability_score,ND-GAIN
SYR,2014,0.255452280824662,climate_vulnerability_score,ND-GAIN
TJK,2014,0.271624054663715,climate_vulnerability_score,ND-GAIN
TZA,2014,0.297556856426349,climate_vulnerability_score,ND-GAIN
THA,2014,0.444856669961272,climate_vulnerability_score,ND-GAIN
TLS,2014,0.380600822969761,climate_vulnerability_score,ND-GAIN
TGO,2014,0.279540427247702,climate_vulnerability_score,ND-GAIN
TON,2014,0.414887295619681,climate_vulnerability_score,ND-GAIN
TTO,2014,0.361623442523834,climate_vulnerability_score,ND-GAIN
TUN,2014,0.437596189058947,climate_vulnerability_score,ND-GAIN
TUR,2014,0.454200233086182,climate_vulnerability_score,ND-GAIN
TKM,2014,0.239470056206295,climate_vulnerability_score,ND-GAIN
TUV,2014,0.406579370427388,climate_vulnerability_score,ND-GAIN
UGA,2014,0.259440131537684,climate_vulnerability_score,ND-GAIN
UKR,2014,0.354775802771189,climate_vulnerability_score,ND-GAIN
ARE,2014,0.577617914482689,climate_vulnerability_score,ND-GAIN
GBR,2014,0.702761013044147,climate_vulnerability_score,ND-GAIN
USA,2014,0.67833698632438,climate_vulnerability_score,ND-GAIN
URY,2014,0.495801014821533,climate_vulnerability_score,ND-GAIN
UZB,2014,0.293022640920456,climate_vulnerability_score,ND-GAIN
VUT,2014,0.385227675283543,climate_vulnerability_score,ND-GAIN
VEN,2014,0.198537240603632,climate_vulnerability_score,ND-GAIN
VNM,2014,0.374376842665539,climate_vulnerability_score,ND-GAIN
YEM,2014,0.275439650902563,climate_vulnerability_score,ND-GAIN
ZMB,2014,0.325211636521673,climate_vulnerability_score,ND-GAIN
ZWE,2014,0.177679077518871,climate_vulnerability_score,ND-GAIN
AFG,2015,0.239121454405805,climate_vulnerability_score,ND-GAIN
ALB,2015,0.411641059550585,climate_vulnerability_score,ND-GAIN
DZA,2015,0.297193235331566,climate_vulnerability_score,ND-GAIN
AND,2015,0.52515248533258,climate_vulnerability_score,ND-GAIN
AGO,2015,0.202996466061773,climate_vulnerability_score,ND-GAIN
ATG,2015,0.466982307477084,climate_vulnerability_score,ND-GAIN
ARG,2015,0.337262286034266,climate_vulnerability_score,ND-GAIN
ARM,2015,0.480320833952282,climate_vulnerability_score,ND-GAIN
AUS,2015,0.703301031773397,climate_vulnerability_score,ND-GAIN
AUT,2015,0.70310311316336,climate_vulnerability_score,ND-GAIN
AZE,2015,0.421927353717167,climate_vulnerability_score,ND-GAIN
BHS,2015,0.441139459344734,climate_vulnerability_score,ND-GAIN
BHR,2015,0.472848168549478,climate_vulnerability_score,ND-GAIN
BGD,2015,0.245962098968749,climate_vulnerability_score,ND-GAIN
BRB,2015,0.512359641536754,climate_vulnerability_score,ND-GAIN
BLR,2015,0.474100743525561,climate_vulnerability_score,ND-GAIN
BEL,2015,0.610087391941517,climate_vulnerability_score,ND-GAIN
BLZ,2015,0.332246855671327,climate_vulnerability_score,ND-GAIN
BEN,2015,0.309743167018191,climate_vulnerability_score,ND-GAIN
BTN,2015,0.441490899987089,climate_vulnerability_score,ND-GAIN
BOL,2015,0.278532592635392,climate_vulnerability_score,ND-GAIN
BIH,2015,0.369181056963068,climate_vulnerability_score,ND-GAIN
BWA,2015,0.418844842575161,climate_vulnerability_score,ND-GAIN
BRA,2015,0.347844859274358,climate_vulnerability_score,ND-GAIN
BRN,2015,0.503608118164572,climate_vulnerability_score,ND-GAIN
BGR,2015,0.463337109519199,climate_vulnerability_score,ND-GAIN
BFA,2015,0.276264624295521,climate_vulnerability_score,ND-GAIN
BDI,2015,0.25078225503872,climate_vulnerability_score,ND-GAIN
KHM,2015,0.268870741888056,climate_vulnerability_score,ND-GAIN
CMR,2015,0.253176233540181,climate_vulnerability_score,ND-GAIN
CAN,2015,0.672848076490829,climate_vulnerability_score,ND-GAIN
CPV,2015,0.443236695451924,climate_vulnerability_score,ND-GAIN
CAF,2015,0.120125759577979,climate_vulnerability_score,ND-GAIN
TCD,2015,0.166373508590454,climate_vulnerability_score,ND-GAIN
CHL,2015,0.552255798037986,climate_vulnerability_score,ND-GAIN
CHN,2015,0.445167397306084,climate_vulnerability_score,ND-GAIN
COL,2015,0.374458993632427,climate_vulnerability_score,ND-GAIN
COM,2015,0.294903543950186,climate_vulnerability_score,ND-GAIN
COG,2015,0.213739364586906,climate_vulnerability_score,ND-GAIN
COD,2015,0.17488539830294,climate_vulnerability_score,ND-GAIN
CRI,2015,0.459545474319168,climate_vulnerability_score,ND-GAIN
CIV,2015,0.270999727913422,climate_vulnerability_score,ND-GAIN
HRV,2015,0.486202112678865,climate_vulnerability_score,ND-GAIN
CUB,2015,0.326394489488291,climate_vulnerability_score,ND-GAIN
CYP,2015,0.506824997952036,climate_vulnerability_score,ND-GAIN
CZE,2015,0.56519703796966,climate_vulnerability_score,ND-GAIN
DNK,2015,0.792731224481687,climate_vulnerability_score,ND-GAIN
DJI,2015,0.307637498418095,climate_vulnerability_score,ND-GAIN
DMA,2015,0.545079843318376,climate_vulnerability_score,ND-GAIN
DOM,2015,0.358015042356621,climate_vulnerability_score,ND-GAIN
ECU,2015,0.31124251280497,climate_vulnerability_score,ND-GAIN
EGY,2015,0.325710172725108,climate_vulnerability_score,ND-GAIN
SLV,2015,0.343126438096908,climate_vulnerability_score,ND-GAIN
GNQ,2015,0.236259184923046,climate_vulnerability_score,ND-GAIN
ERI,2015,0.204458653033111,climate_vulnerability_score,ND-GAIN
EST,2015,0.638193229897923,climate_vulnerability_score,ND-GAIN
ETH,2015,0.286114255446203,climate_vulnerability_score,ND-GAIN
FJI,2015,0.459284316508904,climate_vulnerability_score,ND-GAIN
FIN,2015,0.767872410177098,climate_vulnerability_score,ND-GAIN
FRA,2015,0.657731226115955,climate_vulnerability_score,ND-GAIN
GAB,2015,0.292756022131533,climate_vulnerability_score,ND-GAIN
GMB,2015,0.299094169254822,climate_vulnerability_score,ND-GAIN
GEO,2015,0.556176040254826,climate_vulnerability_score,ND-GAIN
DEU,2015,0.709409787997988,climate_vulnerability_score,ND-GAIN
GHA,2015,0.34808391505231,climate_vulnerability_score,ND-GAIN
GRC,2015,0.509664631662349,climate_vulnerability_score,ND-GAIN
GRD,2015,0.518076891295669,climate_vulnerability_score,ND-GAIN
GTM,2015,0.309874287959143,climate_vulnerability_score,ND-GAIN
GIN,2015,0.289521498859156,climate_vulnerability_score,ND-GAIN
GNB,2015,0.255575071440143,climate_vulnerability_score,ND-GAIN
GUY,2015,0.312716247017559,climate_vulnerability_score,ND-GAIN
HTI,2015,0.219657617850703,climate_vulnerability_score,ND-GAIN
HND,2015,0.262894694508378,climate_vulnerability_score,ND-GAIN
HUN,2015,0.51148766807904,climate_vulnerability_score,ND-GAIN
ISL,2015,0.731446092781214,climate_vulnerability_score,ND-GAIN
IND,2015,0.294790705055401,climate_vulnerability_score,ND-GAIN
IDN,2015,0.346611799203402,climate_vulnerability_score,ND-GAIN
IRN,2015,0.411652353920227,climate_vulnerability_score,ND-GAIN
IRQ,2015,0.269788755630603,climate_vulnerability_score,ND-GAIN
IRL,2015,0.628526222226844,climate_vulnerability_score,ND-GAIN
ISR,2015,0.544086454755236,climate_vulnerability_score,ND-GAIN
ITA,2015,0.514899672377953,climate_vulnerability_score,ND-GAIN
JAM,2015,0.364007881873421,climate_vulnerability_score,ND-GAIN
JPN,2015,0.704146056544936,climate_vulnerability_score,ND-GAIN
JOR,2015,0.414851402873446,climate_vulnerability_score,ND-GAIN
KAZ,2015,0.466417059399766,climate_vulnerability_score,ND-GAIN
KEN,2015,0.25505252429394,climate_vulnerability_score,ND-GAIN
KIR,2015,0.359715207739594,climate_vulnerability_score,ND-GAIN
PRK,2015,0.347168407934171,climate_vulnerability_score,ND-GAIN
KOR,2015,0.729802669035662,climate_vulnerability_score,ND-GAIN
KWT,2015,0.399726819869777,climate_vulnerability_score,ND-GAIN
KGZ,2015,0.358559118818337,climate_vulnerability_score,ND-GAIN
LAO,2015,0.297070825432647,climate_vulnerability_score,ND-GAIN
LVA,2015,0.585441137151446,climate_vulnerability_score,ND-GAIN
LBN,2015,0.321494154284411,climate_vulnerability_score,ND-GAIN
LSO,2015,0.31424903417386,climate_vulnerability_score,ND-GAIN
LBR,2015,0.291690861602805,climate_vulnerability_score,ND-GAIN
LBY,2015,0.282555664198392,climate_vulnerability_score,ND-GAIN
LIE,2015,0.629346814519023,climate_vulnerability_score,ND-GAIN
LTU,2015,0.592689673768806,climate_vulnerability_score,ND-GAIN
LUX,2015,0.701590292867101,climate_vulnerability_score,ND-GAIN
MKD,2015,0.464626533515595,climate_vulnerability_score,ND-GAIN
MDG,2015,0.260226362174095,climate_vulnerability_score,ND-GAIN
MWI,2015,0.26163859610731,climate_vulnerability_score,ND-GAIN
MYS,2015,0.519502270846331,climate_vulnerability_score,ND-GAIN
MDV,2015,0.40729991419919,climate_vulnerability_score,ND-GAIN
MLI,2015,0.293544993362955,climate_vulnerability_score,ND-GAIN
MLT,2015,0.516220696984819,climate_vulnerability_score,ND-GAIN
MHL,2015,0.416109555795139,climate_vulnerability_score,ND-GAIN
MRT,2015,0.311913851671057,climate_vulnerability_score,ND-GAIN
MUS,2015,0.538092426158916,climate_vulnerability_score,ND-GAIN
MEX,2015,0.364525604250593,climate_vulnerability_score,ND-GAIN
FSM,2015,0.369114827136933,climate_vulnerability_score,ND-GAIN
MDA,2015,0.394771606541703,climate_vulnerability_score,ND-GAIN
MCO,2015,0.708982423257038,climate_vulnerability_score,ND-GAIN
MNG,2015,0.425368332873339,climate_vulnerability_score,ND-GAIN
MNE,2015,0.470104479424144,climate_vulnerability_score,ND-GAIN
MAR,2015,0.405759272589415,climate_vulnerability_score,ND-GAIN
MOZ,2015,0.266460143416357,climate_vulnerability_score,ND-GAIN
MMR,2015,0.229304208898014,climate_vulnerability_score,ND-GAIN
NAM,2015,0.380364410175013,climate_vulnerability_score,ND-GAIN
NRU,2015,0.570032691784341,climate_vulnerability_score,ND-GAIN
NPL,2015,0.337927588312632,climate_vulnerability_score,ND-GAIN
NLD,2015,0.704488257104394,climate_vulnerability_score,ND-GAIN
NZL,2015,0.794577207306259,climate_vulnerability_score,ND-GAIN
NIC,2015,0.304064476212214,climate_vulnerability_score,ND-GAIN
NER,2015,0.29169870996928,climate_vulnerability_score,ND-GAIN
NGA,2015,0.214402391258507,climate_vulnerability_score,ND-GAIN
NOR,2015,0.797469271881645,climate_vulnerability_score,ND-GAIN
OMN,2015,0.490454489581635,climate_vulnerability_score,ND-GAIN
PAK,2015,0.271792063358548,climate_vulnerability_score,ND-GAIN
PLW,2015,0.497198620869702,climate_vulnerability_score,ND-GAIN
PAN,2015,0.405843254536344,climate_vulnerability_score,ND-GAIN
PNG,2015,0.283719322641205,climate_vulnerability_score,ND-GAIN
PRY,2015,0.350121102147878,climate_vulnerability_score,ND-GAIN
PER,2015,0.395581075480811,climate_vulnerability_score,ND-GAIN
PHL,2015,0.334566302545098,climate_vulnerability_score,ND-GAIN
POL,2015,0.575977237480928,climate_vulnerability_score,ND-GAIN
PRT,2015,0.590623411095264,climate_vulnerability_score,ND-GAIN
QAT,2015,0.496642761259791,climate_vulnerability_score,ND-GAIN
ROU,2015,0.473863992382158,climate_vulnerability_score,ND-GAIN
RUS,2015,0.511992840911248,climate_vulnerability_score,ND-GAIN
RWA,2015,0.382827277312962,climate_vulnerability_score,ND-GAIN
KNA,2015,0.56215449240718,climate_vulnerability_score,ND-GAIN
LCA,2015,0.465373762156302,climate_vulnerability_score,ND-GAIN
VCT,2015,0.488705518998312,climate_vulnerability_score,ND-GAIN
WSM,2015,0.431118989646391,climate_vulnerability_score,ND-GAIN
SMR,2015,0.642065575248097,climate_vulnerability_score,ND-GAIN
STP,2015,0.36357725374812,climate_vulnerability_score,ND-GAIN
SAU,2015,0.468176759270088,climate_vulnerability_score,ND-GAIN
SEN,2015,0.321918576290385,climate_vulnerability_score,ND-GAIN
SRB,2015,0.409046102485904,climate_vulnerability_score,ND-GAIN
SYC,2015,0.453331330643676,climate_vulnerability_score,ND-GAIN
SLE,2015,0.287411080873736,climate_vulnerability_score,ND-GAIN
SGP,2015,0.80007098275593,climate_vulnerability_score,ND-GAIN
SVK,2015,0.49727886856058,climate_vulnerability_score,ND-GAIN
SVN,2015,0.620056911803469,climate_vulnerability_score,ND-GAIN
SLB,2015,0.415844785958147,climate_vulnerability_score,ND-GAIN
SOM,2015,0.462458798701166,climate_vulnerability_score,ND-GAIN
ZAF,2015,0.364872920907635,climate_vulnerability_score,ND-GAIN
ESP,2015,0.540261000301293,climate_vulnerability_score,ND-GAIN
LKA,2015,0.382618028650355,climate_vulnerability_score,ND-GAIN
SDN,2015,0.240864864501167,climate_vulnerability_score,ND-GAIN
SUR,2015,0.324464802916331,climate_vulnerability_score,ND-GAIN
SWZ,2015,0.312623536614698,climate_vulnerability_score,ND-GAIN
SWE,2015,0.753392224639512,climate_vulnerability_score,ND-GAIN
CHE,2015,0.729642037439739,climate_vulnerability_score,ND-GAIN
SYR,2015,0.252931031728648,climate_vulnerability_score,ND-GAIN
TJK,2015,0.281509176346835,climate_vulnerability_score,ND-GAIN
TZA,2015,0.29764200776417,climate_vulnerability_score,ND-GAIN
THA,2015,0.44124080226519,climate_vulnerability_score,ND-GAIN
TLS,2015,0.389208770970124,climate_vulnerability_score,ND-GAIN
TGO,2015,0.291980150339683,climate_vulnerability_score,ND-GAIN
TON,2015,0.414876975754317,climate_vulnerability_score,ND-GAIN
TTO,2015,0.365310893902795,climate_vulnerability_score,ND-GAIN
TUN,2015,0.433287774078835,climate_vulnerability_score,ND-GAIN
TUR,2015,0.455692033907133,climate_vulnerability_score,ND-GAIN
TKM,2015,0.238305374440935,climate_vulnerability_score,ND-GAIN
TUV,2015,0.410273834166446,climate_vulnerability_score,ND-GAIN
UGA,2015,0.263131266856719,climate_vulnerability_score,ND-GAIN
UKR,2015,0.365886021389501,climate_vulnerability_score,ND-GAIN
ARE,2015,0.577617963531797,climate_vulnerability_score,ND-GAIN
GBR,2015,0.711532922472287,climate_vulnerability_score,ND-GAIN
USA,2015,0.677676846559629,climate_vulnerability_score,ND-GAIN
URY,2015,0.494294937414759,climate_vulnerability_score,ND-GAIN
UZB,2015,0.300927994307581,climate_vulnerability_score,ND-GAIN
VUT,2015,0.363556783346167,climate_vulnerability_score,ND-GAIN
VEN,2015,0.195636817974945,climate_vulnerability_score,ND-GAIN
VNM,2015,0.381945501431651,climate_vulnerability_score,ND-GAIN
YEM,2015,0.264770696159055,climate_vulnerability_score,ND-GAIN
ZMB,2015,0.31767628130131,climate_vulnerability_score,ND-GAIN
ZWE,2015,0.194126033395467,climate_vulnerability_score,ND-GAIN
AFG,2016,0.25618447605203,climate_vulnerability_score,ND-GAIN
ALB,2016,0.407479044032548,climate_vulnerability_score,ND-GAIN
DZA,2016,0.305518436444163,climate_vulnerability_score,ND-GAIN
AND,2016,0.528962897809701,climate_vulnerability_score,ND-GAIN
AGO,2016,0.231279517423985,climate_vulnerability_score,ND-GAIN
ATG,2016,0.460258498312997,climate_vulnerability_score,ND-GAIN
ARG,2016,0.373024112173792,climate_vulnerability_score,ND-GAIN
ARM,2016,0.490941757065588,climate_vulnerability_score,ND-GAIN
AUS,2016,0.703159749954846,climate_vulnerability_score,ND-GAIN
AUT,2016,0.688125845867517,climate_vulnerability_score,ND-GAIN
AZE,2016,0.443880534646839,climate_vulnerability_score,ND-GAIN
BHS,2016,0.438299950988424,climate_vulnerability_score,ND-GAIN
BHR,2016,0.459483829696877,climate_vulnerability_score,ND-GAIN
BGD,2016,0.25946753398268,climate_vulnerability_score,ND-GAIN
BRB,2016,0.499532039060538,climate_vulnerability_score,ND-GAIN
BLR,2016,0.490399327014388,climate_vulnerability_score,ND-GAIN
BEL,2016,0.60243526835926,climate_vulnerability_score,ND-GAIN
BLZ,2016,0.336261620549134,climate_vulnerability_score,ND-GAIN
BEN,2016,0.32081606576062,climate_vulnerability_score,ND-GAIN
BTN,2016,0.471857385781483,climate_vulnerability_score,ND-GAIN
BOL,2016,0.282014438771304,climate_vulnerability_score,ND-GAIN
BIH,2016,0.372301233566011,climate_vulnerability_score,ND-GAIN
BWA,2016,0.432629413037512,climate_vulnerability_score,ND-GAIN
BRA,2016,0.353068143838851,climate_vulnerability_score,ND-GAIN
BRN,2016,0.501334911176386,climate_vulnerability_score,ND-GAIN
BGR,2016,0.462395448823416,climate_vulnerability_score,ND-GAIN
BFA,2016,0.296670667460449,climate_vulnerability_score,ND-GAIN
BDI,2016,0.265271567454947,climate_vulnerability_score,ND-GAIN
KHM,2016,0.283169020468604,climate_vulnerability_score,ND-GAIN
CMR,2016,0.263728377391222,climate_vulnerability_score,ND-GAIN
CAN,2016,0.663105933453431,climate_vulnerability_score,ND-GAIN
CPV,2016,0.44616406872747,climate_vulnerability_score,ND-GAIN
CAF,2016,0.148677487258824,climate_vulnerability_score,ND-GAIN
TCD,2016,0.18631468633022,climate_vulnerability_score,ND-GAIN
CHL,2016,0.541735522505715,climate_vulnerability_score,ND-GAIN
CHN,2016,0.447197192495697,climate_vulnerability_score,ND-GAIN
COL,2016,0.373259608079372,climate_vulnerability_score,ND-GAIN
COM,2016,0.302404232855681,climate_vulnerability_score,ND-GAIN
COG,2016,0.232246642914013,climate_vulnerability_score,ND-GAIN
COD,2016,0.203903091817206,climate_vulnerability_score,ND-GAIN
CRI,2016,0.457402149264695,climate_vulnerability_score,ND-GAIN
CIV,2016,0.287247067014005,climate_vulnerability_score,ND-GAIN
HRV,2016,0.485615520380089,climate_vulnerability_score,ND-GAIN
CUB,2016,0.317548958508353,climate_vulnerability_score,ND-GAIN
CYP,2016,0.504861408433736,climate_vulnerability_score,ND-GAIN
CZE,2016,0.558410096131168,climate_vulnerability_score,ND-GAIN
DNK,2016,0.772917464045861,climate_vulnerability_score,ND-GAIN
DJI,2016,0.300411356008416,climate_vulnerability_score,ND-GAIN
DMA,2016,0.536558709700305,climate_vulnerability_score,ND-GAIN
DOM,2016,0.348946535433704,climate_vulnerability_score,ND-GAIN
ECU,2016,0.325051535346206,climate_vulnerability_score,ND-GAIN
EGY,2016,0.32319840968615,climate_vulnerability_score,ND-GAIN
SLV,2016,0.334638189758596,climate_vulnerability_score,ND-GAIN
GNQ,2016,0.245561884656115,climate_vulnerability_score,ND-GAIN
ERI,2016,0.222158979377502,climate_vulnerability_score,ND-GAIN
EST,2016,0.619415852965802,climate_vulnerability_score,ND-GAIN
ETH,2016,0.301603118005727,climate_vulnerability_score,ND-GAIN
FJI,2016,0.472336327336943,climate_vulnerability_score,ND-GAIN
FIN,2016,0.748367357719078,climate_vulnerability_score,ND-GAIN
FRA,2016,0.645445505155514,climate_vulnerability_score,ND-GAIN
GAB,2016,0.294798530265765,climate_vulnerability_score,ND-GAIN
GMB,2016,0.293035526544187,climate_vulnerability_score,ND-GAIN
GEO,2016,0.556545361116016,climate_vulnerability_score,ND-GAIN
DEU,2016,0.694485430718179,climate_vulnerability_score,ND-GAIN
GHA,2016,0.348048028849985,climate_vulnerability_score,ND-GAIN
GRC,2016,0.50422484920886,climate_vulnerability_score,ND-GAIN
GRD,2016,0.519112903812469,climate_vulnerability_score,ND-GAIN
GTM,2016,0.315735533035523,climate_vulnerability_score,ND-GAIN
GIN,2016,0.307478775464106,climate_vulnerability_score,ND-GAIN
GNB,2016,0.267304077365069,climate_vulnerability_score,ND-GAIN
GUY,2016,0.319048596280277,climate_vulnerability_score,ND-GAIN
HTI,2016,0.232743813189632,climate_vulnerability_score,ND-GAIN
HND,2016,0.259934039333904,climate_vulnerability_score,ND-GAIN
HUN,2016,0.501260541836192,climate_vulnerability_score,ND-GAIN
ISL,2016,0.714416775997301,climate_vulnerability_score,ND-GAIN
IND,2016,0.323349040565573,climate_vulnerability_score,ND-GAIN
IDN,2016,0.350169594706884,climate_vulnerability_score,ND-GAIN
IRN,2016,0.437345225255915,climate_vulnerability_score,ND-GAIN
IRQ,2016,0.29213421532743,climate_vulnerability_score,ND-GAIN
IRL,2016,0.611269873834953,climate_vulnerability_score,ND-GAIN
ISR,2016,0.533776529804142,climate_vulnerability_score,ND-GAIN
ITA,2016,0.508302997687783,climate_vulnerability_score,ND-GAIN
JAM,2016,0.384357454729414,climate_vulnerability_score,ND-GAIN
JPN,2016,0.688572107317458,climate_vulnerability_score,ND-GAIN
JOR,2016,0.405009384188814,climate_vulnerability_score,ND-GAIN
KAZ,2016,0.484783128743388,climate_vulnerability_score,ND-GAIN
KEN,2016,0.275934614604956,climate_vulnerability_score,ND-GAIN
KIR,2016,0.348954552297067,climate_vulnerability_score,ND-GAIN
PRK,2016,0.355023966244733,climate_vulnerability_score,ND-GAIN
KOR,2016,0.70672114203994,climate_vulnerability_score,ND-GAIN
KWT,2016,0.402957429428882,climate_vulnerability_score,ND-GAIN
KGZ,2016,0.388969942164251,climate_vulnerability_score,ND-GAIN
LAO,2016,0.31258295284923,climate_vulnerability_score,ND-GAIN
LVA,2016,0.570047415286847,climate_vulnerability_score,ND-GAIN
LBN,2016,0.316351925850655,climate_vulnerability_score,ND-GAIN
LSO,2016,0.322580505125445,climate_vulnerability_score,ND-GAIN
LBR,2016,0.292802181153969,climate_vulnerability_score,ND-GAIN
LBY,2016,0.287865232191054,climate_vulnerability_score,ND-GAIN
LIE,2016,0.630594880828226,climate_vulnerability_score,ND-GAIN
LTU,2016,0.580120239529432,climate_vulnerability_score,ND-GAIN
LUX,2016,0.689466280788555,climate_vulnerability_score,ND-GAIN
MKD,2016,0.460560159587953,climate_vulnerability_score,ND-GAIN
MDG,2016,0.264878525391363,climate_vulnerability_score,ND-GAIN
MWI,2016,0.281532133149045,climate_vulnerability_score,ND-GAIN
MYS,2016,0.495524524855622,climate_vulnerability_score,ND-GAIN
MDV,2016,0.417583915469873,climate_vulnerability_score,ND-GAIN
MLI,2016,0.308928635910024,climate_vulnerability_score,ND-GAIN
MLT,2016,0.492358175709967,climate_vulnerability_score,ND-GAIN
MHL,2016,0.408172058019626,climate_vulnerability_score,ND-GAIN
MRT,2016,0.340340188006405,climate_vulnerability_score,ND-GAIN
MUS,2016,0.529928565855499,climate_vulnerability_score,ND-GAIN
MEX,2016,0.363541477550025,climate_vulnerability_score,ND-GAIN
FSM,2016,0.367078370703225,climate_vulnerability_score,ND-GAIN
MDA,2016,0.412041223329433,climate_vulnerability_score,ND-GAIN
MCO,2016,0.74952898927712,climate_vulnerability_score,ND-GAIN
MNG,2016,0.447568636648157,climate_vulnerability_score,ND-GAIN
MNE,2016,0.456168344116041,climate_vulnerability_score,ND-GAIN
MAR,2016,0.405449282591244,climate_vulnerability_score,ND-GAIN
MOZ,2016,0.259680876665994,climate_vulnerability_score,ND-GAIN
MMR,2016,0.258253199085141,climate_vulnerability_score,ND-GAIN
NAM,2016,0.388316281597956,climate_vulnerability_score,ND-GAIN
NRU,2016,0.560382047347708,climate_vulnerability_score,ND-GAIN
NPL,2016,0.358920541069009,climate_vulnerability_score,ND-GAIN
NLD,2016,0.691251311607312,climate_vulnerability_score,ND-GAIN
NZL,2016,0.783180652971451,climate_vulnerability_score,ND-GAIN
NIC,2016,0.299199557754578,climate_vulnerability_score,ND-GAIN
NER,2016,0.315059206599736,climate_vulnerability_score,ND-GAIN
NGA,2016,0.234134615429371,climate_vulnerability_score,ND-GAIN
NOR,2016,0.786119469794449,climate_vulnerability_score,ND-GAIN
OMN,2016,0.47939319011165,climate_vulnerability_score,ND-GAIN
PAK,2016,0.273735585315726,climate_vulnerability_score,ND-GAIN
PLW,2016,0.493952351674952,climate_vulnerability_score,ND-GAIN
PAN,2016,0.393018365931746,climate_vulnerability_score,ND-GAIN
PNG,2016,0.290458914419363,climate_vulnerability_score,ND-GAIN
PRY,2016,0.368155224963811,climate_vulnerability_score,ND-GAIN
PER,2016,0.40005629888861,climate_vulnerability_score,ND-GAIN
PHL,2016,0.321235414769811,climate_vulnerability_score,ND-GAIN
POL,2016,0.56193775195692,climate_vulnerability_score,ND-GAIN
PRT,2016,0.570816757408798,climate_vulnerability_score,ND-GAIN
QAT,2016,0.497576446183598,climate_vulnerability_score,ND-GAIN
ROU,2016,0.469551538581981,climate_vulnerability_score,ND-GAIN
RUS,2016,0.529634106866861,climate_vulnerability_score,ND-GAIN
RWA,2016,0.40025820040127,climate_vulnerability_score,ND-GAIN
KNA,2016,0.551912483679283,climate_vulnerability_score,ND-GAIN
LCA,2016,0.471053321941344,climate_vulnerability_score,ND-GAIN
VCT,2016,0.481088649655854,climate_vulnerability_score,ND-GAIN
WSM,2016,0.427346371100937,climate_vulnerability_score,ND-GAIN
SMR,2016,0.640278147677926,climate_vulnerability_score,ND-GAIN
STP,2016,0.360214819480803,climate_vulnerability_score,ND-GAIN
SAU,2016,0.488352461814783,climate_vulnerability_score,ND-GAIN
SEN,2016,0.334501313165319,climate_vulnerability_score,ND-GAIN
SRB,2016,0.413913926534805,climate_vulnerability_score,ND-GAIN
SYC,2016,0.446990202802851,climate_vulnerability_score,ND-GAIN
SLE,2016,0.295053154541958,climate_vulnerability_score,ND-GAIN
SGP,2016,0.778739299457803,climate_vulnerability_score,ND-GAIN
SVK,2016,0.497991490020183,climate_vulnerability_score,ND-GAIN
SVN,2016,0.614388258757516,climate_vulnerability_score,ND-GAIN
SLB,2016,0.40486540982175,climate_vulnerability_score,ND-GAIN
SOM,2016,0.36203017201437,climate_vulnerability_score,ND-GAIN
ZAF,2016,0.381844855655858,climate_vulnerability_score,ND-GAIN
ESP,2016,0.538011420455521,climate_vulnerability_score,ND-GAIN
LKA,2016,0.383803467013535,climate_vulnerability_score,ND-GAIN
SDN,2016,0.259155973369086,climate_vulnerability_score,ND-GAIN
SUR,2016,0.323554124789978,climate_vulnerability_score,ND-GAIN
SWZ,2016,0.31843442296332,climate_vulnerability_score,ND-GAIN
SWE,2016,0.738728862656913,climate_vulnerability_score,ND-GAIN
CHE,2016,0.717006115881208,climate_vulnerability_score,ND-GAIN
SYR,2016,0.255989098153997,climate_vulnerability_score,ND-GAIN
TJK,2016,0.315508541795468,climate_vulnerability_score,ND-GAIN
TZA,2016,0.307768460023472,climate_vulnerability_score,ND-GAIN
THA,2016,0.436487260199109,climate_vulnerability_score,ND-GAIN
TLS,2016,0.391328385135539,climate_vulnerability_score,ND-GAIN
TGO,2016,0.309080152077175,climate_vulnerability_score,ND-GAIN
TON,2016,0.408708174167735,climate_vulnerability_score,ND-GAIN
TTO,2016,0.354024765516298,climate_vulnerability_score,ND-GAIN
TUN,2016,0.422245981927484,climate_vulnerability_score,ND-GAIN
TUR,2016,0.43588282461628,climate_vulnerability_score,ND-GAIN
TKM,2016,0.234583908354131,climate_vulnerability_score,ND-GAIN
TUV,2016,0.413108339311611,climate_vulnerability_score,ND-GAIN
UGA,2016,0.285016122347383,climate_vulnerability_score,ND-GAIN
UKR,2016,0.399408459927737,climate_vulnerability_score,ND-GAIN
ARE,2016,0.563025060401591,climate_vulnerability_score,ND-GAIN
GBR,2016,0.699120658866235,climate_vulnerability_score,ND-GAIN
USA,2016,0.662666132315558,climate_vulnerability_score,ND-GAIN
URY,2016,0.495334532231064,climate_vulnerability_score,ND-GAIN
UZB,2016,0.337444649689909,climate_vulnerability_score,ND-GAIN
VUT,2016,0.365748074404611,climate_vulnerability_score,ND-GAIN
VEN,2016,0.210736913664051,climate_vulnerability_score,ND-GAIN
VNM,2016,0.398081862757418,climate_vulnerability_score,ND-GAIN
YEM,2016,0.264354387228862,climate_vulnerability_score,ND-GAIN
ZMB,2016,0.329115585789304,climate_vulnerability_score,ND-GAIN
ZWE,2016,0.209203495518229,climate_vulnerability_score,ND-GAIN
AFG,2017,0.247032221831129,climate_vulnerability_score,ND-GAIN
ALB,2017,0.408767109139059,climate_vulnerability_score,ND-GAIN
DZA,2017,0.329182921304479,climate_vulnerability_score,ND-GAIN
AND,2017,0.536266876086999,climate_vulnerability_score,ND-GAIN
AGO,2017,0.235828046373714,climate_vulnerability_score,ND-GAIN
ATG,2017,0.43826175584897,climate_vulnerability_score,ND-GAIN
ARG,2017,0.378128138049863,climate_vulnerability_score,ND-GAIN
ARM,2017,0.489998154998557,climate_vulnerability_score,ND-GAIN
AUS,2017,0.688258572011679,climate_vulnerability_score,ND-GAIN
AUT,2017,0.690144610253527,climate_vulnerability_score,ND-GAIN
AZE,2017,0.432081293384359,climate_vulnerability_score,ND-GAIN
BHS,2017,0.429799971648933,climate_vulnerability_score,ND-GAIN
BHR,2017,0.457472830666865,climate_vulnerability_score,ND-GAIN
BGD,2017,0.260588798652991,climate_vulnerability_score,ND-GAIN
BRB,2017,0.502585763939487,climate_vulnerability_score,ND-GAIN
BLR,2017,0.512557364808572,climate_vulnerability_score,ND-GAIN
BEL,2017,0.595948373231146,climate_vulnerability_score,ND-GAIN
BLZ,2017,0.337059762604648,climate_vulnerability_score,ND-GAIN
BEN,2017,0.333693683394965,climate_vulnerability_score,ND-GAIN
BTN,2017,0.482497252352472,climate_vulnerability_score,ND-GAIN
BOL,2017,0.286219185307689,climate_vulnerability_score,ND-GAIN
BIH,2017,0.375574746968524,climate_vulnerability_score,ND-GAIN
BWA,2017,0.428004464265384,climate_vulnerability_score,ND-GAIN
BRA,2017,0.34549364561678,climate_vulnerability_score,ND-GAIN
BRN,2017,0.500768871394877,climate_vulnerability_score,ND-GAIN
BGR,2017,0.461081306838881,climate_vulnerability_score,ND-GAIN
BFA,2017,0.30067744297907,climate_vulnerability_score,ND-GAIN
BDI,2017,0.267735039478913,climate_vulnerability_score,ND-GAIN
KHM,2017,0.279954560629605,climate_vulnerability_score,ND-GAIN
CMR,2017,0.259282298727956,climate_vulnerability_score,ND-GAIN
CAN,2017,0.658607976506907,climate_vulnerability_score,ND-GAIN
CPV,2017,0.4440048560586,climate_vulnerability_score,ND-GAIN
CAF,2017,0.149320468897952,climate_vulnerability_score,ND-GAIN
TCD,2017,0.188661603853445,climate_vulnerability_score,ND-GAIN
CHL,2017,0.540582140887046,climate_vulnerability_score,ND-GAIN
CHN,2017,0.458853608975519,climate_vulnerability_score,ND-GAIN
COL,2017,0.372657986595344,climate_vulnerability_score,ND-GAIN
COM,2017,0.30167009944444,climate_vulnerability_score,ND-GAIN
COG,2017,0.227399887833146,climate_vulnerability_score,ND-GAIN
COD,2017,0.19746330395846,climate_vulnerability_score,ND-GAIN
CRI,2017,0.45541329445511,climate_vulnerability_score,ND-GAIN
CIV,2017,0.283619439521376,climate_vulnerability_score,ND-GAIN
HRV,2017,0.484075481506442,climate_vulnerability_score,ND-GAIN
CUB,2017,0.329376122101891,climate_vulnerability_score,ND-GAIN
CYP,2017,0.520539229519313,climate_vulnerability_score,ND-GAIN
CZE,2017,0.565310936525652,climate_vulnerability_score,ND-GAIN
DNK,2017,0.772911099791819,climate_vulnerability_score,ND-GAIN
DJI,2017,0.315268246951525,climate_vulnerability_score,ND-GAIN
DMA,2017,0.5358806146594,climate_vulnerability_score,ND-GAIN
DOM,2017,0.344020564817506,climate_vulnerability_score,ND-GAIN
ECU,2017,0.324450149803521,climate_vulnerability_score,ND-GAIN
EGY,2017,0.328637369547463,climate_vulnerability_score,ND-GAIN
SLV,2017,0.33298592413502,climate_vulnerability_score,ND-GAIN
GNQ,2017,0.237822583635198,climate_vulnerability_score,ND-GAIN
ERI,2017,0.221877561180208,climate_vulnerability_score,ND-GAIN
EST,2017,0.620601128991183,climate_vulnerability_score,ND-GAIN
ETH,2017,0.295787465113391,climate_vulnerability_score,ND-GAIN
FJI,2017,0.471242315195216,climate_vulnerability_score,ND-GAIN
FIN,2017,0.749644466032692,climate_vulnerability_score,ND-GAIN
FRA,2017,0.650976302791675,climate_vulnerability_score,ND-GAIN
GAB,2017,0.289607910363661,climate_vulnerability_score,ND-GAIN
GMB,2017,0.311392552565976,climate_vulnerability_score,ND-GAIN
GEO,2017,0.559258477902022,climate_vulnerability_score,ND-GAIN
DEU,2017,0.693728415086154,climate_vulnerability_score,ND-GAIN
GHA,2017,0.353609299360782,climate_vulnerability_score,ND-GAIN
GRC,2017,0.505445718900303,climate_vulnerability_score,ND-GAIN
GRD,2017,0.51440921724125,climate_vulnerability_score,ND-GAIN
GTM,2017,0.310546891142138,climate_vulnerability_score,ND-GAIN
GIN,2017,0.306231908162006,climate_vulnerability_score,ND-GAIN
GNB,2017,0.267924037747298,climate_vulnerability_score,ND-GAIN
GUY,2017,0.319953780667028,climate_vulnerability_score,ND-GAIN
HTI,2017,0.234511106999536,climate_vulnerability_score,ND-GAIN
HND,2017,0.261672895728011,climate_vulnerability_score,ND-GAIN
HUN,2017,0.496645688958162,climate_vulnerability_score,ND-GAIN
ISL,2017,0.71312250269975,climate_vulnerability_score,ND-GAIN
IND,2017,0.33880762779325,climate_vulnerability_score,ND-GAIN
IDN,2017,0.36919923725733,climate_vulnerability_score,ND-GAIN
IRN,2017,0.436722304623692,climate_vulnerability_score,ND-GAIN
IRQ,2017,0.304771249898512,climate_vulnerability_score,ND-GAIN
IRL,2017,0.607509794338879,climate_vulnerability_score,ND-GAIN
ISR,2017,0.532597928244177,climate_vulnerability_score,ND-GAIN
ITA,2017,0.503651762414823,climate_vulnerability_score,ND-GAIN
JAM,2017,0.389052198882203,climate_vulnerability_score,ND-GAIN
JPN,2017,0.692251355345733,climate_vulnerability_score,ND-GAIN
JOR,2017,0.403363794229029,climate_vulnerability_score,ND-GAIN
KAZ,2017,0.504001642059988,climate_vulnerability_score,ND-GAIN
KEN,2017,0.288099781828481,climate_vulnerability_score,ND-GAIN
KIR,2017,0.351825010829406,climate_vulnerability_score,ND-GAIN
PRK,2017,0.35637981698508,climate_vulnerability_score,ND-GAIN
KOR,2017,0.710129710984553,climate_vulnerability_score,ND-GAIN
KWT,2017,0.396881465712815,climate_vulnerability_score,ND-GAIN
KGZ,2017,0.395492331981877,climate_vulnerability_score,ND-GAIN
LAO,2017,0.31674798531966,climate_vulnerability_score,ND-GAIN
LVA,2017,0.574263253065721,climate_vulnerability_score,ND-GAIN
LBN,2017,0.312044584242138,climate_vulnerability_score,ND-GAIN
LSO,2017,0.323093353990744,climate_vulnerability_score,ND-GAIN
LBR,2017,0.294749866334399,climate_vulnerability_score,ND-GAIN
LBY,2017,0.292611026067233,climate_vulnerability_score,ND-GAIN
LIE,2017,0.632930531188541,climate_vulnerability_score,ND-GAIN
LTU,2017,0.57777174937592,climate_vulnerability_score,ND-GAIN
LUX,2017,0.684454644974368,climate_vulnerability_score,ND-GAIN
MKD,2017,0.463429649015739,climate_vulnerability_score,ND-GAIN
MDG,2017,0.262916367351484,climate_vulnerability_score,ND-GAIN
MWI,2017,0.281572100022935,climate_vulnerability_score,ND-GAIN
MYS,2017,0.482831185091581,climate_vulnerability_score,ND-GAIN
MDV,2017,0.41688356537138,climate_vulnerability_score,ND-GAIN
MLI,2017,0.307800094928196,climate_vulnerability_score,ND-GAIN
MLT,2017,0.504651483932376,climate_vulnerability_score,ND-GAIN
MHL,2017,0.415598703720329,climate_vulnerability_score,ND-GAIN
MRT,2017,0.345897752636706,climate_vulnerability_score,ND-GAIN
MUS,2017,0.528560126374478,climate_vulnerability_score,ND-GAIN
MEX,2017,0.361508583050717,climate_vulnerability_score,ND-GAIN
FSM,2017,0.367079775935159,climate_vulnerability_score,ND-GAIN
MDA,2017,0.419484863256725,climate_vulnerability_score,ND-GAIN
MCO,2017,0.777577177538644,climate_vulnerability_score,ND-GAIN
MNG,2017,0.454048071295026,climate_vulnerability_score,ND-GAIN
MNE,2017,0.45586947754172,climate_vulnerability_score,ND-GAIN
MAR,2017,0.403888802255356,climate_vulnerability_score,ND-GAIN
MOZ,2017,0.256146939887033,climate_vulnerability_score,ND-GAIN
MMR,2017,0.263521607169858,climate_vulnerability_score,ND-GAIN
NAM,2017,0.382668863515328,climate_vulnerability_score,ND-GAIN
NRU,2017,0.559300174297297,climate_vulnerability_score,ND-GAIN
NPL,2017,0.359865017968211,climate_vulnerability_score,ND-GAIN
NLD,2017,0.687737649822183,climate_vulnerability_score,ND-GAIN
NZL,2017,0.782094410372215,climate_vulnerability_score,ND-GAIN
NIC,2017,0.301560880111402,climate_vulnerability_score,ND-GAIN
NER,2017,0.322816286513859,climate_vulnerability_score,ND-GAIN
NGA,2017,0.231116733538007,climate_vulnerability_score,ND-GAIN
NOR,2017,0.78676854350473,climate_vulnerability_score,ND-GAIN
OMN,2017,0.483980092935678,climate_vulnerability_score,ND-GAIN
PAK,2017,0.27561681446279,climate_vulnerability_score,ND-GAIN
PLW,2017,0.495327059162342,climate_vulnerability_score,ND-GAIN
PAN,2017,0.386331405817265,climate_vulnerability_score,ND-GAIN
PNG,2017,0.288022492070792,climate_vulnerability_score,ND-GAIN
PRY,2017,0.365478281672956,climate_vulnerability_score,ND-GAIN
PER,2017,0.395489472842338,climate_vulnerability_score,ND-GAIN
PHL,2017,0.322126167849609,climate_vulnerability_score,ND-GAIN
POL,2017,0.559697609844876,climate_vulnerability_score,ND-GAIN
PRT,2017,0.578572252838431,climate_vulnerability_score,ND-GAIN
QAT,2017,0.498313954333453,climate_vulnerability_score,ND-GAIN
ROU,2017,0.469015580760978,climate_vulnerability_score,ND-GAIN
RUS,2017,0.527655528608766,climate_vulnerability_score,ND-GAIN
RWA,2017,0.403967654143351,climate_vulnerability_score,ND-GAIN
KNA,2017,0.571494051854679,climate_vulnerability_score,ND-GAIN
LCA,2017,0.458551605683911,climate_vulnerability_score,ND-GAIN
VCT,2017,0.475608186971698,climate_vulnerability_score,ND-GAIN
WSM,2017,0.434406052932487,climate_vulnerability_score,ND-GAIN
SMR,2017,0.642980082338771,climate_vulnerability_score,ND-GAIN
STP,2017,0.3629518806833,climate_vulnerability_score,ND-GAIN
SAU,2017,0.488602090205826,climate_vulnerability_score,ND-GAIN
SEN,2017,0.331434339294374,climate_vulnerability_score,ND-GAIN
SRB,2017,0.444930784603547,climate_vulnerability_score,ND-GAIN
SYC,2017,0.463759091330088,climate_vulnerability_score,ND-GAIN
SLE,2017,0.305567761136562,climate_vulnerability_score,ND-GAIN
SGP,2017,0.782947666306708,climate_vulnerability_score,ND-GAIN
SVK,2017,0.495359986056767,climate_vulnerability_score,ND-GAIN
SVN,2017,0.60617796773358,climate_vulnerability_score,ND-GAIN
SLB,2017,0.403579265835137,climate_vulnerability_score,ND-GAIN
SOM,2017,0.365500434279932,climate_vulnerability_score,ND-GAIN
ZAF,2017,0.367780220387671,climate_vulnerability_score,ND-GAIN
ESP,2017,0.541678157190014,climate_vulnerability_score,ND-GAIN
LKA,2017,0.383174189124563,climate_vulnerability_score,ND-GAIN
SDN,2017,0.26063684738277,climate_vulnerability_score,ND-GAIN
SUR,2017,0.330037091683859,climate_vulnerability_score,ND-GAIN
SWZ,2017,0.327165388120008,climate_vulnerability_score,ND-GAIN
SWE,2017,0.735156790701138,climate_vulnerability_score,ND-GAIN
CHE,2017,0.708097320006076,climate_vulnerability_score,ND-GAIN
SYR,2017,0.241955969350622,climate_vulnerability_score,ND-GAIN
TJK,2017,0.322434165537061,climate_vulnerability_score,ND-GAIN
TZA,2017,0.303293681309845,climate_vulnerability_score,ND-GAIN
THA,2017,0.44013155084332,climate_vulnerability_score,ND-GAIN
TLS,2017,0.385517067905453,climate_vulnerability_score,ND-GAIN
TGO,2017,0.305408996766826,climate_vulnerability_score,ND-GAIN
TON,2017,0.415944380854593,climate_vulnerability_score,ND-GAIN
TTO,2017,0.356045118663688,climate_vulnerability_score,ND-GAIN
TUN,2017,0.426352257348696,climate_vulnerability_score,ND-GAIN
TUR,2017,0.450714099917668,climate_vulnerability_score,ND-GAIN
TKM,2017,0.236656467083627,climate_vulnerability_score,ND-GAIN
TUV,2017,0.409135415078002,climate_vulnerability_score,ND-GAIN
UGA,2017,0.290041471369045,climate_vulnerability_score,ND-GAIN
UKR,2017,0.406873238925477,climate_vulnerability_score,ND-GAIN
ARE,2017,0.569744821000104,climate_vulnerability_score,ND-GAIN
GBR,2017,0.696182269220509,climate_vulnerability_score,ND-GAIN
USA,2017,0.659356551762289,climate_vulnerability_score,ND-GAIN
URY,2017,0.495020918925031,climate_vulnerability_score,ND-GAIN
UZB,2017,0.341927522640204,climate_vulnerability_score,ND-GAIN
VUT,2017,0.374175013525236,climate_vulnerability_score,ND-GAIN
VEN,2017,0.201280321366033,climate_vulnerability_score,ND-GAIN
VNM,2017,0.39885919220737,climate_vulnerability_score,ND-GAIN
YEM,2017,0.258497945165548,climate_vulnerability_score,ND-GAIN
ZMB,2017,0.328800018198456,climate_vulnerability_score,ND-GAIN
ZWE,2017,0.213333604592139,climate_vulnerability_score,ND-GAIN
AFG,2018,0.239801825346789,climate_vulnerability_score,ND-GAIN
ALB,2018,0.411997345018797,climate_vulnerability_score,ND-GAIN
DZA,2018,0.332731096628776,climate_vulnerability_score,ND-GAIN
AND,2018,0.53843105332426,climate_vulnerability_score,ND-GAIN
AGO,2018,0.249811133959561,climate_vulnerability_score,ND-GAIN
ATG,2018,0.4507877372924,climate_vulnerability_score,ND-GAIN
ARG,2018,0.378921793474027,climate_vulnerability_score,ND-GAIN
ARM,2018,0.50605663768714,climate_vulnerability_score,ND-GAIN
AUS,2018,0.692558687013437,climate_vulnerability_score,ND-GAIN
AUT,2018,0.69064231378738,climate_vulnerability_score,ND-GAIN
AZE,2018,0.433146337345937,climate_vulnerability_score,ND-GAIN
BHS,2018,0.430356148084572,climate_vulnerability_score,ND-GAIN
BHR,2018,0.458522172466706,climate_vulnerability_score,ND-GAIN
BGD,2018,0.265096193415698,climate_vulnerability_score,ND-GAIN
BRB,2018,0.501493758419403,climate_vulnerability_score,ND-GAIN
BLR,2018,0.513190582999332,climate_vulnerability_score,ND-GAIN
BEL,2018,0.589416247021346,climate_vulnerability_score,ND-GAIN
BLZ,2018,0.333848718448108,climate_vulnerability_score,ND-GAIN
BEN,2018,0.341112157982226,climate_vulnerability_score,ND-GAIN
BTN,2018,0.485628655177475,climate_vulnerability_score,ND-GAIN
BOL,2018,0.2854193313452,climate_vulnerability_score,ND-GAIN
BIH,2018,0.373451836405052,climate_vulnerability_score,ND-GAIN
BWA,2018,0.426898352769104,climate_vulnerability_score,ND-GAIN
BRA,2018,0.340418235293021,climate_vulnerability_score,ND-GAIN
BRN,2018,0.524753875644745,climate_vulnerability_score,ND-GAIN
BGR,2018,0.464927811459431,climate_vulnerability_score,ND-GAIN
BFA,2018,0.299223295635568,climate_vulnerability_score,ND-GAIN
BDI,2018,0.267307211844312,climate_vulnerability_score,ND-GAIN
KHM,2018,0.283709269283103,climate_vulnerability_score,ND-GAIN
CMR,2018,0.258862256176852,climate_vulnerability_score,ND-GAIN
CAN,2018,0.651168350352156,climate_vulnerability_score,ND-GAIN
CPV,2018,0.445202504664408,climate_vulnerability_score,ND-GAIN
CAF,2018,0.148812240746685,climate_vulnerability_score,ND-GAIN
TCD,2018,0.18634992790076,climate_vulnerability_score,ND-GAIN
CHL,2018,0.54336166204581,climate_vulnerability_score,ND-GAIN
CHN,2018,0.465154428233575,climate_vulnerability_score,ND-GAIN
COL,2018,0.370603059712782,climate_vulnerability_score,ND-GAIN
COM,2018,0.295179775095577,climate_vulnerability_score,ND-GAIN
COG,2018,0.228791980813112,climate_vulnerability_score,ND-GAIN
COD,2018,0.204204346363724,climate_vulnerability_score,ND-GAIN
CRI,2018,0.457125926640302,climate_vulnerability_score,ND-GAIN
CIV,2018,0.290518118485512,climate_vulnerability_score,ND-GAIN
HRV,2018,0.484445817148406,climate_vulnerability_score,ND-GAIN
CUB,2018,0.331297790250176,climate_vulnerability_score,ND-GAIN
CYP,2018,0.519054452371891,climate_vulnerability_score,ND-GAIN
CZE,2018,0.558182343768981,climate_vulnerability_score,ND-GAIN
DNK,2018,0.772117206948004,climate_vulnerability_score,ND-GAIN
DJI,2018,0.321355703744837,climate_vulnerability_score,ND-GAIN
DMA,2018,0.52936156695676,climate_vulnerability_score,ND-GAIN
DOM,2018,0.338542073671464,climate_vulnerability_score,ND-GAIN
ECU,2018,0.33244058875239,climate_vulnerability_score,ND-GAIN
EGY,2018,0.328454346171739,climate_vulnerability_score,ND-GAIN
SLV,2018,0.338660914461361,climate_vulnerability_score,ND-GAIN
GNQ,2018,0.239402712737993,climate_vulnerability_score,ND-GAIN
ERI,2018,0.218132559487029,climate_vulnerability_score,ND-GAIN
EST,2018,0.617409586732013,climate_vulnerability_score,ND-GAIN
ETH,2018,0.310800954347081,climate_vulnerability_score,ND-GAIN
FJI,2018,0.475216475671775,climate_vulnerability_score,ND-GAIN
FIN,2018,0.746592313207452,climate_vulnerability_score,ND-GAIN
FRA,2018,0.649209157161544,climate_vulnerability_score,ND-GAIN
GAB,2018,0.28844514596636,climate_vulnerability_score,ND-GAIN
GMB,2018,0.313905771719737,climate_vulnerability_score,ND-GAIN
GEO,2018,0.564822697300742,climate_vulnerability_score,ND-GAIN
DEU,2018,0.695383364981041,climate_vulnerability_score,ND-GAIN
GHA,2018,0.352188464630272,climate_vulnerability_score,ND-GAIN
GRC,2018,0.514409794718505,climate_vulnerability_score,ND-GAIN
GRD,2018,0.512306415800296,climate_vulnerability_score,ND-GAIN
GTM,2018,0.304989930532622,climate_vulnerability_score,ND-GAIN
GIN,2018,0.305269281750399,climate_vulnerability_score,ND-GAIN
GNB,2018,0.269492259894032,climate_vulnerability_score,ND-GAIN
GUY,2018,0.321294961726831,climate_vulnerability_score,ND-GAIN
HTI,2018,0.235245567036089,climate_vulnerability_score,ND-GAIN
HND,2018,0.258907015386777,climate_vulnerability_score,ND-GAIN
HUN,2018,0.48926873761761,climate_vulnerability_score,ND-GAIN
ISL,2018,0.732334157521966,climate_vulnerability_score,ND-GAIN
IND,2018,0.349716935068136,climate_vulnerability_score,ND-GAIN
IDN,2018,0.381418792413448,climate_vulnerability_score,ND-GAIN
IRN,2018,0.397112698502426,climate_vulnerability_score,ND-GAIN
IRQ,2018,0.305284269002192,climate_vulnerability_score,ND-GAIN
IRL,2018,0.60872458225943,climate_vulnerability_score,ND-GAIN
ISR,2018,0.530691158096066,climate_vulnerability_score,ND-GAIN
ITA,2018,0.518156455692563,climate_vulnerability_score,ND-GAIN
JAM,2018,0.395984203598877,climate_vulnerability_score,ND-GAIN
JPN,2018,0.688159948860397,climate_vulnerability_score,ND-GAIN
JOR,2018,0.400849238653572,climate_vulnerability_score,ND-GAIN
KAZ,2018,0.499563585140615,climate_vulnerability_score,ND-GAIN
KEN,2018,0.292476806937995,climate_vulnerability_score,ND-GAIN
KIR,2018,0.350149049070609,climate_vulnerability_score,ND-GAIN
PRK,2018,0.356235765240247,climate_vulnerability_score,ND-GAIN
KOR,2018,0.715880750443715,climate_vulnerability_score,ND-GAIN
KWT,2018,0.408453268130458,climate_vulnerability_score,ND-GAIN
KGZ,2018,0.396181515696956,climate_vulnerability_score,ND-GAIN
LAO,2018,0.322171353470569,climate_vulnerability_score,ND-GAIN
LVA,2018,0.56915189857011,climate_vulnerability_score,ND-GAIN
LBN,2018,0.308540243235385,climate_vulnerability_score,ND-GAIN
LSO,2018,0.318578407635967,climate_vulnerability_score,ND-GAIN
LBR,2018,0.293321037306968,climate_vulnerability_score,ND-GAIN
LBY,2018,0.292452855969689,climate_vulnerability_score,ND-GAIN
LIE,2018,0.634965551157017,climate_vulnerability_score,ND-GAIN
LTU,2018,0.580571984458605,climate_vulnerability_score,ND-GAIN
LUX,2018,0.686018355791934,climate_vulnerability_score,ND-GAIN
MKD,2018,0.463412576662281,climate_vulnerability_score,ND-GAIN
MDG,2018,0.263532629530395,climate_vulnerability_score,ND-GAIN
MWI,2018,0.277307745333958,climate_vulnerability_score,ND-GAIN
MYS,2018,0.494177998861984,climate_vulnerability_score,ND-GAIN
MDV,2018,0.418721904295211,climate_vulnerability_score,ND-GAIN
MLI,2018,0.303889428630603,climate_vulnerability_score,ND-GAIN
MLT,2018,0.505831140776425,climate_vulnerability_score,ND-GAIN
MHL,2018,0.406339559122765,climate_vulnerability_score,ND-GAIN
MRT,2018,0.352873517102235,climate_vulnerability_score,ND-GAIN
MUS,2018,0.552404478448261,climate_vulnerability_score,ND-GAIN
MEX,2018,0.359829684552806,climate_vulnerability_score,ND-GAIN
FSM,2018,0.365050179594126,climate_vulnerability_score,ND-GAIN
MDA,2018,0.42395425414711,climate_vulnerability_score,ND-GAIN
MCO,2018,0.694730501592137,climate_vulnerability_score,ND-GAIN
MNG,2018,0.453113572578392,climate_vulnerability_score,ND-GAIN
MNE,2018,0.46226828337774,climate_vulnerability_score,ND-GAIN
MAR,2018,0.407181353829826,climate_vulnerability_score,ND-GAIN
MOZ,2018,0.269139030870112,climate_vulnerability_score,ND-GAIN
MMR,2018,0.266634380056463,climate_vulnerability_score,ND-GAIN
NAM,2018,0.386018337262009,climate_vulnerability_score,ND-GAIN
NRU,2018,0.559265101966347,climate_vulnerability_score,ND-GAIN
NPL,2018,0.361516241170454,climate_vulnerability_score,ND-GAIN
NLD,2018,0.683404619120707,climate_vulnerability_score,ND-GAIN
NZL,2018,0.775604635145036,climate_vulnerability_score,ND-GAIN
NIC,2018,0.274212132294977,climate_vulnerability_score,ND-GAIN
NER,2018,0.339593966806653,climate_vulnerability_score,ND-GAIN
NGA,2018,0.23347990454053,climate_vulnerability_score,ND-GAIN
NOR,2018,0.783368704604369,climate_vulnerability_score,ND-GAIN
OMN,2018,0.487780551149571,climate_vulnerability_score,ND-GAIN
PAK,2018,0.278144216010192,climate_vulnerability_score,ND-GAIN
PLW,2018,0.492851800049437,climate_vulnerability_score,ND-GAIN
PAN,2018,0.391354627778338,climate_vulnerability_score,ND-GAIN
PNG,2018,0.289207235130384,climate_vulnerability_score,ND-GAIN
PRY,2018,0.365367281938695,climate_vulnerability_score,ND-GAIN
PER,2018,0.397778121103743,climate_vulnerability_score,ND-GAIN
PHL,2018,0.31938743711017,climate_vulnerability_score,ND-GAIN
POL,2018,0.560417251251964,climate_vulnerability_score,ND-GAIN
PRT,2018,0.577948948654982,climate_vulnerability_score,ND-GAIN
QAT,2018,0.502149668015408,climate_vulnerability_score,ND-GAIN
ROU,2018,0.46893936873213,climate_vulnerability_score,ND-GAIN
RUS,2018,0.53914773976164,climate_vulnerability_score,ND-GAIN
RWA,2018,0.409285630482022,climate_vulnerability_score,ND-GAIN
KNA,2018,0.54878196677396,climate_vulnerability_score,ND-GAIN
LCA,2018,0.450603417989803,climate_vulnerability_score,ND-GAIN
VCT,2018,0.479722291223376,climate_vulnerability_score,ND-GAIN
WSM,2018,0.43056598099621,climate_vulnerability_score,ND-GAIN
SMR,2018,0.637731152427165,climate_vulnerability_score,ND-GAIN
STP,2018,0.36708137078377,climate_vulnerability_score,ND-GAIN
SAU,2018,0.497527459732836,climate_vulnerability_score,ND-GAIN
SEN,2018,0.342806570236625,climate_vulnerability_score,ND-GAIN
SRB,2018,0.448450655525328,climate_vulnerability_score,ND-GAIN
SYC,2018,0.468959388692108,climate_vulnerability_score,ND-GAIN
SLE,2018,0.305609564828583,climate_vulnerability_score,ND-GAIN
SGP,2018,0.786645227904994,climate_vulnerability_score,ND-GAIN
SVK,2018,0.501714507570132,climate_vulnerability_score,ND-GAIN
SVN,2018,0.599490052789266,climate_vulnerability_score,ND-GAIN
SLB,2018,0.407267171474932,climate_vulnerability_score,ND-GAIN
SOM,2018,0.363808867491726,climate_vulnerability_score,ND-GAIN
ZAF,2018,0.363057318034406,climate_vulnerability_score,ND-GAIN
ESP,2018,0.538236924384429,climate_vulnerability_score,ND-GAIN
LKA,2018,0.384509348008021,climate_vulnerability_score,ND-GAIN
SDN,2018,0.262731594316891,climate_vulnerability_score,ND-GAIN
SUR,2018,0.325049800610411,climate_vulnerability_score,ND-GAIN
SWZ,2018,0.316448600460138,climate_vulnerability_score,ND-GAIN
SWE,2018,0.727583086922959,climate_vulnerability_score,ND-GAIN
CHE,2018,0.703538915042256,climate_vulnerability_score,ND-GAIN
SYR,2018,0.241554931374434,climate_vulnerability_score,ND-GAIN
TJK,2018,0.335120255922501,climate_vulnerability_score,ND-GAIN
TZA,2018,0.298695286970235,climate_vulnerability_score,ND-GAIN
THA,2018,0.452357616274162,climate_vulnerability_score,ND-GAIN
TLS,2018,0.38969786736936,climate_vulnerability_score,ND-GAIN
TGO,2018,0.307636542681928,climate_vulnerability_score,ND-GAIN
TON,2018,0.419936192224077,climate_vulnerability_score,ND-GAIN
TTO,2018,0.349185677149153,climate_vulnerability_score,ND-GAIN
TUN,2018,0.429540312929821,climate_vulnerability_score,ND-GAIN
TUR,2018,0.453105707789451,climate_vulnerability_score,ND-GAIN
TKM,2018,0.240485781240599,climate_vulnerability_score,ND-GAIN
TUV,2018,0.414223161075284,climate_vulnerability_score,ND-GAIN
UGA,2018,0.285433280209755,climate_vulnerability_score,ND-GAIN
UKR,2018,0.418618934835535,climate_vulnerability_score,ND-GAIN
ARE,2018,0.572162368404144,climate_vulnerability_score,ND-GAIN
GBR,2018,0.687295231880774,climate_vulnerability_score,ND-GAIN
USA,2018,0.655939688456068,climate_vulnerability_score,ND-GAIN
URY,2018,0.499522168947481,climate_vulnerability_score,ND-GAIN
UZB,2018,0.377724444831713,climate_vulnerability_score,ND-GAIN
VUT,2018,0.368374247046959,climate_vulnerability_score,ND-GAIN
VEN,2018,0.187918228059053,climate_vulnerability_score,ND-GAIN
VNM,2018,0.403106408508985,climate_vulnerability_score,ND-GAIN
YEM,2018,0.250118064085678,climate_vulnerability_score,ND-GAIN
ZMB,2018,0.328435797531177,climate_vulnerability_score,ND-GAIN
ZWE,2018,0.21571399647315,climate_vulnerability_score,ND-GAIN
AFG,2019,0.24611865201333,climate_vulnerability_score,ND-GAIN
ALB,2019,0.405321199929466,climate_vulnerability_score,ND-GAIN
DZA,2019,0.32827356299284,climate_vulnerability_score,ND-GAIN
AND,2019,0.562929174700513,climate_vulnerability_score,ND-GAIN
AGO,2019,0.256596853142438,climate_vulnerability_score,ND-GAIN
ATG,2019,0.451127146929585,climate_vulnerability_score,ND-GAIN
ARG,2019,0.377017392832325,climate_vulnerability_score,ND-GAIN
ARM,2019,0.516964052981122,climate_vulnerability_score,ND-GAIN
AUS,2019,0.690826532258441,climate_vulnerability_score,ND-GAIN
AUT,2019,0.687048749167741,climate_vulnerability_score,ND-GAIN
AZE,2019,0.455662517981974,climate_vulnerability_score,ND-GAIN
BHS,2019,0.435127417315111,climate_vulnerability_score,ND-GAIN
BHR,2019,0.461313447878664,climate_vulnerability_score,ND-GAIN
BGD,2019,0.26592185951841,climate_vulnerability_score,ND-GAIN
BRB,2019,0.513735812567959,climate_vulnerability_score,ND-GAIN
BLR,2019,0.519109071759761,climate_vulnerability_score,ND-GAIN
BEL,2019,0.588466315906097,climate_vulnerability_score,ND-GAIN
BLZ,2019,0.336121862330836,climate_vulnerability_score,ND-GAIN
BEN,2019,0.33398165566007,climate_vulnerability_score,ND-GAIN
BTN,2019,0.487774695597193,climate_vulnerability_score,ND-GAIN
BOL,2019,0.276031728789983,climate_vulnerability_score,ND-GAIN
BIH,2019,0.363435638036604,climate_vulnerability_score,ND-GAIN
BWA,2019,0.431435114825777,climate_vulnerability_score,ND-GAIN
BRA,2019,0.345596242785912,climate_vulnerability_score,ND-GAIN
BRN,2019,0.515792372890464,climate_vulnerability_score,ND-GAIN
BGR,2019,0.466899652704189,climate_vulnerability_score,ND-GAIN
BFA,2019,0.291646507736458,climate_vulnerability_score,ND-GAIN
BDI,2019,0.268333631143443,climate_vulnerability_score,ND-GAIN
KHM,2019,0.28081641028964,climate_vulnerability_score,ND-GAIN
CMR,2019,0.258777264256889,climate_vulnerability_score,ND-GAIN
CAN,2019,0.648801222666159,climate_vulnerability_score,ND-GAIN
CPV,2019,0.444976681059267,climate_vulnerability_score,ND-GAIN
CAF,2019,0.148475509398165,climate_vulnerability_score,ND-GAIN
TCD,2019,0.18584976509444,climate_vulnerability_score,ND-GAIN
CHL,2019,0.534116213076371,climate_vulnerability_score,ND-GAIN
CHN,2019,0.534028287504136,climate_vulnerability_score,ND-GAIN
COL,2019,0.367276838317074,climate_vulnerability_score,ND-GAIN
COM,2019,0.287634492083144,climate_vulnerability_score,ND-GAIN
COG,2019,0.225769551510026,climate_vulnerability_score,ND-GAIN
COD,2019,0.204655321107809,climate_vulnerability_score,ND-GAIN
CRI,2019,0.457738810712149,climate_vulnerability_score,ND-GAIN
CIV,2019,0.298360508728373,climate_vulnerability_score,ND-GAIN
HRV,2019,0.491133232118801,climate_vulnerability_score,ND-GAIN
CUB,2019,0.337001209905228,climate_vulnerability_score,ND-GAIN
CYP,2019,0.526377539725912,climate_vulnerability_score,ND-GAIN
CZE,2019,0.559973486423741,climate_vulnerability_score,ND-GAIN
DNK,2019,0.771206811616551,climate_vulnerability_score,ND-GAIN
DJI,2019,0.326060483322464,climate_vulnerability_score,ND-GAIN
DMA,2019,0.510056935605475,climate_vulnerability_score,ND-GAIN
DOM,2019,0.343306128816715,climate_vulnerability_score,ND-GAIN
ECU,2019,0.334409100702101,climate_vulnerability_score,ND-GAIN
EGY,2019,0.329687304665787,climate_vulnerability_score,ND-GAIN
SLV,2019,0.343380221719801,climate_vulnerability_score,ND-GAIN
GNQ,2019,0.248062666093127,climate_vulnerability_score,ND-GAIN
ERI,2019,0.219008013528401,climate_vulnerability_score,ND-GAIN
EST,2019,0.623206772886818,climate_vulnerability_score,ND-GAIN
ETH,2019,0.310861019791836,climate_vulnerability_score,ND-GAIN
FJI,2019,0.48941213065243,climate_vulnerability_score,ND-GAIN
FIN,2019,0.747631120020237,climate_vulnerability_score,ND-GAIN
FRA,2019,0.659557636906848,climate_vulnerability_score,ND-GAIN
GAB,2019,0.281684853357961,climate_vulnerability_score,ND-GAIN
GMB,2019,0.317161893047375,climate_vulnerability_score,ND-GAIN
GEO,2019,0.567876758735658,climate_vulnerability_score,ND-GAIN
DEU,2019,0.69170027067962,climate_vulnerability_score,ND-GAIN
GHA,2019,0.346468010505182,climate_vulnerability_score,ND-GAIN
GRC,2019,0.519647291155024,climate_vulnerability_score,ND-GAIN
GRD,2019,0.513634923552905,climate_vulnerability_score,ND-GAIN
GTM,2019,0.310708733257799,climate_vulnerability_score,ND-GAIN
GIN,2019,0.315082381555335,climate_vulnerability_score,ND-GAIN
GNB,2019,0.272380499268627,climate_vulnerability_score,ND-GAIN
GUY,2019,0.328316913915412,climate_vulnerability_score,ND-GAIN
HTI,2019,0.22935993142203,climate_vulnerability_score,ND-GAIN
HND,2019,0.255591474104065,climate_vulnerability_score,ND-GAIN
HUN,2019,0.492895579287063,climate_vulnerability_score,ND-GAIN
ISL,2019,0.722875363037863,climate_vulnerability_score,ND-GAIN
IND,2019,0.365339192417605,climate_vulnerability_score,ND-GAIN
IDN,2019,0.38102228992459,climate_vulnerability_score,ND-GAIN
IRN,2019,0.392429645595955,climate_vulnerability_score,ND-GAIN
IRQ,2019,0.306193068803448,climate_vulnerability_score,ND-GAIN
IRL,2019,0.594822010924463,climate_vulnerability_score,ND-GAIN
ISR,2019,0.527180997834974,climate_vulnerability_score,ND-GAIN
ITA,2019,0.519006797853972,climate_vulnerability_score,ND-GAIN
JAM,2019,0.393961846091877,climate_vulnerability_score,ND-GAIN
JPN,2019,0.687882796166422,climate_vulnerability_score,ND-GAIN
JOR,2019,0.398849656816993,climate_vulnerability_score,ND-GAIN
KAZ,2019,0.50709376867809,climate_vulnerability_score,ND-GAIN
KEN,2019,0.294706284178579,climate_vulnerability_score,ND-GAIN
KIR,2019,0.362898066728972,climate_vulnerability_score,ND-GAIN
PRK,2019,0.358604255472473,climate_vulnerability_score,ND-GAIN
KOR,2019,0.713901331604093,climate_vulnerability_score,ND-GAIN
KWT,2019,0.417465224820211,climate_vulnerability_score,ND-GAIN
KGZ,2019,0.395683880503506,climate_vulnerability_score,ND-GAIN
LAO,2019,0.323672864902481,climate_vulnerability_score,ND-GAIN
LVA,2019,0.573594092637671,climate_vulnerability_score,ND-GAIN
LBN,2019,0.301268066254198,climate_vulnerability_score,ND-GAIN
LSO,2019,0.311586293419698,climate_vulnerability_score,ND-GAIN
LBR,2019,0.280760424485884,climate_vulnerability_score,ND-GAIN
LBY,2019,0.298498884377536,climate_vulnerability_score,ND-GAIN
LIE,2019,0.638260470663531,climate_vulnerability_score,ND-GAIN
LTU,2019,0.590830636030747,climate_vulnerability_score,ND-GAIN
LUX,2019,0.672456246964525,climate_vulnerability_score,ND-GAIN
MKD,2019,0.460133715552362,climate_vulnerability_score,ND-GAIN
MDG,2019,0.264756405696668,climate_vulnerability_score,ND-GAIN
MWI,2019,0.282082642972138,climate_vulnerability_score,ND-GAIN
MYS,2019,0.506838472224459,climate_vulnerability_score,ND-GAIN
MDV,2019,0.426576210939335,climate_vulnerability_score,ND-GAIN
MLI,2019,0.297710506553495,climate_vulnerability_score,ND-GAIN
MLT,2019,0.490908099134176,climate_vulnerability_score,ND-GAIN
MHL,2019,0.410639055377145,climate_vulnerability_score,ND-GAIN
MRT,2019,0.351731121126052,climate_vulnerability_score,ND-GAIN
MUS,2019,0.554131725914139,climate_vulnerability_score,ND-GAIN
MEX,2019,0.358579775517502,climate_vulnerability_score,ND-GAIN
FSM,2019,0.362406132416965,climate_vulnerability_score,ND-GAIN
MDA,2019,0.431793720150042,climate_vulnerability_score,ND-GAIN
MCO,2019,0.782526120056047,climate_vulnerability_score,ND-GAIN
MNG,2019,0.457230042236277,climate_vulnerability_score,ND-GAIN
MNE,2019,0.474619798412127,climate_vulnerability_score,ND-GAIN
MAR,2019,0.416153578053752,climate_vulnerability_score,ND-GAIN
MOZ,2019,0.270826274969948,climate_vulnerability_score,ND-GAIN
MMR,2019,0.266986285716409,climate_vulnerability_score,ND-GAIN
NAM,2019,0.383334886869682,climate_vulnerability_score,ND-GAIN
NRU,2019,0.558198915023567,climate_vulnerability_score,ND-GAIN
NPL,2019,0.354934205171595,climate_vulnerability_score,ND-GAIN
NLD,2019,0.681491388071958,climate_vulnerability_score,ND-GAIN
NZL,2019,0.694912839222488,climate_vulnerability_score,ND-GAIN
NIC,2019,0.272680855518396,climate_vulnerability_score,ND-GAIN
NER,2019,0.34631699608609,climate_vulnerability_score,ND-GAIN
NGA,2019,0.23631734964614,climate_vulnerability_score,ND-GAIN
NOR,2019,0.769598749044188,climate_vulnerability_score,ND-GAIN
OMN,2019,0.495852086858374,climate_vulnerability_score,ND-GAIN
PAK,2019,0.283656240473851,climate_vulnerability_score,ND-GAIN
PLW,2019,0.490025929418962,climate_vulnerability_score,ND-GAIN
PAN,2019,0.381358570604438,climate_vulnerability_score,ND-GAIN
PNG,2019,0.281827797815907,climate_vulnerability_score,ND-GAIN
PRY,2019,0.362022253151368,climate_vulnerability_score,ND-GAIN
PER,2019,0.400771584112112,climate_vulnerability_score,ND-GAIN
PHL,2019,0.322050638266854,climate_vulnerability_score,ND-GAIN
POL,2019,0.545679012721447,climate_vulnerability_score,ND-GAIN
PRT,2019,0.57599206738706,climate_vulnerability_score,ND-GAIN
QAT,2019,0.509782128288465,climate_vulnerability_score,ND-GAIN
ROU,2019,0.467356948511469,climate_vulnerability_score,ND-GAIN
RUS,2019,0.544473360253836,climate_vulnerability_score,ND-GAIN
RWA,2019,0.409422721610548,climate_vulnerability_score,ND-GAIN
KNA,2019,0.548716876962239,climate_vulnerability_score,ND-GAIN
LCA,2019,0.445933789360096,climate_vulnerability_score,ND-GAIN
VCT,2019,0.483447982710839,climate_vulnerability_score,ND-GAIN
WSM,2019,0.43432215577688,climate_vulnerability_score,ND-GAIN
SMR,2019,0.633302948461306,climate_vulnerability_score,ND-GAIN
STP,2019,0.368056266165487,climate_vulnerability_score,ND-GAIN
SAU,2019,0.504484995136629,climate_vulnerability_score,ND-GAIN
SEN,2019,0.348290374848133,climate_vulnerability_score,ND-GAIN
SRB,2019,0.450674698175992,climate_vulnerability_score,ND-GAIN
SYC,2019,0.473869310069783,climate_vulnerability_score,ND-GAIN
SLE,2019,0.304583036134468,climate_vulnerability_score,ND-GAIN
SGP,2019,0.786691954614413,climate_vulnerability_score,ND-GAIN
SVK,2019,0.500578580918362,climate_vulnerability_score,ND-GAIN
SVN,2019,0.598909167163288,climate_vulnerability_score,ND-GAIN
SLB,2019,0.414084577618674,climate_vulnerability_score,ND-GAIN
SOM,2019,0.368393495844646,climate_vulnerability_score,ND-GAIN
ZAF,2019,0.361688081213736,climate_vulnerability_score,ND-GAIN
ESP,2019,0.536274272018672,climate_vulnerability_score,ND-GAIN
LKA,2019,0.397097405032949,climate_vulnerability_score,ND-GAIN
SDN,2019,0.25951954802431,climate_vulnerability_score,ND-GAIN
SUR,2019,0.326113779717542,climate_vulnerability_score,ND-GAIN
SWZ,2019,0.315231347706764,climate_vulnerability_score,ND-GAIN
SWE,2019,0.724698581537477,climate_vulnerability_score,ND-GAIN
CHE,2019,0.704931222180678,climate_vulnerability_score,ND-GAIN
SYR,2019,0.236238174293071,climate_vulnerability_score,ND-GAIN
TJK,2019,0.331905805799541,climate_vulnerability_score,ND-GAIN
TZA,2019,0.298949264110775,climate_vulnerability_score,ND-GAIN
THA,2019,0.46313129628741,climate_vulnerability_score,ND-GAIN
TLS,2019,0.399872370207403,climate_vulnerability_score,ND-GAIN
TGO,2019,0.32431924601266,climate_vulnerability_score,ND-GAIN
TON,2019,0.41515842110022,climate_vulnerability_score,ND-GAIN
TTO,2019,0.345425451360768,climate_vulnerability_score,ND-GAIN
TUN,2019,0.435811051471858,climate_vulnerability_score,ND-GAIN
TUR,2019,0.469797195063799,climate_vulnerability_score,ND-GAIN
TKM,2019,0.240510550393453,climate_vulnerability_score,ND-GAIN
TUV,2019,0.4227114181156,climate_vulnerability_score,ND-GAIN
UGA,2019,0.279631262642468,climate_vulnerability_score,ND-GAIN
UKR,2019,0.429955466500798,climate_vulnerability_score,ND-GAIN
ARE,2019,0.576710347082685,climate_vulnerability_score,ND-GAIN
GBR,2019,0.691174201759194,climate_vulnerability_score,ND-GAIN
USA,2019,0.645549591499593,climate_vulnerability_score,ND-GAIN
URY,2019,0.501983859090104,climate_vulnerability_score,ND-GAIN
UZB,2019,0.387410718736616,climate_vulnerability_score,ND-GAIN
VUT,2019,0.367752104195494,climate_vulnerability_score,ND-GAIN
VEN,2019,0.189103822806368,climate_vulnerability_score,ND-GAIN
VNM,2019,0.416202666735221,climate_vulnerability_score,ND-GAIN
YEM,2019,0.248800072724091,climate_vulnerability_score,ND-GAIN
ZMB,2019,0.321311270808418,climate_vulnerability_score,ND-GAIN
ZWE,2019,0.214230908025972,climate_vulnerability_score,ND-GAIN
AFG,2020,0.244287229454512,climate_vulnerability_score,ND-GAIN
ALB,2020,0.403079496980255,climate_vulnerability_score,ND-GAIN
DZA,2020,0.331317116736996,climate_vulnerability_score,ND-GAIN
AND,2020,0.561087438221965,climate_vulnerability_score,ND-GAIN
AGO,2020,0.258678517266911,climate_vulnerability_score,ND-GAIN
ATG,2020,0.448693898845435,climate_vulnerability_score,ND-GAIN
ARG,2020,0.382838029188318,climate_vulnerability_score,ND-GAIN
ARM,2020,0.510004241068725,climate_vulnerability_score,ND-GAIN
AUS,2020,0.678395417551078,climate_vulnerability_score,ND-GAIN
AUT,2020,0.683974810744065,climate_vulnerability_score,ND-GAIN
AZE,2020,0.449571820808313,climate_vulnerability_score,ND-GAIN
BHS,2020,0.428641977833621,climate_vulnerability_score,ND-GAIN
BHR,2020,0.48663568898668,climate_vulnerability_score,ND-GAIN
BGD,2020,0.270233176248217,climate_vulnerability_score,ND-GAIN
BRB,2020,0.526177780620595,climate_vulnerability_score,ND-GAIN
BLR,2020,0.495035866176415,climate_vulnerability_score,ND-GAIN
BEL,2020,0.595292359179425,climate_vulnerability_score,ND-GAIN
BLZ,2020,0.343827608350942,climate_vulnerability_score,ND-GAIN
BEN,2020,0.340229826511732,climate_vulnerability_score,ND-GAIN
BTN,2020,0.482481540141938,climate_vulnerability_score,ND-GAIN
BOL,2020,0.283635066392936,climate_vulnerability_score,ND-GAIN
BIH,2020,0.36374673054344,climate_vulnerability_score,ND-GAIN
BWA,2020,0.424365593325435,climate_vulnerability_score,ND-GAIN
BRA,2020,0.350651031443641,climate_vulnerability_score,ND-GAIN
BRN,2020,0.5191890341493,climate_vulnerability_score,ND-GAIN
BGR,2020,0.46157440862932,climate_vulnerability_score,ND-GAIN
BFA,2020,0.286005251260219,climate_vulnerability_score,ND-GAIN
BDI,2020,0.268581661749304,climate_vulnerability_score,ND-GAIN
KHM,2020,0.28269037057121,climate_vulnerability_score,ND-GAIN
CMR,2020,0.257696713308462,climate_vulnerability_score,ND-GAIN
CAN,2020,0.643259299965164,climate_vulnerability_score,ND-GAIN
CPV,2020,0.447927864565039,climate_vulnerability_score,ND-GAIN
CAF,2020,0.139552081000432,climate_vulnerability_score,ND-GAIN
TCD,2020,0.187127132499523,climate_vulnerability_score,ND-GAIN
CHL,2020,0.528785889829444,climate_vulnerability_score,ND-GAIN
CHN,2020,0.545407987032347,climate_vulnerability_score,ND-GAIN
COL,2020,0.370809800128235,climate_vulnerability_score,ND-GAIN
COM,2020,0.286715213322108,climate_vulnerability_score,ND-GAIN
COG,2020,0.227122805608732,climate_vulnerability_score,ND-GAIN
COD,2020,0.204409951742724,climate_vulnerability_score,ND-GAIN
CRI,2020,0.458303965327454,climate_vulnerability_score,ND-GAIN
CIV,2020,0.300750133083654,climate_vulnerability_score,ND-GAIN
HRV,2020,0.485406000806103,climate_vulnerability_score,ND-GAIN
CUB,2020,0.346298238729912,climate_vulnerability_score,ND-GAIN
CYP,2020,0.52299070457378,climate_vulnerability_score,ND-GAIN
CZE,2020,0.551848722560111,climate_vulnerability_score,ND-GAIN
DNK,2020,0.773879801275091,climate_vulnerability_score,ND-GAIN
DJI,2020,0.32609120631445,climate_vulnerability_score,ND-GAIN
DMA,2020,0.50815993569125,climate_vulnerability_score,ND-GAIN
DOM,2020,0.349758553975886,climate_vulnerability_score,ND-GAIN
ECU,2020,0.343773896213025,climate_vulnerability_score,ND-GAIN
EGY,2020,0.335948729070942,climate_vulnerability_score,ND-GAIN
SLV,2020,0.345188808237193,climate_vulnerability_score,ND-GAIN
GNQ,2020,0.248272053576485,climate_vulnerability_score,ND-GAIN
ERI,2020,0.221474085760302,climate_vulnerability_score,ND-GAIN
EST,2020,0.617519558004186,climate_vulnerability_score,ND-GAIN
ETH,2020,0.299642133722554,climate_vulnerability_score,ND-GAIN
FJI,2020,0.48639946616328,climate_vulnerability_score,ND-GAIN
FIN,2020,0.752600458082801,climate_vulnerability_score,ND-GAIN
FRA,2020,0.643269125790496,climate_vulnerability_score,ND-GAIN
GAB,2020,0.283826844225334,climate_vulnerability_score,ND-GAIN
GMB,2020,0.33469337522181,climate_vulnerability_score,ND-GAIN
GEO,2020,0.567822723745213,climate_vulnerability_score,ND-GAIN
DEU,2020,0.685881935722786,climate_vulnerability_score,ND-GAIN
GHA,2020,0.349948396899112,climate_vulnerability_score,ND-GAIN
GRC,2020,0.526776016785546,climate_vulnerability_score,ND-GAIN
GRD,2020,0.512244165491814,climate_vulnerability_score,ND-GAIN
GTM,2020,0.310558637694009,climate_vulnerability_score,ND-GAIN
GIN,2020,0.312850829767504,climate_vulnerability_score,ND-GAIN
GNB,2020,0.277239487201104,climate_vulnerability_score,ND-GAIN
GUY,2020,0.336990663383676,climate_vulnerability_score,ND-GAIN
HTI,2020,0.226706784069134,climate_vulnerability_score,ND-GAIN
HND,2020,0.258238744178555,climate_vulnerability_score,ND-GAIN
HUN,2020,0.495245016094209,climate_vulnerability_score,ND-GAIN
ISL,2020,0.711269221586511,climate_vulnerability_score,ND-GAIN
IND,2020,0.384411086379412,climate_vulnerability_score,ND-GAIN
IDN,2020,0.390394195183571,climate_vulnerability_score,ND-GAIN
IRN,2020,0.385624008174902,climate_vulnerability_score,ND-GAIN
IRQ,2020,0.303245617089708,climate_vulnerability_score,ND-GAIN
IRL,2020,0.592565603213943,climate_vulnerability_score,ND-GAIN
ISR,2020,0.540437210919839,climate_vulnerability_score,ND-GAIN
ITA,2020,0.524885801377228,climate_vulnerability_score,ND-GAIN
JAM,2020,0.402458531901877,climate_vulnerability_score,ND-GAIN
JPN,2020,0.684793290355364,climate_vulnerability_score,ND-GAIN
JOR,2020,0.404889408774405,climate_vulnerability_score,ND-GAIN
KAZ,2020,0.507656942127938,climate_vulnerability_score,ND-GAIN
KEN,2020,0.297777193111053,climate_vulnerability_score,ND-GAIN
KIR,2020,0.37424116443757,climate_vulnerability_score,ND-GAIN
PRK,2020,0.362079646993787,climate_vulnerability_score,ND-GAIN
KOR,2020,0.717656456514348,climate_vulnerability_score,ND-GAIN
KWT,2020,0.448447873297006,climate_vulnerability_score,ND-GAIN
KGZ,2020,0.396110807737672,climate_vulnerability_score,ND-GAIN
LAO,2020,0.330179020061621,climate_vulnerability_score,ND-GAIN
LVA,2020,0.576813202896492,climate_vulnerability_score,ND-GAIN
LBN,2020,0.293683084485743,climate_vulnerability_score,ND-GAIN
LSO,2020,0.314427757461702,climate_vulnerability_score,ND-GAIN
LBR,2020,0.283587133137115,climate_vulnerability_score,ND-GAIN
LBY,2020,0.298536691689878,climate_vulnerability_score,ND-GAIN
LIE,2020,0.638742160511803,climate_vulnerability_score,ND-GAIN
LTU,2020,0.59709771107987,climate_vulnerability_score,ND-GAIN
LUX,2020,0.676653152649705,climate_vulnerability_score,ND-GAIN
MKD,2020,0.463029763643811,climate_vulnerability_score,ND-GAIN
MDG,2020,0.264252843640539,climate_vulnerability_score,ND-GAIN
MWI,2020,0.290984314471868,climate_vulnerability_score,ND-GAIN
MYS,2020,0.501252176444244,climate_vulnerability_score,ND-GAIN
MDV,2020,0.437229323584606,climate_vulnerability_score,ND-GAIN
MLI,2020,0.292042924065517,climate_vulnerability_score,ND-GAIN
MLT,2020,0.501075743077098,climate_vulnerability_score,ND-GAIN
MHL,2020,0.398610071698116,climate_vulnerability_score,ND-GAIN
MRT,2020,0.353043044950785,climate_vulnerability_score,ND-GAIN
MUS,2020,0.561822913761768,climate_vulnerability_score,ND-GAIN
MEX,2020,0.356501516853753,climate_vulnerability_score,ND-GAIN
FSM,2020,0.361776681731884,climate_vulnerability_score,ND-GAIN
MDA,2020,0.43010061561171,climate_vulnerability_score,ND-GAIN
MCO,2020,0.716564981678432,climate_vulnerability_score,ND-GAIN
MNG,2020,0.452979584307047,climate_vulnerability_score,ND-GAIN
MNE,2020,0.465549509852293,climate_vulnerability_score,ND-GAIN
MAR,2020,0.425773640137691,climate_vulnerability_score,ND-GAIN
MOZ,2020,0.262657162624677,climate_vulnerability_score,ND-GAIN
MMR,2020,0.284557744190048,climate_vulnerability_score,ND-GAIN
NAM,2020,0.38132753255906,climate_vulnerability_score,ND-GAIN
NRU,2020,0.55810827810039,climate_vulnerability_score,ND-GAIN
NPL,2020,0.354503180335282,climate_vulnerability_score,ND-GAIN
NLD,2020,0.678423041026325,climate_vulnerability_score,ND-GAIN
NZL,2020,0.693232610089253,climate_vulnerability_score,ND-GAIN
NIC,2020,0.277711792702641,climate_vulnerability_score,ND-GAIN
NER,2020,0.339145377327693,climate_vulnerability_score,ND-GAIN
NGA,2020,0.246475863427418,climate_vulnerability_score,ND-GAIN
NOR,2020,0.763820295712472,climate_vulnerability_score,ND-GAIN
OMN,2020,0.494056292821789,climate_vulnerability_score,ND-GAIN
PAK,2020,0.307815498922228,climate_vulnerability_score,ND-GAIN
PLW,2020,0.48857232494729,climate_vulnerability_score,ND-GAIN
PAN,2020,0.376688738554816,climate_vulnerability_score,ND-GAIN
PNG,2020,0.287539697638543,climate_vulnerability_score,ND-GAIN
PRY,2020,0.365034796408762,climate_vulnerability_score,ND-GAIN
PER,2020,0.393522684868067,climate_vulnerability_score,ND-GAIN
PHL,2020,0.331198911259936,climate_vulnerability_score,ND-GAIN
POL,2020,0.541035201558384,climate_vulnerability_score,ND-GAIN
PRT,2020,0.573463379919768,climate_vulnerability_score,ND-GAIN
QAT,2020,0.532777245360249,climate_vulnerability_score,ND-GAIN
ROU,2020,0.477360441948681,climate_vulnerability_score,ND-GAIN
RUS,2020,0.535978634958344,climate_vulnerability_score,ND-GAIN
RWA,2020,0.423911762157074,climate_vulnerability_score,ND-GAIN
KNA,2020,0.552512651791666,climate_vulnerability_score,ND-GAIN
LCA,2020,0.443940362823296,climate_vulnerability_score,ND-GAIN
VCT,2020,0.489308322421715,climate_vulnerability_score,ND-GAIN
WSM,2020,0.43500613954949,climate_vulnerability_score,ND-GAIN
SMR,2020,0.642937812949078,climate_vulnerability_score,ND-GAIN
STP,2020,0.368019178604198,climate_vulnerability_score,ND-GAIN
SAU,2020,0.537212292148444,climate_vulnerability_score,ND-GAIN
SEN,2020,0.352876699436149,climate_vulnerability_score,ND-GAIN
SRB,2020,0.442039965216688,climate_vulnerability_score,ND-GAIN
SYC,2020,0.47178920366645,climate_vulnerability_score,ND-GAIN
SLE,2020,0.302192966771658,climate_vulnerability_score,ND-GAIN
SGP,2020,0.787577406110036,climate_vulnerability_score,ND-GAIN
SVK,2020,0.50536069742484,climate_vulnerability_score,ND-GAIN
SVN,2020,0.59039397685427,climate_vulnerability_score,ND-GAIN
SLB,2020,0.415491961403754,climate_vulnerability_score,ND-GAIN
SOM,2020,0.368408637688618,climate_vulnerability_score,ND-GAIN
ZAF,2020,0.360262679451226,climate_vulnerability_score,ND-GAIN
ESP,2020,0.532019085758513,climate_vulnerability_score,ND-GAIN
LKA,2020,0.394574978053837,climate_vulnerability_score,ND-GAIN
SDN,2020,0.261932434786405,climate_vulnerability_score,ND-GAIN
SUR,2020,0.329235675992088,climate_vulnerability_score,ND-GAIN
SWZ,2020,0.317295427474137,climate_vulnerability_score,ND-GAIN
SWE,2020,0.720157755429917,climate_vulnerability_score,ND-GAIN
CHE,2020,0.697360339295428,climate_vulnerability_score,ND-GAIN
SYR,2020,0.23518433718547,climate_vulnerability_score,ND-GAIN
TJK,2020,0.340298124812257,climate_vulnerability_score,ND-GAIN
TZA,2020,0.298776294204237,climate_vulnerability_score,ND-GAIN
THA,2020,0.471603879504252,climate_vulnerability_score,ND-GAIN
TLS,2020,0.391674008914142,climate_vulnerability_score,ND-GAIN
TGO,2020,0.354356393415826,climate_vulnerability_score,ND-GAIN
TON,2020,0.426859691171622,climate_vulnerability_score,ND-GAIN
TTO,2020,0.343224261396986,climate_vulnerability_score,ND-GAIN
TUN,2020,0.442705488786277,climate_vulnerability_score,ND-GAIN
TUR,2020,0.473614706979421,climate_vulnerability_score,ND-GAIN
TKM,2020,0.245667360612512,climate_vulnerability_score,ND-GAIN
TUV,2020,0.419575785099016,climate_vulnerability_score,ND-GAIN
UGA,2020,0.27864497453849,climate_vulnerability_score,ND-GAIN
UKR,2020,0.424165023112005,climate_vulnerability_score,ND-GAIN
ARE,2020,0.574943786054253,climate_vulnerability_score,ND-GAIN
GBR,2020,0.684065262199014,climate_vulnerability_score,ND-GAIN
USA,2020,0.640067128824422,climate_vulnerability_score,ND-GAIN
URY,2020,0.505311497928072,climate_vulnerability_score,ND-GAIN
UZB,2020,0.392688962997666,climate_vulnerability_score,ND-GAIN
VUT,2020,0.366109465116003,climate_vulnerability_score,ND-GAIN
VEN,2020,0.188957902353248,climate_vulnerability_score,ND-GAIN
VNM,2020,0.426681284322981,climate_vulnerability_score,ND-GAIN
YEM,2020,0.247530538309041,climate_vulnerability_score,ND-GAIN
ZMB,2020,0.317724464800738,climate_vulnerability_score,ND-GAIN
ZWE,2020,0.219306424842688,climate_vulnerability_score,ND-GAIN
AFG,2021,0.24688593672432,climate_vulnerability_score,ND-GAIN
ALB,2021,0.408515973980313,climate_vulnerability_score,ND-GAIN
DZA,2021,0.336216310572696,climate_vulnerability_score,ND-GAIN
AND,2021,0.562060156562722,climate_vulnerability_score,ND-GAIN
AGO,2021,0.26194482250194,climate_vulnerability_score,ND-GAIN
ATG,2021,0.447394021506757,climate_vulnerability_score,ND-GAIN
ARG,2021,0.379225320335703,climate_vulnerability_score,ND-GAIN
ARM,2021,0.505195738279548,climate_vulnerability_score,ND-GAIN
AUS,2021,0.691618089172785,climate_vulnerability_score,ND-GAIN
AUT,2021,0.681047712377923,climate_vulnerability_score,ND-GAIN
AZE,2021,0.453314098262827,climate_vulnerability_score,ND-GAIN
BHS,2021,0.429497995280866,climate_vulnerability_score,ND-GAIN
BHR,2021,0.496360439847956,climate_vulnerability_score,ND-GAIN
BGD,2021,0.269787147956298,climate_vulnerability_score,ND-GAIN
BRB,2021,0.580573885593456,climate_vulnerability_score,ND-GAIN
BLR,2021,0.489002482073474,climate_vulnerability_score,ND-GAIN
BEL,2021,0.596581869359085,climate_vulnerability_score,ND-GAIN
BLZ,2021,0.339397190247013,climate_vulnerability_score,ND-GAIN
BEN,2021,0.338106284382105,climate_vulnerability_score,ND-GAIN
BTN,2021,0.480408867380924,climate_vulnerability_score,ND-GAIN
BOL,2021,0.285040247740458,climate_vulnerability_score,ND-GAIN
BIH,2021,0.364111446608127,climate_vulnerability_score,ND-GAIN
BWA,2021,0.425916700427734,climate_vulnerability_score,ND-GAIN
BRA,2021,0.35002054323401,climate_vulnerability_score,ND-GAIN
BRN,2021,0.517720997135359,climate_vulnerability_score,ND-GAIN
BGR,2021,0.461200424222804,climate_vulnerability_score,ND-GAIN
BFA,2021,0.286355913592723,climate_vulnerability_score,ND-GAIN
BDI,2021,0.270498119023457,climate_vulnerability_score,ND-GAIN
KHM,2021,0.285567281728956,climate_vulnerability_score,ND-GAIN
CMR,2021,0.257382068434107,climate_vulnerability_score,ND-GAIN
CAN,2021,0.64541454117037,climate_vulnerability_score,ND-GAIN
CPV,2021,0.448146334785755,climate_vulnerability_score,ND-GAIN
CAF,2021,0.14110413097369,climate_vulnerability_score,ND-GAIN
TCD,2021,0.184848456445846,climate_vulnerability_score,ND-GAIN
CHL,2021,0.533190523020011,climate_vulnerability_score,ND-GAIN
CHN,2021,0.550714870949851,climate_vulnerability_score,ND-GAIN
COL,2021,0.36917362513274,climate_vulnerability_score,ND-GAIN
COM,2021,0.286808574839498,climate_vulnerability_score,ND-GAIN
COG,2021,0.233265958548139,climate_vulnerability_score,ND-GAIN
COD,2021,0.208728449550601,climate_vulnerability_score,ND-GAIN
CRI,2021,0.457447045319103,climate_vulnerability_score,ND-GAIN
CIV,2021,0.305816971783691,climate_vulnerability_score,ND-GAIN
HRV,2021,0.48589260271978,climate_vulnerability_score,ND-GAIN
CUB,2021,0.342979006212873,climate_vulnerability_score,ND-GAIN
CYP,2021,0.525668880977053,climate_vulnerability_score,ND-GAIN
CZE,2021,0.555375882049299,climate_vulnerability_score,ND-GAIN
DNK,2021,0.767728105646133,climate_vulnerability_score,ND-GAIN
DJI,2021,0.3245675596379,climate_vulnerability_score,ND-GAIN
DMA,2021,0.506400967114553,climate_vulnerability_score,ND-GAIN
DOM,2021,0.356673635100113,climate_vulnerability_score,ND-GAIN
ECU,2021,0.346383814497393,climate_vulnerability_score,ND-GAIN
EGY,2021,0.335615282409065,climate_vulnerability_score,ND-GAIN
SLV,2021,0.33763347194431,climate_vulnerability_score,ND-GAIN
GNQ,2021,0.250887738503785,climate_vulnerability_score,ND-GAIN
ERI,2021,0.220958409520309,climate_vulnerability_score,ND-GAIN
EST,2021,0.620031305489346,climate_vulnerability_score,ND-GAIN
ETH,2021,0.291956339452277,climate_vulnerability_score,ND-GAIN
FJI,2021,0.483341178374475,climate_vulnerability_score,ND-GAIN
FIN,2021,0.754352404881517,climate_vulnerability_score,ND-GAIN
FRA,2021,0.649945231421607,climate_vulnerability_score,ND-GAIN
GAB,2021,0.28386590291519,climate_vulnerability_score,ND-GAIN
GMB,2021,0.332127702326539,climate_vulnerability_score,ND-GAIN
GEO,2021,0.569662677894776,climate_vulnerability_score,ND-GAIN
DEU,2021,0.687771303019431,climate_vulnerability_score,ND-GAIN
GHA,2021,0.345426106468125,climate_vulnerability_score,ND-GAIN
GRC,2021,0.530948383468707,climate_vulnerability_score,ND-GAIN
GRD,2021,0.512657893298452,climate_vulnerability_score,ND-GAIN
GTM,2021,0.309160129546784,climate_vulnerability_score,ND-GAIN
GIN,2021,0.312056698572752,climate_vulnerability_score,ND-GAIN
GNB,2021,0.277965858391785,climate_vulnerability_score,ND-GAIN
GUY,2021,0.345858835324541,climate_vulnerability_score,ND-GAIN
HTI,2021,0.21978294662749,climate_vulnerability_score,ND-GAIN
HND,2021,0.253172123210066,climate_vulnerability_score,ND-GAIN
HUN,2021,0.495588720337178,climate_vulnerability_score,ND-GAIN
ISL,2021,0.708668592310936,climate_vulnerability_score,ND-GAIN
IND,2021,0.386696314933398,climate_vulnerability_score,ND-GAIN
IDN,2021,0.392510199827229,climate_vulnerability_score,ND-GAIN
IRN,2021,0.379973028479352,climate_vulnerability_score,ND-GAIN
IRQ,2021,0.308195249215714,climate_vulnerability_score,ND-GAIN
IRL,2021,0.595318862703971,climate_vulnerability_score,ND-GAIN
ISR,2021,0.54131716523281,climate_vulnerability_score,ND-GAIN
ITA,2021,0.53325771959171,climate_vulnerability_score,ND-GAIN
JAM,2021,0.406525454499329,climate_vulnerability_score,ND-GAIN
JPN,2021,0.685124014686924,climate_vulnerability_score,ND-GAIN
JOR,2021,0.401914566226624,climate_vulnerability_score,ND-GAIN
KAZ,2021,0.506991841065837,climate_vulnerability_score,ND-GAIN
KEN,2021,0.299279206926241,climate_vulnerability_score,ND-GAIN
KIR,2021,0.377931713818658,climate_vulnerability_score,ND-GAIN
PRK,2021,0.359504900054604,climate_vulnerability_score,ND-GAIN
KOR,2021,0.72278627353697,climate_vulnerability_score,ND-GAIN
KWT,2021,0.449082130049486,climate_vulnerability_score,ND-GAIN
KGZ,2021,0.398172920868494,climate_vulnerability_score,ND-GAIN
LAO,2021,0.33449448997119,climate_vulnerability_score,ND-GAIN
LVA,2021,0.584903044382704,climate_vulnerability_score,ND-GAIN
LBN,2021,0.294193714725909,climate_vulnerability_score,ND-GAIN
LSO,2021,0.3124991701156,climate_vulnerability_score,ND-GAIN
LBR,2021,0.283687287315519,climate_vulnerability_score,ND-GAIN
LBY,2021,0.301532942368311,climate_vulnerability_score,ND-GAIN
LIE,2021,0.635213243148273,climate_vulnerability_score,ND-GAIN
LTU,2021,0.600705723281446,climate_vulnerability_score,ND-GAIN
LUX,2021,0.655665690041757,climate_vulnerability_score,ND-GAIN
MKD,2021,0.46411710871726,climate_vulnerability_score,ND-GAIN
MDG,2021,0.2639955915842,climate_vulnerability_score,ND-GAIN
MWI,2021,0.292965407400362,climate_vulnerability_score,ND-GAIN
MYS,2021,0.500299346359042,climate_vulnerability_score,ND-GAIN
MDV,2021,0.444805353422118,climate_vulnerability_score,ND-GAIN
MLI,2021,0.286860620818081,climate_vulnerability_score,ND-GAIN
MLT,2021,0.495820186496526,climate_vulnerability_score,ND-GAIN
MHL,2021,0.401002878617989,climate_vulnerability_score,ND-GAIN
MRT,2021,0.350222434818502,climate_vulnerability_score,ND-GAIN
MUS,2021,0.56003333784225,climate_vulnerability_score,ND-GAIN
MEX,2021,0.356584308483396,climate_vulnerability_score,ND-GAIN
FSM,2021,0.366239223072774,climate_vulnerability_score,ND-GAIN
MDA,2021,0.438434239103046,climate_vulnerability_score,ND-GAIN
MCO,2021,0.697698548187574,climate_vulnerability_score,ND-GAIN
MNG,2021,0.46244100255981,climate_vulnerability_score,ND-GAIN
MNE,2021,0.465229301379336,climate_vulnerability_score,ND-GAIN
MAR,2021,0.421684844490166,climate_vulnerability_score,ND-GAIN
MOZ,2021,0.262334934755342,climate_vulnerability_score,ND-GAIN
MMR,2021,0.25744428110772,climate_vulnerability_score,ND-GAIN
NAM,2021,0.383006474576584,climate_vulnerability_score,ND-GAIN
NRU,2021,0.557556170696008,climate_vulnerability_score,ND-GAIN
NPL,2021,0.35796341373508,climate_vulnerability_score,ND-GAIN
NLD,2021,0.677414009508802,climate_vulnerability_score,ND-GAIN
NZL,2021,0.69042259175901,climate_vulnerability_score,ND-GAIN
NIC,2021,0.273795899522884,climate_vulnerability_score,ND-GAIN
NER,2021,0.338545288180653,climate_vulnerability_score,ND-GAIN
NGA,2021,0.244565209174783,climate_vulnerability_score,ND-GAIN
NOR,2021,0.769627538797269,climate_vulnerability_score,ND-GAIN
OMN,2021,0.490875127705533,climate_vulnerability_score,ND-GAIN
PAK,2021,0.310534324427156,climate_vulnerability_score,ND-GAIN
PLW,2021,0.487904272042551,climate_vulnerability_score,ND-GAIN
PAN,2021,0.381931373913518,climate_vulnerability_score,ND-GAIN
PNG,2021,0.2837186277527,climate_vulnerability_score,ND-GAIN
PRY,2021,0.360540698007263,climate_vulnerability_score,ND-GAIN
PER,2021,0.390124276382742,climate_vulnerability_score,ND-GAIN
PHL,2021,0.33181284786598,climate_vulnerability_score,ND-GAIN
POL,2021,0.534066743988024,climate_vulnerability_score,ND-GAIN
PRT,2021,0.577892044239906,climate_vulnerability_score,ND-GAIN
QAT,2021,0.532775207547046,climate_vulnerability_score,ND-GAIN
ROU,2021,0.481171528813915,climate_vulnerability_score,ND-GAIN
RUS,2021,0.52392356152695,climate_vulnerability_score,ND-GAIN
RWA,2021,0.42405913612758,climate_vulnerability_score,ND-GAIN
KNA,2021,0.552106230774693,climate_vulnerability_score,ND-GAIN
LCA,2021,0.440960831631526,climate_vulnerability_score,ND-GAIN
VCT,2021,0.493733367261179,climate_vulnerability_score,ND-GAIN
WSM,2021,0.430287720177514,climate_vulnerability_score,ND-GAIN
SMR,2021,0.645203256351294,climate_vulnerability_score,ND-GAIN
STP,2021,0.371996069787439,climate_vulnerability_score,ND-GAIN
SAU,2021,0.547832699882272,climate_vulnerability_score,ND-GAIN
SEN,2021,0.353403431954509,climate_vulnerability_score,ND-GAIN
SRB,2021,0.440929332066485,climate_vulnerability_score,ND-GAIN
SYC,2021,0.474065882201544,climate_vulnerability_score,ND-GAIN
SLE,2021,0.302709646942693,climate_vulnerability_score,ND-GAIN
SGP,2021,0.790587234055409,climate_vulnerability_score,ND-GAIN
SVK,2021,0.50563069143096,climate_vulnerability_score,ND-GAIN
SVN,2021,0.590484911756148,climate_vulnerability_score,ND-GAIN
SLB,2021,0.400880931079129,climate_vulnerability_score,ND-GAIN
SOM,2021,0.363321181513005,climate_vulnerability_score,ND-GAIN
ZAF,2021,0.363793907472381,climate_vulnerability_score,ND-GAIN
ESP,2021,0.534476141128231,climate_vulnerability_score,ND-GAIN
LKA,2021,0.387410577782039,climate_vulnerability_score,ND-GAIN
SDN,2021,0.258013609449452,climate_vulnerability_score,ND-GAIN
SUR,2021,0.334752330463966,climate_vulnerability_score,ND-GAIN
SWZ,2021,0.309192730671022,climate_vulnerability_score,ND-GAIN
SWE,2021,0.721348036365507,climate_vulnerability_score,ND-GAIN
CHE,2021,0.691690450216943,climate_vulnerability_score,ND-GAIN
SYR,2021,0.230988400039822,climate_vulnerability_score,ND-GAIN
TJK,2021,0.341669425402429,climate_vulnerability_score,ND-GAIN
TZA,2021,0.297914774376401,climate_vulnerability_score,ND-GAIN
THA,2021,0.473767890297289,climate_vulnerability_score,ND-GAIN
TLS,2021,0.397337775207627,climate_vulnerability_score,ND-GAIN
TGO,2021,0.356596444437761,climate_vulnerability_score,ND-GAIN
TON,2021,0.437146683284558,climate_vulnerability_score,ND-GAIN
TTO,2021,0.347967353247955,climate_vulnerability_score,ND-GAIN
TUN,2021,0.436263688106991,climate_vulnerability_score,ND-GAIN
TUR,2021,0.478588449960221,climate_vulnerability_score,ND-GAIN
TKM,2021,0.244092052022586,climate_vulnerability_score,ND-GAIN
TUV,2021,0.423624676970973,climate_vulnerability_score,ND-GAIN
UGA,2021,0.277376717367057,climate_vulnerability_score,ND-GAIN
UKR,2021,0.420995805028299,climate_vulnerability_score,ND-GAIN
ARE,2021,0.576819460343001,climate_vulnerability_score,ND-GAIN
GBR,2021,0.682378120406633,climate_vulnerability_score,ND-GAIN
USA,2021,0.642736464844367,climate_vulnerability_score,ND-GAIN
URY,2021,0.515104790117244,climate_vulnerability_score,ND-GAIN
UZB,2021,0.412057808412388,climate_vulnerability_score,ND-GAIN
VUT,2021,0.367300329259555,climate_vulnerability_score,ND-GAIN
VEN,2021,0.192597224755414,climate_vulnerability_score,ND-GAIN
VNM,2021,0.429710592215631,climate_vulnerability_score,ND-GAIN
YEM,2021,0.246720835483752,climate_vulnerability_score,ND-GAIN
ZMB,2021,0.321553214965306,climate_vulnerability_score,ND-GAIN
ZWE,2021,0.21982664896096,climate_vulnerability_score,ND-GAIN
AFG,2022,0.273877817918126,climate_vulnerability_score,ND-GAIN
ALB,2022,0.45144323750335,climate_vulnerability_score,ND-GAIN
DZA,2022,0.369505429953285,climate_vulnerability_score,ND-GAIN
AND,2022,0.57696380365487,climate_vulnerability_score,ND-GAIN
AGO,2022,0.25549211537898,climate_vulnerability_score,ND-GAIN
ATG,2022,0.437386435763936,climate_vulnerability_score,ND-GAIN
ARG,2022,0.411662743189324,climate_vulnerability_score,ND-GAIN
ARM,2022,0.458956922690969,climate_vulnerability_score,ND-GAIN
AUS,2022,0.658074469272981,climate_vulnerability_score,ND-GAIN
AUT,2022,0.682588853046565,climate_vulnerability_score,ND-GAIN
AZE,2022,0.41832496088541,climate_vulnerability_score,ND-GAIN
BHS,2022,0.417715868685455,climate_vulnerability_score,ND-GAIN
BHR,2022,0.452102297755944,climate_vulnerability_score,ND-GAIN
BGD,2022,0.308553503366208,climate_vulnerability_score,ND-GAIN
BRB,2022,0.560714564493047,climate_vulnerability_score,ND-GAIN
BLR,2022,0.43868633516182,climate_vulnerability_score,ND-GAIN
BEL,2022,0.61291946534188,climate_vulnerability_score,ND-GAIN
BLZ,2022,0.361849787159703,climate_vulnerability_score,ND-GAIN
BEN,2022,0.372061246440447,climate_vulnerability_score,ND-GAIN
BTN,2022,0.409101926383972,climate_vulnerability_score,ND-GAIN
BOL,2022,0.318845952512894,climate_vulnerability_score,ND-GAIN
BIH,2022,0.386894629946048,climate_vulnerability_score,ND-GAIN
BWA,2022,0.406688855036208,climate_vulnerability_score,ND-GAIN
BRA,2022,0.377268933293393,climate_vulnerability_score,ND-GAIN
BRN,2022,0.413857241587752,climate_vulnerability_score,ND-GAIN
BGR,2022,0.505874353468247,climate_vulnerability_score,ND-GAIN
BFA,2022,0.275547810440785,climate_vulnerability_score,ND-GAIN
BDI,2022,0.251251304204145,climate_vulnerability_score,ND-GAIN
KHM,2022,0.314662229784355,climate_vulnerability_score,ND-GAIN
CMR,2022,0.274561742375544,climate_vulnerability_score,ND-GAIN
CAN,2022,0.648621602893705,climate_vulnerability_score,ND-GAIN
CPV,2022,0.380915417353457,climate_vulnerability_score,ND-GAIN
CAF,2022,0.150968250187811,climate_vulnerability_score,ND-GAIN
TCD,2022,0.198111446815928,climate_vulnerability_score,ND-GAIN
CHL,2022,0.54237563354412,climate_vulnerability_score,ND-GAIN
CHN,2022,0.444699422492402,climate_vulnerability_score,ND-GAIN
COL,2022,0.422722694048001,climate_vulnerability_score,ND-GAIN
COM,2022,0.251880149534307,climate_vulnerability_score,ND-GAIN
COG,2022,0.223025119849631,climate_vulnerability_score,ND-GAIN
COD,2022,0.18191668491739,climate_vulnerability_score,ND-GAIN
CRI,2022,0.462388225322712,climate_vulnerability_score,ND-GAIN
CIV,2022,0.29721687184856,climate_vulnerability_score,ND-GAIN
HRV,2022,0.527491694377301,climate_vulnerability_score,ND-GAIN
CUB,2022,0.346002619189254,climate_vulnerability_score,ND-GAIN
CYP,2022,0.496013280044761,climate_vulnerability_score,ND-GAIN
CZE,2022,0.606509227635582,climate_vulnerability_score,ND-GAIN
DNK,2022,0.712892400883844,climate_vulnerability_score,ND-GAIN
DJI,2022,0.32872120577283,climate_vulnerability_score,ND-GAIN
DMA,2022,0.617259946036614,climate_vulnerability_score,ND-GAIN
DOM,2022,0.391168535741982,climate_vulnerability_score,ND-GAIN
ECU,2022,0.360871141603763,climate_vulnerability_score,ND-GAIN
EGY,2022,0.374304677715202,climate_vulnerability_score,ND-GAIN
SLV,2022,0.316394118697757,climate_vulnerability_score,ND-GAIN
GNQ,2022,0.159855757898585,climate_vulnerability_score,ND-GAIN
ERI,2022,0.177345006306066,climate_vulnerability_score,ND-GAIN
EST,2022,0.615102723173818,climate_vulnerability_score,ND-GAIN
ETH,2022,0.265283114660521,climate_vulnerability_score,ND-GAIN
FJI,2022,0.428418560785905,climate_vulnerability_score,ND-GAIN
FIN,2022,0.726431002681905,climate_vulnerability_score,ND-GAIN
FRA,2022,0.64830269167187,climate_vulnerability_score,ND-GAIN
GAB,2022,0.302349116082309,climate_vulnerability_score,ND-GAIN
GMB,2022,0.265706696150614,climate_vulnerability_score,ND-GAIN
GEO,2022,0.533709752770031,climate_vulnerability_score,ND-GAIN
DEU,2022,0.68720989190044,climate_vulnerability_score,ND-GAIN
GHA,2022,0.349852178337902,climate_vulnerability_score,ND-GAIN
GRC,2022,0.551863716996195,climate_vulnerability_score,ND-GAIN
GRD,2022,0.521013775181609,climate_vulnerability_score,ND-GAIN
GTM,2022,0.317480508440444,climate_vulnerability_score,ND-GAIN
GIN,2022,0.294666861910305,climate_vulnerability_score,ND-GAIN
GNB,2022,0.280316543159758,climate_vulnerability_score,ND-GAIN
GUY,2022,0.381224448683355,climate_vulnerability_score,ND-GAIN
HTI,2022,0.208569258122299,climate_vulnerability_score,ND-GAIN
HND,2022,0.304440251286708,climate_vulnerability_score,ND-GAIN
HUN,2022,0.539031833180311,climate_vulnerability_score,ND-GAIN
ISL,2022,0.611794691125519,climate_vulnerability_score,ND-GAIN
IND,2022,0.358450126721714,climate_vulnerability_score,ND-GAIN
IDN,2022,0.403701045144629,climate_vulnerability_score,ND-GAIN
IRN,2022,0.388823472901914,climate_vulnerability_score,ND-GAIN
IRQ,2022,0.197392310014931,climate_vulnerability_score,ND-GAIN
IRL,2022,0.605170735991151,climate_vulnerability_score,ND-GAIN
ISR,2022,0.549268545643481,climate_vulnerability_score,ND-GAIN
ITA,2022,0.599022057316481,climate_vulnerability_score,ND-GAIN
JAM,2022,0.401929849132647,climate_vulnerability_score,ND-GAIN
JPN,2022,0.671216987009078,climate_vulnerability_score,ND-GAIN
JOR,2022,0.417602365381483,climate_vulnerability_score,ND-GAIN
KAZ,2022,0.475883017528846,climate_vulnerability_score,ND-GAIN
KEN,2022,0.272069445329731,climate_vulnerability_score,ND-GAIN
KIR,2022,0.369814731338598,climate_vulnerability_score,ND-GAIN
PRK,2022,0.374953488039495,climate_vulnerability_score,ND-GAIN
KOR,2022,0.718400383458056,climate_vulnerability_score,ND-GAIN
KWT,2022,0.410289670542641,climate_vulnerability_score,ND-GAIN
KGZ,2022,0.367620949821405,climate_vulnerability_score,ND-GAIN
LAO,2022,0.295563242717091,climate_vulnerability_score,ND-GAIN
LVA,2022,0.591629096506891,climate_vulnerability_score,ND-GAIN
LBN,2022,0.335813390950579,climate_vulnerability_score,ND-GAIN
LSO,2022,0.293171274836837,climate_vulnerability_score,ND-GAIN
LBR,2022,0.292979604727116,climate_vulnerability_score,ND-GAIN
LBY,2022,0.28437680994511,climate_vulnerability_score,ND-GAIN
LIE,2022,0.669535803803749,climate_vulnerability_score,ND-GAIN
LTU,2022,0.573108445107672,climate_vulnerability_score,ND-GAIN
LUX,2022,0.657182772109864,climate_vulnerability_score,ND-GAIN
MKD,2022,0.450083460920773,climate_vulnerability_score,ND-GAIN
MDG,2022,0.242962305871808,climate_vulnerability_score,ND-GAIN
MWI,2022,0.281342086831385,climate_vulnerability_score,ND-GAIN
MYS,2022,0.458055986076299,climate_vulnerability_score,ND-GAIN
MDV,2022,0.409512761360848,climate_vulnerability_score,ND-GAIN
MLI,2022,0.270372280912781,climate_vulnerability_score,ND-GAIN
MLT,2022,0.490769865956769,climate_vulnerability_score,ND-GAIN
MHL,2022,0.405658270442306,climate_vulnerability_score,ND-GAIN
MRT,2022,0.295029345670437,climate_vulnerability_score,ND-GAIN
MUS,2022,0.481405774657186,climate_vulnerability_score,ND-GAIN
MEX,2022,0.379706460884002,climate_vulnerability_score,ND-GAIN
FSM,2022,0.353562868913536,climate_vulnerability_score,ND-GAIN
MDA,2022,0.478698191883264,climate_vulnerability_score,ND-GAIN
MCO,2022,0.702070209645254,climate_vulnerability_score,ND-GAIN
MNG,2022,0.383823734785023,climate_vulnerability_score,ND-GAIN
MNE,2022,0.459685266989091,climate_vulnerability_score,ND-GAIN
MAR,2022,0.393546889128062,climate_vulnerability_score,ND-GAIN
MOZ,2022,0.244663637219044,climate_vulnerability_score,ND-GAIN
MMR,2022,0.224014121555884,climate_vulnerability_score,ND-GAIN
NAM,2022,0.348014408401593,climate_vulnerability_score,ND-GAIN
NRU,2022,0.571827328168293,climate_vulnerability_score,ND-GAIN
NPL,2022,0.359142390611867,climate_vulnerability_score,ND-GAIN
NLD,2022,0.663252559824724,climate_vulnerability_score,ND-GAIN
NZL,2022,0.629181266975434,climate_vulnerability_score,ND-GAIN
NIC,2022,0.308077656867803,climate_vulnerability_score,ND-GAIN
NER,2022,0.308299150970052,climate_vulnerability_score,ND-GAIN
NGA,2022,0.234386890366577,climate_vulnerability_score,ND-GAIN
NOR,2022,0.701845866998923,climate_vulnerability_score,ND-GAIN
OMN,2022,0.41999004727312,climate_vulnerability_score,ND-GAIN
PAK,2022,0.303852859790139,climate_vulnerability_score,ND-GAIN
PLW,2022,0.542890548107368,climate_vulnerability_score,ND-GAIN
PAN,2022,0.383124049380047,climate_vulnerability_score,ND-GAIN
PNG,2022,0.224549316712615,climate_vulnerability_score,ND-GAIN
PRY,2022,0.338434774479578,climate_vulnerability_score,ND-GAIN
PER,2022,0.381455606298039,climate_vulnerability_score,ND-GAIN
PHL,2022,0.359169035323615,climate_vulnerability_score,ND-GAIN
POL,2022,0.561169934214254,climate_vulnerability_score,ND-GAIN
PRT,2022,0.589677550497156,climate_vulnerability_score,ND-GAIN
QAT,2022,0.456824302945058,climate_vulnerability_score,ND-GAIN
ROU,2022,0.516317879008256,climate_vulnerability_score,ND-GAIN
RUS,2022,0.440835483926973,climate_vulnerability_score,ND-GAIN
RWA,2022,0.442364773721237,climate_vulnerability_score,ND-GAIN
KNA,2022,0.618909183123601,climate_vulnerability_score,ND-GAIN
LCA,2022,0.416861196219514,climate_vulnerability_score,ND-GAIN
VCT,2022,0.47398800221954,climate_vulnerability_score,ND-GAIN
WSM,2022,0.369720544678605,climate_vulnerability_score,ND-GAIN
SMR,2022,0.703427577489464,climate_vulnerability_score,ND-GAIN
STP,2022,0.359778302335958,climate_vulnerability_score,ND-GAIN
SAU,2022,0.466971669293791,climate_vulnerability_score,ND-GAIN
SEN,2022,0.373241613808535,climate_vulnerability_score,ND-GAIN
SRB,2022,0.480870773828072,climate_vulnerability_score,ND-GAIN
SYC,2022,0.404390869430081,climate_vulnerability_score,ND-GAIN
SLE,2022,0.280353655832188,climate_vulnerability_score,ND-GAIN
SGP,2022,0.745727124549488,climate_vulnerability_score,ND-GAIN
SVK,2022,0.540350313134204,climate_vulnerability_score,ND-GAIN
SVN,2022,0.607901997809538,climate_vulnerability_score,ND-GAIN
SLB,2022,0.376965373571176,climate_vulnerability_score,ND-GAIN
SOM,2022,0.186042602384605,climate_vulnerability_score,ND-GAIN
ZAF,2022,0.314760127855354,climate_vulnerability_score,ND-GAIN
ESP,2022,0.564020864746354,climate_vulnerability_score,ND-GAIN
LKA,2022,0.336953530984483,climate_vulnerability_score,ND-GAIN
SDN,2022,0.210949506873831,climate_vulnerability_score,ND-GAIN
SUR,2022,0.370927546228846,climate_vulnerability_score,ND-GAIN
SWZ,2022,0.310096966433254,climate_vulnerability_score,ND-GAIN
SWE,2022,0.687224238174309,climate_vulnerability_score,ND-GAIN
CHE,2022,0.676779561288728,climate_vulnerability_score,ND-GAIN
SYR,2022,0.278887874455284,climate_vulnerability_score,ND-GAIN
TJK,2022,0.312868979313171,climate_vulnerability_score,ND-GAIN
TZA,2022,0.338250183247508,climate_vulnerability_score,ND-GAIN
THA,2022,0.353626796656159,climate_vulnerability_score,ND-GAIN
TLS,2022,0.29161617768455,climate_vulnerability_score,ND-GAIN
TGO,2022,0.349988996529453,climate_vulnerability_score,ND-GAIN
TON,2022,0.343802389547421,climate_vulnerability_score,ND-GAIN
TTO,2022,0.331024286557458,climate_vulnerability_score,ND-GAIN
TUN,2022,0.344538333324615,climate_vulnerability_score,ND-GAIN
TUR,2022,0.485608447793067,climate_vulnerability_score,ND-GAIN
TKM,2022,0.230869747308327,climate_vulnerability_score,ND-GAIN
TUV,2022,0.430886345138112,climate_vulnerability_score,ND-GAIN
UGA,2022,0.257471570602207,climate_vulnerability_score,ND-GAIN
UKR,2022,0.438017501743165,climate_vulnerability_score,ND-GAIN
ARE,2022,0.482478462114322,climate_vulnerability_score,ND-GAIN
GBR,2022,0.66060021186226,climate_vulnerability_score,ND-GAIN
USA,2022,0.635620864317027,climate_vulnerability_score,ND-GAIN
URY,2022,0.489339404673484,climate_vulnerability_score,ND-GAIN
UZB,2022,0.421364756860029,climate_vulnerability_score,ND-GAIN
VUT,2022,0.27595232857711,climate_vulnerability_score,ND-GAIN
VEN,2022,0.242251179783761,climate_vulnerability_score,ND-GAIN
VNM,2022,0.421028287539182,climate_vulnerability_score,ND-GAIN
YEM,2022,0.257320754643518,climate_vulnerability_score,ND-GAIN
ZMB,2022,0.274846800517964,climate_vulnerability_score,ND-GAIN
ZWE,2022,0.218456300078374,climate_vulnerability_score,ND-GAIN
AFG,2023,0.273455754202796,climate_vulnerability_score,ND-GAIN
ALB,2023,0.454448838547886,climate_vulnerability_score,ND-GAIN
DZA,2023,0.375294647880398,climate_vulnerability_score,ND-GAIN
AND,2023,0.605181239313114,climate_vulnerability_score,ND-GAIN
AGO,2023,0.25776962271038,climate_vulnerability_score,ND-GAIN
ATG,2023,0.44044332831014,climate_vulnerability_score,ND-GAIN
ARG,2023,0.412981187832491,climate_vulnerability_score,ND-GAIN
ARM,2023,0.458683441117899,climate_vulnerability_score,ND-GAIN
AUS,2023,0.659911389544482,climate_vulnerability_score,ND-GAIN
AUT,2023,0.682481359396006,climate_vulnerability_score,ND-GAIN
AZE,2023,0.422149432984986,climate_vulnerability_score,ND-GAIN
BHS,2023,0.421636937458102,climate_vulnerability_score,ND-GAIN
BHR,2023,0.45983785481591,climate_vulnerability_score,ND-GAIN
BGD,2023,0.311794365573955,climate_vulnerability_score,ND-GAIN
BRB,2023,0.562391297443164,climate_vulnerability_score,ND-GAIN
BLR,2023,0.435881792621938,climate_vulnerability_score,ND-GAIN
BEL,2023,0.606430402224486,climate_vulnerability_score,ND-GAIN
BLZ,2023,0.363064697208232,climate_vulnerability_score,ND-GAIN
BEN,2023,0.37667304916432,climate_vulnerability_score,ND-GAIN
BTN,2023,0.410615340250298,climate_vulnerability_score,ND-GAIN
BOL,2023,0.318101947705462,climate_vulnerability_score,ND-GAIN
BIH,2023,0.389745021844495,climate_vulnerability_score,ND-GAIN
BWA,2023,0.404475137702948,climate_vulnerability_score,ND-GAIN
BRA,2023,0.377829257070221,climate_vulnerability_score,ND-GAIN
BRN,2023,0.418972396757771,climate_vulnerability_score,ND-GAIN
BGR,2023,0.506940952547621,climate_vulnerability_score,ND-GAIN
BFA,2023,0.271031957665266,climate_vulnerability_score,ND-GAIN
BDI,2023,0.252901819015178,climate_vulnerability_score,ND-GAIN
KHM,2023,0.320526002569428,climate_vulnerability_score,ND-GAIN
CMR,2023,0.275396693518112,climate_vulnerability_score,ND-GAIN
CAN,2023,0.646631515995733,climate_vulnerability_score,ND-GAIN
CPV,2023,0.381161080905004,climate_vulnerability_score,ND-GAIN
CAF,2023,0.149849758978622,climate_vulnerability_score,ND-GAIN
TCD,2023,0.195562312012037,climate_vulnerability_score,ND-GAIN
CHL,2023,0.543640624658825,climate_vulnerability_score,ND-GAIN
CHN,2023,0.453268126032888,climate_vulnerability_score,ND-GAIN
COL,2023,0.421389393321247,climate_vulnerability_score,ND-GAIN
COM,2023,0.255900009821425,climate_vulnerability_score,ND-GAIN
COG,2023,0.223076749595518,climate_vulnerability_score,ND-GAIN
COD,2023,0.180997117850583,climate_vulnerability_score,ND-GAIN
CRI,2023,0.465547717659273,climate_vulnerability_score,ND-GAIN
CIV,2023,0.297446176419607,climate_vulnerability_score,ND-GAIN
HRV,2023,0.529602404743178,climate_vulnerability_score,ND-GAIN
CUB,2023,0.342803359759303,climate_vulnerability_score,ND-GAIN
CYP,2023,0.496391220448149,climate_vulnerability_score,ND-GAIN
CZE,2023,0.605612529482908,climate_vulnerability_score,ND-GAIN
DNK,2023,0.711983967318087,climate_vulnerability_score,ND-GAIN
DJI,2023,0.328693927876265,climate_vulnerability_score,ND-GAIN
DMA,2023,0.617225307119262,climate_vulnerability_score,ND-GAIN
DOM,2023,0.39554137171083,climate_vulnerability_score,ND-GAIN
ECU,2023,0.356133369398635,climate_vulnerability_score,ND-GAIN
EGY,2023,0.376974259836902,climate_vulnerability_score,ND-GAIN
SLV,2023,0.327441744709936,climate_vulnerability_score,ND-GAIN
GNQ,2023,0.160643271718469,climate_vulnerability_score,ND-GAIN
ERI,2023,0.180656799120263,climate_vulnerability_score,ND-GAIN
EST,2023,0.610849290704218,climate_vulnerability_score,ND-GAIN
ETH,2023,0.261980902600161,climate_vulnerability_score,ND-GAIN
FJI,2023,0.426792344412393,climate_vulnerability_score,ND-GAIN
FIN,2023,0.723442813942593,climate_vulnerability_score,ND-GAIN
FRA,2023,0.644287191834464,climate_vulnerability_score,ND-GAIN
GAB,2023,0.301897161580208,climate_vulnerability_score,ND-GAIN
GMB,2023,0.267678775994033,climate_vulnerability_score,ND-GAIN
GEO,2023,0.534127995962288,climate_vulnerability_score,ND-GAIN
DEU,2023,0.684247167839999,climate_vulnerability_score,ND-GAIN
GHA,2023,0.351903526033337,climate_vulnerability_score,ND-GAIN
GRC,2023,0.554243111333186,climate_vulnerability_score,ND-GAIN
GRD,2023,0.526210103275225,climate_vulnerability_score,ND-GAIN
GTM,2023,0.322579034218151,climate_vulnerability_score,ND-GAIN
GIN,2023,0.292503238252269,climate_vulnerability_score,ND-GAIN
GNB,2023,0.283106432793919,climate_vulnerability_score,ND-GAIN
GUY,2023,0.380258709448868,climate_vulnerability_score,ND-GAIN
HTI,2023,0.203428197214073,climate_vulnerability_score,ND-GAIN
HND,2023,0.303070713420584,climate_vulnerability_score,ND-GAIN
HUN,2023,0.535452924142948,climate_vulnerability_score,ND-GAIN
ISL,2023,0.606032225073206,climate_vulnerability_score,ND-GAIN
IND,2023,0.357978645967666,climate_vulnerability_score,ND-GAIN
IDN,2023,0.408103053898062,climate_vulnerability_score,ND-GAIN
IRN,2023,0.384143005838502,climate_vulnerability_score,ND-GAIN
IRQ,2023,0.196406755225526,climate_vulnerability_score,ND-GAIN
IRL,2023,0.607472266733052,climate_vulnerability_score,ND-GAIN
ISR,2023,0.540477115848142,climate_vulnerability_score,ND-GAIN
ITA,2023,0.604325147823497,climate_vulnerability_score,ND-GAIN
JAM,2023,0.40178088109192,climate_vulnerability_score,ND-GAIN
JPN,2023,0.669989217095892,climate_vulnerability_score,ND-GAIN
JOR,2023,0.422433687441132,climate_vulnerability_score,ND-GAIN
KAZ,2023,0.481752431453136,climate_vulnerability_score,ND-GAIN
KEN,2023,0.272235622556456,climate_vulnerability_score,ND-GAIN
KIR,2023,0.36953900718926,climate_vulnerability_score,ND-GAIN
PRK,2023,0.379637813578904,climate_vulnerability_score,ND-GAIN
KOR,2023,0.723672861485106,climate_vulnerability_score,ND-GAIN
KWT,2023,0.415172059725303,climate_vulnerability_score,ND-GAIN
KGZ,2023,0.3668512844248,climate_vulnerability_score,ND-GAIN
LAO,2023,0.297908817154203,climate_vulnerability_score,ND-GAIN
LVA,2023,0.59062118861871,climate_vulnerability_score,ND-GAIN
LBN,2023,0.333524138143378,climate_vulnerability_score,ND-GAIN
LSO,2023,0.290874064219155,climate_vulnerability_score,ND-GAIN
LBR,2023,0.295770575232187,climate_vulnerability_score,ND-GAIN
LBY,2023,0.286519274932288,climate_vulnerability_score,ND-GAIN
LIE,2023,0.669635378221638,climate_vulnerability_score,ND-GAIN
LTU,2023,0.575598574721512,climate_vulnerability_score,ND-GAIN
LUX,2023,0.657812826710829,climate_vulnerability_score,ND-GAIN
MKD,2023,0.448577042614143,climate_vulnerability_score,ND-GAIN
MDG,2023,0.237970039795092,climate_vulnerability_score,ND-GAIN
MWI,2023,0.281771579610495,climate_vulnerability_score,ND-GAIN
MYS,2023,0.457455814303733,climate_vulnerability_score,ND-GAIN
MDV,2023,0.407208594329709,climate_vulnerability_score,ND-GAIN
MLI,2023,0.268561265060067,climate_vulnerability_score,ND-GAIN
MLT,2023,0.491368460557562,climate_vulnerability_score,ND-GAIN
MHL,2023,0.403692076987163,climate_vulnerability_score,ND-GAIN
MRT,2023,0.295201664270135,climate_vulnerability_score,ND-GAIN
MUS,2023,0.481040964780189,climate_vulnerability_score,ND-GAIN
MEX,2023,0.37954133120758,climate_vulnerability_score,ND-GAIN
FSM,2023,0.353628727268294,climate_vulnerability_score,ND-GAIN
MDA,2023,0.48304026793848,climate_vulnerability_score,ND-GAIN
MCO,2023,0.70579737545717,climate_vulnerability_score,ND-GAIN
MNG,2023,0.388440320743536,climate_vulnerability_score,ND-GAIN
MNE,2023,0.463154808272277,climate_vulnerability_score,ND-GAIN
MAR,2023,0.394349088656764,climate_vulnerability_score,ND-GAIN
MOZ,2023,0.243435410111654,climate_vulnerability_score,ND-GAIN
MMR,2023,0.220329031252464,climate_vulnerability_score,ND-GAIN
NAM,2023,0.345816934586405,climate_vulnerability_score,ND-GAIN
NRU,2023,0.5669310437084,climate_vulnerability_score,ND-GAIN
NPL,2023,0.363143148543155,climate_vulnerability_score,ND-GAIN
NLD,2023,0.661995194453606,climate_vulnerability_score,ND-GAIN
NZL,2023,0.628744984013967,climate_vulnerability_score,ND-GAIN
NIC,2023,0.308136957276573,climate_vulnerability_score,ND-GAIN
NER,2023,0.300766271906335,climate_vulnerability_score,ND-GAIN
NGA,2023,0.240628918630473,climate_vulnerability_score,ND-GAIN
NOR,2023,0.703083176516546,climate_vulnerability_score,ND-GAIN
OMN,2023,0.425500876397067,climate_vulnerability_score,ND-GAIN
PAK,2023,0.298732276636795,climate_vulnerability_score,ND-GAIN
PLW,2023,0.531164453914713,climate_vulnerability_score,ND-GAIN
PAN,2023,0.380273573945991,climate_vulnerability_score,ND-GAIN
PNG,2023,0.227267106715396,climate_vulnerability_score,ND-GAIN
PRY,2023,0.338726622447367,climate_vulnerability_score,ND-GAIN
PER,2023,0.38223847284501,climate_vulnerability_score,ND-GAIN
PHL,2023,0.366688129342299,climate_vulnerability_score,ND-GAIN
POL,2023,0.563773645087216,climate_vulnerability_score,ND-GAIN
PRT,2023,0.589739153827721,climate_vulnerability_score,ND-GAIN
QAT,2023,0.459519303105115,climate_vulnerability_score,ND-GAIN
ROU,2023,0.51331134491652,climate_vulnerability_score,ND-GAIN
RUS,2023,0.457854008146836,climate_vulnerability_score,ND-GAIN
RWA,2023,0.448524038691712,climate_vulnerability_score,ND-GAIN
KNA,2023,0.619533399109107,climate_vulnerability_score,ND-GAIN
LCA,2023,0.416400934404819,climate_vulnerability_score,ND-GAIN
VCT,2023,0.473964392336553,climate_vulnerability_score,ND-GAIN
WSM,2023,0.368726567389716,climate_vulnerability_score,ND-GAIN
SMR,2023,0.704868412696666,climate_vulnerability_score,ND-GAIN
STP,2023,0.359506229301046,climate_vulnerability_score,ND-GAIN
SAU,2023,0.478792616504591,climate_vulnerability_score,ND-GAIN
SEN,2023,0.37485647704426,climate_vulnerability_score,ND-GAIN
SRB,2023,0.484764268310595,climate_vulnerability_score,ND-GAIN
SYC,2023,0.40698104764968,climate_vulnerability_score,ND-GAIN
SLE,2023,0.275634834652419,climate_vulnerability_score,ND-GAIN
SGP,2023,0.744119682517201,climate_vulnerability_score,ND-GAIN
SVK,2023,0.537516576110313,climate_vulnerability_score,ND-GAIN
SVN,2023,0.608553400116037,climate_vulnerability_score,ND-GAIN
SLB,2023,0.377062119530539,climate_vulnerability_score,ND-GAIN
SOM,2023,0.187653180678702,climate_vulnerability_score,ND-GAIN
ZAF,2023,0.314625906419348,climate_vulnerability_score,ND-GAIN
ESP,2023,0.56034347898663,climate_vulnerability_score,ND-GAIN
LKA,2023,0.338179332798886,climate_vulnerability_score,ND-GAIN
SDN,2023,0.200720898557099,climate_vulnerability_score,ND-GAIN
SUR,2023,0.372739125560924,climate_vulnerability_score,ND-GAIN
SWZ,2023,0.306209131022639,climate_vulnerability_score,ND-GAIN
SWE,2023,0.682615028637045,climate_vulnerability_score,ND-GAIN
CHE,2023,0.677152797195345,climate_vulnerability_score,ND-GAIN
SYR,2023,0.279169033040931,climate_vulnerability_score,ND-GAIN
TJK,2023,0.314928240781203,climate_vulnerability_score,ND-GAIN
TZA,2023,0.343650783445822,climate_vulnerability_score,ND-GAIN
THA,2023,0.356500620260387,climate_vulnerability_score,ND-GAIN
TLS,2023,0.293453730779183,climate_vulnerability_score,ND-GAIN
TGO,2023,0.350081094350649,climate_vulnerability_score,ND-GAIN
TON,2023,0.350939534179463,climate_vulnerability_score,ND-GAIN
TTO,2023,0.328783965165423,climate_vulnerability_score,ND-GAIN
TUN,2023,0.342456297673215,climate_vulnerability_score,ND-GAIN
TUR,2023,0.475925446357307,climate_vulnerability_score,ND-GAIN
TKM,2023,0.232075917026873,climate_vulnerability_score,ND-GAIN
TUV,2023,0.433493558117091,climate_vulnerability_score,ND-GAIN
UGA,2023,0.257428141038504,climate_vulnerability_score,ND-GAIN
UKR,2023,0.44841622636598,climate_vulnerability_score,ND-GAIN
ARE,2023,0.482342133573333,climate_vulnerability_score,ND-GAIN
GBR,2023,0.655938510722962,climate_vulnerability_score,ND-GAIN
USA,2023,0.633232725712705,climate_vulnerability_score,ND-GAIN
URY,2023,0.487598922063638,climate_vulnerability_score,ND-GAIN
UZB,2023,0.430366232724334,climate_vulnerability_score,ND-GAIN
VUT,2023,0.273713168164773,climate_vulnerability_score,ND-GAIN
VEN,2023,0.246324410961853,climate_vulnerability_score,ND-GAIN
VNM,2023,0.414676678333398,climate_vulnerability_score,ND-GAIN
YEM,2023,0.25914861340959,climate_vulnerability_score,ND-GAIN
ZMB,2023,0.275003901055359,climate_vulnerability_score,ND-GAIN
ZWE,2023,0.218540985344262,climate_vulnerability_score,ND-GAIN
AFG,2024,0.272113924696938,climate_vulnerability_score,ND-GAIN
ALB,2024,0.467979768681771,climate_vulnerability_score,ND-GAIN
DZA,2024,0.378126927438512,climate_vulnerability_score,ND-GAIN
AND,2024,0.611141214267337,climate_vulnerability_score,ND-GAIN
AGO,2024,0.256846722549453,climate_vulnerability_score,ND-GAIN
ATG,2024,0.440739980028339,climate_vulnerability_score,ND-GAIN
ARG,2024,0.415404726658145,climate_vulnerability_score,ND-GAIN
ARM,2024,0.456887905654006,climate_vulnerability_score,ND-GAIN
AUS,2024,0.658489464130322,climate_vulnerability_score,ND-GAIN
AUT,2024,0.678724107223777,climate_vulnerability_score,ND-GAIN
AZE,2024,0.430258329330067,climate_vulnerability_score,ND-GAIN
BHS,2024,0.421700292817975,climate_vulnerability_score,ND-GAIN
BHR,2024,0.46553735656046,climate_vulnerability_score,ND-GAIN
BGD,2024,0.284277313801118,climate_vulnerability_score,ND-GAIN
BRB,2024,0.569385011264296,climate_vulnerability_score,ND-GAIN
BLR,2024,0.433746384332507,climate_vulnerability_score,ND-GAIN
BEL,2024,0.604891139107138,climate_vulnerability_score,ND-GAIN
BLZ,2024,0.366118564582596,climate_vulnerability_score,ND-GAIN
BEN,2024,0.372152215670063,climate_vulnerability_score,ND-GAIN
BTN,2024,0.414158013109384,climate_vulnerability_score,ND-GAIN
BOL,2024,0.311923640783655,climate_vulnerability_score,ND-GAIN
BIH,2024,0.380288074094667,climate_vulnerability_score,ND-GAIN
BWA,2024,0.383915563064972,climate_vulnerability_score,ND-GAIN
BRA,2024,0.381029599363176,climate_vulnerability_score,ND-GAIN
BRN,2024,0.417302949083792,climate_vulnerability_score,ND-GAIN
BGR,2024,0.486145386534726,climate_vulnerability_score,ND-GAIN
BFA,2024,0.270204079376687,climate_vulnerability_score,ND-GAIN
BDI,2024,0.249668188199824,climate_vulnerability_score,ND-GAIN
KHM,2024,0.321304843329232,climate_vulnerability_score,ND-GAIN
CMR,2024,0.27556449339349,climate_vulnerability_score,ND-GAIN
CAN,2024,0.643424897213037,climate_vulnerability_score,ND-GAIN
CPV,2024,0.380825424939355,climate_vulnerability_score,ND-GAIN
CAF,2024,0.136827316140834,climate_vulnerability_score,ND-GAIN
TCD,2024,0.166137950341569,climate_vulnerability_score,ND-GAIN
CHL,2024,0.548057982134563,climate_vulnerability_score,ND-GAIN
CHN,2024,0.454977786880392,climate_vulnerability_score,ND-GAIN
COL,2024,0.415760860663383,climate_vulnerability_score,ND-GAIN
COM,2024,0.259205277711487,climate_vulnerability_score,ND-GAIN
COG,2024,0.223569269890757,climate_vulnerability_score,ND-GAIN
COD,2024,0.178004679640907,climate_vulnerability_score,ND-GAIN
CRI,2024,0.476711983261918,climate_vulnerability_score,ND-GAIN
CIV,2024,0.307451391982768,climate_vulnerability_score,ND-GAIN
HRV,2024,0.5415587705709,climate_vulnerability_score,ND-GAIN
CUB,2024,0.326042310214536,climate_vulnerability_score,ND-GAIN
CYP,2024,0.504149457315001,climate_vulnerability_score,ND-GAIN
CZE,2024,0.606858218342057,climate_vulnerability_score,ND-GAIN
DNK,2024,0.707141915822666,climate_vulnerability_score,ND-GAIN
DJI,2024,0.327192953584806,climate_vulnerability_score,ND-GAIN
DMA,2024,0.612416199972222,climate_vulnerability_score,ND-GAIN
DOM,2024,0.404711842449052,climate_vulnerability_score,ND-GAIN
ECU,2024,0.348257452949247,climate_vulnerability_score,ND-GAIN
EGY,2024,0.377461868398211,climate_vulnerability_score,ND-GAIN
SLV,2024,0.327831152276493,climate_vulnerability_score,ND-GAIN
GNQ,2024,0.16091831161143,climate_vulnerability_score,ND-GAIN
ERI,2024,0.175832855098391,climate_vulnerability_score,ND-GAIN
EST,2024,0.608752680573911,climate_vulnerability_score,ND-GAIN
ETH,2024,0.262399611191278,climate_vulnerability_score,ND-GAIN
FJI,2024,0.437832950515247,climate_vulnerability_score,ND-GAIN
FIN,2024,0.727422161442255,climate_vulnerability_score,ND-GAIN
FRA,2024,0.639418204668828,climate_vulnerability_score,ND-GAIN
GAB,2024,0.302032695505385,climate_vulnerability_score,ND-GAIN
GMB,2024,0.273013872693158,climate_vulnerability_score,ND-GAIN
GEO,2024,0.518512358392842,climate_vulnerability_score,ND-GAIN
DEU,2024,0.680281280285757,climate_vulnerability_score,ND-GAIN
GHA,2024,0.356778020552939,climate_vulnerability_score,ND-GAIN
GRC,2024,0.56390195167251,climate_vulnerability_score,ND-GAIN
GRD,2024,0.527867863034656,climate_vulnerability_score,ND-GAIN
GTM,2024,0.328276188875971,climate_vulnerability_score,ND-GAIN
GIN,2024,0.28750864740896,climate_vulnerability_score,ND-GAIN
GNB,2024,0.275681366287866,climate_vulnerability_score,ND-GAIN
GUY,2024,0.385140615862348,climate_vulnerability_score,ND-GAIN
HTI,2024,0.199891681118003,climate_vulnerability_score,ND-GAIN
HND,2024,0.297501660806443,climate_vulnerability_score,ND-GAIN
HUN,2024,0.528576122558212,climate_vulnerability_score,ND-GAIN
ISL,2024,0.608533690395264,climate_vulnerability_score,ND-GAIN
IND,2024,0.362081405787814,climate_vulnerability_score,ND-GAIN
IDN,2024,0.397848298877582,climate_vulnerability_score,ND-GAIN
IRN,2024,0.378915815171718,climate_vulnerability_score,ND-GAIN
IRQ,2024,0.209932858738367,climate_vulnerability_score,ND-GAIN
IRL,2024,0.604529144009406,climate_vulnerability_score,ND-GAIN
ISR,2024,0.53975324788924,climate_vulnerability_score,ND-GAIN
ITA,2024,0.600606062923487,climate_vulnerability_score,ND-GAIN
JAM,2024,0.401846506495405,climate_vulnerability_score,ND-GAIN
JPN,2024,0.667479460064185,climate_vulnerability_score,ND-GAIN
JOR,2024,0.427122487929933,climate_vulnerability_score,ND-GAIN
KAZ,2024,0.483785972550386,climate_vulnerability_score,ND-GAIN
KEN,2024,0.267731788668047,climate_vulnerability_score,ND-GAIN
KIR,2024,0.373405119075206,climate_vulnerability_score,ND-GAIN
PRK,2024,0.379565173554497,climate_vulnerability_score,ND-GAIN
KOR,2024,0.721696183894012,climate_vulnerability_score,ND-GAIN
KWT,2024,0.418129739613392,climate_vulnerability_score,ND-GAIN
KGZ,2024,0.371772651451534,climate_vulnerability_score,ND-GAIN
LAO,2024,0.298912046045877,climate_vulnerability_score,ND-GAIN
LVA,2024,0.5886890528393,climate_vulnerability_score,ND-GAIN
LBN,2024,0.329565770367288,climate_vulnerability_score,ND-GAIN
LSO,2024,0.274323225126565,climate_vulnerability_score,ND-GAIN
LBR,2024,0.296049654866987,climate_vulnerability_score,ND-GAIN
LBY,2024,0.289646611337909,climate_vulnerability_score,ND-GAIN
LIE,2024,0.669869945928591,climate_vulnerability_score,ND-GAIN
LTU,2024,0.578695986124298,climate_vulnerability_score,ND-GAIN
LUX,2024,0.660595065451149,climate_vulnerability_score,ND-GAIN
MKD,2024,0.458698282262994,climate_vulnerability_score,ND-GAIN
MDG,2024,0.250154137600694,climate_vulnerability_score,ND-GAIN
MWI,2024,0.281162631504783,climate_vulnerability_score,ND-GAIN
MYS,2024,0.464972902695939,climate_vulnerability_score,ND-GAIN
MDV,2024,0.405342274213178,climate_vulnerability_score,ND-GAIN
MLI,2024,0.266006590181237,climate_vulnerability_score,ND-GAIN
MLT,2024,0.487009962987085,climate_vulnerability_score,ND-GAIN
MHL,2024,0.419904425085656,climate_vulnerability_score,ND-GAIN
MRT,2024,0.293189637635503,climate_vulnerability_score,ND-GAIN
MUS,2024,0.478402209502456,climate_vulnerability_score,ND-GAIN
MEX,2024,0.363612303757963,climate_vulnerability_score,ND-GAIN
FSM,2024,0.361491274640426,climate_vulnerability_score,ND-GAIN
MDA,2024,0.484409768344139,climate_vulnerability_score,ND-GAIN
MCO,2024,0.714860067054513,climate_vulnerability_score,ND-GAIN
MNG,2024,0.389510528940727,climate_vulnerability_score,ND-GAIN
MNE,2024,0.463177988606493,climate_vulnerability_score,ND-GAIN
MAR,2024,0.403185955547523,climate_vulnerability_score,ND-GAIN
MOZ,2024,0.23376538512221,climate_vulnerability_score,ND-GAIN
MMR,2024,0.21737204341139,climate_vulnerability_score,ND-GAIN
NAM,2024,0.348105072997245,climate_vulnerability_score,ND-GAIN
NRU,2024,0.570875040220214,climate_vulnerability_score,ND-GAIN
NPL,2024,0.327038551963688,climate_vulnerability_score,ND-GAIN
NLD,2024,0.659388675804721,climate_vulnerability_score,ND-GAIN
NZL,2024,0.621658061214208,climate_vulnerability_score,ND-GAIN
NIC,2024,0.305038191481593,climate_vulnerability_score,ND-GAIN
NER,2024,0.295001703163958,climate_vulnerability_score,ND-GAIN
NGA,2024,0.241642416149726,climate_vulnerability_score,ND-GAIN
NOR,2024,0.700450602515794,climate_vulnerability_score,ND-GAIN
OMN,2024,0.436374336117385,climate_vulnerability_score,ND-GAIN
PAK,2024,0.310461648334846,climate_vulnerability_score,ND-GAIN
PLW,2024,0.581624424881534,climate_vulnerability_score,ND-GAIN
PAN,2024,0.377756669359113,climate_vulnerability_score,ND-GAIN
PNG,2024,0.222562629745792,climate_vulnerability_score,ND-GAIN
PRY,2024,0.336081414537743,climate_vulnerability_score,ND-GAIN
PER,2024,0.383299086832527,climate_vulnerability_score,ND-GAIN
PHL,2024,0.372101331852532,climate_vulnerability_score,ND-GAIN
POL,2024,0.570141265194007,climate_vulnerability_score,ND-GAIN
PRT,2024,0.572031247034204,climate_vulnerability_score,ND-GAIN
QAT,2024,0.46203962552638,climate_vulnerability_score,ND-GAIN
ROU,2024,0.518046733586422,climate_vulnerability_score,ND-GAIN
RUS,2024,0.436549420971712,climate_vulnerability_score,ND-GAIN
RWA,2024,0.421658024353681,climate_vulnerability_score,ND-GAIN
KNA,2024,0.619782706839847,climate_vulnerability_score,ND-GAIN
LCA,2024,0.417209605150133,climate_vulnerability_score,ND-GAIN
VCT,2024,0.472449453024947,climate_vulnerability_score,ND-GAIN
WSM,2024,0.339940198939114,climate_vulnerability_score,ND-GAIN
SMR,2024,0.704981666663506,climate_vulnerability_score,ND-GAIN
STP,2024,0.358922727772194,climate_vulnerability_score,ND-GAIN
SAU,2024,0.493668839489803,climate_vulnerability_score,ND-GAIN
SEN,2024,0.37557165592604,climate_vulnerability_score,ND-GAIN
SRB,2024,0.479200633391456,climate_vulnerability_score,ND-GAIN
SYC,2024,0.401503869556773,climate_vulnerability_score,ND-GAIN
SLE,2024,0.265715553437922,climate_vulnerability_score,ND-GAIN
SGP,2024,0.749471845958623,climate_vulnerability_score,ND-GAIN
SVK,2024,0.532769452113835,climate_vulnerability_score,ND-GAIN
SVN,2024,0.607181502140734,climate_vulnerability_score,ND-GAIN
SLB,2024,0.382470751481741,climate_vulnerability_score,ND-GAIN
SOM,2024,0.178195973899707,climate_vulnerability_score,ND-GAIN
ZAF,2024,0.3155681163869,climate_vulnerability_score,ND-GAIN
ESP,2024,0.557203675832471,climate_vulnerability_score,ND-GAIN
LKA,2024,0.34575800171573,climate_vulnerability_score,ND-GAIN
SDN,2024,0.194184515480098,climate_vulnerability_score,ND-GAIN
SUR,2024,0.37008197956357,climate_vulnerability_score,ND-GAIN
SWZ,2024,0.301038447981803,climate_vulnerability_score,ND-GAIN
SWE,2024,0.681406434070363,climate_vulnerability_score,ND-GAIN
CHE,2024,0.673899271656072,climate_vulnerability_score,ND-GAIN
SYR,2024,0.280903243327103,climate_vulnerability_score,ND-GAIN
TJK,2024,0.315609639016942,climate_vulnerability_score,ND-GAIN
TZA,2024,0.33630020822472,climate_vulnerability_score,ND-GAIN
THA,2024,0.350774699521965,climate_vulnerability_score,ND-GAIN
TLS,2024,0.286198038054137,climate_vulnerability_score,ND-GAIN
TGO,2024,0.353562352122858,climate_vulnerability_score,ND-GAIN
TON,2024,0.353345544228539,climate_vulnerability_score,ND-GAIN
TTO,2024,0.32744199473545,climate_vulnerability_score,ND-GAIN
TUN,2024,0.340483234198013,climate_vulnerability_score,ND-GAIN
TUR,2024,0.471959733205169,climate_vulnerability_score,ND-GAIN
TKM,2024,0.235173798669,climate_vulnerability_score,ND-GAIN
TUV,2024,0.449793463308838,climate_vulnerability_score,ND-GAIN
UGA,2024,0.25509320486508,climate_vulnerability_score,ND-GAIN
UKR,2024,0.455330649320028,climate_vulnerability_score,ND-GAIN
ARE,2024,0.490174111754568,climate_vulnerability_score,ND-GAIN
GBR,2024,0.653486991996167,climate_vulnerability_score,ND-GAIN
USA,2024,0.63182182794691,climate_vulnerability_score,ND-GAIN
URY,2024,0.487580642876365,climate_vulnerability_score,ND-GAIN
UZB,2024,0.442240630672812,climate_vulnerability_score,ND-GAIN
VUT,2024,0.300711442122575,climate_vulnerability_score,ND-GAIN
VEN,2024,0.232023543075541,climate_vulnerability_score,ND-GAIN
VNM,2024,0.416940492457566,climate_vulnerability_score,ND-GAIN
YEM,2024,0.256055770638161,climate_vulnerability_score,ND-GAIN
ZMB,2024,0.274176097568187,climate_vulnerability_score,ND-GAIN
ZWE,2024,0.219534781281216,climate_vulnerability_score,ND-GAIN
