,country,Year,HDI
0,AFG,1990,0.285
1,AFG,1991,0.291
2,AFG,1992,0.301
3,AFG,1993,0.311
4,AFG,1994,0.305
5,AFG,1995,0.329
6,AFG,1996,0.334
7,AFG,1997,0.338
8,AFG,1998,0.338
9,AFG,1999,0.347
10,AFG,2000,0.351
11,AFG,2001,0.355
12,AFG,2002,0.383
13,AFG,2003,0.392
14,AFG,2004,0.408
15,AFG,2005,0.417
16,AFG,2006,0.426
17,AFG,2007,0.442
18,AFG,2008,0.446
19,AFG,2009,0.458
20,AFG,2010,0.465
21,AFG,2011,0.474
22,AFG,2012,0.484
23,AFG,2013,0.492
24,AFG,2014,0.497
25,AFG,2015,0.496
26,AFG,2016,0.495
27,AFG,2017,0.496
28,AFG,2018,0.498
29,AFG,2019,0.507
30,AFG,2020,0.501
31,AFG,2021,0.486
32,AFG,2022,0.495
33,AFG,2023,0.496
34,OWID_AFR,2000,0.4245854
35,OWID_AFR,2001,0.4292593
36,OWID_AFR,2002,0.43494922
37,OWID_AFR,2003,0.44065332
38,OWID_AFR,2004,0.44817433
39,OWID_AFR,2005,0.461668
40,OWID_AFR,2006,0.46813595
41,OWID_AFR,2007,0.4750963
42,OWID_AFR,2008,0.49759457
43,OWID_AFR,2009,0.5021216
44,OWID_AFR,2010,0.513888
45,OWID_AFR,2011,0.52003187
46,OWID_AFR,2012,0.5260907
47,OWID_AFR,2013,0.53123987
48,OWID_AFR,2014,0.5367227
49,OWID_AFR,2015,0.5425902
50,OWID_AFR,2016,0.5466387
51,OWID_AFR,2017,0.5504002
52,OWID_AFR,2018,0.5558327
53,OWID_AFR,2019,0.56035364
54,OWID_AFR,2020,0.5594648
55,OWID_AFR,2021,0.56110394
56,OWID_AFR,2022,0.5714846
57,OWID_AFR,2023,0.5760591
58,ALB,1990,0.654
59,ALB,1991,0.638
60,ALB,1992,0.622
61,ALB,1993,0.624
62,ALB,1994,0.629
63,ALB,1995,0.638
64,ALB,1996,0.647
65,ALB,1997,0.645
66,ALB,1998,0.659
67,ALB,1999,0.671
68,ALB,2000,0.682
69,ALB,2001,0.691
70,ALB,2002,0.697
71,ALB,2003,0.705
72,ALB,2004,0.71
73,ALB,2005,0.723
74,ALB,2006,0.732
75,ALB,2007,0.742
76,ALB,2008,0.749
77,ALB,2009,0.756
78,ALB,2010,0.769
79,ALB,2011,0.781
80,ALB,2012,0.79
81,ALB,2013,0.793
82,ALB,2014,0.797
83,ALB,2015,0.797
84,ALB,2016,0.797
85,ALB,2017,0.798
86,ALB,2018,0.801
87,ALB,2019,0.805
88,ALB,2020,0.794
89,ALB,2021,0.794
90,ALB,2022,0.806
91,ALB,2023,0.81
92,DZA,1990,0.595
93,DZA,1991,0.596
94,DZA,1992,0.601
95,DZA,1993,0.603
96,DZA,1994,0.603
97,DZA,1995,0.608
98,DZA,1996,0.615
99,DZA,1997,0.624
100,DZA,1998,0.634
101,DZA,1999,0.643
102,DZA,2000,0.651
103,DZA,2001,0.659
104,DZA,2002,0.669
105,DZA,2003,0.677
106,DZA,2004,0.685
107,DZA,2005,0.692
108,DZA,2006,0.698
109,DZA,2007,0.704
110,DZA,2008,0.711
111,DZA,2009,0.714
112,DZA,2010,0.718
113,DZA,2011,0.718
114,DZA,2012,0.723
115,DZA,2013,0.727
116,DZA,2014,0.732
117,DZA,2015,0.737
118,DZA,2016,0.743
119,DZA,2017,0.746
120,DZA,2018,0.749
121,DZA,2019,0.753
122,DZA,2020,0.742
123,DZA,2021,0.755
124,DZA,2022,0.761
125,DZA,2023,0.763
126,AND,2000,0.825
127,AND,2001,0.832
128,AND,2002,0.838
129,AND,2003,0.84
130,AND,2004,0.849
131,AND,2005,0.842
132,AND,2006,0.851
133,AND,2007,0.859
134,AND,2008,0.864
135,AND,2009,0.866
136,AND,2010,0.87
137,AND,2011,0.875
138,AND,2012,0.876
139,AND,2013,0.862
140,AND,2014,0.866
141,AND,2015,0.869
142,AND,2016,0.872
143,AND,2017,0.873
144,AND,2018,0.875
145,AND,2019,0.876
146,AND,2020,0.851
147,AND,2021,0.871
148,AND,2022,0.893
149,AND,2023,0.913
150,AGO,1999,0.379
151,AGO,2000,0.391
152,AGO,2001,0.401
153,AGO,2002,0.417
154,AGO,2003,0.435
155,AGO,2004,0.448
156,AGO,2005,0.463
157,AGO,2006,0.475
158,AGO,2007,0.492
159,AGO,2008,0.504
160,AGO,2009,0.517
161,AGO,2010,0.528
162,AGO,2011,0.545
163,AGO,2012,0.557
164,AGO,2013,0.567
165,AGO,2014,0.577
166,AGO,2015,0.603
167,AGO,2016,0.609
168,AGO,2017,0.61
169,AGO,2018,0.611
170,AGO,2019,0.611
171,AGO,2020,0.61
172,AGO,2021,0.609
173,AGO,2022,0.615
174,AGO,2023,0.616
175,ATG,2007,0.827
176,ATG,2008,0.83
177,ATG,2009,0.827
178,ATG,2010,0.828
179,ATG,2011,0.828
180,ATG,2012,0.833
181,ATG,2013,0.835
182,ATG,2014,0.837
183,ATG,2015,0.839
184,ATG,2016,0.842
185,ATG,2017,0.845
186,ATG,2018,0.85
187,ATG,2019,0.851
188,ATG,2020,0.84
189,ATG,2021,0.843
190,ATG,2022,0.848
191,ATG,2023,0.851
192,,1990,0.55
193,,1991,0.552
194,,1992,0.561
195,,1993,0.571
196,,1994,0.577
197,,1995,0.582
198,,1996,0.59
199,,1997,0.596
200,,1998,0.603
201,,1999,0.609
202,,2000,0.615
203,,2001,0.621
204,,2002,0.626
205,,2003,0.63
206,,2004,0.638
207,,2005,0.645
208,,2006,0.652
209,,2007,0.658
210,,2008,0.661
211,,2009,0.666
212,,2010,0.67
213,,2011,0.672
214,,2012,0.68
215,,2013,0.683
216,,2014,0.688
217,,2015,0.693
218,,2016,0.698
219,,2017,0.702
220,,2018,0.707
221,,2019,0.712
222,,2020,0.707
223,,2021,0.71
224,,2022,0.716
225,,2023,0.719
226,ARG,1990,0.733
227,ARG,1991,0.739
228,ARG,1992,0.743
229,ARG,1993,0.748
230,ARG,1994,0.753
231,ARG,1995,0.754
232,ARG,1996,0.76
233,ARG,1997,0.768
234,ARG,1998,0.772
235,ARG,1999,0.783
236,ARG,2000,0.789
237,ARG,2001,0.795
238,ARG,2002,0.795
239,ARG,2003,0.804
240,ARG,2004,0.808
241,ARG,2005,0.812
242,ARG,2006,0.822
243,ARG,2007,0.825
244,ARG,2008,0.833
245,ARG,2009,0.835
246,ARG,2010,0.844
247,ARG,2011,0.852
248,ARG,2012,0.85
249,ARG,2013,0.852
250,ARG,2014,0.855
251,ARG,2015,0.859
252,ARG,2016,0.857
253,ARG,2017,0.861
254,ARG,2018,0.861
255,ARG,2019,0.861
256,ARG,2020,0.851
257,ARG,2021,0.847
258,ARG,2022,0.858
259,ARG,2023,0.865
260,ARM,1990,0.663
261,ARM,1991,0.652
262,ARM,1992,0.618
263,ARM,1993,0.621
264,ARM,1994,0.625
265,ARM,1995,0.631
266,ARM,1996,0.635
267,ARM,1997,0.644
268,ARM,1998,0.655
269,ARM,1999,0.661
270,ARM,2000,0.667
271,ARM,2001,0.672
272,ARM,2002,0.682
273,ARM,2003,0.692
274,ARM,2004,0.7
275,ARM,2005,0.711
276,ARM,2006,0.725
277,ARM,2007,0.739
278,ARM,2008,0.743
279,ARM,2009,0.741
280,ARM,2010,0.747
281,ARM,2011,0.752
282,ARM,2012,0.761
283,ARM,2013,0.766
284,ARM,2014,0.772
285,ARM,2015,0.777
286,ARM,2016,0.783
287,ARM,2017,0.785
288,ARM,2018,0.789
289,ARM,2019,0.796
290,ARM,2020,0.761
291,ARM,2021,0.786
292,ARM,2022,0.801
293,ARM,2023,0.811
294,OWID_ASI,2000,0.569869
295,OWID_ASI,2001,0.5783103
296,OWID_ASI,2002,0.5859656
297,OWID_ASI,2003,0.5955544
298,OWID_ASI,2004,0.6048904
299,OWID_ASI,2005,0.61573684
300,OWID_ASI,2006,0.6248776
301,OWID_ASI,2007,0.63415104
302,OWID_ASI,2008,0.64034575
303,OWID_ASI,2009,0.64756656
304,OWID_ASI,2010,0.65679175
305,OWID_ASI,2011,0.66498727
306,OWID_ASI,2012,0.67128
307,OWID_ASI,2013,0.677284
308,OWID_ASI,2014,0.68550044
309,OWID_ASI,2015,0.6922845
310,OWID_ASI,2016,0.6996885
311,OWID_ASI,2017,0.7046988
312,OWID_ASI,2018,0.7085525
313,OWID_ASI,2019,0.7126623
314,OWID_ASI,2020,0.7130719
315,OWID_ASI,2021,0.71319216
316,OWID_ASI,2022,0.7262154
317,OWID_ASI,2023,0.73009235
318,AUS,1990,0.867
319,AUS,1991,0.868
320,AUS,1992,0.868
321,AUS,1993,0.872
322,AUS,1994,0.873
323,AUS,1995,0.882
324,AUS,1996,0.884
325,AUS,1997,0.887
326,AUS,1998,0.891
327,AUS,1999,0.893
328,AUS,2000,0.897
329,AUS,2001,0.9
330,AUS,2002,0.902
331,AUS,2003,0.906
332,AUS,2004,0.91
333,AUS,2005,0.914
334,AUS,2006,0.917
335,AUS,2007,0.919
336,AUS,2008,0.924
337,AUS,2009,0.927
338,AUS,2010,0.929
339,AUS,2011,0.933
340,AUS,2012,0.938
341,AUS,2013,0.935
342,AUS,2014,0.937
343,AUS,2015,0.938
344,AUS,2016,0.939
345,AUS,2017,0.94
346,AUS,2018,0.945
347,AUS,2019,0.947
348,AUS,2020,0.95
349,AUS,2021,0.954
350,AUS,2022,0.952
351,AUS,2023,0.958
352,AUT,1990,0.832
353,AUT,1991,0.835
354,AUT,1992,0.841
355,AUT,1993,0.845
356,AUT,1994,0.851
357,AUT,1995,0.856
358,AUT,1996,0.861
359,AUT,1997,0.865
360,AUT,1998,0.87
361,AUT,1999,0.874
362,AUT,2000,0.879
363,AUT,2001,0.883
364,AUT,2002,0.887
365,AUT,2003,0.889
366,AUT,2004,0.895
367,AUT,2005,0.898
368,AUT,2006,0.902
369,AUT,2007,0.905
370,AUT,2008,0.907
371,AUT,2009,0.907
372,AUT,2010,0.912
373,AUT,2011,0.915
374,AUT,2012,0.916
375,AUT,2013,0.915
376,AUT,2014,0.919
377,AUT,2015,0.919
378,AUT,2016,0.921
379,AUT,2017,0.922
380,AUT,2018,0.925
381,AUT,2019,0.928
382,AUT,2020,0.925
383,AUT,2021,0.93
384,AUT,2022,0.927
385,AUT,2023,0.93
386,AZE,1995,0.618
387,AZE,1996,0.622
388,AZE,1997,0.626
389,AZE,1998,0.636
390,AZE,1999,0.646
391,AZE,2000,0.652
392,AZE,2001,0.66
393,AZE,2002,0.669
394,AZE,2003,0.676
395,AZE,2004,0.682
396,AZE,2005,0.692
397,AZE,2006,0.711
398,AZE,2007,0.72
399,AZE,2008,0.731
400,AZE,2009,0.74
401,AZE,2010,0.744
402,AZE,2011,0.746
403,AZE,2012,0.751
404,AZE,2013,0.757
405,AZE,2014,0.766
406,AZE,2015,0.771
407,AZE,2016,0.772
408,AZE,2017,0.774
409,AZE,2018,0.775
410,AZE,2019,0.78
411,AZE,2020,0.757
412,AZE,2021,0.765
413,AZE,2022,0.784
414,AZE,2023,0.789
415,BHS,1990,0.762
416,BHS,1991,0.762
417,BHS,1992,0.762
418,BHS,1993,0.763
419,BHS,1994,0.765
420,BHS,1995,0.774
421,BHS,1996,0.779
422,BHS,1997,0.773
423,BHS,1998,0.777
424,BHS,1999,0.783
425,BHS,2000,0.787
426,BHS,2001,0.79
427,BHS,2002,0.793
428,BHS,2003,0.794
429,BHS,2004,0.795
430,BHS,2005,0.798
431,BHS,2006,0.8
432,BHS,2007,0.801
433,BHS,2008,0.801
434,BHS,2009,0.8
435,BHS,2010,0.801
436,BHS,2011,0.802
437,BHS,2012,0.805
438,BHS,2013,0.805
439,BHS,2014,0.807
440,BHS,2015,0.807
441,BHS,2016,0.808
442,BHS,2017,0.81
443,BHS,2018,0.812
444,BHS,2019,0.8
445,BHS,2020,0.797
446,BHS,2021,0.794
447,BHS,2022,0.818
448,BHS,2023,0.82
449,BHR,1990,0.734
450,BHR,1991,0.728
451,BHR,1992,0.728
452,BHR,1993,0.732
453,BHR,1994,0.732
454,BHR,1995,0.737
455,BHR,1996,0.741
456,BHR,1997,0.746
457,BHR,1998,0.754
458,BHR,1999,0.761
459,BHR,2000,0.775
460,BHR,2001,0.785
461,BHR,2002,0.791
462,BHR,2003,0.799
463,BHR,2004,0.795
464,BHR,2005,0.791
465,BHR,2006,0.795
466,BHR,2007,0.8
467,BHR,2008,0.804
468,BHR,2009,0.804
469,BHR,2010,0.81
470,BHR,2011,0.817
471,BHR,2012,0.833
472,BHR,2013,0.846
473,BHR,2014,0.847
474,BHR,2015,0.868
475,BHR,2016,0.871
476,BHR,2017,0.874
477,BHR,2018,0.886
478,BHR,2019,0.894
479,BHR,2020,0.885
480,BHR,2021,0.885
481,BHR,2022,0.902
482,BHR,2023,0.899
483,BGD,1990,0.397
484,BGD,1991,0.395
485,BGD,1992,0.411
486,BGD,1993,0.419
487,BGD,1994,0.426
488,BGD,1995,0.434
489,BGD,1996,0.442
490,BGD,1997,0.451
491,BGD,1998,0.459
492,BGD,1999,0.468
493,BGD,2000,0.477
494,BGD,2001,0.486
495,BGD,2002,0.494
496,BGD,2003,0.503
497,BGD,2004,0.511
498,BGD,2005,0.52
499,BGD,2006,0.527
500,BGD,2007,0.534
501,BGD,2008,0.538
502,BGD,2009,0.551
503,BGD,2010,0.561
504,BGD,2011,0.572
505,BGD,2012,0.583
506,BGD,2013,0.589
507,BGD,2014,0.6
508,BGD,2015,0.621
509,BGD,2016,0.632
510,BGD,2017,0.633
511,BGD,2018,0.646
512,BGD,2019,0.656
513,BGD,2020,0.663
514,BGD,2021,0.663
515,BGD,2022,0.68
516,BGD,2023,0.685
517,BRB,1990,0.73
518,BRB,1991,0.732
519,BRB,1992,0.732
520,BRB,1993,0.735
521,BRB,1994,0.74
522,BRB,1995,0.744
523,BRB,1996,0.748
524,BRB,1997,0.752
525,BRB,1998,0.754
526,BRB,1999,0.756
527,BRB,2000,0.762
528,BRB,2001,0.763
529,BRB,2002,0.767
530,BRB,2003,0.771
531,BRB,2004,0.775
532,BRB,2005,0.779
533,BRB,2006,0.783
534,BRB,2007,0.79
535,BRB,2008,0.794
536,BRB,2009,0.798
537,BRB,2010,0.797
538,BRB,2011,0.794
539,BRB,2012,0.797
540,BRB,2013,0.798
541,BRB,2014,0.799
542,BRB,2015,0.8
543,BRB,2016,0.803
544,BRB,2017,0.804
545,BRB,2018,0.806
546,BRB,2019,0.808
547,BRB,2020,0.803
548,BRB,2021,0.803
549,BRB,2022,0.807
550,BRB,2023,0.811
551,BLR,1995,0.692
552,BLR,1996,0.697
553,BLR,1997,0.704
554,BLR,1998,0.709
555,BLR,1999,0.716
556,BLR,2000,0.724
557,BLR,2001,0.731
558,BLR,2002,0.738
559,BLR,2003,0.747
560,BLR,2004,0.758
561,BLR,2005,0.767
562,BLR,2006,0.777
563,BLR,2007,0.786
564,BLR,2008,0.796
565,BLR,2009,0.798
566,BLR,2010,0.803
567,BLR,2011,0.812
568,BLR,2012,0.818
569,BLR,2013,0.821
570,BLR,2014,0.825
571,BLR,2015,0.825
572,BLR,2016,0.825
573,BLR,2017,0.828
574,BLR,2018,0.827
575,BLR,2019,0.826
576,BLR,2020,0.815
577,BLR,2021,0.817
578,BLR,2022,0.824
579,BLR,2023,0.824
580,BEL,1990,0.824
581,BEL,1991,0.829
582,BEL,1992,0.845
583,BEL,1993,0.86
584,BEL,1994,0.868
585,BEL,1995,0.875
586,BEL,1996,0.881
587,BEL,1997,0.884
588,BEL,1998,0.886
589,BEL,1999,0.889
590,BEL,2000,0.894
591,BEL,2001,0.899
592,BEL,2002,0.901
593,BEL,2003,0.903
594,BEL,2004,0.909
595,BEL,2005,0.911
596,BEL,2006,0.913
597,BEL,2007,0.916
598,BEL,2008,0.917
599,BEL,2009,0.919
600,BEL,2010,0.921
601,BEL,2011,0.923
602,BEL,2012,0.923
603,BEL,2013,0.925
604,BEL,2014,0.93
605,BEL,2015,0.933
606,BEL,2016,0.936
607,BEL,2017,0.94
608,BEL,2018,0.942
609,BEL,2019,0.945
610,BEL,2020,0.939
611,BEL,2021,0.948
612,BEL,2022,0.945
613,BEL,2023,0.951
614,BLZ,1990,0.617
615,BLZ,1991,0.626
616,BLZ,1992,0.634
617,BLZ,1993,0.64
618,BLZ,1994,0.643
619,BLZ,1995,0.647
620,BLZ,1996,0.65
621,BLZ,1997,0.654
622,BLZ,1998,0.657
623,BLZ,1999,0.664
624,BLZ,2000,0.671
625,BLZ,2001,0.676
626,BLZ,2002,0.686
627,BLZ,2003,0.696
628,BLZ,2004,0.703
629,BLZ,2005,0.7
630,BLZ,2006,0.713
631,BLZ,2007,0.718
632,BLZ,2008,0.72
633,BLZ,2009,0.724
634,BLZ,2010,0.727
635,BLZ,2011,0.725
636,BLZ,2012,0.727
637,BLZ,2013,0.724
638,BLZ,2014,0.721
639,BLZ,2015,0.721
640,BLZ,2016,0.727
641,BLZ,2017,0.722
642,BLZ,2018,0.723
643,BLZ,2019,0.725
644,BLZ,2020,0.713
645,BLZ,2021,0.713
646,BLZ,2022,0.717
647,BLZ,2023,0.721
648,BEN,1990,0.351
649,BEN,1991,0.358
650,BEN,1992,0.363
651,BEN,1993,0.371
652,BEN,1994,0.375
653,BEN,1995,0.383
654,BEN,1996,0.389
655,BEN,1997,0.396
656,BEN,1998,0.401
657,BEN,1999,0.407
658,BEN,2000,0.415
659,BEN,2001,0.426
660,BEN,2002,0.435
661,BEN,2003,0.442
662,BEN,2004,0.449
663,BEN,2005,0.456
664,BEN,2006,0.462
665,BEN,2007,0.469
666,BEN,2008,0.475
667,BEN,2009,0.48
668,BEN,2010,0.485
669,BEN,2011,0.49
670,BEN,2012,0.497
671,BEN,2013,0.506
672,BEN,2014,0.509
673,BEN,2015,0.511
674,BEN,2016,0.51
675,BEN,2017,0.507
676,BEN,2018,0.507
677,BEN,2019,0.507
678,BEN,2020,0.504
679,BEN,2021,0.506
680,BEN,2022,0.512
681,BEN,2023,0.515
682,BTN,2010,0.593
683,BTN,2011,0.603
684,BTN,2012,0.609
685,BTN,2013,0.616
686,BTN,2014,0.626
687,BTN,2015,0.637
688,BTN,2016,0.647
689,BTN,2017,0.656
690,BTN,2018,0.667
691,BTN,2019,0.68
692,BTN,2020,0.688
693,BTN,2021,0.691
694,BTN,2022,0.695
695,BTN,2023,0.698
696,BOL,1990,0.552
697,BOL,1991,0.561
698,BOL,1992,0.568
699,BOL,1993,0.577
700,BOL,1994,0.586
701,BOL,1995,0.594
702,BOL,1996,0.602
703,BOL,1997,0.61
704,BOL,1998,0.618
705,BOL,1999,0.624
706,BOL,2000,0.63
707,BOL,2001,0.639
708,BOL,2002,0.642
709,BOL,2003,0.645
710,BOL,2004,0.648
711,BOL,2005,0.658
712,BOL,2006,0.656
713,BOL,2007,0.664
714,BOL,2008,0.668
715,BOL,2009,0.671
716,BOL,2010,0.677
717,BOL,2011,0.683
718,BOL,2012,0.685
719,BOL,2013,0.699
720,BOL,2014,0.701
721,BOL,2015,0.704
722,BOL,2016,0.714
723,BOL,2017,0.715
724,BOL,2018,0.722
725,BOL,2019,0.728
726,BOL,2020,0.697
727,BOL,2021,0.693
728,BOL,2022,0.727
729,BOL,2023,0.733
730,BIH,2000,0.674
731,BIH,2001,0.677
732,BIH,2002,0.683
733,BIH,2003,0.689
734,BIH,2004,0.694
735,BIH,2005,0.698
736,BIH,2006,0.701
737,BIH,2007,0.709
738,BIH,2008,0.719
739,BIH,2009,0.722
740,BIH,2010,0.725
741,BIH,2011,0.731
742,BIH,2012,0.742
743,BIH,2013,0.756
744,BIH,2014,0.765
745,BIH,2015,0.769
746,BIH,2016,0.776
747,BIH,2017,0.78
748,BIH,2018,0.785
749,BIH,2019,0.788
750,BIH,2020,0.783
751,BIH,2021,0.783
752,BIH,2022,0.799
753,BIH,2023,0.804
754,BWA,1990,0.59
755,BWA,1991,0.59
756,BWA,1992,0.589
757,BWA,1993,0.588
758,BWA,1994,0.58
759,BWA,1995,0.583
760,BWA,1996,0.584
761,BWA,1997,0.587
762,BWA,1998,0.588
763,BWA,1999,0.592
764,BWA,2000,0.594
765,BWA,2001,0.595
766,BWA,2002,0.594
767,BWA,2003,0.602
768,BWA,2004,0.608
769,BWA,2005,0.616
770,BWA,2006,0.627
771,BWA,2007,0.64
772,BWA,2008,0.645
773,BWA,2009,0.644
774,BWA,2010,0.652
775,BWA,2011,0.661
776,BWA,2012,0.667
777,BWA,2013,0.676
778,BWA,2014,0.685
779,BWA,2015,0.69
780,BWA,2016,0.696
781,BWA,2017,0.704
782,BWA,2018,0.71
783,BWA,2019,0.718
784,BWA,2020,0.718
785,BWA,2021,0.7
786,BWA,2022,0.729
787,BWA,2023,0.731
788,BRA,1990,0.641
789,BRA,1991,0.645
790,BRA,1992,0.648
791,BRA,1993,0.654
792,BRA,1994,0.659
793,BRA,1995,0.666
794,BRA,1996,0.671
795,BRA,1997,0.676
796,BRA,1998,0.68
797,BRA,1999,0.684
798,BRA,2000,0.69
799,BRA,2001,0.694
800,BRA,2002,0.7
801,BRA,2003,0.705
802,BRA,2004,0.712
803,BRA,2005,0.718
804,BRA,2006,0.725
805,BRA,2007,0.732
806,BRA,2008,0.739
807,BRA,2009,0.742
808,BRA,2010,0.748
809,BRA,2011,0.753
810,BRA,2012,0.758
811,BRA,2013,0.762
812,BRA,2014,0.765
813,BRA,2015,0.764
814,BRA,2016,0.765
815,BRA,2017,0.77
816,BRA,2018,0.774
817,BRA,2019,0.776
818,BRA,2020,0.77
819,BRA,2021,0.768
820,BRA,2022,0.78
821,BRA,2023,0.786
822,BRN,1990,0.781
823,BRN,1991,0.782
824,BRN,1992,0.782
825,BRN,1993,0.783
826,BRN,1994,0.782
827,BRN,1995,0.784
828,BRN,1996,0.784
829,BRN,1997,0.785
830,BRN,1998,0.785
831,BRN,1999,0.79
832,BRN,2000,0.792
833,BRN,2001,0.794
834,BRN,2002,0.798
835,BRN,2003,0.804
836,BRN,2004,0.81
837,BRN,2005,0.814
838,BRN,2006,0.819
839,BRN,2007,0.822
840,BRN,2008,0.824
841,BRN,2009,0.828
842,BRN,2010,0.83
843,BRN,2011,0.834
844,BRN,2012,0.841
845,BRN,2013,0.842
846,BRN,2014,0.841
847,BRN,2015,0.839
848,BRN,2016,0.838
849,BRN,2017,0.837
850,BRN,2018,0.837
851,BRN,2019,0.835
852,BRN,2020,0.836
853,BRN,2021,0.835
854,BRN,2022,0.825
855,BRN,2023,0.837
856,BGR,1990,0.706
857,BGR,1991,0.706
858,BGR,1992,0.709
859,BGR,1993,0.711
860,BGR,1994,0.713
861,BGR,1995,0.709
862,BGR,1996,0.718
863,BGR,1997,0.713
864,BGR,1998,0.723
865,BGR,1999,0.728
866,BGR,2000,0.733
867,BGR,2001,0.742
868,BGR,2002,0.753
869,BGR,2003,0.762
870,BGR,2004,0.769
871,BGR,2005,0.775
872,BGR,2006,0.779
873,BGR,2007,0.785
874,BGR,2008,0.791
875,BGR,2009,0.793
876,BGR,2010,0.799
877,BGR,2011,0.803
878,BGR,2012,0.807
879,BGR,2013,0.815
880,BGR,2014,0.819
881,BGR,2015,0.824
882,BGR,2016,0.827
883,BGR,2017,0.829
884,BGR,2018,0.832
885,BGR,2019,0.835
886,BGR,2020,0.826
887,BGR,2021,0.817
888,BGR,2022,0.835
889,BGR,2023,0.845
890,BFA,2005,0.333
891,BFA,2006,0.34
892,BFA,2007,0.344
893,BFA,2008,0.357
894,BFA,2009,0.366
895,BFA,2010,0.377
896,BFA,2011,0.389
897,BFA,2012,0.398
898,BFA,2013,0.405
899,BFA,2014,0.409
900,BFA,2015,0.419
901,BFA,2016,0.427
902,BFA,2017,0.438
903,BFA,2018,0.449
904,BFA,2019,0.453
905,BFA,2020,0.453
906,BFA,2021,0.454
907,BFA,2022,0.457
908,BFA,2023,0.459
909,BDI,1990,0.294
910,BDI,1991,0.296
911,BDI,1992,0.294
912,BDI,1993,0.265
913,BDI,1994,0.298
914,BDI,1995,0.294
915,BDI,1996,0.292
916,BDI,1997,0.297
917,BDI,1998,0.303
918,BDI,1999,0.306
919,BDI,2000,0.308
920,BDI,2001,0.311
921,BDI,2002,0.324
922,BDI,2003,0.332
923,BDI,2004,0.344
924,BDI,2005,0.352
925,BDI,2006,0.376
926,BDI,2007,0.389
927,BDI,2008,0.401
928,BDI,2009,0.409
929,BDI,2010,0.416
930,BDI,2011,0.42
931,BDI,2012,0.425
932,BDI,2013,0.428
933,BDI,2014,0.431
934,BDI,2015,0.432
935,BDI,2016,0.436
936,BDI,2017,0.434
937,BDI,2018,0.434
938,BDI,2019,0.435
939,BDI,2020,0.435
940,BDI,2021,0.435
941,BDI,2022,0.437
942,BDI,2023,0.439
943,KHM,1990,0.387
944,KHM,1991,0.392
945,KHM,1992,0.396
946,KHM,1993,0.399
947,KHM,1994,0.4
948,KHM,1995,0.404
949,KHM,1996,0.408
950,KHM,1997,0.414
951,KHM,1998,0.419
952,KHM,1999,0.429
953,KHM,2000,0.438
954,KHM,2001,0.453
955,KHM,2002,0.473
956,KHM,2003,0.488
957,KHM,2004,0.502
958,KHM,2005,0.514
959,KHM,2006,0.525
960,KHM,2007,0.534
961,KHM,2008,0.539
962,KHM,2009,0.539
963,KHM,2010,0.543
964,KHM,2011,0.547
965,KHM,2012,0.551
966,KHM,2013,0.554
967,KHM,2014,0.557
968,KHM,2015,0.562
969,KHM,2016,0.57
970,KHM,2017,0.578
971,KHM,2018,0.586
972,KHM,2019,0.593
973,KHM,2020,0.595
974,KHM,2021,0.594
975,KHM,2022,0.602
976,KHM,2023,0.606
977,CMR,1990,0.448
978,CMR,1991,0.445
979,CMR,1992,0.442
980,CMR,1993,0.436
981,CMR,1994,0.434
982,CMR,1995,0.433
983,CMR,1996,0.432
984,CMR,1997,0.432
985,CMR,1998,0.433
986,CMR,1999,0.434
987,CMR,2000,0.439
988,CMR,2001,0.458
989,CMR,2002,0.458
990,CMR,2003,0.465
991,CMR,2004,0.47
992,CMR,2005,0.472
993,CMR,2006,0.473
994,CMR,2007,0.485
995,CMR,2008,0.501
996,CMR,2009,0.516
997,CMR,2010,0.529
998,CMR,2011,0.538
999,CMR,2012,0.549
1000,CMR,2013,0.558
1001,CMR,2014,0.566
1002,CMR,2015,0.575
1003,CMR,2016,0.579
1004,CMR,2017,0.581
1005,CMR,2018,0.582
1006,CMR,2019,0.582
1007,CMR,2020,0.579
1008,CMR,2021,0.574
1009,CMR,2022,0.581
1010,CMR,2023,0.588
1011,CAN,1990,0.865
1012,CAN,1991,0.868
1013,CAN,1992,0.873
1014,CAN,1993,0.871
1015,CAN,1994,0.877
1016,CAN,1995,0.881
1017,CAN,1996,0.884
1018,CAN,1997,0.884
1019,CAN,1998,0.883
1020,CAN,1999,0.888
1021,CAN,2000,0.894
1022,CAN,2001,0.897
1023,CAN,2002,0.899
1024,CAN,2003,0.902
1025,CAN,2004,0.906
1026,CAN,2005,0.909
1027,CAN,2006,0.913
1028,CAN,2007,0.914
1029,CAN,2008,0.916
1030,CAN,2009,0.915
1031,CAN,2010,0.918
1032,CAN,2011,0.921
1033,CAN,2012,0.927
1034,CAN,2013,0.93
1035,CAN,2014,0.932
1036,CAN,2015,0.932
1037,CAN,2016,0.933
1038,CAN,2017,0.935
1039,CAN,2018,0.935
1040,CAN,2019,0.937
1041,CAN,2020,0.931
1042,CAN,2021,0.937
1043,CAN,2022,0.935
1044,CAN,2023,0.939
1045,CPV,2000,0.585
1046,CPV,2001,0.591
1047,CPV,2002,0.6
1048,CPV,2003,0.606
1049,CPV,2004,0.61
1050,CPV,2005,0.616
1051,CPV,2006,0.631
1052,CPV,2007,0.636
1053,CPV,2008,0.643
1054,CPV,2009,0.644
1055,CPV,2010,0.648
1056,CPV,2011,0.654
1057,CPV,2012,0.655
1058,CPV,2013,0.66
1059,CPV,2014,0.659
1060,CPV,2015,0.658
1061,CPV,2016,0.661
1062,CPV,2017,0.663
1063,CPV,2018,0.663
1064,CPV,2019,0.667
1065,CPV,2020,0.647
1066,CPV,2021,0.651
1067,CPV,2022,0.664
1068,CPV,2023,0.668
1069,CAF,1990,0.342
1070,CAF,1991,0.336
1071,CAF,1992,0.321
1072,CAF,1993,0.321
1073,CAF,1994,0.323
1074,CAF,1995,0.326
1075,CAF,1996,0.323
1076,CAF,1997,0.325
1077,CAF,1998,0.328
1078,CAF,1999,0.332
1079,CAF,2000,0.333
1080,CAF,2001,0.335
1081,CAF,2002,0.337
1082,CAF,2003,0.338
1083,CAF,2004,0.342
1084,CAF,2005,0.346
1085,CAF,2006,0.35
1086,CAF,2007,0.356
1087,CAF,2008,0.362
1088,CAF,2010,0.358
1089,CAF,2011,0.377
1090,CAF,2012,0.385
1091,CAF,2013,0.359
1092,CAF,2014,0.319
1093,CAF,2015,0.377
1094,CAF,2016,0.376
1095,CAF,2017,0.356
1096,CAF,2018,0.391
1097,CAF,2019,0.279
1098,CAF,2020,0.386
1099,CAF,2021,0.339
1100,CAF,2023,0.414
1101,TCD,2000,0.303
1102,TCD,2001,0.313
1103,TCD,2002,0.32
1104,TCD,2003,0.32
1105,TCD,2004,0.338
1106,TCD,2005,0.339
1107,TCD,2006,0.339
1108,TCD,2007,0.35
1109,TCD,2008,0.354
1110,TCD,2009,0.369
1111,TCD,2010,0.375
1112,TCD,2011,0.384
1113,TCD,2012,0.391
1114,TCD,2013,0.396
1115,TCD,2014,0.401
1116,TCD,2015,0.396
1117,TCD,2016,0.396
1118,TCD,2017,0.397
1119,TCD,2018,0.402
1120,TCD,2019,0.406
1121,TCD,2020,0.408
1122,TCD,2021,0.408
1123,TCD,2022,0.414
1124,TCD,2023,0.416
1125,CHL,1990,0.718
1126,CHL,1991,0.723
1127,CHL,1992,0.73
1128,CHL,1993,0.725
1129,CHL,1994,0.73
1130,CHL,1995,0.739
1131,CHL,1996,0.745
1132,CHL,1997,0.752
1133,CHL,1998,0.759
1134,CHL,1999,0.766
1135,CHL,2000,0.771
1136,CHL,2001,0.778
1137,CHL,2002,0.784
1138,CHL,2003,0.789
1139,CHL,2004,0.797
1140,CHL,2005,0.804
1141,CHL,2006,0.804
1142,CHL,2007,0.812
1143,CHL,2008,0.82
1144,CHL,2009,0.819
1145,CHL,2010,0.823
1146,CHL,2011,0.823
1147,CHL,2012,0.832
1148,CHL,2013,0.845
1149,CHL,2014,0.849
1150,CHL,2015,0.855
1151,CHL,2016,0.859
1152,CHL,2017,0.862
1153,CHL,2018,0.866
1154,CHL,2019,0.867
1155,CHL,2020,0.856
1156,CHL,2021,0.865
1157,CHL,2022,0.869
1158,CHL,2023,0.878
1159,CHN,1990,0.491
1160,CHN,1991,0.499
1161,CHN,1992,0.511
1162,CHN,1993,0.522
1163,CHN,1994,0.532
1164,CHN,1995,0.543
1165,CHN,1996,0.555
1166,CHN,1997,0.566
1167,CHN,1998,0.576
1168,CHN,1999,0.587
1169,CHN,2000,0.598
1170,CHN,2001,0.608
1171,CHN,2002,0.619
1172,CHN,2003,0.63
1173,CHN,2004,0.642
1174,CHN,2005,0.654
1175,CHN,2006,0.666
1176,CHN,2007,0.68
1177,CHN,2008,0.689
1178,CHN,2009,0.7
1179,CHN,2010,0.71
1180,CHN,2011,0.717
1181,CHN,2012,0.725
1182,CHN,2013,0.733
1183,CHN,2014,0.742
1184,CHN,2015,0.75
1185,CHN,2016,0.758
1186,CHN,2017,0.765
1187,CHN,2018,0.774
1188,CHN,2019,0.781
1189,CHN,2020,0.786
1190,CHN,2021,0.794
1191,CHN,2022,0.796
1192,CHN,2023,0.797
1193,COL,1990,0.623
1194,COL,1991,0.63
1195,COL,1992,0.639
1196,COL,1993,0.645
1197,COL,1994,0.65
1198,COL,1995,0.655
1199,COL,1996,0.663
1200,COL,1997,0.67
1201,COL,1998,0.676
1202,COL,1999,0.673
1203,COL,2000,0.679
1204,COL,2001,0.681
1205,COL,2002,0.684
1206,COL,2003,0.691
1207,COL,2004,0.699
1208,COL,2005,0.711
1209,COL,2006,0.712
1210,COL,2007,0.724
1211,COL,2008,0.731
1212,COL,2009,0.736
1213,COL,2010,0.741
1214,COL,2011,0.747
1215,COL,2012,0.748
1216,COL,2013,0.76
1217,COL,2014,0.763
1218,COL,2015,0.767
1219,COL,2016,0.772
1220,COL,2017,0.774
1221,COL,2018,0.775
1222,COL,2019,0.777
1223,COL,2020,0.764
1224,COL,2021,0.762
1225,COL,2022,0.782
1226,COL,2023,0.788
1227,COM,2000,0.461
1228,COM,2001,0.47
1229,COM,2002,0.477
1230,COM,2003,0.485
1231,COM,2004,0.492
1232,COM,2005,0.499
1233,COM,2006,0.506
1234,COM,2007,0.512
1235,COM,2008,0.519
1236,COM,2009,0.526
1237,COM,2010,0.534
1238,COM,2011,0.541
1239,COM,2012,0.548
1240,COM,2013,0.556
1241,COM,2014,0.56
1242,COM,2015,0.565
1243,COM,2016,0.571
1244,COM,2017,0.577
1245,COM,2018,0.584
1246,COM,2019,0.589
1247,COM,2020,0.592
1248,COM,2021,0.594
1249,COM,2022,0.602
1250,COM,2023,0.603
1251,COG,1990,0.573
1252,COG,1991,0.571
1253,COG,1992,0.572
1254,COG,1993,0.566
1255,COG,1994,0.561
1256,COG,1995,0.551
1257,COG,1996,0.55
1258,COG,1997,0.516
1259,COG,1998,0.542
1260,COG,1999,0.544
1261,COG,2000,0.545
1262,COG,2001,0.55
1263,COG,2002,0.552
1264,COG,2003,0.553
1265,COG,2004,0.557
1266,COG,2005,0.569
1267,COG,2006,0.582
1268,COG,2007,0.583
1269,COG,2008,0.591
1270,COG,2009,0.602
1271,COG,2010,0.609
1272,COG,2011,0.613
1273,COG,2012,0.624
1274,COG,2013,0.63
1275,COG,2014,0.639
1276,COG,2015,0.643
1277,COG,2016,0.64
1278,COG,2017,0.635
1279,COG,2018,0.64
1280,COG,2019,0.634
1281,COG,2020,0.643
1282,COG,2021,0.643
1283,COG,2022,0.644
1284,COG,2023,0.649
1285,CRI,1990,0.677
1286,CRI,1991,0.682
1287,CRI,1992,0.691
1288,CRI,1993,0.696
1289,CRI,1994,0.701
1290,CRI,1995,0.706
1291,CRI,1996,0.707
1292,CRI,1997,0.712
1293,CRI,1998,0.714
1294,CRI,1999,0.717
1295,CRI,2000,0.72
1296,CRI,2001,0.726
1297,CRI,2002,0.73
1298,CRI,2003,0.736
1299,CRI,2004,0.741
1300,CRI,2005,0.748
1301,CRI,2006,0.755
1302,CRI,2007,0.76
1303,CRI,2008,0.769
1304,CRI,2009,0.773
1305,CRI,2010,0.776
1306,CRI,2011,0.783
1307,CRI,2012,0.789
1308,CRI,2013,0.795
1309,CRI,2014,0.802
1310,CRI,2015,0.803
1311,CRI,2016,0.805
1312,CRI,2017,0.809
1313,CRI,2018,0.813
1314,CRI,2019,0.821
1315,CRI,2020,0.819
1316,CRI,2021,0.817
1317,CRI,2022,0.823
1318,CRI,2023,0.833
1319,CIV,1990,0.389
1320,CIV,1991,0.39
1321,CIV,1992,0.392
1322,CIV,1993,0.393
1323,CIV,1994,0.396
1324,CIV,1995,0.399
1325,CIV,1996,0.403
1326,CIV,1997,0.409
1327,CIV,1998,0.413
1328,CIV,1999,0.416
1329,CIV,2000,0.419
1330,CIV,2001,0.422
1331,CIV,2002,0.424
1332,CIV,2003,0.425
1333,CIV,2004,0.43
1334,CIV,2005,0.435
1335,CIV,2006,0.44
1336,CIV,2007,0.445
1337,CIV,2008,0.452
1338,CIV,2009,0.458
1339,CIV,2010,0.465
1340,CIV,2011,0.469
1341,CIV,2012,0.478
1342,CIV,2013,0.487
1343,CIV,2014,0.511
1344,CIV,2015,0.519
1345,CIV,2016,0.53
1346,CIV,2017,0.539
1347,CIV,2018,0.545
1348,CIV,2019,0.552
1349,CIV,2020,0.553
1350,CIV,2021,0.557
1351,CIV,2022,0.565
1352,CIV,2023,0.582
1353,HRV,1995,0.713
1354,HRV,1996,0.725
1355,HRV,1997,0.734
1356,HRV,1998,0.744
1357,HRV,1999,0.753
1358,HRV,2000,0.769
1359,HRV,2001,0.785
1360,HRV,2002,0.792
1361,HRV,2003,0.798
1362,HRV,2004,0.807
1363,HRV,2005,0.814
1364,HRV,2006,0.819
1365,HRV,2007,0.825
1366,HRV,2008,0.827
1367,HRV,2009,0.826
1368,HRV,2010,0.831
1369,HRV,2011,0.836
1370,HRV,2012,0.839
1371,HRV,2013,0.846
1372,HRV,2014,0.848
1373,HRV,2015,0.852
1374,HRV,2016,0.856
1375,HRV,2017,0.862
1376,HRV,2018,0.867
1377,HRV,2019,0.872
1378,HRV,2020,0.867
1379,HRV,2021,0.876
1380,HRV,2022,0.886
1381,HRV,2023,0.889
1382,CUB,1990,0.687
1383,CUB,1991,0.681
1384,CUB,1992,0.674
1385,CUB,1993,0.665
1386,CUB,1994,0.662
1387,CUB,1995,0.664
1388,CUB,1996,0.675
1389,CUB,1997,0.679
1390,CUB,1998,0.683
1391,CUB,1999,0.69
1392,CUB,2000,0.697
1393,CUB,2001,0.705
1394,CUB,2002,0.711
1395,CUB,2003,0.721
1396,CUB,2004,0.734
1397,CUB,2005,0.747
1398,CUB,2006,0.766
1399,CUB,2007,0.78
1400,CUB,2008,0.788
1401,CUB,2009,0.788
1402,CUB,2010,0.783
1403,CUB,2011,0.781
1404,CUB,2012,0.777
1405,CUB,2013,0.771
1406,CUB,2014,0.77
1407,CUB,2015,0.769
1408,CUB,2016,0.767
1409,CUB,2017,0.767
1410,CUB,2018,0.769
1411,CUB,2019,0.769
1412,CUB,2020,0.762
1413,CUB,2021,0.745
1414,CUB,2022,0.764
1415,CUB,2023,0.762
1416,CYP,1990,0.749
1417,CYP,1991,0.754
1418,CYP,1992,0.761
1419,CYP,1993,0.764
1420,CYP,1994,0.771
1421,CYP,1995,0.777
1422,CYP,1996,0.782
1423,CYP,1997,0.788
1424,CYP,1998,0.798
1425,CYP,1999,0.802
1426,CYP,2000,0.808
1427,CYP,2001,0.815
1428,CYP,2002,0.827
1429,CYP,2003,0.835
1430,CYP,2004,0.84
1431,CYP,2005,0.844
1432,CYP,2006,0.85
1433,CYP,2007,0.855
1434,CYP,2008,0.862
1435,CYP,2009,0.867
1436,CYP,2010,0.869
1437,CYP,2011,0.872
1438,CYP,2012,0.872
1439,CYP,2013,0.873
1440,CYP,2014,0.875
1441,CYP,2015,0.882
1442,CYP,2016,0.888
1443,CYP,2017,0.897
1444,CYP,2018,0.902
1445,CYP,2019,0.907
1446,CYP,2020,0.905
1447,CYP,2021,0.907
1448,CYP,2022,0.908
1449,CYP,2023,0.913
1450,CZE,1990,0.753
1451,CZE,1991,0.751
1452,CZE,1992,0.752
1453,CZE,1993,0.76
1454,CZE,1994,0.771
1455,CZE,1995,0.781
1456,CZE,1996,0.793
1457,CZE,1997,0.797
1458,CZE,1998,0.802
1459,CZE,1999,0.806
1460,CZE,2000,0.817
1461,CZE,2001,0.828
1462,CZE,2002,0.835
1463,CZE,2003,0.842
1464,CZE,2004,0.848
1465,CZE,2005,0.856
1466,CZE,2006,0.864
1467,CZE,2007,0.87
1468,CZE,2008,0.873
1469,CZE,2009,0.875
1470,CZE,2010,0.88
1471,CZE,2011,0.883
1472,CZE,2012,0.885
1473,CZE,2013,0.892
1474,CZE,2014,0.898
1475,CZE,2015,0.9
1476,CZE,2016,0.902
1477,CZE,2017,0.904
1478,CZE,2018,0.901
1479,CZE,2019,0.903
1480,CZE,2020,0.898
1481,CZE,2021,0.901
1482,CZE,2022,0.911
1483,CZE,2023,0.915
1484,COD,1990,0.388
1485,COD,1991,0.389
1486,COD,1992,0.387
1487,COD,1993,0.385
1488,COD,1994,0.382
1489,COD,1995,0.385
1490,COD,1996,0.386
1491,COD,1997,0.388
1492,COD,1998,0.385
1493,COD,1999,0.383
1494,COD,2000,0.391
1495,COD,2001,0.389
1496,COD,2002,0.392
1497,COD,2003,0.398
1498,COD,2004,0.403
1499,COD,2005,0.408
1500,COD,2006,0.413
1501,COD,2007,0.417
1502,COD,2008,0.426
1503,COD,2009,0.431
1504,COD,2010,0.44
1505,COD,2011,0.447
1506,COD,2012,0.451
1507,COD,2013,0.456
1508,COD,2014,0.467
1509,COD,2015,0.477
1510,COD,2016,0.487
1511,COD,2017,0.491
1512,COD,2018,0.497
1513,COD,2019,0.501
1514,COD,2020,0.506
1515,COD,2021,0.508
1516,COD,2022,0.514
1517,COD,2023,0.522
1518,DNK,1990,0.844
1519,DNK,1991,0.848
1520,DNK,1992,0.85
1521,DNK,1993,0.853
1522,DNK,1994,0.859
1523,DNK,1995,0.862
1524,DNK,1996,0.87
1525,DNK,1997,0.876
1526,DNK,1998,0.883
1527,DNK,1999,0.894
1528,DNK,2000,0.896
1529,DNK,2001,0.902
1530,DNK,2002,0.902
1531,DNK,2003,0.907
1532,DNK,2004,0.912
1533,DNK,2005,0.917
1534,DNK,2006,0.917
1535,DNK,2007,0.918
1536,DNK,2008,0.922
1537,DNK,2009,0.915
1538,DNK,2010,0.92
1539,DNK,2011,0.934
1540,DNK,2012,0.938
1541,DNK,2013,0.941
1542,DNK,2014,0.939
1543,DNK,2015,0.943
1544,DNK,2016,0.951
1545,DNK,2017,0.951
1546,DNK,2018,0.95
1547,DNK,2019,0.953
1548,DNK,2020,0.954
1549,DNK,2021,0.958
1550,DNK,2022,0.959
1551,DNK,2023,0.962
1552,DJI,1995,0.318
1553,DJI,1996,0.32
1554,DJI,1997,0.324
1555,DJI,1998,0.327
1556,DJI,1999,0.333
1557,DJI,2000,0.337
1558,DJI,2001,0.342
1559,DJI,2002,0.349
1560,DJI,2003,0.36
1561,DJI,2004,0.368
1562,DJI,2005,0.375
1563,DJI,2006,0.385
1564,DJI,2007,0.392
1565,DJI,2008,0.4
1566,DJI,2009,0.411
1567,DJI,2010,0.421
1568,DJI,2011,0.432
1569,DJI,2012,0.442
1570,DJI,2013,0.45
1571,DJI,2014,0.459
1572,DJI,2015,0.469
1573,DJI,2016,0.477
1574,DJI,2017,0.484
1575,DJI,2018,0.492
1576,DJI,2019,0.497
1577,DJI,2020,0.499
1578,DJI,2021,0.501
1579,DJI,2022,0.51
1580,DJI,2023,0.513
1581,DMA,2000,0.721
1582,DMA,2001,0.725
1583,DMA,2002,0.724
1584,DMA,2003,0.728
1585,DMA,2004,0.73
1586,DMA,2005,0.732
1587,DMA,2006,0.737
1588,DMA,2007,0.74
1589,DMA,2008,0.745
1590,DMA,2009,0.746
1591,DMA,2010,0.747
1592,DMA,2011,0.745
1593,DMA,2012,0.745
1594,DMA,2013,0.745
1595,DMA,2014,0.748
1596,DMA,2015,0.741
1597,DMA,2016,0.751
1598,DMA,2017,0.735
1599,DMA,2018,0.755
1600,DMA,2019,0.758
1601,DMA,2020,0.753
1602,DMA,2021,0.749
1603,DMA,2022,0.759
1604,DMA,2023,0.761
1605,DOM,1990,0.589
1606,DOM,1991,0.594
1607,DOM,1992,0.604
1608,DOM,1993,0.611
1609,DOM,1994,0.617
1610,DOM,1995,0.624
1611,DOM,1996,0.631
1612,DOM,1997,0.639
1613,DOM,1998,0.645
1614,DOM,1999,0.652
1615,DOM,2000,0.658
1616,DOM,2001,0.663
1617,DOM,2002,0.668
1618,DOM,2003,0.67
1619,DOM,2004,0.673
1620,DOM,2005,0.683
1621,DOM,2006,0.691
1622,DOM,2007,0.698
1623,DOM,2008,0.704
1624,DOM,2009,0.707
1625,DOM,2010,0.715
1626,DOM,2011,0.721
1627,DOM,2012,0.727
1628,DOM,2013,0.731
1629,DOM,2014,0.737
1630,DOM,2015,0.747
1631,DOM,2016,0.766
1632,DOM,2017,0.77
1633,DOM,2018,0.773
1634,DOM,2019,0.771
1635,DOM,2020,0.767
1636,DOM,2021,0.762
1637,DOM,2022,0.778
1638,DOM,2023,0.776
1639,,1990,0.514
1640,,1991,0.522
1641,,1992,0.531
1642,,1993,0.541
1643,,1994,0.55
1644,,1995,0.559
1645,,1996,0.57
1646,,1997,0.579
1647,,1998,0.586
1648,,1999,0.594
1649,,2000,0.604
1650,,2001,0.612
1651,,2002,0.622
1652,,2003,0.632
1653,,2004,0.641
1654,,2005,0.652
1655,,2006,0.662
1656,,2007,0.673
1657,,2008,0.68
1658,,2009,0.69
1659,,2010,0.699
1660,,2011,0.706
1661,,2012,0.713
1662,,2013,0.72
1663,,2014,0.728
1664,,2015,0.735
1665,,2016,0.742
1666,,2017,0.749
1667,,2018,0.756
1668,,2019,0.761
1669,,2020,0.764
1670,,2021,0.768
1671,,2022,0.773
1672,,2023,0.775
1673,TLS,2000,0.507
1674,TLS,2001,0.521
1675,TLS,2002,0.534
1676,TLS,2003,0.534
1677,TLS,2004,0.547
1678,TLS,2005,0.564
1679,TLS,2006,0.588
1680,TLS,2007,0.609
1681,TLS,2008,0.634
1682,TLS,2009,0.631
1683,TLS,2010,0.645
1684,TLS,2011,0.655
1685,TLS,2012,0.65
1686,TLS,2013,0.646
1687,TLS,2014,0.637
1688,TLS,2015,0.628
1689,TLS,2016,0.618
1690,TLS,2017,0.621
1691,TLS,2018,0.624
1692,TLS,2019,0.642
1693,TLS,2020,0.65
1694,TLS,2021,0.644
1695,TLS,2022,0.633
1696,TLS,2023,0.634
1697,ECU,1990,0.646
1698,ECU,1991,0.649
1699,ECU,1992,0.654
1700,ECU,1993,0.66
1701,ECU,1994,0.667
1702,ECU,1995,0.672
1703,ECU,1996,0.677
1704,ECU,1997,0.682
1705,ECU,1998,0.684
1706,ECU,1999,0.682
1707,ECU,2000,0.683
1708,ECU,2001,0.691
1709,ECU,2002,0.698
1710,ECU,2003,0.703
1711,ECU,2004,0.709
1712,ECU,2005,0.714
1713,ECU,2006,0.718
1714,ECU,2007,0.722
1715,ECU,2008,0.729
1716,ECU,2009,0.731
1717,ECU,2010,0.737
1718,ECU,2011,0.743
1719,ECU,2012,0.75
1720,ECU,2013,0.755
1721,ECU,2014,0.76
1722,ECU,2015,0.764
1723,ECU,2016,0.761
1724,ECU,2017,0.764
1725,ECU,2018,0.767
1726,ECU,2019,0.765
1727,ECU,2020,0.74
1728,ECU,2021,0.753
1729,ECU,2022,0.773
1730,ECU,2023,0.777
1731,EGY,1990,0.572
1732,EGY,1991,0.578
1733,EGY,1992,0.586
1734,EGY,1993,0.593
1735,EGY,1994,0.601
1736,EGY,1995,0.609
1737,EGY,1996,0.617
1738,EGY,1997,0.623
1739,EGY,1998,0.629
1740,EGY,1999,0.634
1741,EGY,2000,0.639
1742,EGY,2001,0.642
1743,EGY,2002,0.643
1744,EGY,2003,0.643
1745,EGY,2004,0.645
1746,EGY,2005,0.648
1747,EGY,2006,0.651
1748,EGY,2007,0.658
1749,EGY,2008,0.665
1750,EGY,2009,0.671
1751,EGY,2010,0.677
1752,EGY,2011,0.68
1753,EGY,2012,0.689
1754,EGY,2013,0.695
1755,EGY,2014,0.699
1756,EGY,2015,0.706
1757,EGY,2016,0.713
1758,EGY,2017,0.72
1759,EGY,2018,0.728
1760,EGY,2019,0.736
1761,EGY,2020,0.736
1762,EGY,2021,0.738
1763,EGY,2022,0.751
1764,EGY,2023,0.754
1765,SLV,1990,0.523
1766,SLV,1991,0.529
1767,SLV,1992,0.538
1768,SLV,1993,0.548
1769,SLV,1994,0.558
1770,SLV,1995,0.567
1771,SLV,1996,0.576
1772,SLV,1997,0.586
1773,SLV,1998,0.594
1774,SLV,1999,0.598
1775,SLV,2000,0.607
1776,SLV,2001,0.612
1777,SLV,2002,0.621
1778,SLV,2003,0.628
1779,SLV,2004,0.636
1780,SLV,2005,0.642
1781,SLV,2006,0.647
1782,SLV,2007,0.653
1783,SLV,2008,0.653
1784,SLV,2009,0.653
1785,SLV,2010,0.66
1786,SLV,2011,0.662
1787,SLV,2012,0.666
1788,SLV,2013,0.668
1789,SLV,2014,0.668
1790,SLV,2015,0.667
1791,SLV,2016,0.666
1792,SLV,2017,0.665
1793,SLV,2018,0.67
1794,SLV,2019,0.67
1795,SLV,2020,0.66
1796,SLV,2021,0.663
1797,SLV,2022,0.674
1798,SLV,2023,0.678
1799,GNQ,2000,0.508
1800,GNQ,2001,0.521
1801,GNQ,2002,0.536
1802,GNQ,2003,0.541
1803,GNQ,2004,0.552
1804,GNQ,2005,0.566
1805,GNQ,2006,0.591
1806,GNQ,2007,0.603
1807,GNQ,2008,0.613
1808,GNQ,2009,0.615
1809,GNQ,2010,0.612
1810,GNQ,2011,0.624
1811,GNQ,2012,0.635
1812,GNQ,2013,0.644
1813,GNQ,2014,0.652
1814,GNQ,2015,0.656
1815,GNQ,2016,0.659
1816,GNQ,2017,0.661
1817,GNQ,2018,0.663
1818,GNQ,2019,0.667
1819,GNQ,2020,0.668
1820,GNQ,2021,0.671
1821,GNQ,2022,0.677
1822,GNQ,2023,0.674
1823,ERI,2005,0.474
1824,ERI,2006,0.473
1825,ERI,2007,0.472
1826,ERI,2008,0.457
1827,ERI,2009,0.462
1828,ERI,2010,0.465
1829,ERI,2011,0.48
1830,ERI,2012,0.483
1831,ERI,2013,0.479
1832,ERI,2014,0.497
1833,ERI,2015,0.48
1834,ERI,2016,0.485
1835,ERI,2017,0.48
1836,ERI,2018,0.49
1837,ERI,2019,0.495
1838,ERI,2020,0.495
1839,ERI,2021,0.496
1840,ERI,2022,0.499
1841,ERI,2023,0.503
1842,EST,1990,0.738
1843,EST,1991,0.734
1844,EST,1992,0.722
1845,EST,1993,0.713
1846,EST,1994,0.711
1847,EST,1995,0.725
1848,EST,1996,0.746
1849,EST,1997,0.759
1850,EST,1998,0.767
1851,EST,1999,0.776
1852,EST,2000,0.793
1853,EST,2001,0.802
1854,EST,2002,0.813
1855,EST,2003,0.824
1856,EST,2004,0.834
1857,EST,2005,0.847
1858,EST,2006,0.855
1859,EST,2007,0.859
1860,EST,2008,0.864
1861,EST,2009,0.863
1862,EST,2010,0.868
1863,EST,2011,0.877
1864,EST,2012,0.88
1865,EST,2013,0.887
1866,EST,2014,0.885
1867,EST,2015,0.888
1868,EST,2016,0.89
1869,EST,2017,0.894
1870,EST,2018,0.897
1871,EST,2019,0.901
1872,EST,2020,0.901
1873,EST,2021,0.899
1874,EST,2022,0.902
1875,EST,2023,0.905
1876,SWZ,1990,0.57
1877,SWZ,1991,0.565
1878,SWZ,1992,0.558
1879,SWZ,1993,0.55
1880,SWZ,1994,0.543
1881,SWZ,1995,0.54
1882,SWZ,1996,0.532
1883,SWZ,1997,0.523
1884,SWZ,1998,0.511
1885,SWZ,1999,0.504
1886,SWZ,2000,0.493
1887,SWZ,2001,0.484
1888,SWZ,2002,0.473
1889,SWZ,2003,0.469
1890,SWZ,2004,0.467
1891,SWZ,2005,0.472
1892,SWZ,2006,0.485
1893,SWZ,2007,0.497
1894,SWZ,2008,0.507
1895,SWZ,2009,0.519
1896,SWZ,2010,0.534
1897,SWZ,2011,0.545
1898,SWZ,2012,0.562
1899,SWZ,2013,0.578
1900,SWZ,2014,0.592
1901,SWZ,2015,0.607
1902,SWZ,2016,0.619
1903,SWZ,2017,0.631
1904,SWZ,2018,0.643
1905,SWZ,2019,0.653
1906,SWZ,2020,0.657
1907,SWZ,2021,0.658
1908,SWZ,2022,0.695
1909,SWZ,2023,0.695
1910,ETH,2000,0.293
1911,ETH,2001,0.307
1912,ETH,2002,0.314
1913,ETH,2003,0.317
1914,ETH,2004,0.331
1915,ETH,2005,0.35
1916,ETH,2006,0.366
1917,ETH,2007,0.383
1918,ETH,2008,0.398
1919,ETH,2009,0.405
1920,ETH,2010,0.415
1921,ETH,2011,0.425
1922,ETH,2012,0.433
1923,ETH,2013,0.441
1924,ETH,2014,0.449
1925,ETH,2015,0.456
1926,ETH,2016,0.463
1927,ETH,2017,0.47
1928,ETH,2018,0.476
1929,ETH,2019,0.482
1930,ETH,2020,0.486
1931,ETH,2021,0.487
1932,ETH,2022,0.494
1933,ETH,2023,0.497
1934,OWID_EUR,1995,0.7735119
1935,OWID_EUR,1996,0.7801411
1936,OWID_EUR,1997,0.7872637
1937,OWID_EUR,1998,0.7928959
1938,OWID_EUR,1999,0.7974899
1939,OWID_EUR,2000,0.8080217
1940,OWID_EUR,2001,0.81529015
1941,OWID_EUR,2002,0.8208476
1942,OWID_EUR,2003,0.8275237
1943,OWID_EUR,2004,0.83400583
1944,OWID_EUR,2005,0.84263706
1945,OWID_EUR,2006,0.848911
1946,OWID_EUR,2007,0.8548727
1947,OWID_EUR,2008,0.8590917
1948,OWID_EUR,2009,0.8599548
1949,OWID_EUR,2010,0.8645471
1950,OWID_EUR,2011,0.87022907
1951,OWID_EUR,2012,0.87196416
1952,OWID_EUR,2013,0.87687457
1953,OWID_EUR,2014,0.87929887
1954,OWID_EUR,2015,0.88032347
1955,OWID_EUR,2016,0.8832819
1956,OWID_EUR,2017,0.8861951
1957,OWID_EUR,2018,0.88933504
1958,OWID_EUR,2019,0.89306754
1959,OWID_EUR,2020,0.8829021
1960,OWID_EUR,2021,0.88542944
1961,OWID_EUR,2022,0.89101297
1962,OWID_EUR,2023,0.89665455
1963,,1990,0.674
1964,,1991,0.671
1965,,1992,0.664
1966,,1993,0.659
1967,,1994,0.654
1968,,1995,0.658
1969,,1996,0.662
1970,,1997,0.668
1971,,1998,0.674
1972,,1999,0.676
1973,,2000,0.686
1974,,2001,0.693
1975,,2002,0.701
1976,,2003,0.709
1977,,2004,0.716
1978,,2005,0.72
1979,,2006,0.728
1980,,2007,0.736
1981,,2008,0.74
1982,,2009,0.742
1983,,2010,0.753
1984,,2011,0.761
1985,,2012,0.767
1986,,2013,0.78
1987,,2014,0.785
1988,,2015,0.789
1989,,2016,0.793
1990,,2017,0.8
1991,,2018,0.804
1992,,2019,0.808
1993,,2020,0.802
1994,,2021,0.803
1995,,2022,0.815
1996,,2023,0.818
1997,OWID_EU27,1990,0.7739702
1998,OWID_EU27,1991,0.7779599
1999,OWID_EU27,1992,0.78332764
2000,OWID_EU27,1993,0.79047537
2001,OWID_EU27,1994,0.7999784
2002,OWID_EU27,1995,0.8133682
2003,OWID_EU27,1996,0.82013655
2004,OWID_EU27,1997,0.8263604
2005,OWID_EU27,1998,0.8325962
2006,OWID_EU27,1999,0.8380795
2007,OWID_EU27,2000,0.8433045
2008,OWID_EU27,2001,0.84985864
2009,OWID_EU27,2002,0.85488456
2010,OWID_EU27,2003,0.85958296
2011,OWID_EU27,2004,0.8654416
2012,OWID_EU27,2005,0.8698894
2013,OWID_EU27,2006,0.87523013
2014,OWID_EU27,2007,0.87925476
2015,OWID_EU27,2008,0.88218033
2016,OWID_EU27,2009,0.8833343
2017,OWID_EU27,2010,0.8875532
2018,OWID_EU27,2011,0.89193636
2019,OWID_EU27,2012,0.8927878
2020,OWID_EU27,2013,0.8967906
2021,OWID_EU27,2014,0.8999237
2022,OWID_EU27,2015,0.9017791
2023,OWID_EU27,2016,0.9050324
2024,OWID_EU27,2017,0.9075523
2025,OWID_EU27,2018,0.9103591
2026,OWID_EU27,2019,0.9143795
2027,OWID_EU27,2020,0.90954304
2028,OWID_EU27,2021,0.914425
2029,OWID_EU27,2022,0.91688347
2030,OWID_EU27,2023,0.92227614
2031,FJI,1990,0.629
2032,FJI,1991,0.633
2033,FJI,1992,0.637
2034,FJI,1993,0.642
2035,FJI,1994,0.648
2036,FJI,1995,0.653
2037,FJI,1996,0.657
2038,FJI,1997,0.658
2039,FJI,1998,0.66
2040,FJI,1999,0.667
2041,FJI,2000,0.668
2042,FJI,2001,0.67
2043,FJI,2002,0.67
2044,FJI,2003,0.673
2045,FJI,2004,0.679
2046,FJI,2005,0.681
2047,FJI,2006,0.684
2048,FJI,2007,0.686
2049,FJI,2008,0.69
2050,FJI,2009,0.693
2051,FJI,2010,0.697
2052,FJI,2011,0.701
2053,FJI,2012,0.698
2054,FJI,2013,0.708
2055,FJI,2014,0.712
2056,FJI,2015,0.715
2057,FJI,2016,0.719
2058,FJI,2017,0.725
2059,FJI,2018,0.728
2060,FJI,2019,0.727
2061,FJI,2020,0.718
2062,FJI,2021,0.705
2063,FJI,2022,0.726
2064,FJI,2023,0.731
2065,FIN,1990,0.823
2066,FIN,1991,0.827
2067,FIN,1992,0.833
2068,FIN,1993,0.838
2069,FIN,1994,0.85
2070,FIN,1995,0.856
2071,FIN,1996,0.863
2072,FIN,1997,0.871
2073,FIN,1998,0.88
2074,FIN,1999,0.889
2075,FIN,2000,0.898
2076,FIN,2001,0.908
2077,FIN,2002,0.912
2078,FIN,2003,0.915
2079,FIN,2004,0.911
2080,FIN,2005,0.914
2081,FIN,2006,0.917
2082,FIN,2007,0.92
2083,FIN,2008,0.921
2084,FIN,2009,0.916
2085,FIN,2010,0.92
2086,FIN,2011,0.924
2087,FIN,2012,0.924
2088,FIN,2013,0.934
2089,FIN,2014,0.936
2090,FIN,2015,0.938
2091,FIN,2016,0.94
2092,FIN,2017,0.942
2093,FIN,2018,0.945
2094,FIN,2019,0.947
2095,FIN,2020,0.947
2096,FIN,2021,0.949
2097,FIN,2022,0.946
2098,FIN,2023,0.948
2099,FRA,1990,0.798
2100,FRA,1991,0.807
2101,FRA,1992,0.814
2102,FRA,1993,0.818
2103,FRA,1994,0.832
2104,FRA,1995,0.837
2105,FRA,1996,0.842
2106,FRA,1997,0.847
2107,FRA,1998,0.851
2108,FRA,1999,0.856
2109,FRA,2000,0.852
2110,FRA,2001,0.855
2111,FRA,2002,0.858
2112,FRA,2003,0.862
2113,FRA,2004,0.869
2114,FRA,2005,0.877
2115,FRA,2006,0.881
2116,FRA,2007,0.884
2117,FRA,2008,0.884
2118,FRA,2009,0.883
2119,FRA,2010,0.888
2120,FRA,2011,0.892
2121,FRA,2012,0.893
2122,FRA,2013,0.896
2123,FRA,2014,0.9
2124,FRA,2015,0.901
2125,FRA,2016,0.905
2126,FRA,2017,0.908
2127,FRA,2018,0.911
2128,FRA,2019,0.914
2129,FRA,2020,0.909
2130,FRA,2021,0.915
2131,FRA,2022,0.916
2132,FRA,2023,0.92
2133,GAB,1990,0.621
2134,GAB,1991,0.627
2135,GAB,1992,0.628
2136,GAB,1993,0.631
2137,GAB,1994,0.636
2138,GAB,1995,0.64
2139,GAB,1996,0.644
2140,GAB,1997,0.648
2141,GAB,1998,0.654
2142,GAB,1999,0.653
2143,GAB,2000,0.652
2144,GAB,2001,0.657
2145,GAB,2002,0.661
2146,GAB,2003,0.664
2147,GAB,2004,0.665
2148,GAB,2005,0.671
2149,GAB,2006,0.67
2150,GAB,2007,0.674
2151,GAB,2008,0.675
2152,GAB,2009,0.681
2153,GAB,2010,0.684
2154,GAB,2011,0.69
2155,GAB,2012,0.699
2156,GAB,2013,0.707
2157,GAB,2014,0.716
2158,GAB,2015,0.72
2159,GAB,2016,0.724
2160,GAB,2017,0.726
2161,GAB,2018,0.727
2162,GAB,2019,0.73
2163,GAB,2020,0.732
2164,GAB,2021,0.72
2165,GAB,2022,0.73
2166,GAB,2023,0.733
2167,GMB,1990,0.331
2168,GMB,1991,0.339
2169,GMB,1992,0.347
2170,GMB,1993,0.355
2171,GMB,1994,0.362
2172,GMB,1995,0.37
2173,GMB,1996,0.377
2174,GMB,1997,0.381
2175,GMB,1998,0.389
2176,GMB,1999,0.396
2177,GMB,2000,0.403
2178,GMB,2001,0.41
2179,GMB,2002,0.415
2180,GMB,2003,0.422
2181,GMB,2004,0.432
2182,GMB,2005,0.436
2183,GMB,2006,0.441
2184,GMB,2007,0.447
2185,GMB,2008,0.455
2186,GMB,2009,0.459
2187,GMB,2010,0.463
2188,GMB,2011,0.463
2189,GMB,2012,0.469
2190,GMB,2013,0.474
2191,GMB,2014,0.477
2192,GMB,2015,0.482
2193,GMB,2016,0.487
2194,GMB,2017,0.493
2195,GMB,2018,0.5
2196,GMB,2019,0.508
2197,GMB,2020,0.512
2198,GMB,2021,0.513
2199,GMB,2022,0.519
2200,GMB,2023,0.524
2201,GEO,2000,0.705
2202,GEO,2001,0.712
2203,GEO,2002,0.719
2204,GEO,2003,0.733
2205,GEO,2004,0.737
2206,GEO,2005,0.744
2207,GEO,2006,0.75
2208,GEO,2007,0.76
2209,GEO,2008,0.757
2210,GEO,2009,0.76
2211,GEO,2010,0.77
2212,GEO,2011,0.78
2213,GEO,2012,0.789
2214,GEO,2013,0.796
2215,GEO,2014,0.802
2216,GEO,2015,0.807
2217,GEO,2016,0.809
2218,GEO,2017,0.816
2219,GEO,2018,0.824
2220,GEO,2019,0.83
2221,GEO,2020,0.822
2222,GEO,2021,0.819
2223,GEO,2022,0.838
2224,GEO,2023,0.844
2225,DEU,1990,0.834
2226,DEU,1991,0.841
2227,DEU,1992,0.849
2228,DEU,1993,0.859
2229,DEU,1994,0.865
2230,DEU,1995,0.87
2231,DEU,1996,0.875
2232,DEU,1997,0.881
2233,DEU,1998,0.887
2234,DEU,1999,0.892
2235,DEU,2000,0.897
2236,DEU,2001,0.904
2237,DEU,2002,0.909
2238,DEU,2003,0.914
2239,DEU,2004,0.923
2240,DEU,2005,0.923
2241,DEU,2006,0.927
2242,DEU,2007,0.931
2243,DEU,2008,0.933
2244,DEU,2009,0.933
2245,DEU,2010,0.936
2246,DEU,2011,0.942
2247,DEU,2012,0.944
2248,DEU,2013,0.945
2249,DEU,2014,0.949
2250,DEU,2015,0.948
2251,DEU,2016,0.949
2252,DEU,2017,0.951
2253,DEU,2018,0.952
2254,DEU,2019,0.957
2255,DEU,2020,0.955
2256,DEU,2021,0.958
2257,DEU,2022,0.955
2258,DEU,2023,0.959
2259,GHA,1990,0.432
2260,GHA,1991,0.438
2261,GHA,1992,0.444
2262,GHA,1993,0.45
2263,GHA,1994,0.453
2264,GHA,1995,0.459
2265,GHA,1996,0.465
2266,GHA,1997,0.469
2267,GHA,1998,0.475
2268,GHA,1999,0.48
2269,GHA,2000,0.487
2270,GHA,2001,0.486
2271,GHA,2002,0.493
2272,GHA,2003,0.495
2273,GHA,2004,0.503
2274,GHA,2005,0.515
2275,GHA,2006,0.524
2276,GHA,2007,0.534
2277,GHA,2008,0.546
2278,GHA,2009,0.551
2279,GHA,2010,0.558
2280,GHA,2011,0.568
2281,GHA,2012,0.575
2282,GHA,2013,0.582
2283,GHA,2014,0.58
2284,GHA,2015,0.588
2285,GHA,2016,0.59
2286,GHA,2017,0.594
2287,GHA,2018,0.6
2288,GHA,2019,0.609
2289,GHA,2020,0.614
2290,GHA,2021,0.618
2291,GHA,2022,0.625
2292,GHA,2023,0.628
2293,GRC,1990,0.77
2294,GRC,1991,0.78
2295,GRC,1992,0.782
2296,GRC,1993,0.784
2297,GRC,1994,0.79
2298,GRC,1995,0.792
2299,GRC,1996,0.796
2300,GRC,1997,0.803
2301,GRC,1998,0.813
2302,GRC,1999,0.816
2303,GRC,2000,0.828
2304,GRC,2001,0.837
2305,GRC,2002,0.836
2306,GRC,2003,0.842
2307,GRC,2004,0.851
2308,GRC,2005,0.863
2309,GRC,2006,0.871
2310,GRC,2007,0.866
2311,GRC,2008,0.871
2312,GRC,2009,0.874
2313,GRC,2010,0.876
2314,GRC,2011,0.874
2315,GRC,2012,0.874
2316,GRC,2013,0.879
2317,GRC,2014,0.886
2318,GRC,2015,0.888
2319,GRC,2016,0.884
2320,GRC,2017,0.887
2321,GRC,2018,0.893
2322,GRC,2019,0.896
2323,GRC,2020,0.896
2324,GRC,2021,0.897
2325,GRC,2022,0.897
2326,GRC,2023,0.908
2327,GRD,2002,0.744
2328,GRD,2003,0.751
2329,GRD,2004,0.746
2330,GRD,2005,0.764
2331,GRD,2006,0.764
2332,GRD,2007,0.768
2333,GRD,2008,0.771
2334,GRD,2009,0.767
2335,GRD,2010,0.771
2336,GRD,2011,0.773
2337,GRD,2012,0.774
2338,GRD,2013,0.777
2339,GRD,2014,0.779
2340,GRD,2015,0.782
2341,GRD,2016,0.784
2342,GRD,2017,0.784
2343,GRD,2018,0.788
2344,GRD,2019,0.789
2345,GRD,2020,0.782
2346,GRD,2021,0.782
2347,GRD,2022,0.789
2348,GRD,2023,0.791
2349,GTM,1990,0.499
2350,GTM,1991,0.503
2351,GTM,1992,0.506
2352,GTM,1993,0.51
2353,GTM,1994,0.515
2354,GTM,1995,0.522
2355,GTM,1996,0.53
2356,GTM,1997,0.539
2357,GTM,1998,0.548
2358,GTM,1999,0.556
2359,GTM,2000,0.563
2360,GTM,2001,0.567
2361,GTM,2002,0.572
2362,GTM,2003,0.577
2363,GTM,2004,0.58
2364,GTM,2005,0.583
2365,GTM,2006,0.59
2366,GTM,2007,0.601
2367,GTM,2008,0.609
2368,GTM,2009,0.616
2369,GTM,2010,0.623
2370,GTM,2011,0.628
2371,GTM,2012,0.631
2372,GTM,2013,0.633
2373,GTM,2014,0.65
2374,GTM,2015,0.638
2375,GTM,2016,0.642
2376,GTM,2017,0.647
2377,GTM,2018,0.649
2378,GTM,2019,0.653
2379,GTM,2020,0.645
2380,GTM,2021,0.639
2381,GTM,2022,0.655
2382,GTM,2023,0.662
2383,GIN,1990,0.282
2384,GIN,1991,0.287
2385,GIN,1992,0.293
2386,GIN,1993,0.3
2387,GIN,1994,0.307
2388,GIN,1995,0.314
2389,GIN,1996,0.323
2390,GIN,1997,0.332
2391,GIN,1998,0.342
2392,GIN,1999,0.351
2393,GIN,2000,0.359
2394,GIN,2001,0.366
2395,GIN,2002,0.377
2396,GIN,2003,0.384
2397,GIN,2004,0.391
2398,GIN,2005,0.401
2399,GIN,2006,0.409
2400,GIN,2007,0.416
2401,GIN,2008,0.422
2402,GIN,2009,0.424
2403,GIN,2010,0.43
2404,GIN,2011,0.436
2405,GIN,2012,0.44
2406,GIN,2013,0.445
2407,GIN,2014,0.451
2408,GIN,2015,0.465
2409,GIN,2016,0.482
2410,GIN,2017,0.482
2411,GIN,2018,0.479
2412,GIN,2019,0.486
2413,GIN,2020,0.488
2414,GIN,2021,0.49
2415,GIN,2022,0.498
2416,GIN,2023,0.5
2417,GNB,2005,0.412
2418,GNB,2006,0.424
2419,GNB,2007,0.431
2420,GNB,2008,0.436
2421,GNB,2009,0.444
2422,GNB,2010,0.452
2423,GNB,2011,0.46
2424,GNB,2012,0.462
2425,GNB,2013,0.469
2426,GNB,2014,0.476
2427,GNB,2015,0.481
2428,GNB,2016,0.486
2429,GNB,2017,0.491
2430,GNB,2018,0.493
2431,GNB,2019,0.501
2432,GNB,2020,0.498
2433,GNB,2021,0.502
2434,GNB,2022,0.511
2435,GNB,2023,0.514
2436,GUY,1990,0.494
2437,GUY,1991,0.491
2438,GUY,1992,0.507
2439,GUY,1993,0.521
2440,GUY,1994,0.531
2441,GUY,1995,0.536
2442,GUY,1996,0.546
2443,GUY,1997,0.552
2444,GUY,1998,0.557
2445,GUY,1999,0.562
2446,GUY,2000,0.567
2447,GUY,2001,0.575
2448,GUY,2002,0.58
2449,GUY,2003,0.587
2450,GUY,2004,0.6
2451,GUY,2005,0.61
2452,GUY,2006,0.619
2453,GUY,2007,0.626
2454,GUY,2008,0.632
2455,GUY,2009,0.637
2456,GUY,2010,0.647
2457,GUY,2011,0.659
2458,GUY,2012,0.664
2459,GUY,2013,0.669
2460,GUY,2014,0.678
2461,GUY,2015,0.683
2462,GUY,2016,0.69
2463,GUY,2017,0.696
2464,GUY,2018,0.702
2465,GUY,2019,0.709
2466,GUY,2020,0.722
2467,GUY,2021,0.713
2468,GUY,2022,0.763
2469,GUY,2023,0.776
2470,HTI,1990,0.461
2471,HTI,1991,0.464
2472,HTI,1992,0.466
2473,HTI,1993,0.467
2474,HTI,1994,0.463
2475,HTI,1995,0.473
2476,HTI,1996,0.479
2477,HTI,1997,0.484
2478,HTI,1998,0.488
2479,HTI,1999,0.493
2480,HTI,2000,0.497
2481,HTI,2001,0.5
2482,HTI,2002,0.504
2483,HTI,2003,0.508
2484,HTI,2004,0.505
2485,HTI,2005,0.516
2486,HTI,2006,0.52
2487,HTI,2007,0.524
2488,HTI,2008,0.528
2489,HTI,2009,0.534
2490,HTI,2010,0.452
2491,HTI,2011,0.536
2492,HTI,2012,0.54
2493,HTI,2013,0.545
2494,HTI,2014,0.549
2495,HTI,2015,0.552
2496,HTI,2016,0.555
2497,HTI,2017,0.559
2498,HTI,2018,0.561
2499,HTI,2019,0.56
2500,HTI,2020,0.555
2501,HTI,2021,0.548
2502,HTI,2022,0.552
2503,HTI,2023,0.554
2504,,1990,0.569
2505,,1991,0.574
2506,,1992,0.58
2507,,1993,0.586
2508,,1994,0.591
2509,,1995,0.599
2510,,1996,0.607
2511,,1997,0.615
2512,,1998,0.622
2513,,1999,0.628
2514,,2000,0.636
2515,,2001,0.643
2516,,2002,0.651
2517,,2003,0.659
2518,,2004,0.666
2519,,2005,0.675
2520,,2006,0.683
2521,,2007,0.692
2522,,2008,0.699
2523,,2009,0.706
2524,,2010,0.714
2525,,2011,0.72
2526,,2012,0.727
2527,,2013,0.733
2528,,2014,0.739
2529,,2015,0.744
2530,,2016,0.749
2531,,2017,0.754
2532,,2018,0.76
2533,,2019,0.765
2534,,2020,0.763
2535,,2021,0.766
2536,,2022,0.774
2537,,2023,0.777
2538,OWID_HIC,1990,0.8043755
2539,OWID_HIC,1991,0.806783
2540,OWID_HIC,1992,0.80932313
2541,OWID_HIC,1993,0.81150347
2542,OWID_HIC,1994,0.81610936
2543,OWID_HIC,1995,0.8224163
2544,OWID_HIC,1996,0.82840586
2545,OWID_HIC,1997,0.83428735
2546,OWID_HIC,1998,0.83827734
2547,OWID_HIC,1999,0.84187406
2548,OWID_HIC,2000,0.84814763
2549,OWID_HIC,2001,0.8533231
2550,OWID_HIC,2002,0.85723525
2551,OWID_HIC,2003,0.8615973
2552,OWID_HIC,2004,0.8671708
2553,OWID_HIC,2005,0.87086254
2554,OWID_HIC,2006,0.87583596
2555,OWID_HIC,2007,0.8802514
2556,OWID_HIC,2008,0.8827478
2557,OWID_HIC,2009,0.8837552
2558,OWID_HIC,2010,0.88799495
2559,OWID_HIC,2011,0.8916487
2560,OWID_HIC,2012,0.8941138
2561,OWID_HIC,2013,0.8981406
2562,OWID_HIC,2014,0.90055966
2563,OWID_HIC,2015,0.9027572
2564,OWID_HIC,2016,0.90514636
2565,OWID_HIC,2017,0.90792
2566,OWID_HIC,2018,0.91105837
2567,OWID_HIC,2019,0.91397655
2568,OWID_HIC,2020,0.9056104
2569,OWID_HIC,2021,0.90697354
2570,OWID_HIC,2022,0.91196257
2571,OWID_HIC,2023,0.9179597
2572,HND,1990,0.516
2573,HND,1991,0.519
2574,HND,1992,0.523
2575,HND,1993,0.529
2576,HND,1994,0.532
2577,HND,1995,0.537
2578,HND,1996,0.541
2579,HND,1997,0.547
2580,HND,1998,0.529
2581,HND,1999,0.552
2582,HND,2000,0.558
2583,HND,2001,0.561
2584,HND,2002,0.564
2585,HND,2003,0.568
2586,HND,2004,0.573
2587,HND,2005,0.578
2588,HND,2006,0.582
2589,HND,2007,0.587
2590,HND,2008,0.592
2591,HND,2009,0.594
2592,HND,2010,0.596
2593,HND,2011,0.598
2594,HND,2012,0.597
2595,HND,2013,0.601
2596,HND,2014,0.604
2597,HND,2015,0.61
2598,HND,2016,0.616
2599,HND,2017,0.618
2600,HND,2018,0.619
2601,HND,2019,0.632
2602,HND,2020,0.625
2603,HND,2021,0.628
2604,HND,2022,0.643
2605,HND,2023,0.645
2606,HKG,1990,0.755
2607,HKG,1991,0.764
2608,HKG,1992,0.773
2609,HKG,1993,0.784
2610,HKG,1994,0.793
2611,HKG,1995,0.8
2612,HKG,1996,0.808
2613,HKG,1997,0.817
2614,HKG,1998,0.823
2615,HKG,1999,0.83
2616,HKG,2000,0.839
2617,HKG,2001,0.847
2618,HKG,2002,0.854
2619,HKG,2003,0.861
2620,HKG,2004,0.866
2621,HKG,2005,0.872
2622,HKG,2006,0.879
2623,HKG,2007,0.891
2624,HKG,2008,0.907
2625,HKG,2009,0.909
2626,HKG,2010,0.912
2627,HKG,2011,0.918
2628,HKG,2012,0.923
2629,HKG,2013,0.928
2630,HKG,2014,0.932
2631,HKG,2015,0.937
2632,HKG,2016,0.94
2633,HKG,2017,0.946
2634,HKG,2018,0.952
2635,HKG,2019,0.952
2636,HKG,2020,0.95
2637,HKG,2021,0.961
2638,HKG,2022,0.95
2639,HKG,2023,0.955
2640,HUN,1990,0.73
2641,HUN,1991,0.724
2642,HUN,1992,0.722
2643,HUN,1993,0.729
2644,HUN,1994,0.739
2645,HUN,1995,0.744
2646,HUN,1996,0.752
2647,HUN,1997,0.758
2648,HUN,1998,0.764
2649,HUN,1999,0.771
2650,HUN,2000,0.781
2651,HUN,2001,0.791
2652,HUN,2002,0.8
2653,HUN,2003,0.807
2654,HUN,2004,0.811
2655,HUN,2005,0.816
2656,HUN,2006,0.823
2657,HUN,2007,0.826
2658,HUN,2008,0.833
2659,HUN,2009,0.834
2660,HUN,2010,0.838
2661,HUN,2011,0.841
2662,HUN,2012,0.841
2663,HUN,2013,0.85
2664,HUN,2014,0.848
2665,HUN,2015,0.847
2666,HUN,2016,0.851
2667,HUN,2017,0.853
2668,HUN,2018,0.857
2669,HUN,2019,0.861
2670,HUN,2020,0.857
2671,HUN,2021,0.852
2672,HUN,2022,0.867
2673,HUN,2023,0.87
2674,ISL,1990,0.841
2675,ISL,1991,0.853
2676,ISL,1992,0.86
2677,ISL,1993,0.863
2678,ISL,1994,0.868
2679,ISL,1995,0.863
2680,ISL,1996,0.873
2681,ISL,1997,0.881
2682,ISL,1998,0.893
2683,ISL,1999,0.895
2684,ISL,2000,0.902
2685,ISL,2001,0.91
2686,ISL,2002,0.917
2687,ISL,2003,0.925
2688,ISL,2004,0.928
2689,ISL,2005,0.935
2690,ISL,2006,0.936
2691,ISL,2007,0.941
2692,ISL,2008,0.935
2693,ISL,2009,0.934
2694,ISL,2010,0.935
2695,ISL,2011,0.941
2696,ISL,2012,0.946
2697,ISL,2013,0.95
2698,ISL,2014,0.954
2699,ISL,2015,0.956
2700,ISL,2016,0.959
2701,ISL,2017,0.962
2702,ISL,2018,0.966
2703,ISL,2019,0.969
2704,ISL,2020,0.965
2705,ISL,2021,0.967
2706,ISL,2022,0.964
2707,ISL,2023,0.972
2708,IND,1990,0.446
2709,IND,1991,0.448
2710,IND,1992,0.453
2711,IND,1993,0.458
2712,IND,1994,0.463
2713,IND,1995,0.469
2714,IND,1996,0.476
2715,IND,1997,0.482
2716,IND,1998,0.488
2717,IND,1999,0.496
2718,IND,2000,0.501
2719,IND,2001,0.511
2720,IND,2002,0.516
2721,IND,2003,0.529
2722,IND,2004,0.538
2723,IND,2005,0.547
2724,IND,2006,0.557
2725,IND,2007,0.566
2726,IND,2008,0.574
2727,IND,2009,0.579
2728,IND,2010,0.59
2729,IND,2011,0.603
2730,IND,2012,0.609
2731,IND,2013,0.615
2732,IND,2014,0.625
2733,IND,2015,0.633
2734,IND,2016,0.644
2735,IND,2017,0.649
2736,IND,2018,0.648
2737,IND,2019,0.651
2738,IND,2020,0.652
2739,IND,2021,0.647
2740,IND,2022,0.676
2741,IND,2023,0.685
2742,IDN,1990,0.531
2743,IDN,1991,0.538
2744,IDN,1992,0.545
2745,IDN,1993,0.555
2746,IDN,1994,0.565
2747,IDN,1995,0.575
2748,IDN,1996,0.585
2749,IDN,1997,0.595
2750,IDN,1998,0.591
2751,IDN,1999,0.595
2752,IDN,2000,0.6
2753,IDN,2001,0.608
2754,IDN,2002,0.617
2755,IDN,2003,0.625
2756,IDN,2004,0.624
2757,IDN,2005,0.638
2758,IDN,2006,0.646
2759,IDN,2007,0.649
2760,IDN,2008,0.653
2761,IDN,2009,0.663
2762,IDN,2010,0.67
2763,IDN,2011,0.678
2764,IDN,2012,0.686
2765,IDN,2013,0.69
2766,IDN,2014,0.693
2767,IDN,2015,0.701
2768,IDN,2016,0.705
2769,IDN,2017,0.712
2770,IDN,2018,0.715
2771,IDN,2019,0.714
2772,IDN,2020,0.71
2773,IDN,2021,0.707
2774,IDN,2022,0.726
2775,IDN,2023,0.728
2776,IRN,1990,0.626
2777,IRN,1991,0.645
2778,IRN,1992,0.652
2779,IRN,1993,0.658
2780,IRN,1994,0.664
2781,IRN,1995,0.672
2782,IRN,1996,0.681
2783,IRN,1997,0.687
2784,IRN,1998,0.695
2785,IRN,1999,0.703
2786,IRN,2000,0.71
2787,IRN,2001,0.719
2788,IRN,2002,0.727
2789,IRN,2003,0.732
2790,IRN,2004,0.741
2791,IRN,2005,0.746
2792,IRN,2006,0.757
2793,IRN,2007,0.761
2794,IRN,2008,0.765
2795,IRN,2009,0.771
2796,IRN,2010,0.778
2797,IRN,2011,0.787
2798,IRN,2012,0.795
2799,IRN,2013,0.794
2800,IRN,2014,0.795
2801,IRN,2015,0.788
2802,IRN,2016,0.791
2803,IRN,2017,0.793
2804,IRN,2018,0.79
2805,IRN,2019,0.787
2806,IRN,2020,0.775
2807,IRN,2021,0.777
2808,IRN,2022,0.793
2809,IRN,2023,0.799
2810,IRQ,1990,0.531
2811,IRQ,1991,0.504
2812,IRQ,1992,0.532
2813,IRQ,1993,0.55
2814,IRQ,1994,0.547
2815,IRQ,1995,0.538
2816,IRQ,1996,0.557
2817,IRQ,1997,0.565
2818,IRQ,1998,0.58
2819,IRQ,1999,0.589
2820,IRQ,2000,0.592
2821,IRQ,2001,0.598
2822,IRQ,2002,0.6
2823,IRQ,2003,0.582
2824,IRQ,2004,0.604
2825,IRQ,2005,0.609
2826,IRQ,2006,0.611
2827,IRQ,2007,0.618
2828,IRQ,2008,0.634
2829,IRQ,2009,0.644
2830,IRQ,2010,0.65
2831,IRQ,2011,0.656
2832,IRQ,2012,0.664
2833,IRQ,2013,0.668
2834,IRQ,2014,0.671
2835,IRQ,2015,0.675
2836,IRQ,2016,0.676
2837,IRQ,2017,0.681
2838,IRQ,2018,0.689
2839,IRQ,2019,0.693
2840,IRQ,2020,0.68
2841,IRQ,2021,0.687
2842,IRQ,2022,0.695
2843,IRQ,2023,0.695
2844,IRL,1990,0.776
2845,IRL,1991,0.78
2846,IRL,1992,0.787
2847,IRL,1993,0.794
2848,IRL,1994,0.805
2849,IRL,1995,0.809
2850,IRL,1996,0.816
2851,IRL,1997,0.823
2852,IRL,1998,0.855
2853,IRL,1999,0.858
2854,IRL,2000,0.869
2855,IRL,2001,0.876
2856,IRL,2002,0.883
2857,IRL,2003,0.891
2858,IRL,2004,0.899
2859,IRL,2005,0.905
2860,IRL,2006,0.908
2861,IRL,2007,0.911
2862,IRL,2008,0.907
2863,IRL,2009,0.907
2864,IRL,2010,0.915
2865,IRL,2011,0.909
2866,IRL,2012,0.911
2867,IRL,2013,0.915
2868,IRL,2014,0.921
2869,IRL,2015,0.931
2870,IRL,2016,0.936
2871,IRL,2017,0.941
2872,IRL,2018,0.944
2873,IRL,2019,0.947
2874,IRL,2020,0.948
2875,IRL,2021,0.946
2876,IRL,2022,0.947
2877,IRL,2023,0.949
2878,ISR,1990,0.787
2879,ISR,1991,0.791
2880,ISR,1992,0.794
2881,ISR,1993,0.801
2882,ISR,1994,0.806
2883,ISR,1995,0.81
2884,ISR,1996,0.817
2885,ISR,1997,0.824
2886,ISR,1998,0.831
2887,ISR,1999,0.839
2888,ISR,2000,0.839
2889,ISR,2001,0.841
2890,ISR,2002,0.846
2891,ISR,2003,0.847
2892,ISR,2004,0.85
2893,ISR,2005,0.858
2894,ISR,2006,0.867
2895,ISR,2007,0.878
2896,ISR,2008,0.878
2897,ISR,2009,0.884
2898,ISR,2010,0.889
2899,ISR,2011,0.892
2900,ISR,2012,0.893
2901,ISR,2013,0.899
2902,ISR,2014,0.902
2903,ISR,2015,0.902
2904,ISR,2016,0.905
2905,ISR,2017,0.908
2906,ISR,2018,0.911
2907,ISR,2019,0.913
2908,ISR,2020,0.912
2909,ISR,2021,0.918
2910,ISR,2022,0.921
2911,ISR,2023,0.919
2912,ITA,1990,0.787
2913,ITA,1991,0.792
2914,ITA,1992,0.8
2915,ITA,1993,0.806
2916,ITA,1994,0.816
2917,ITA,1995,0.823
2918,ITA,1996,0.829
2919,ITA,1997,0.836
2920,ITA,1998,0.84
2921,ITA,1999,0.845
2922,ITA,2000,0.849
2923,ITA,2001,0.856
2924,ITA,2002,0.862
2925,ITA,2003,0.866
2926,ITA,2004,0.874
2927,ITA,2005,0.876
2928,ITA,2006,0.881
2929,ITA,2007,0.885
2930,ITA,2008,0.885
2931,ITA,2009,0.884
2932,ITA,2010,0.887
2933,ITA,2011,0.89
2934,ITA,2012,0.887
2935,ITA,2013,0.887
2936,ITA,2014,0.89
2937,ITA,2015,0.889
2938,ITA,2016,0.894
2939,ITA,2017,0.897
2940,ITA,2018,0.902
2941,ITA,2019,0.906
2942,ITA,2020,0.899
2943,ITA,2021,0.908
2944,ITA,2022,0.905
2945,ITA,2023,0.915
2946,JAM,1990,0.662
2947,JAM,1991,0.662
2948,JAM,1992,0.664
2949,JAM,1993,0.664
2950,JAM,1994,0.664
2951,JAM,1995,0.665
2952,JAM,1996,0.664
2953,JAM,1997,0.663
2954,JAM,1998,0.662
2955,JAM,1999,0.662
2956,JAM,2000,0.659
2957,JAM,2001,0.668
2958,JAM,2002,0.672
2959,JAM,2003,0.668
2960,JAM,2004,0.684
2961,JAM,2005,0.687
2962,JAM,2006,0.696
2963,JAM,2007,0.704
2964,JAM,2008,0.711
2965,JAM,2009,0.711
2966,JAM,2010,0.708
2967,JAM,2011,0.711
2968,JAM,2012,0.711
2969,JAM,2013,0.711
2970,JAM,2014,0.712
2971,JAM,2015,0.713
2972,JAM,2016,0.714
2973,JAM,2017,0.715
2974,JAM,2018,0.715
2975,JAM,2019,0.716
2976,JAM,2020,0.711
2977,JAM,2021,0.703
2978,JAM,2022,0.718
2979,JAM,2023,0.72
2980,JPN,1990,0.853
2981,JPN,1991,0.857
2982,JPN,1992,0.859
2983,JPN,1993,0.865
2984,JPN,1994,0.872
2985,JPN,1995,0.874
2986,JPN,1996,0.88
2987,JPN,1997,0.883
2988,JPN,1998,0.884
2989,JPN,1999,0.885
2990,JPN,2000,0.889
2991,JPN,2001,0.892
2992,JPN,2002,0.894
2993,JPN,2003,0.896
2994,JPN,2004,0.899
2995,JPN,2005,0.9
2996,JPN,2006,0.903
2997,JPN,2007,0.905
2998,JPN,2008,0.905
2999,JPN,2009,0.905
3000,JPN,2010,0.907
3001,JPN,2011,0.906
3002,JPN,2012,0.909
3003,JPN,2013,0.912
3004,JPN,2014,0.914
3005,JPN,2015,0.917
3006,JPN,2016,0.918
3007,JPN,2017,0.92
3008,JPN,2018,0.921
3009,JPN,2019,0.922
3010,JPN,2020,0.922
3011,JPN,2021,0.922
3012,JPN,2022,0.921
3013,JPN,2023,0.925
3014,JOR,1990,0.619
3015,JOR,1991,0.625
3016,JOR,1992,0.638
3017,JOR,1993,0.643
3018,JOR,1994,0.647
3019,JOR,1995,0.653
3020,JOR,1996,0.657
3021,JOR,1997,0.661
3022,JOR,1998,0.664
3023,JOR,1999,0.668
3024,JOR,2000,0.672
3025,JOR,2001,0.679
3026,JOR,2002,0.686
3027,JOR,2003,0.693
3028,JOR,2004,0.705
3029,JOR,2005,0.713
3030,JOR,2006,0.719
3031,JOR,2007,0.725
3032,JOR,2008,0.733
3033,JOR,2009,0.735
3034,JOR,2010,0.732
3035,JOR,2011,0.734
3036,JOR,2012,0.74
3037,JOR,2013,0.742
3038,JOR,2014,0.742
3039,JOR,2015,0.743
3040,JOR,2016,0.745
3041,JOR,2017,0.747
3042,JOR,2018,0.747
3043,JOR,2019,0.75
3044,JOR,2020,0.743
3045,JOR,2021,0.736
3046,JOR,2022,0.751
3047,JOR,2023,0.754
3048,KAZ,1990,0.689
3049,KAZ,1991,0.683
3050,KAZ,1992,0.68
3051,KAZ,1993,0.673
3052,KAZ,1994,0.666
3053,KAZ,1995,0.665
3054,KAZ,1996,0.669
3055,KAZ,1997,0.673
3056,KAZ,1998,0.678
3057,KAZ,1999,0.683
3058,KAZ,2000,0.692
3059,KAZ,2001,0.707
3060,KAZ,2002,0.72
3061,KAZ,2003,0.732
3062,KAZ,2004,0.743
3063,KAZ,2005,0.754
3064,KAZ,2006,0.765
3065,KAZ,2007,0.772
3066,KAZ,2008,0.771
3067,KAZ,2009,0.774
3068,KAZ,2010,0.781
3069,KAZ,2011,0.79
3070,KAZ,2012,0.799
3071,KAZ,2013,0.808
3072,KAZ,2014,0.813
3073,KAZ,2015,0.819
3074,KAZ,2016,0.82
3075,KAZ,2017,0.824
3076,KAZ,2018,0.828
3077,KAZ,2019,0.834
3078,KAZ,2020,0.826
3079,KAZ,2021,0.816
3080,KAZ,2022,0.831
3081,KAZ,2023,0.837
3082,KEN,1990,0.485
3083,KEN,1991,0.485
3084,KEN,1992,0.484
3085,KEN,1993,0.483
3086,KEN,1994,0.484
3087,KEN,1995,0.488
3088,KEN,1996,0.491
3089,KEN,1997,0.493
3090,KEN,1998,0.496
3091,KEN,1999,0.499
3092,KEN,2000,0.5
3093,KEN,2001,0.505
3094,KEN,2002,0.504
3095,KEN,2003,0.515
3096,KEN,2004,0.526
3097,KEN,2005,0.532
3098,KEN,2006,0.541
3099,KEN,2007,0.548
3100,KEN,2008,0.553
3101,KEN,2009,0.553
3102,KEN,2010,0.552
3103,KEN,2011,0.56
3104,KEN,2012,0.565
3105,KEN,2013,0.57
3106,KEN,2014,0.576
3107,KEN,2015,0.583
3108,KEN,2016,0.594
3109,KEN,2017,0.599
3110,KEN,2018,0.605
3111,KEN,2019,0.611
3112,KEN,2020,0.6
3113,KEN,2021,0.608
3114,KEN,2022,0.626
3115,KEN,2023,0.628
3116,KIR,2005,0.588
3117,KIR,2006,0.593
3118,KIR,2007,0.596
3119,KIR,2008,0.596
3120,KIR,2009,0.598
3121,KIR,2010,0.6
3122,KIR,2011,0.603
3123,KIR,2012,0.608
3124,KIR,2013,0.613
3125,KIR,2014,0.615
3126,KIR,2015,0.623
3127,KIR,2016,0.627
3128,KIR,2017,0.63
3129,KIR,2018,0.633
3130,KIR,2019,0.635
3131,KIR,2020,0.632
3132,KIR,2021,0.631
3133,KIR,2022,0.642
3134,KIR,2023,0.644
3135,KWT,1990,0.698
3136,KWT,1991,0.685
3137,KWT,1992,0.699
3138,KWT,1993,0.704
3139,KWT,1994,0.734
3140,KWT,1995,0.763
3141,KWT,1996,0.769
3142,KWT,1997,0.765
3143,KWT,1998,0.77
3144,KWT,1999,0.773
3145,KWT,2000,0.778
3146,KWT,2001,0.777
3147,KWT,2002,0.783
3148,KWT,2003,0.795
3149,KWT,2004,0.798
3150,KWT,2005,0.798
3151,KWT,2006,0.799
3152,KWT,2007,0.801
3153,KWT,2008,0.805
3154,KWT,2009,0.809
3155,KWT,2010,0.812
3156,KWT,2011,0.817
3157,KWT,2012,0.822
3158,KWT,2013,0.814
3159,KWT,2014,0.818
3160,KWT,2015,0.832
3161,KWT,2016,0.836
3162,KWT,2017,0.838
3163,KWT,2018,0.84
3164,KWT,2019,0.843
3165,KWT,2020,0.837
3166,KWT,2021,0.839
3167,KWT,2022,0.845
3168,KWT,2023,0.852
3169,KGZ,1990,0.649
3170,KGZ,1991,0.643
3171,KGZ,1992,0.631
3172,KGZ,1993,0.615
3173,KGZ,1994,0.595
3174,KGZ,1995,0.59
3175,KGZ,1996,0.597
3176,KGZ,1997,0.608
3177,KGZ,1998,0.613
3178,KGZ,1999,0.619
3179,KGZ,2000,0.627
3180,KGZ,2001,0.634
3181,KGZ,2002,0.635
3182,KGZ,2003,0.642
3183,KGZ,2004,0.646
3184,KGZ,2005,0.648
3185,KGZ,2006,0.652
3186,KGZ,2007,0.658
3187,KGZ,2008,0.666
3188,KGZ,2009,0.669
3189,KGZ,2010,0.668
3190,KGZ,2011,0.67
3191,KGZ,2012,0.679
3192,KGZ,2013,0.686
3193,KGZ,2014,0.691
3194,KGZ,2015,0.695
3195,KGZ,2016,0.7
3196,KGZ,2017,0.704
3197,KGZ,2018,0.708
3198,KGZ,2019,0.708
3199,KGZ,2020,0.7
3200,KGZ,2021,0.704
3201,KGZ,2022,0.717
3202,KGZ,2023,0.72
3203,LAO,1990,0.409
3204,LAO,1991,0.415
3205,LAO,1992,0.42
3206,LAO,1993,0.426
3207,LAO,1994,0.434
3208,LAO,1995,0.436
3209,LAO,1996,0.449
3210,LAO,1997,0.455
3211,LAO,1998,0.462
3212,LAO,1999,0.469
3213,LAO,2000,0.473
3214,LAO,2001,0.479
3215,LAO,2002,0.488
3216,LAO,2003,0.496
3217,LAO,2004,0.505
3218,LAO,2005,0.514
3219,LAO,2006,0.515
3220,LAO,2007,0.529
3221,LAO,2008,0.537
3222,LAO,2009,0.548
3223,LAO,2010,0.556
3224,LAO,2011,0.567
3225,LAO,2012,0.577
3226,LAO,2013,0.587
3227,LAO,2014,0.597
3228,LAO,2015,0.604
3229,LAO,2016,0.609
3230,LAO,2017,0.612
3231,LAO,2018,0.613
3232,LAO,2019,0.615
3233,LAO,2020,0.616
3234,LAO,2021,0.613
3235,LAO,2022,0.614
3236,LAO,2023,0.617
3237,,1990,0.648
3238,,1991,0.653
3239,,1992,0.657
3240,,1993,0.661
3241,,1994,0.666
3242,,1995,0.67
3243,,1996,0.676
3244,,1997,0.683
3245,,1998,0.688
3246,,1999,0.692
3247,,2000,0.697
3248,,2001,0.702
3249,,2002,0.706
3250,,2003,0.711
3251,,2004,0.717
3252,,2005,0.723
3253,,2006,0.729
3254,,2007,0.736
3255,,2008,0.742
3256,,2009,0.743
3257,,2010,0.747
3258,,2011,0.753
3259,,2012,0.758
3260,,2013,0.762
3261,,2014,0.765
3262,,2015,0.767
3263,,2016,0.769
3264,,2017,0.772
3265,,2018,0.774
3266,,2019,0.776
3267,,2020,0.764
3268,,2021,0.762
3269,,2022,0.778
3270,,2023,0.783
3271,LVA,1990,0.736
3272,LVA,1991,0.733
3273,LVA,1992,0.709
3274,LVA,1993,0.692
3275,LVA,1994,0.686
3276,LVA,1995,0.695
3277,LVA,1996,0.714
3278,LVA,1997,0.727
3279,LVA,1998,0.738
3280,LVA,1999,0.753
3281,LVA,2000,0.764
3282,LVA,2001,0.775
3283,LVA,2002,0.786
3284,LVA,2003,0.798
3285,LVA,2004,0.809
3286,LVA,2005,0.818
3287,LVA,2006,0.823
3288,LVA,2007,0.829
3289,LVA,2008,0.837
3290,LVA,2009,0.836
3291,LVA,2010,0.833
3292,LVA,2011,0.84
3293,LVA,2012,0.843
3294,LVA,2013,0.852
3295,LVA,2014,0.854
3296,LVA,2015,0.859
3297,LVA,2016,0.864
3298,LVA,2017,0.87
3299,LVA,2018,0.875
3300,LVA,2019,0.88
3301,LVA,2020,0.879
3302,LVA,2021,0.871
3303,LVA,2022,0.881
3304,LVA,2023,0.889
3305,LBN,2005,0.71
3306,LBN,2006,0.713
3307,LBN,2007,0.726
3308,LBN,2008,0.734
3309,LBN,2009,0.743
3310,LBN,2010,0.75
3311,LBN,2011,0.758
3312,LBN,2012,0.762
3313,LBN,2013,0.762
3314,LBN,2014,0.761
3315,LBN,2015,0.763
3316,LBN,2016,0.767
3317,LBN,2017,0.772
3318,LBN,2018,0.774
3319,LBN,2019,0.771
3320,LBN,2020,0.75
3321,LBN,2021,0.733
3322,LBN,2022,0.755
3323,LBN,2023,0.752
3324,LSO,1990,0.483
3325,LSO,1991,0.482
3326,LSO,1992,0.481
3327,LSO,1993,0.477
3328,LSO,1994,0.478
3329,LSO,1995,0.476
3330,LSO,1996,0.473
3331,LSO,1997,0.469
3332,LSO,1998,0.469
3333,LSO,1999,0.462
3334,LSO,2000,0.462
3335,LSO,2001,0.457
3336,LSO,2002,0.455
3337,LSO,2003,0.456
3338,LSO,2004,0.454
3339,LSO,2005,0.454
3340,LSO,2006,0.451
3341,LSO,2007,0.458
3342,LSO,2008,0.463
3343,LSO,2009,0.468
3344,LSO,2010,0.478
3345,LSO,2011,0.485
3346,LSO,2012,0.496
3347,LSO,2013,0.502
3348,LSO,2014,0.509
3349,LSO,2015,0.517
3350,LSO,2016,0.526
3351,LSO,2017,0.531
3352,LSO,2018,0.538
3353,LSO,2019,0.541
3354,LSO,2020,0.537
3355,LSO,2021,0.532
3356,LSO,2022,0.547
3357,LSO,2023,0.55
3358,LBR,1999,0.403
3359,LBR,2000,0.443
3360,LBR,2001,0.448
3361,LBR,2002,0.453
3362,LBR,2003,0.429
3363,LBR,2004,0.442
3364,LBR,2005,0.446
3365,LBR,2006,0.45
3366,LBR,2007,0.455
3367,LBR,2008,0.459
3368,LBR,2009,0.463
3369,LBR,2010,0.467
3370,LBR,2011,0.471
3371,LBR,2012,0.475
3372,LBR,2013,0.481
3373,LBR,2014,0.479
3374,LBR,2015,0.48
3375,LBR,2016,0.485
3376,LBR,2017,0.491
3377,LBR,2018,0.495
3378,LBR,2019,0.497
3379,LBR,2020,0.498
3380,LBR,2021,0.503
3381,LBR,2022,0.508
3382,LBR,2023,0.51
3383,LBY,1990,0.69
3384,LBY,1991,0.7
3385,LBY,1992,0.703
3386,LBY,1993,0.705
3387,LBY,1994,0.71
3388,LBY,1995,0.712
3389,LBY,1996,0.716
3390,LBY,1997,0.721
3391,LBY,1998,0.721
3392,LBY,1999,0.724
3393,LBY,2000,0.727
3394,LBY,2001,0.73
3395,LBY,2002,0.733
3396,LBY,2003,0.739
3397,LBY,2004,0.741
3398,LBY,2005,0.747
3399,LBY,2006,0.751
3400,LBY,2007,0.754
3401,LBY,2008,0.754
3402,LBY,2009,0.753
3403,LBY,2010,0.755
3404,LBY,2011,0.715
3405,LBY,2012,0.758
3406,LBY,2013,0.748
3407,LBY,2014,0.728
3408,LBY,2015,0.728
3409,LBY,2016,0.725
3410,LBY,2017,0.74
3411,LBY,2018,0.743
3412,LBY,2019,0.737
3413,LBY,2020,0.688
3414,LBY,2021,0.729
3415,LBY,2022,0.741
3416,LBY,2023,0.721
3417,LIE,2000,0.882
3418,LIE,2001,0.888
3419,LIE,2002,0.893
3420,LIE,2003,0.897
3421,LIE,2004,0.904
3422,LIE,2005,0.903
3423,LIE,2006,0.908
3424,LIE,2007,0.909
3425,LIE,2008,0.912
3426,LIE,2009,0.913
3427,LIE,2010,0.914
3428,LIE,2011,0.919
3429,LIE,2012,0.919
3430,LIE,2013,0.92
3431,LIE,2014,0.923
3432,LIE,2015,0.925
3433,LIE,2016,0.926
3434,LIE,2017,0.929
3435,LIE,2018,0.928
3436,LIE,2019,0.935
3437,LIE,2020,0.929
3438,LIE,2021,0.933
3439,LIE,2022,0.936
3440,LIE,2023,0.938
3441,LTU,1990,0.745
3442,LTU,1991,0.738
3443,LTU,1992,0.723
3444,LTU,1993,0.705
3445,LTU,1994,0.699
3446,LTU,1995,0.706
3447,LTU,1996,0.723
3448,LTU,1997,0.739
3449,LTU,1998,0.751
3450,LTU,1999,0.762
3451,LTU,2000,0.778
3452,LTU,2001,0.787
3453,LTU,2002,0.799
3454,LTU,2003,0.812
3455,LTU,2004,0.821
3456,LTU,2005,0.828
3457,LTU,2006,0.834
3458,LTU,2007,0.839
3459,LTU,2008,0.849
3460,LTU,2009,0.851
3461,LTU,2010,0.854
3462,LTU,2011,0.86
3463,LTU,2012,0.862
3464,LTU,2013,0.865
3465,LTU,2014,0.866
3466,LTU,2015,0.869
3467,LTU,2016,0.875
3468,LTU,2017,0.885
3469,LTU,2018,0.889
3470,LTU,2019,0.894
3471,LTU,2020,0.888
3472,LTU,2021,0.887
3473,LTU,2022,0.888
3474,LTU,2023,0.895
3475,,1990,0.346
3476,,1991,0.348
3477,,1992,0.352
3478,,1993,0.356
3479,,1994,0.361
3480,,1995,0.368
3481,,1996,0.373
3482,,1997,0.378
3483,,1998,0.382
3484,,1999,0.39
3485,,2000,0.393
3486,,2001,0.401
3487,,2002,0.407
3488,,2003,0.414
3489,,2004,0.424
3490,,2005,0.433
3491,,2006,0.442
3492,,2007,0.45
3493,,2008,0.457
3494,,2009,0.461
3495,,2010,0.467
3496,,2011,0.471
3497,,2012,0.477
3498,,2013,0.482
3499,,2014,0.488
3500,,2015,0.491
3501,,2016,0.497
3502,,2017,0.5
3503,,2018,0.504
3504,,2019,0.507
3505,,2020,0.507
3506,,2021,0.507
3507,,2022,0.512
3508,,2023,0.515
3509,OWID_LIC,2005,0.34048912
3510,OWID_LIC,2006,0.34909377
3511,OWID_LIC,2007,0.35834178
3512,OWID_LIC,2008,0.39790112
3513,OWID_LIC,2009,0.40184388
3514,OWID_LIC,2010,0.42015556
3515,OWID_LIC,2011,0.4260822
3516,OWID_LIC,2012,0.42908752
3517,OWID_LIC,2013,0.43109366
3518,OWID_LIC,2014,0.43548393
3519,OWID_LIC,2015,0.4377328
3520,OWID_LIC,2016,0.4416823
3521,OWID_LIC,2017,0.44504344
3522,OWID_LIC,2018,0.4513883
3523,OWID_LIC,2019,0.45588028
3524,OWID_LIC,2020,0.45748705
3525,OWID_LIC,2021,0.45750508
3526,OWID_LIC,2022,0.470271
3527,OWID_LIC,2023,0.47687513
3528,OWID_LMC,1999,0.47680214
3529,OWID_LMC,2000,0.49044827
3530,OWID_LMC,2001,0.4985494
3531,OWID_LMC,2002,0.5046426
3532,OWID_LMC,2003,0.5150136
3533,OWID_LMC,2004,0.52508724
3534,OWID_LMC,2005,0.53497195
3535,OWID_LMC,2006,0.5434997
3536,OWID_LMC,2007,0.5514714
3537,OWID_LMC,2008,0.5576525
3538,OWID_LMC,2009,0.56358135
3539,OWID_LMC,2010,0.5720404
3540,OWID_LMC,2011,0.5822843
3541,OWID_LMC,2012,0.5884727
3542,OWID_LMC,2013,0.5942376
3543,OWID_LMC,2014,0.60274583
3544,OWID_LMC,2015,0.61057174
3545,OWID_LMC,2016,0.61895055
3546,OWID_LMC,2017,0.6230218
3547,OWID_LMC,2018,0.62488246
3548,OWID_LMC,2019,0.6287354
3549,OWID_LMC,2020,0.6285168
3550,OWID_LMC,2021,0.62642556
3551,OWID_LMC,2022,0.6454093
3552,OWID_LMC,2023,0.6512685
3553,LUX,1990,0.787
3554,LUX,1991,0.796
3555,LUX,1992,0.801
3556,LUX,1993,0.812
3557,LUX,1994,0.82
3558,LUX,1995,0.824
3559,LUX,1996,0.832
3560,LUX,1997,0.837
3561,LUX,1998,0.845
3562,LUX,1999,0.858
3563,LUX,2000,0.861
3564,LUX,2001,0.863
3565,LUX,2002,0.868
3566,LUX,2003,0.87
3567,LUX,2004,0.878
3568,LUX,2005,0.879
3569,LUX,2006,0.88
3570,LUX,2007,0.883
3571,LUX,2008,0.896
3572,LUX,2009,0.905
3573,LUX,2010,0.909
3574,LUX,2011,0.911
3575,LUX,2012,0.914
3576,LUX,2013,0.919
3577,LUX,2014,0.924
3578,LUX,2015,0.913
3579,LUX,2016,0.916
3580,LUX,2017,0.913
3581,LUX,2018,0.915
3582,LUX,2019,0.916
3583,LUX,2020,0.916
3584,LUX,2021,0.918
3585,LUX,2022,0.922
3586,LUX,2023,0.922
3587,MDG,1999,0.436
3588,MDG,2000,0.443
3589,MDG,2001,0.451
3590,MDG,2002,0.448
3591,MDG,2003,0.458
3592,MDG,2004,0.465
3593,MDG,2005,0.47
3594,MDG,2006,0.474
3595,MDG,2007,0.482
3596,MDG,2008,0.49
3597,MDG,2009,0.493
3598,MDG,2010,0.493
3599,MDG,2011,0.494
3600,MDG,2012,0.496
3601,MDG,2013,0.497
3602,MDG,2014,0.5
3603,MDG,2015,0.501
3604,MDG,2016,0.501
3605,MDG,2017,0.505
3606,MDG,2018,0.501
3607,MDG,2019,0.495
3608,MDG,2020,0.483
3609,MDG,2021,0.481
3610,MDG,2022,0.483
3611,MDG,2023,0.487
3612,MWI,1990,0.306
3613,MWI,1991,0.31
3614,MWI,1992,0.318
3615,MWI,1993,0.324
3616,MWI,1994,0.325
3617,MWI,1995,0.37
3618,MWI,1996,0.375
3619,MWI,1997,0.379
3620,MWI,1998,0.384
3621,MWI,1999,0.392
3622,MWI,2000,0.394
3623,MWI,2001,0.4
3624,MWI,2002,0.407
3625,MWI,2003,0.414
3626,MWI,2004,0.421
3627,MWI,2005,0.427
3628,MWI,2006,0.436
3629,MWI,2007,0.444
3630,MWI,2008,0.455
3631,MWI,2009,0.465
3632,MWI,2010,0.475
3633,MWI,2011,0.483
3634,MWI,2012,0.488
3635,MWI,2013,0.494
3636,MWI,2014,0.5
3637,MWI,2015,0.504
3638,MWI,2016,0.506
3639,MWI,2017,0.508
3640,MWI,2018,0.51
3641,MWI,2019,0.513
3642,MWI,2020,0.512
3643,MWI,2021,0.509
3644,MWI,2022,0.513
3645,MWI,2023,0.517
3646,MYS,1990,0.653
3647,MYS,1991,0.661
3648,MYS,1992,0.67
3649,MYS,1993,0.677
3650,MYS,1994,0.684
3651,MYS,1995,0.691
3652,MYS,1996,0.701
3653,MYS,1997,0.713
3654,MYS,1998,0.718
3655,MYS,1999,0.723
3656,MYS,2000,0.733
3657,MYS,2001,0.731
3658,MYS,2002,0.732
3659,MYS,2003,0.737
3660,MYS,2004,0.739
3661,MYS,2005,0.736
3662,MYS,2006,0.742
3663,MYS,2007,0.754
3664,MYS,2008,0.765
3665,MYS,2009,0.773
3666,MYS,2010,0.779
3667,MYS,2011,0.782
3668,MYS,2012,0.787
3669,MYS,2013,0.791
3670,MYS,2014,0.795
3671,MYS,2015,0.8
3672,MYS,2016,0.805
3673,MYS,2017,0.807
3674,MYS,2018,0.809
3675,MYS,2019,0.812
3676,MYS,2020,0.81
3677,MYS,2021,0.802
3678,MYS,2022,0.81
3679,MYS,2023,0.819
3680,MDV,2000,0.639
3681,MDV,2001,0.639
3682,MDV,2002,0.645
3683,MDV,2003,0.654
3684,MDV,2004,0.655
3685,MDV,2005,0.657
3686,MDV,2006,0.672
3687,MDV,2007,0.672
3688,MDV,2008,0.681
3689,MDV,2009,0.682
3690,MDV,2010,0.689
3691,MDV,2011,0.698
3692,MDV,2012,0.704
3693,MDV,2013,0.71
3694,MDV,2014,0.718
3695,MDV,2015,0.725
3696,MDV,2016,0.732
3697,MDV,2017,0.739
3698,MDV,2018,0.744
3699,MDV,2019,0.749
3700,MDV,2020,0.73
3701,MDV,2021,0.745
3702,MDV,2022,0.764
3703,MDV,2023,0.766
3704,MLI,1990,0.24
3705,MLI,1991,0.247
3706,MLI,1992,0.251
3707,MLI,1993,0.259
3708,MLI,1994,0.266
3709,MLI,1995,0.273
3710,MLI,1996,0.282
3711,MLI,1997,0.293
3712,MLI,1998,0.303
3713,MLI,1999,0.314
3714,MLI,2000,0.32
3715,MLI,2001,0.332
3716,MLI,2002,0.34
3717,MLI,2003,0.352
3718,MLI,2004,0.359
3719,MLI,2005,0.368
3720,MLI,2006,0.377
3721,MLI,2007,0.386
3722,MLI,2008,0.395
3723,MLI,2009,0.403
3724,MLI,2010,0.41
3725,MLI,2011,0.415
3726,MLI,2012,0.411
3727,MLI,2013,0.409
3728,MLI,2014,0.414
3729,MLI,2015,0.413
3730,MLI,2016,0.411
3731,MLI,2017,0.416
3732,MLI,2018,0.421
3733,MLI,2019,0.425
3734,MLI,2020,0.414
3735,MLI,2021,0.414
3736,MLI,2022,0.417
3737,MLI,2023,0.419
3738,MLT,1990,0.735
3739,MLT,1991,0.742
3740,MLT,1992,0.748
3741,MLT,1993,0.754
3742,MLT,1994,0.758
3743,MLT,1995,0.763
3744,MLT,1996,0.763
3745,MLT,1997,0.772
3746,MLT,1998,0.781
3747,MLT,1999,0.784
3748,MLT,2000,0.79
3749,MLT,2001,0.801
3750,MLT,2002,0.806
3751,MLT,2003,0.818
3752,MLT,2004,0.832
3753,MLT,2005,0.84
3754,MLT,2006,0.838
3755,MLT,2007,0.845
3756,MLT,2008,0.848
3757,MLT,2009,0.854
3758,MLT,2010,0.867
3759,MLT,2011,0.862
3760,MLT,2012,0.87
3761,MLT,2013,0.88
3762,MLT,2014,0.886
3763,MLT,2015,0.892
3764,MLT,2016,0.891
3765,MLT,2017,0.901
3766,MLT,2018,0.908
3767,MLT,2019,0.91
3768,MLT,2020,0.903
3769,MLT,2021,0.914
3770,MLT,2022,0.917
3771,MLT,2023,0.924
3772,MHL,2011,0.666
3773,MHL,2012,0.668
3774,MHL,2013,0.676
3775,MHL,2014,0.681
3776,MHL,2015,0.691
3777,MHL,2016,0.696
3778,MHL,2017,0.702
3779,MHL,2018,0.71
3780,MHL,2019,0.722
3781,MHL,2020,0.722
3782,MHL,2021,0.723
3783,MHL,2022,0.732
3784,MHL,2023,0.733
3785,MRT,1990,0.396
3786,MRT,1991,0.401
3787,MRT,1992,0.409
3788,MRT,1993,0.421
3789,MRT,1994,0.432
3790,MRT,1995,0.439
3791,MRT,1996,0.448
3792,MRT,1997,0.45
3793,MRT,1998,0.46
3794,MRT,1999,0.467
3795,MRT,2000,0.468
3796,MRT,2001,0.47
3797,MRT,2002,0.475
3798,MRT,2003,0.482
3799,MRT,2004,0.494
3800,MRT,2005,0.5
3801,MRT,2006,0.512
3802,MRT,2007,0.512
3803,MRT,2008,0.512
3804,MRT,2009,0.522
3805,MRT,2010,0.525
3806,MRT,2011,0.53
3807,MRT,2012,0.538
3808,MRT,2013,0.544
3809,MRT,2014,0.547
3810,MRT,2015,0.551
3811,MRT,2016,0.548
3812,MRT,2017,0.551
3813,MRT,2018,0.561
3814,MRT,2019,0.566
3815,MRT,2020,0.554
3816,MRT,2021,0.553
3817,MRT,2022,0.562
3818,MRT,2023,0.563
3819,MUS,1990,0.627
3820,MUS,1991,0.632
3821,MUS,1992,0.637
3822,MUS,1993,0.641
3823,MUS,1994,0.645
3824,MUS,1995,0.65
3825,MUS,1996,0.653
3826,MUS,1997,0.659
3827,MUS,1998,0.667
3828,MUS,1999,0.675
3829,MUS,2000,0.683
3830,MUS,2001,0.697
3831,MUS,2002,0.701
3832,MUS,2003,0.709
3833,MUS,2004,0.716
3834,MUS,2005,0.723
3835,MUS,2006,0.729
3836,MUS,2007,0.736
3837,MUS,2008,0.742
3838,MUS,2009,0.748
3839,MUS,2010,0.755
3840,MUS,2011,0.762
3841,MUS,2012,0.778
3842,MUS,2013,0.781
3843,MUS,2014,0.79
3844,MUS,2015,0.792
3845,MUS,2016,0.795
3846,MUS,2017,0.799
3847,MUS,2018,0.801
3848,MUS,2019,0.803
3849,MUS,2020,0.795
3850,MUS,2021,0.789
3851,MUS,2022,0.794
3852,MUS,2023,0.806
3853,,1990,0.439
3854,,1991,0.44
3855,,1992,0.445
3856,,1993,0.449
3857,,1994,0.453
3858,,1995,0.459
3859,,1996,0.466
3860,,1997,0.472
3861,,1998,0.478
3862,,1999,0.485
3863,,2000,0.491
3864,,2001,0.5
3865,,2002,0.506
3866,,2003,0.516
3867,,2004,0.526
3868,,2005,0.535
3869,,2006,0.543
3870,,2007,0.551
3871,,2008,0.558
3872,,2009,0.565
3873,,2010,0.573
3874,,2011,0.584
3875,,2012,0.59
3876,,2013,0.595
3877,,2014,0.604
3878,,2015,0.611
3879,,2016,0.62
3880,,2017,0.624
3881,,2018,0.627
3882,,2019,0.631
3883,,2020,0.631
3884,,2021,0.629
3885,,2022,0.649
3886,,2023,0.656
3887,MEX,1990,0.668
3888,MEX,1991,0.67
3889,MEX,1992,0.672
3890,MEX,1993,0.675
3891,MEX,1994,0.68
3892,MEX,1995,0.68
3893,MEX,1996,0.687
3894,MEX,1997,0.694
3895,MEX,1998,0.701
3896,MEX,1999,0.706
3897,MEX,2000,0.712
3898,MEX,2001,0.715
3899,MEX,2002,0.722
3900,MEX,2003,0.728
3901,MEX,2004,0.732
3902,MEX,2005,0.736
3903,MEX,2006,0.745
3904,MEX,2007,0.747
3905,MEX,2008,0.75
3906,MEX,2009,0.749
3907,MEX,2010,0.751
3908,MEX,2011,0.757
3909,MEX,2012,0.764
3910,MEX,2013,0.765
3911,MEX,2014,0.769
3912,MEX,2015,0.773
3913,MEX,2016,0.778
3914,MEX,2017,0.781
3915,MEX,2018,0.785
3916,MEX,2019,0.788
3917,MEX,2020,0.763
3918,MEX,2021,0.761
3919,MEX,2022,0.783
3920,MEX,2023,0.789
3921,FSM,2000,0.596
3922,FSM,2001,0.599
3923,FSM,2002,0.596
3924,FSM,2003,0.601
3925,FSM,2004,0.6
3926,FSM,2005,0.601
3927,FSM,2006,0.602
3928,FSM,2007,0.601
3929,FSM,2008,0.6
3930,FSM,2009,0.601
3931,FSM,2010,0.603
3932,FSM,2011,0.605
3933,FSM,2012,0.605
3934,FSM,2013,0.603
3935,FSM,2014,0.602
3936,FSM,2015,0.604
3937,FSM,2016,0.606
3938,FSM,2017,0.607
3939,FSM,2018,0.608
3940,FSM,2019,0.611
3941,FSM,2020,0.609
3942,FSM,2021,0.611
3943,FSM,2022,0.614
3944,FSM,2023,0.615
3945,MDA,2005,0.702
3946,MDA,2006,0.711
3947,MDA,2007,0.718
3948,MDA,2008,0.728
3949,MDA,2009,0.729
3950,MDA,2010,0.739
3951,MDA,2011,0.748
3952,MDA,2012,0.754
3953,MDA,2013,0.758
3954,MDA,2014,0.762
3955,MDA,2015,0.759
3956,MDA,2016,0.763
3957,MDA,2017,0.769
3958,MDA,2018,0.772
3959,MDA,2019,0.775
3960,MDA,2020,0.77
3961,MDA,2021,0.773
3962,MDA,2022,0.784
3963,MDA,2023,0.785
3964,MNG,1990,0.593
3965,MNG,1991,0.591
3966,MNG,1992,0.581
3967,MNG,1993,0.567
3968,MNG,1994,0.568
3969,MNG,1995,0.572
3970,MNG,1996,0.578
3971,MNG,1997,0.585
3972,MNG,1998,0.594
3973,MNG,1999,0.602
3974,MNG,2000,0.611
3975,MNG,2001,0.622
3976,MNG,2002,0.631
3977,MNG,2003,0.643
3978,MNG,2004,0.658
3979,MNG,2005,0.671
3980,MNG,2006,0.683
3981,MNG,2007,0.696
3982,MNG,2008,0.707
3983,MNG,2009,0.711
3984,MNG,2010,0.714
3985,MNG,2011,0.725
3986,MNG,2012,0.735
3987,MNG,2013,0.744
3988,MNG,2014,0.748
3989,MNG,2015,0.753
3990,MNG,2016,0.759
3991,MNG,2017,0.759
3992,MNG,2018,0.767
3993,MNG,2019,0.758
3994,MNG,2020,0.741
3995,MNG,2021,0.727
3996,MNG,2022,0.742
3997,MNG,2023,0.747
3998,MNE,2003,0.764
3999,MNE,2004,0.768
4000,MNE,2005,0.773
4001,MNE,2006,0.785
4002,MNE,2007,0.795
4003,MNE,2008,0.806
4004,MNE,2009,0.809
4005,MNE,2010,0.815
4006,MNE,2011,0.822
4007,MNE,2012,0.825
4008,MNE,2013,0.83
4009,MNE,2014,0.833
4010,MNE,2015,0.839
4011,MNE,2016,0.836
4012,MNE,2017,0.843
4013,MNE,2018,0.849
4014,MNE,2019,0.851
4015,MNE,2020,0.841
4016,MNE,2021,0.84
4017,MNE,2022,0.853
4018,MNE,2023,0.862
4019,MAR,1990,0.451
4020,MAR,1991,0.457
4021,MAR,1992,0.461
4022,MAR,1993,0.468
4023,MAR,1994,0.48
4024,MAR,1995,0.484
4025,MAR,1996,0.495
4026,MAR,1997,0.5
4027,MAR,1998,0.507
4028,MAR,1999,0.517
4029,MAR,2000,0.528
4030,MAR,2001,0.539
4031,MAR,2002,0.55
4032,MAR,2003,0.56
4033,MAR,2004,0.567
4034,MAR,2005,0.573
4035,MAR,2006,0.579
4036,MAR,2007,0.586
4037,MAR,2008,0.593
4038,MAR,2009,0.598
4039,MAR,2010,0.607
4040,MAR,2011,0.619
4041,MAR,2012,0.629
4042,MAR,2013,0.639
4043,MAR,2014,0.648
4044,MAR,2015,0.659
4045,MAR,2016,0.665
4046,MAR,2017,0.674
4047,MAR,2018,0.68
4048,MAR,2019,0.687
4049,MAR,2020,0.683
4050,MAR,2021,0.69
4051,MAR,2022,0.704
4052,MAR,2023,0.71
4053,MOZ,1990,0.246
4054,MOZ,1991,0.25
4055,MOZ,1992,0.245
4056,MOZ,1993,0.252
4057,MOZ,1994,0.255
4058,MOZ,1995,0.257
4059,MOZ,1996,0.269
4060,MOZ,1997,0.281
4061,MOZ,1998,0.292
4062,MOZ,1999,0.304
4063,MOZ,2000,0.311
4064,MOZ,2001,0.326
4065,MOZ,2002,0.335
4066,MOZ,2003,0.35
4067,MOZ,2004,0.36
4068,MOZ,2005,0.371
4069,MOZ,2006,0.379
4070,MOZ,2007,0.392
4071,MOZ,2008,0.403
4072,MOZ,2009,0.411
4073,MOZ,2010,0.419
4074,MOZ,2011,0.424
4075,MOZ,2012,0.431
4076,MOZ,2013,0.443
4077,MOZ,2014,0.45
4078,MOZ,2015,0.457
4079,MOZ,2016,0.46
4080,MOZ,2017,0.461
4081,MOZ,2018,0.469
4082,MOZ,2019,0.475
4083,MOZ,2020,0.477
4084,MOZ,2021,0.478
4085,MOZ,2022,0.49
4086,MOZ,2023,0.493
4087,MMR,1990,0.347
4088,MMR,1991,0.354
4089,MMR,1992,0.368
4090,MMR,1993,0.374
4091,MMR,1994,0.381
4092,MMR,1995,0.385
4093,MMR,1996,0.391
4094,MMR,1997,0.396
4095,MMR,1998,0.399
4096,MMR,1999,0.406
4097,MMR,2000,0.415
4098,MMR,2001,0.423
4099,MMR,2002,0.433
4100,MMR,2003,0.443
4101,MMR,2004,0.453
4102,MMR,2005,0.463
4103,MMR,2006,0.473
4104,MMR,2007,0.483
4105,MMR,2008,0.468
4106,MMR,2009,0.504
4107,MMR,2010,0.515
4108,MMR,2011,0.525
4109,MMR,2012,0.535
4110,MMR,2013,0.546
4111,MMR,2014,0.557
4112,MMR,2015,0.566
4113,MMR,2016,0.574
4114,MMR,2017,0.587
4115,MMR,2018,0.6
4116,MMR,2019,0.61
4117,MMR,2020,0.609
4118,MMR,2021,0.605
4119,MMR,2022,0.606
4120,MMR,2023,0.609
4121,NAM,1990,0.597
4122,NAM,1991,0.602
4123,NAM,1992,0.603
4124,NAM,1993,0.601
4125,NAM,1994,0.6
4126,NAM,1995,0.595
4127,NAM,1996,0.587
4128,NAM,1997,0.58
4129,NAM,1998,0.574
4130,NAM,1999,0.565
4131,NAM,2000,0.561
4132,NAM,2001,0.555
4133,NAM,2002,0.555
4134,NAM,2003,0.558
4135,NAM,2004,0.563
4136,NAM,2005,0.564
4137,NAM,2006,0.569
4138,NAM,2007,0.576
4139,NAM,2008,0.581
4140,NAM,2009,0.585
4141,NAM,2010,0.591
4142,NAM,2011,0.598
4143,NAM,2012,0.607
4144,NAM,2013,0.616
4145,NAM,2014,0.624
4146,NAM,2015,0.63
4147,NAM,2016,0.634
4148,NAM,2017,0.638
4149,NAM,2018,0.642
4150,NAM,2019,0.647
4151,NAM,2020,0.647
4152,NAM,2021,0.631
4153,NAM,2022,0.649
4154,NAM,2023,0.665
4155,NRU,2005,0.589
4156,NRU,2006,0.565
4157,NRU,2007,0.581
4158,NRU,2008,0.614
4159,NRU,2009,0.607
4160,NRU,2010,0.616
4161,NRU,2011,0.624
4162,NRU,2012,0.633
4163,NRU,2013,0.64
4164,NRU,2014,0.655
4165,NRU,2015,0.66
4166,NRU,2016,0.67
4167,NRU,2017,0.67
4168,NRU,2018,0.668
4169,NRU,2019,0.678
4170,NRU,2020,0.684
4171,NRU,2021,0.692
4172,NRU,2022,0.7
4173,NRU,2023,0.703
4174,NPL,1990,0.404
4175,NPL,1991,0.412
4176,NPL,1992,0.42
4177,NPL,1993,0.425
4178,NPL,1994,0.433
4179,NPL,1995,0.438
4180,NPL,1996,0.447
4181,NPL,1997,0.453
4182,NPL,1998,0.459
4183,NPL,1999,0.464
4184,NPL,2000,0.471
4185,NPL,2001,0.472
4186,NPL,2002,0.479
4187,NPL,2003,0.486
4188,NPL,2004,0.493
4189,NPL,2005,0.5
4190,NPL,2006,0.512
4191,NPL,2007,0.516
4192,NPL,2008,0.526
4193,NPL,2009,0.538
4194,NPL,2010,0.551
4195,NPL,2011,0.559
4196,NPL,2012,0.565
4197,NPL,2013,0.57
4198,NPL,2014,0.574
4199,NPL,2015,0.575
4200,NPL,2016,0.58
4201,NPL,2017,0.588
4202,NPL,2018,0.596
4203,NPL,2019,0.604
4204,NPL,2020,0.599
4205,NPL,2021,0.596
4206,NPL,2022,0.605
4207,NPL,2023,0.622
4208,NLD,1990,0.855
4209,NLD,1991,0.86
4210,NLD,1992,0.861
4211,NLD,1993,0.863
4212,NLD,1994,0.889
4213,NLD,1995,0.886
4214,NLD,1996,0.89
4215,NLD,1997,0.891
4216,NLD,1998,0.893
4217,NLD,1999,0.894
4218,NLD,2000,0.9
4219,NLD,2001,0.902
4220,NLD,2002,0.898
4221,NLD,2003,0.901
4222,NLD,2004,0.904
4223,NLD,2005,0.907
4224,NLD,2006,0.914
4225,NLD,2007,0.92
4226,NLD,2008,0.92
4227,NLD,2009,0.92
4228,NLD,2010,0.925
4229,NLD,2011,0.935
4230,NLD,2012,0.935
4231,NLD,2013,0.937
4232,NLD,2014,0.939
4233,NLD,2015,0.94
4234,NLD,2016,0.941
4235,NLD,2017,0.945
4236,NLD,2018,0.947
4237,NLD,2019,0.95
4238,NLD,2020,0.945
4239,NLD,2021,0.951
4240,NLD,2022,0.953
4241,NLD,2023,0.955
4242,NZL,1990,0.811
4243,NZL,1991,0.813
4244,NZL,1992,0.822
4245,NZL,1993,0.838
4246,NZL,1994,0.852
4247,NZL,1995,0.858
4248,NZL,1996,0.862
4249,NZL,1997,0.871
4250,NZL,1998,0.881
4251,NZL,1999,0.886
4252,NZL,2000,0.896
4253,NZL,2001,0.902
4254,NZL,2002,0.905
4255,NZL,2003,0.91
4256,NZL,2004,0.912
4257,NZL,2005,0.917
4258,NZL,2006,0.918
4259,NZL,2007,0.921
4260,NZL,2008,0.92
4261,NZL,2009,0.923
4262,NZL,2010,0.926
4263,NZL,2011,0.927
4264,NZL,2012,0.929
4265,NZL,2013,0.933
4266,NZL,2014,0.932
4267,NZL,2015,0.934
4268,NZL,2016,0.938
4269,NZL,2017,0.936
4270,NZL,2018,0.938
4271,NZL,2019,0.938
4272,NZL,2020,0.94
4273,NZL,2021,0.939
4274,NZL,2022,0.933
4275,NZL,2023,0.938
4276,NIC,1990,0.515
4277,NIC,1991,0.526
4278,NIC,1992,0.531
4279,NIC,1993,0.534
4280,NIC,1994,0.54
4281,NIC,1995,0.549
4282,NIC,1996,0.559
4283,NIC,1997,0.568
4284,NIC,1998,0.569
4285,NIC,1999,0.585
4286,NIC,2000,0.593
4287,NIC,2001,0.601
4288,NIC,2002,0.609
4289,NIC,2003,0.615
4290,NIC,2004,0.623
4291,NIC,2005,0.63
4292,NIC,2006,0.636
4293,NIC,2007,0.642
4294,NIC,2008,0.646
4295,NIC,2009,0.646
4296,NIC,2010,0.651
4297,NIC,2011,0.657
4298,NIC,2012,0.664
4299,NIC,2013,0.668
4300,NIC,2014,0.674
4301,NIC,2015,0.679
4302,NIC,2016,0.684
4303,NIC,2017,0.688
4304,NIC,2018,0.69
4305,NIC,2019,0.69
4306,NIC,2020,0.676
4307,NIC,2021,0.682
4308,NIC,2022,0.701
4309,NIC,2023,0.706
4310,NER,1990,0.215
4311,NER,1991,0.219
4312,NER,1992,0.222
4313,NER,1993,0.228
4314,NER,1994,0.233
4315,NER,1995,0.238
4316,NER,1996,0.245
4317,NER,1997,0.25
4318,NER,1998,0.258
4319,NER,1999,0.263
4320,NER,2000,0.266
4321,NER,2001,0.272
4322,NER,2002,0.278
4323,NER,2003,0.284
4324,NER,2004,0.292
4325,NER,2005,0.302
4326,NER,2006,0.309
4327,NER,2007,0.313
4328,NER,2008,0.323
4329,NER,2009,0.329
4330,NER,2010,0.339
4331,NER,2011,0.346
4332,NER,2012,0.356
4333,NER,2013,0.362
4334,NER,2014,0.369
4335,NER,2015,0.374
4336,NER,2016,0.38
4337,NER,2017,0.384
4338,NER,2018,0.391
4339,NER,2019,0.4
4340,NER,2020,0.404
4341,NER,2021,0.413
4342,NER,2022,0.414
4343,NER,2023,0.419
4344,NGA,1990,0.379
4345,NGA,1991,0.383
4346,NGA,1992,0.388
4347,NGA,1993,0.393
4348,NGA,1994,0.397
4349,NGA,1995,0.402
4350,NGA,1996,0.408
4351,NGA,1997,0.413
4352,NGA,1998,0.419
4353,NGA,1999,0.425
4354,NGA,2000,0.435
4355,NGA,2001,0.438
4356,NGA,2002,0.451
4357,NGA,2003,0.464
4358,NGA,2004,0.477
4359,NGA,2005,0.484
4360,NGA,2006,0.489
4361,NGA,2007,0.492
4362,NGA,2008,0.497
4363,NGA,2009,0.499
4364,NGA,2010,0.502
4365,NGA,2011,0.508
4366,NGA,2012,0.512
4367,NGA,2013,0.517
4368,NGA,2014,0.524
4369,NGA,2015,0.53
4370,NGA,2016,0.532
4371,NGA,2017,0.534
4372,NGA,2018,0.537
4373,NGA,2019,0.544
4374,NGA,2020,0.547
4375,NGA,2021,0.554
4376,NGA,2022,0.557
4377,NGA,2023,0.56
4378,OWID_NAM,2000,0.81713676
4379,OWID_NAM,2001,0.819591
4380,OWID_NAM,2002,0.8224308
4381,OWID_NAM,2003,0.8255375
4382,OWID_NAM,2004,0.83012056
4383,OWID_NAM,2005,0.8332466
4384,OWID_NAM,2006,0.8386846
4385,OWID_NAM,2007,0.84200835
4386,OWID_NAM,2008,0.8433985
4387,OWID_NAM,2009,0.8439207
4388,OWID_NAM,2010,0.84561443
4389,OWID_NAM,2011,0.8494359
4390,OWID_NAM,2012,0.8532949
4391,OWID_NAM,2013,0.85496044
4392,OWID_NAM,2014,0.85716856
4393,OWID_NAM,2015,0.8591236
4394,OWID_NAM,2016,0.86142576
4395,OWID_NAM,2017,0.8636879
4396,OWID_NAM,2018,0.8665236
4397,OWID_NAM,2019,0.8687238
4398,OWID_NAM,2020,0.85540247
4399,OWID_NAM,2021,0.8522403
4400,OWID_NAM,2022,0.86384416
4401,OWID_NAM,2023,0.8702258
4402,MKD,1990,0.644
4403,MKD,1991,0.647
4404,MKD,1992,0.642
4405,MKD,1993,0.647
4406,MKD,1994,0.648
4407,MKD,1995,0.653
4408,MKD,1996,0.657
4409,MKD,1997,0.661
4410,MKD,1998,0.666
4411,MKD,1999,0.675
4412,MKD,2000,0.686
4413,MKD,2001,0.691
4414,MKD,2002,0.694
4415,MKD,2003,0.7
4416,MKD,2004,0.708
4417,MKD,2005,0.717
4418,MKD,2006,0.726
4419,MKD,2007,0.732
4420,MKD,2008,0.753
4421,MKD,2009,0.757
4422,MKD,2010,0.765
4423,MKD,2011,0.771
4424,MKD,2012,0.775
4425,MKD,2013,0.782
4426,MKD,2014,0.788
4427,MKD,2015,0.795
4428,MKD,2016,0.8
4429,MKD,2017,0.807
4430,MKD,2018,0.814
4431,MKD,2019,0.805
4432,MKD,2020,0.783
4433,MKD,2021,0.781
4434,MKD,2022,0.811
4435,MKD,2023,0.815
4436,NOR,1990,0.856
4437,NOR,1991,0.863
4438,NOR,1992,0.868
4439,NOR,1993,0.875
4440,NOR,1994,0.89
4441,NOR,1995,0.887
4442,NOR,1996,0.894
4443,NOR,1997,0.9
4444,NOR,1998,0.908
4445,NOR,1999,0.913
4446,NOR,2000,0.924
4447,NOR,2001,0.923
4448,NOR,2002,0.923
4449,NOR,2003,0.93
4450,NOR,2004,0.937
4451,NOR,2005,0.939
4452,NOR,2006,0.942
4453,NOR,2007,0.943
4454,NOR,2008,0.943
4455,NOR,2009,0.944
4456,NOR,2010,0.947
4457,NOR,2011,0.949
4458,NOR,2012,0.95
4459,NOR,2013,0.953
4460,NOR,2014,0.956
4461,NOR,2015,0.959
4462,NOR,2016,0.962
4463,NOR,2017,0.965
4464,NOR,2018,0.966
4465,NOR,2019,0.967
4466,NOR,2020,0.969
4467,NOR,2021,0.969
4468,NOR,2022,0.967
4469,NOR,2023,0.97
4470,OWID_OCE,2005,0.80804354
4471,OWID_OCE,2006,0.8101854
4472,OWID_OCE,2007,0.8121299
4473,OWID_OCE,2008,0.8153273
4474,OWID_OCE,2009,0.81803006
4475,OWID_OCE,2010,0.82062435
4476,OWID_OCE,2011,0.8243534
4477,OWID_OCE,2012,0.82798356
4478,OWID_OCE,2013,0.8279558
4479,OWID_OCE,2014,0.8310525
4480,OWID_OCE,2015,0.8333656
4481,OWID_OCE,2016,0.83567315
4482,OWID_OCE,2017,0.83694863
4483,OWID_OCE,2018,0.84073627
4484,OWID_OCE,2019,0.8431121
4485,OWID_OCE,2020,0.84438473
4486,OWID_OCE,2021,0.84548646
4487,OWID_OCE,2022,0.84466344
4488,OWID_OCE,2023,0.84926206
4489,OMN,2000,0.707
4490,OMN,2001,0.719
4491,OMN,2002,0.729
4492,OMN,2003,0.739
4493,OMN,2004,0.743
4494,OMN,2005,0.756
4495,OMN,2006,0.766
4496,OMN,2007,0.774
4497,OMN,2008,0.782
4498,OMN,2009,0.799
4499,OMN,2010,0.804
4500,OMN,2011,0.822
4501,OMN,2012,0.824
4502,OMN,2013,0.827
4503,OMN,2014,0.831
4504,OMN,2015,0.838
4505,OMN,2016,0.845
4506,OMN,2017,0.848
4507,OMN,2018,0.854
4508,OMN,2019,0.857
4509,OMN,2020,0.843
4510,OMN,2021,0.834
4511,OMN,2022,0.846
4512,OMN,2023,0.858
4513,PAK,1990,0.396
4514,PAK,1991,0.4
4515,PAK,1992,0.405
4516,PAK,1993,0.408
4517,PAK,1994,0.412
4518,PAK,1995,0.415
4519,PAK,1996,0.42
4520,PAK,1997,0.422
4521,PAK,1998,0.426
4522,PAK,1999,0.431
4523,PAK,2000,0.436
4524,PAK,2001,0.443
4525,PAK,2002,0.45
4526,PAK,2003,0.458
4527,PAK,2004,0.472
4528,PAK,2005,0.48
4529,PAK,2006,0.489
4530,PAK,2007,0.495
4531,PAK,2008,0.496
4532,PAK,2009,0.497
4533,PAK,2010,0.5
4534,PAK,2011,0.504
4535,PAK,2012,0.508
4536,PAK,2013,0.512
4537,PAK,2014,0.522
4538,PAK,2015,0.527
4539,PAK,2016,0.535
4540,PAK,2017,0.537
4541,PAK,2018,0.538
4542,PAK,2019,0.54
4543,PAK,2020,0.536
4544,PAK,2021,0.537
4545,PAK,2022,0.544
4546,PAK,2023,0.544
4547,PLW,2000,0.736
4548,PLW,2001,0.741
4549,PLW,2002,0.746
4550,PLW,2003,0.749
4551,PLW,2004,0.755
4552,PLW,2005,0.761
4553,PLW,2006,0.765
4554,PLW,2007,0.771
4555,PLW,2008,0.773
4556,PLW,2009,0.776
4557,PLW,2010,0.779
4558,PLW,2011,0.784
4559,PLW,2012,0.787
4560,PLW,2013,0.791
4561,PLW,2014,0.795
4562,PLW,2015,0.802
4563,PLW,2016,0.804
4564,PLW,2017,0.804
4565,PLW,2018,0.805
4566,PLW,2019,0.806
4567,PLW,2020,0.799
4568,PLW,2021,0.789
4569,PLW,2022,0.786
4570,PLW,2023,0.786
4571,PSE,2004,0.654
4572,PSE,2005,0.663
4573,PSE,2006,0.664
4574,PSE,2007,0.674
4575,PSE,2008,0.679
4576,PSE,2009,0.685
4577,PSE,2010,0.691
4578,PSE,2011,0.698
4579,PSE,2012,0.704
4580,PSE,2013,0.706
4581,PSE,2014,0.7
4582,PSE,2015,0.712
4583,PSE,2016,0.717
4584,PSE,2017,0.721
4585,PSE,2018,0.725
4586,PSE,2019,0.729
4587,PSE,2020,0.718
4588,PSE,2021,0.718
4589,PSE,2022,0.733
4590,PSE,2023,0.674
4591,PAN,1990,0.672
4592,PAN,1991,0.674
4593,PAN,1992,0.68
4594,PAN,1993,0.686
4595,PAN,1994,0.688
4596,PAN,1995,0.69
4597,PAN,1996,0.694
4598,PAN,1997,0.701
4599,PAN,1998,0.707
4600,PAN,1999,0.712
4601,PAN,2000,0.718
4602,PAN,2001,0.723
4603,PAN,2002,0.73
4604,PAN,2003,0.735
4605,PAN,2004,0.741
4606,PAN,2005,0.746
4607,PAN,2006,0.753
4608,PAN,2007,0.763
4609,PAN,2008,0.767
4610,PAN,2009,0.77
4611,PAN,2010,0.775
4612,PAN,2011,0.781
4613,PAN,2012,0.798
4614,PAN,2013,0.799
4615,PAN,2014,0.798
4616,PAN,2015,0.803
4617,PAN,2016,0.81
4618,PAN,2017,0.815
4619,PAN,2018,0.82
4620,PAN,2019,0.824
4621,PAN,2020,0.808
4622,PAN,2021,0.819
4623,PAN,2022,0.835
4624,PAN,2023,0.839
4625,PNG,1990,0.403
4626,PNG,1991,0.411
4627,PNG,1992,0.421
4628,PNG,1993,0.432
4629,PNG,1994,0.439
4630,PNG,1995,0.442
4631,PNG,1996,0.448
4632,PNG,1997,0.449
4633,PNG,1998,0.446
4634,PNG,1999,0.454
4635,PNG,2000,0.456
4636,PNG,2001,0.458
4637,PNG,2002,0.461
4638,PNG,2003,0.464
4639,PNG,2004,0.468
4640,PNG,2005,0.473
4641,PNG,2006,0.479
4642,PNG,2007,0.485
4643,PNG,2008,0.489
4644,PNG,2009,0.495
4645,PNG,2010,0.503
4646,PNG,2011,0.508
4647,PNG,2012,0.514
4648,PNG,2013,0.522
4649,PNG,2014,0.534
4650,PNG,2015,0.543
4651,PNG,2016,0.55
4652,PNG,2017,0.555
4653,PNG,2018,0.559
4654,PNG,2019,0.566
4655,PNG,2020,0.567
4656,PNG,2021,0.567
4657,PNG,2022,0.572
4658,PNG,2023,0.576
4659,PRY,1990,0.607
4660,PRY,1991,0.613
4661,PRY,1992,0.619
4662,PRY,1993,0.626
4663,PRY,1994,0.631
4664,PRY,1995,0.637
4665,PRY,1996,0.646
4666,PRY,1997,0.653
4667,PRY,1998,0.659
4668,PRY,1999,0.664
4669,PRY,2000,0.664
4670,PRY,2001,0.671
4671,PRY,2002,0.679
4672,PRY,2003,0.673
4673,PRY,2004,0.681
4674,PRY,2005,0.683
4675,PRY,2006,0.684
4676,PRY,2007,0.69
4677,PRY,2008,0.7
4678,PRY,2009,0.7
4679,PRY,2010,0.709
4680,PRY,2011,0.715
4681,PRY,2012,0.719
4682,PRY,2013,0.73
4683,PRY,2014,0.733
4684,PRY,2015,0.737
4685,PRY,2016,0.737
4686,PRY,2017,0.74
4687,PRY,2018,0.744
4688,PRY,2019,0.747
4689,PRY,2020,0.742
4690,PRY,2021,0.723
4691,PRY,2022,0.747
4692,PRY,2023,0.756
4693,PER,1990,0.625
4694,PER,1991,0.628
4695,PER,1992,0.629
4696,PER,1993,0.633
4697,PER,1994,0.644
4698,PER,1995,0.654
4699,PER,1996,0.658
4700,PER,1997,0.663
4701,PER,1998,0.671
4702,PER,1999,0.68
4703,PER,2000,0.682
4704,PER,2001,0.69
4705,PER,2002,0.69
4706,PER,2003,0.689
4707,PER,2004,0.694
4708,PER,2005,0.691
4709,PER,2006,0.697
4710,PER,2007,0.708
4711,PER,2008,0.714
4712,PER,2009,0.717
4713,PER,2010,0.731
4714,PER,2011,0.738
4715,PER,2012,0.748
4716,PER,2013,0.757
4717,PER,2014,0.763
4718,PER,2015,0.768
4719,PER,2016,0.775
4720,PER,2017,0.775
4721,PER,2018,0.78
4722,PER,2019,0.784
4723,PER,2020,0.769
4724,PER,2021,0.764
4725,PER,2022,0.79
4726,PER,2023,0.794
4727,PHL,1990,0.593
4728,PHL,1991,0.594
4729,PHL,1992,0.599
4730,PHL,1993,0.602
4731,PHL,1994,0.606
4732,PHL,1995,0.609
4733,PHL,1996,0.619
4734,PHL,1997,0.623
4735,PHL,1998,0.624
4736,PHL,1999,0.628
4737,PHL,2000,0.632
4738,PHL,2001,0.636
4739,PHL,2002,0.643
4740,PHL,2003,0.648
4741,PHL,2004,0.655
4742,PHL,2005,0.656
4743,PHL,2006,0.654
4744,PHL,2007,0.659
4745,PHL,2008,0.662
4746,PHL,2009,0.662
4747,PHL,2010,0.669
4748,PHL,2011,0.674
4749,PHL,2012,0.681
4750,PHL,2013,0.687
4751,PHL,2014,0.689
4752,PHL,2015,0.69
4753,PHL,2016,0.69
4754,PHL,2017,0.694
4755,PHL,2018,0.7
4756,PHL,2019,0.708
4757,PHL,2020,0.699
4758,PHL,2021,0.69
4759,PHL,2022,0.714
4760,PHL,2023,0.72
4761,POL,1990,0.722
4762,POL,1991,0.72
4763,POL,1992,0.724
4764,POL,1993,0.737
4765,POL,1994,0.747
4766,POL,1995,0.754
4767,POL,1996,0.763
4768,POL,1997,0.775
4769,POL,1998,0.784
4770,POL,1999,0.793
4771,POL,2000,0.801
4772,POL,2001,0.809
4773,POL,2002,0.816
4774,POL,2003,0.822
4775,POL,2004,0.82
4776,POL,2005,0.826
4777,POL,2006,0.831
4778,POL,2007,0.836
4779,POL,2008,0.841
4780,POL,2009,0.846
4781,POL,2010,0.852
4782,POL,2011,0.858
4783,POL,2012,0.863
4784,POL,2013,0.873
4785,POL,2014,0.873
4786,POL,2015,0.879
4787,POL,2016,0.884
4788,POL,2017,0.882
4789,POL,2018,0.884
4790,POL,2019,0.887
4791,POL,2020,0.88
4792,POL,2021,0.884
4793,POL,2022,0.902
4794,POL,2023,0.906
4795,PRT,1990,0.707
4796,PRT,1991,0.718
4797,PRT,1992,0.735
4798,PRT,1993,0.751
4799,PRT,1994,0.765
4800,PRT,1995,0.773
4801,PRT,1996,0.781
4802,PRT,1997,0.789
4803,PRT,1998,0.795
4804,PRT,1999,0.793
4805,PRT,2000,0.797
4806,PRT,2001,0.801
4807,PRT,2002,0.804
4808,PRT,2003,0.808
4809,PRT,2004,0.809
4810,PRT,2005,0.81
4811,PRT,2006,0.815
4812,PRT,2007,0.821
4813,PRT,2008,0.826
4814,PRT,2009,0.831
4815,PRT,2010,0.836
4816,PRT,2011,0.843
4817,PRT,2012,0.844
4818,PRT,2013,0.849
4819,PRT,2014,0.854
4820,PRT,2015,0.857
4821,PRT,2016,0.859
4822,PRT,2017,0.864
4823,PRT,2018,0.866
4824,PRT,2019,0.872
4825,PRT,2020,0.87
4826,PRT,2021,0.876
4827,PRT,2022,0.883
4828,PRT,2023,0.89
4829,QAT,1990,0.767
4830,QAT,1991,0.768
4831,QAT,1992,0.77
4832,QAT,1993,0.778
4833,QAT,1994,0.784
4834,QAT,1995,0.788
4835,QAT,1996,0.791
4836,QAT,1997,0.794
4837,QAT,1998,0.796
4838,QAT,1999,0.796
4839,QAT,2000,0.795
4840,QAT,2001,0.795
4841,QAT,2002,0.798
4842,QAT,2003,0.804
4843,QAT,2004,0.807
4844,QAT,2005,0.815
4845,QAT,2006,0.822
4846,QAT,2007,0.831
4847,QAT,2008,0.839
4848,QAT,2009,0.838
4849,QAT,2010,0.834
4850,QAT,2011,0.835
4851,QAT,2012,0.846
4852,QAT,2013,0.859
4853,QAT,2014,0.857
4854,QAT,2015,0.86
4855,QAT,2016,0.861
4856,QAT,2017,0.87
4857,QAT,2018,0.876
4858,QAT,2019,0.88
4859,QAT,2020,0.872
4860,QAT,2021,0.866
4861,QAT,2022,0.883
4862,QAT,2023,0.886
4863,ROU,1990,0.719
4864,ROU,1991,0.705
4865,ROU,1992,0.694
4866,ROU,1993,0.692
4867,ROU,1994,0.695
4868,ROU,1995,0.701
4869,ROU,1996,0.707
4870,ROU,1997,0.709
4871,ROU,1998,0.715
4872,ROU,1999,0.724
4873,ROU,2000,0.73
4874,ROU,2001,0.737
4875,ROU,2002,0.745
4876,ROU,2003,0.749
4877,ROU,2004,0.757
4878,ROU,2005,0.765
4879,ROU,2006,0.781
4880,ROU,2007,0.792
4881,ROU,2008,0.815
4882,ROU,2009,0.826
4883,ROU,2010,0.822
4884,ROU,2011,0.823
4885,ROU,2012,0.817
4886,ROU,2013,0.821
4887,ROU,2014,0.82
4888,ROU,2015,0.823
4889,ROU,2016,0.823
4890,ROU,2017,0.828
4891,ROU,2018,0.833
4892,ROU,2019,0.838
4893,ROU,2020,0.832
4894,ROU,2021,0.829
4895,ROU,2022,0.84
4896,ROU,2023,0.845
4897,RUS,1990,0.762
4898,RUS,1991,0.758
4899,RUS,1992,0.744
4900,RUS,1993,0.725
4901,RUS,1994,0.712
4902,RUS,1995,0.713
4903,RUS,1996,0.723
4904,RUS,1997,0.734
4905,RUS,1998,0.738
4906,RUS,1999,0.74
4907,RUS,2000,0.75
4908,RUS,2001,0.758
4909,RUS,2002,0.764
4910,RUS,2003,0.772
4911,RUS,2004,0.777
4912,RUS,2005,0.78
4913,RUS,2006,0.791
4914,RUS,2007,0.802
4915,RUS,2008,0.807
4916,RUS,2009,0.805
4917,RUS,2010,0.808
4918,RUS,2011,0.822
4919,RUS,2012,0.825
4920,RUS,2013,0.83
4921,RUS,2014,0.831
4922,RUS,2015,0.833
4923,RUS,2016,0.835
4924,RUS,2017,0.838
4925,RUS,2018,0.845
4926,RUS,2019,0.847
4927,RUS,2020,0.818
4928,RUS,2021,0.813
4929,RUS,2022,0.826
4930,RUS,2023,0.832
4931,RWA,1995,0.294
4932,RWA,1996,0.297
4933,RWA,1997,0.295
4934,RWA,1998,0.304
4935,RWA,1999,0.317
4936,RWA,2000,0.34
4937,RWA,2001,0.37
4938,RWA,2002,0.385
4939,RWA,2003,0.398
4940,RWA,2004,0.417
4941,RWA,2005,0.433
4942,RWA,2006,0.452
4943,RWA,2007,0.467
4944,RWA,2008,0.479
4945,RWA,2009,0.493
4946,RWA,2010,0.504
4947,RWA,2011,0.512
4948,RWA,2012,0.521
4949,RWA,2013,0.499
4950,RWA,2014,0.525
4951,RWA,2015,0.525
4952,RWA,2016,0.534
4953,RWA,2017,0.539
4954,RWA,2018,0.54
4955,RWA,2019,0.55
4956,RWA,2020,0.555
4957,RWA,2021,0.562
4958,RWA,2022,0.57
4959,RWA,2023,0.578
4960,KNA,2005,0.758
4961,KNA,2006,0.765
4962,KNA,2007,0.769
4963,KNA,2008,0.776
4964,KNA,2009,0.783
4965,KNA,2010,0.791
4966,KNA,2011,0.8
4967,KNA,2012,0.808
4968,KNA,2013,0.818
4969,KNA,2014,0.829
4970,KNA,2015,0.83
4971,KNA,2016,0.832
4972,KNA,2017,0.834
4973,KNA,2018,0.835
4974,KNA,2019,0.839
4975,KNA,2020,0.828
4976,KNA,2021,0.818
4977,KNA,2022,0.829
4978,KNA,2023,0.84
4979,LCA,1990,0.683
4980,LCA,1991,0.685
4981,LCA,1992,0.692
4982,LCA,1993,0.694
4983,LCA,1994,0.696
4984,LCA,1995,0.698
4985,LCA,1996,0.701
4986,LCA,1997,0.701
4987,LCA,1998,0.705
4988,LCA,1999,0.708
4989,LCA,2000,0.71
4990,LCA,2001,0.712
4991,LCA,2002,0.716
4992,LCA,2003,0.721
4993,LCA,2004,0.726
4994,LCA,2005,0.73
4995,LCA,2006,0.741
4996,LCA,2007,0.74
4997,LCA,2008,0.749
4998,LCA,2009,0.751
4999,LCA,2010,0.749
5000,LCA,2011,0.755
5001,LCA,2012,0.748
5002,LCA,2013,0.741
5003,LCA,2014,0.746
5004,LCA,2015,0.757
5005,LCA,2016,0.76
5006,LCA,2017,0.757
5007,LCA,2018,0.759
5008,LCA,2019,0.745
5009,LCA,2020,0.734
5010,LCA,2021,0.724
5011,LCA,2022,0.747
5012,LCA,2023,0.748
5013,VCT,2000,0.7
5014,VCT,2001,0.704
5015,VCT,2002,0.71
5016,VCT,2003,0.715
5017,VCT,2004,0.719
5018,VCT,2005,0.724
5019,VCT,2006,0.731
5020,VCT,2007,0.737
5021,VCT,2008,0.741
5022,VCT,2009,0.745
5023,VCT,2010,0.746
5024,VCT,2011,0.749
5025,VCT,2012,0.753
5026,VCT,2013,0.755
5027,VCT,2014,0.759
5028,VCT,2015,0.765
5029,VCT,2016,0.771
5030,VCT,2017,0.778
5031,VCT,2018,0.783
5032,VCT,2019,0.787
5033,VCT,2020,0.781
5034,VCT,2021,0.781
5035,VCT,2022,0.794
5036,VCT,2023,0.798
5037,WSM,1995,0.655
5038,WSM,1996,0.663
5039,WSM,1997,0.665
5040,WSM,1998,0.669
5041,WSM,1999,0.672
5042,WSM,2000,0.676
5043,WSM,2001,0.683
5044,WSM,2002,0.682
5045,WSM,2003,0.687
5046,WSM,2004,0.691
5047,WSM,2005,0.694
5048,WSM,2006,0.697
5049,WSM,2007,0.701
5050,WSM,2008,0.702
5051,WSM,2009,0.694
5052,WSM,2010,0.708
5053,WSM,2011,0.711
5054,WSM,2012,0.707
5055,WSM,2013,0.706
5056,WSM,2014,0.706
5057,WSM,2015,0.708
5058,WSM,2016,0.712
5059,WSM,2017,0.712
5060,WSM,2018,0.711
5061,WSM,2019,0.708
5062,WSM,2020,0.708
5063,WSM,2021,0.706
5064,WSM,2022,0.703
5065,WSM,2023,0.708
5066,SMR,2000,0.881
5067,SMR,2001,0.883
5068,SMR,2002,0.885
5069,SMR,2003,0.888
5070,SMR,2004,0.89
5071,SMR,2005,0.893
5072,SMR,2006,0.895
5073,SMR,2007,0.898
5074,SMR,2008,0.9
5075,SMR,2009,0.903
5076,SMR,2010,0.905
5077,SMR,2011,0.902
5078,SMR,2012,0.893
5079,SMR,2013,0.896
5080,SMR,2014,0.897
5081,SMR,2015,0.896
5082,SMR,2016,0.898
5083,SMR,2017,0.903
5084,SMR,2018,0.904
5085,SMR,2019,0.908
5086,SMR,2020,0.895
5087,SMR,2021,0.903
5088,SMR,2022,0.91
5089,SMR,2023,0.915
5090,STP,2005,0.535
5091,STP,2006,0.546
5092,STP,2007,0.552
5093,STP,2008,0.557
5094,STP,2009,0.561
5095,STP,2010,0.564
5096,STP,2011,0.569
5097,STP,2012,0.574
5098,STP,2013,0.585
5099,STP,2014,0.596
5100,STP,2015,0.608
5101,STP,2016,0.613
5102,STP,2017,0.617
5103,STP,2018,0.621
5104,STP,2019,0.625
5105,STP,2020,0.628
5106,STP,2021,0.631
5107,STP,2022,0.636
5108,STP,2023,0.637
5109,SAU,1990,0.67
5110,SAU,1991,0.681
5111,SAU,1992,0.688
5112,SAU,1993,0.693
5113,SAU,1994,0.699
5114,SAU,1995,0.705
5115,SAU,1996,0.711
5116,SAU,1997,0.718
5117,SAU,1998,0.725
5118,SAU,1999,0.729
5119,SAU,2000,0.737
5120,SAU,2001,0.744
5121,SAU,2002,0.75
5122,SAU,2003,0.762
5123,SAU,2004,0.773
5124,SAU,2005,0.782
5125,SAU,2006,0.785
5126,SAU,2007,0.786
5127,SAU,2008,0.792
5128,SAU,2009,0.794
5129,SAU,2010,0.801
5130,SAU,2011,0.811
5131,SAU,2012,0.819
5132,SAU,2013,0.827
5133,SAU,2014,0.841
5134,SAU,2015,0.851
5135,SAU,2016,0.86
5136,SAU,2017,0.869
5137,SAU,2018,0.875
5138,SAU,2019,0.878
5139,SAU,2020,0.875
5140,SAU,2021,0.878
5141,SAU,2022,0.893
5142,SAU,2023,0.9
5143,SEN,1990,0.377
5144,SEN,1991,0.379
5145,SEN,1992,0.381
5146,SEN,1993,0.382
5147,SEN,1994,0.382
5148,SEN,1995,0.384
5149,SEN,1996,0.385
5150,SEN,1997,0.386
5151,SEN,1998,0.389
5152,SEN,1999,0.392
5153,SEN,2000,0.398
5154,SEN,2001,0.404
5155,SEN,2002,0.409
5156,SEN,2003,0.416
5157,SEN,2004,0.423
5158,SEN,2005,0.43
5159,SEN,2006,0.438
5160,SEN,2007,0.45
5161,SEN,2008,0.462
5162,SEN,2009,0.47
5163,SEN,2010,0.477
5164,SEN,2011,0.491
5165,SEN,2012,0.499
5166,SEN,2013,0.504
5167,SEN,2014,0.508
5168,SEN,2015,0.509
5169,SEN,2016,0.516
5170,SEN,2017,0.517
5171,SEN,2018,0.522
5172,SEN,2019,0.52
5173,SEN,2020,0.522
5174,SEN,2021,0.522
5175,SEN,2022,0.526
5176,SEN,2023,0.53
5177,SRB,1995,0.686
5178,SRB,1996,0.692
5179,SRB,1997,0.698
5180,SRB,1998,0.699
5181,SRB,1999,0.685
5182,SRB,2000,0.701
5183,SRB,2001,0.707
5184,SRB,2002,0.711
5185,SRB,2003,0.72
5186,SRB,2004,0.732
5187,SRB,2005,0.743
5188,SRB,2006,0.753
5189,SRB,2007,0.763
5190,SRB,2008,0.773
5191,SRB,2009,0.774
5192,SRB,2010,0.775
5193,SRB,2011,0.785
5194,SRB,2012,0.788
5195,SRB,2013,0.792
5196,SRB,2014,0.795
5197,SRB,2015,0.802
5198,SRB,2016,0.806
5199,SRB,2017,0.808
5200,SRB,2018,0.814
5201,SRB,2019,0.817
5202,SRB,2020,0.809
5203,SRB,2021,0.807
5204,SRB,2022,0.826
5205,SRB,2023,0.833
5206,SYC,2010,0.758
5207,SYC,2011,0.772
5208,SYC,2012,0.797
5209,SYC,2013,0.797
5210,SYC,2014,0.814
5211,SYC,2015,0.819
5212,SYC,2016,0.836
5213,SYC,2017,0.844
5214,SYC,2018,0.847
5215,SYC,2019,0.85
5216,SYC,2020,0.853
5217,SYC,2021,0.838
5218,SYC,2022,0.836
5219,SYC,2023,0.848
5220,SLE,1990,0.313
5221,SLE,1991,0.303
5222,SLE,1992,0.305
5223,SLE,1993,0.312
5224,SLE,1994,0.312
5225,SLE,1995,0.314
5226,SLE,1996,0.311
5227,SLE,1997,0.307
5228,SLE,1998,0.304
5229,SLE,1999,0.301
5230,SLE,2000,0.318
5231,SLE,2001,0.33
5232,SLE,2002,0.345
5233,SLE,2003,0.354
5234,SLE,2004,0.363
5235,SLE,2005,0.37
5236,SLE,2006,0.372
5237,SLE,2007,0.391
5238,SLE,2008,0.4
5239,SLE,2009,0.406
5240,SLE,2010,0.41
5241,SLE,2011,0.416
5242,SLE,2012,0.418
5243,SLE,2013,0.436
5244,SLE,2014,0.438
5245,SLE,2015,0.432
5246,SLE,2016,0.441
5247,SLE,2017,0.445
5248,SLE,2018,0.451
5249,SLE,2019,0.455
5250,SLE,2020,0.454
5251,SLE,2021,0.458
5252,SLE,2022,0.463
5253,SLE,2023,0.467
5254,SGP,1990,0.819
5255,SGP,1991,0.826
5256,SGP,1992,0.833
5257,SGP,1993,0.84
5258,SGP,1994,0.848
5259,SGP,1995,0.854
5260,SGP,1996,0.859
5261,SGP,1997,0.866
5262,SGP,1998,0.869
5263,SGP,1999,0.875
5264,SGP,2000,0.882
5265,SGP,2001,0.885
5266,SGP,2002,0.891
5267,SGP,2003,0.897
5268,SGP,2004,0.905
5269,SGP,2005,0.911
5270,SGP,2006,0.911
5271,SGP,2007,0.914
5272,SGP,2008,0.924
5273,SGP,2009,0.928
5274,SGP,2010,0.932
5275,SGP,2011,0.933
5276,SGP,2012,0.933
5277,SGP,2013,0.934
5278,SGP,2014,0.934
5279,SGP,2015,0.935
5280,SGP,2016,0.934
5281,SGP,2017,0.935
5282,SGP,2018,0.939
5283,SGP,2019,0.942
5284,SGP,2020,0.944
5285,SGP,2021,0.948
5286,SGP,2022,0.942
5287,SGP,2023,0.946
5288,SVK,1990,0.698
5289,SVK,1991,0.697
5290,SVK,1992,0.702
5291,SVK,1993,0.71
5292,SVK,1994,0.72
5293,SVK,1995,0.729
5294,SVK,1996,0.74
5295,SVK,1997,0.747
5296,SVK,1998,0.758
5297,SVK,1999,0.765
5298,SVK,2000,0.774
5299,SVK,2001,0.781
5300,SVK,2002,0.79
5301,SVK,2003,0.796
5302,SVK,2004,0.806
5303,SVK,2005,0.815
5304,SVK,2006,0.824
5305,SVK,2007,0.834
5306,SVK,2008,0.842
5307,SVK,2009,0.845
5308,SVK,2010,0.851
5309,SVK,2011,0.856
5310,SVK,2012,0.856
5311,SVK,2013,0.858
5312,SVK,2014,0.859
5313,SVK,2015,0.861
5314,SVK,2016,0.864
5315,SVK,2017,0.865
5316,SVK,2018,0.868
5317,SVK,2019,0.871
5318,SVK,2020,0.867
5319,SVK,2021,0.859
5320,SVK,2022,0.873
5321,SVK,2023,0.88
5322,SVN,1990,0.734
5323,SVN,1991,0.736
5324,SVN,1992,0.741
5325,SVN,1993,0.746
5326,SVN,1994,0.756
5327,SVN,1995,0.768
5328,SVN,1996,0.778
5329,SVN,1997,0.789
5330,SVN,1998,0.802
5331,SVN,1999,0.82
5332,SVN,2000,0.829
5333,SVN,2001,0.845
5334,SVN,2002,0.855
5335,SVN,2003,0.865
5336,SVN,2004,0.87
5337,SVN,2005,0.876
5338,SVN,2006,0.883
5339,SVN,2007,0.888
5340,SVN,2008,0.894
5341,SVN,2009,0.894
5342,SVN,2010,0.896
5343,SVN,2011,0.897
5344,SVN,2012,0.897
5345,SVN,2013,0.907
5346,SVN,2014,0.907
5347,SVN,2015,0.909
5348,SVN,2016,0.914
5349,SVN,2017,0.918
5350,SVN,2018,0.922
5351,SVN,2019,0.923
5352,SVN,2020,0.918
5353,SVN,2021,0.924
5354,SVN,2022,0.926
5355,SVN,2023,0.931
5356,SLB,1999,0.554
5357,SLB,2000,0.547
5358,SLB,2001,0.542
5359,SLB,2002,0.539
5360,SLB,2003,0.543
5361,SLB,2004,0.548
5362,SLB,2005,0.553
5363,SLB,2006,0.553
5364,SLB,2007,0.552
5365,SLB,2008,0.556
5366,SLB,2009,0.557
5367,SLB,2010,0.564
5368,SLB,2011,0.567
5369,SLB,2012,0.57
5370,SLB,2013,0.576
5371,SLB,2014,0.575
5372,SLB,2015,0.576
5373,SLB,2016,0.578
5374,SLB,2017,0.581
5375,SLB,2018,0.582
5376,SLB,2019,0.583
5377,SLB,2020,0.579
5378,SLB,2021,0.577
5379,SLB,2022,0.583
5380,SLB,2023,0.584
5381,SOM,2022,0.385
5382,SOM,2023,0.404
5383,ZAF,1990,0.633
5384,ZAF,1991,0.641
5385,ZAF,1992,0.645
5386,ZAF,1993,0.65
5387,ZAF,1994,0.654
5388,ZAF,1995,0.654
5389,ZAF,1996,0.649
5390,ZAF,1997,0.642
5391,ZAF,1998,0.634
5392,ZAF,1999,0.626
5393,ZAF,2000,0.618
5394,ZAF,2001,0.613
5395,ZAF,2002,0.614
5396,ZAF,2003,0.61
5397,ZAF,2004,0.613
5398,ZAF,2005,0.616
5399,ZAF,2006,0.622
5400,ZAF,2007,0.632
5401,ZAF,2008,0.643
5402,ZAF,2009,0.657
5403,ZAF,2010,0.669
5404,ZAF,2011,0.683
5405,ZAF,2012,0.696
5406,ZAF,2013,0.705
5407,ZAF,2014,0.713
5408,ZAF,2015,0.722
5409,ZAF,2016,0.722
5410,ZAF,2017,0.726
5411,ZAF,2018,0.732
5412,ZAF,2019,0.742
5413,ZAF,2020,0.724
5414,ZAF,2021,0.721
5415,ZAF,2022,0.737
5416,ZAF,2023,0.741
5417,OWID_SAM,1990,0.6497253
5418,OWID_SAM,1991,0.6547653
5419,OWID_SAM,1992,0.65902275
5420,OWID_SAM,1993,0.66415447
5421,OWID_SAM,1994,0.66946566
5422,OWID_SAM,1995,0.6756636
5423,OWID_SAM,1996,0.6810407
5424,OWID_SAM,1997,0.6869894
5425,OWID_SAM,1998,0.6915652
5426,OWID_SAM,1999,0.69540364
5427,OWID_SAM,2000,0.70062786
5428,OWID_SAM,2001,0.7054202
5429,OWID_SAM,2002,0.71004105
5430,OWID_SAM,2003,0.7139729
5431,OWID_SAM,2004,0.7216664
5432,OWID_SAM,2005,0.727708
5433,OWID_SAM,2006,0.73351294
5434,OWID_SAM,2007,0.74158055
5435,OWID_SAM,2008,0.7485009
5436,OWID_SAM,2009,0.7512326
5437,OWID_SAM,2010,0.75787014
5438,OWID_SAM,2011,0.7633919
5439,OWID_SAM,2012,0.7674748
5440,OWID_SAM,2013,0.7731587
5441,OWID_SAM,2014,0.7760436
5442,OWID_SAM,2015,0.7772507
5443,OWID_SAM,2016,0.7784721
5444,OWID_SAM,2017,0.7811188
5445,OWID_SAM,2018,0.7836532
5446,OWID_SAM,2019,0.78433996
5447,OWID_SAM,2020,0.7736417
5448,OWID_SAM,2021,0.77192116
5449,OWID_SAM,2022,0.7865941
5450,OWID_SAM,2023,0.79245985
5451,,1990,0.454
5452,,1991,0.458
5453,,1992,0.464
5454,,1993,0.468
5455,,1994,0.472
5456,,1995,0.478
5457,,1996,0.484
5458,,1997,0.49
5459,,1998,0.496
5460,,1999,0.503
5461,,2000,0.508
5462,,2001,0.517
5463,,2002,0.523
5464,,2003,0.535
5465,,2004,0.543
5466,,2005,0.552
5467,,2006,0.561
5468,,2007,0.569
5469,,2008,0.575
5470,,2009,0.58
5471,,2010,0.59
5472,,2011,0.601
5473,,2012,0.606
5474,,2013,0.611
5475,,2014,0.62
5476,,2015,0.627
5477,,2016,0.637
5478,,2017,0.641
5479,,2018,0.642
5480,,2019,0.645
5481,,2020,0.645
5482,,2021,0.641
5483,,2022,0.665
5484,,2023,0.672
5485,KOR,1990,0.738
5486,KOR,1991,0.749
5487,KOR,1992,0.759
5488,KOR,1993,0.77
5489,KOR,1994,0.779
5490,KOR,1995,0.789
5491,KOR,1996,0.801
5492,KOR,1997,0.812
5493,KOR,1998,0.809
5494,KOR,1999,0.821
5495,KOR,2000,0.83
5496,KOR,2001,0.838
5497,KOR,2002,0.846
5498,KOR,2003,0.852
5499,KOR,2004,0.859
5500,KOR,2005,0.866
5501,KOR,2006,0.871
5502,KOR,2007,0.876
5503,KOR,2008,0.878
5504,KOR,2009,0.881
5505,KOR,2010,0.894
5506,KOR,2011,0.899
5507,KOR,2012,0.901
5508,KOR,2013,0.905
5509,KOR,2014,0.91
5510,KOR,2015,0.914
5511,KOR,2016,0.918
5512,KOR,2017,0.922
5513,KOR,2018,0.924
5514,KOR,2019,0.927
5515,KOR,2020,0.928
5516,KOR,2021,0.933
5517,KOR,2022,0.928
5518,KOR,2023,0.937
5519,SSD,2010,0.42
5520,SSD,2011,0.422
5521,SSD,2012,0.389
5522,SSD,2013,0.391
5523,SSD,2014,0.343
5524,SSD,2015,0.317
5525,SSD,2016,0.297
5526,SSD,2017,0.292
5527,SSD,2018,0.371
5528,SSD,2019,0.403
5529,SSD,2020,0.398
5530,SSD,2021,0.393
5531,SSD,2022,0.388
5532,SSD,2023,0.388
5533,ESP,1990,0.766
5534,ESP,1991,0.774
5535,ESP,1992,0.781
5536,ESP,1993,0.789
5537,ESP,1994,0.798
5538,ESP,1995,0.804
5539,ESP,1996,0.811
5540,ESP,1997,0.816
5541,ESP,1998,0.821
5542,ESP,1999,0.825
5543,ESP,2000,0.833
5544,ESP,2001,0.839
5545,ESP,2002,0.844
5546,ESP,2003,0.846
5547,ESP,2004,0.852
5548,ESP,2005,0.857
5549,ESP,2006,0.862
5550,ESP,2007,0.864
5551,ESP,2008,0.865
5552,ESP,2009,0.867
5553,ESP,2010,0.875
5554,ESP,2011,0.879
5555,ESP,2012,0.881
5556,ESP,2013,0.886
5557,ESP,2014,0.89
5558,ESP,2015,0.895
5559,ESP,2016,0.9
5560,ESP,2017,0.902
5561,ESP,2018,0.905
5562,ESP,2019,0.91
5563,ESP,2020,0.901
5564,ESP,2021,0.912
5565,ESP,2022,0.911
5566,ESP,2023,0.918
5567,LKA,1990,0.638
5568,LKA,1991,0.642
5569,LKA,1992,0.65
5570,LKA,1993,0.658
5571,LKA,1994,0.664
5572,LKA,1995,0.667
5573,LKA,1996,0.672
5574,LKA,1997,0.679
5575,LKA,1998,0.685
5576,LKA,1999,0.692
5577,LKA,2000,0.702
5578,LKA,2001,0.704
5579,LKA,2002,0.709
5580,LKA,2003,0.713
5581,LKA,2004,0.695
5582,LKA,2005,0.721
5583,LKA,2006,0.724
5584,LKA,2007,0.729
5585,LKA,2008,0.73
5586,LKA,2009,0.723
5587,LKA,2010,0.748
5588,LKA,2011,0.753
5589,LKA,2012,0.759
5590,LKA,2013,0.764
5591,LKA,2014,0.767
5592,LKA,2015,0.769
5593,LKA,2016,0.772
5594,LKA,2017,0.777
5595,LKA,2018,0.782
5596,LKA,2019,0.781
5597,LKA,2020,0.78
5598,LKA,2021,0.777
5599,LKA,2022,0.777
5600,LKA,2023,0.776
5601,,1990,0.405
5602,,1991,0.409
5603,,1992,0.408
5604,,1993,0.411
5605,,1994,0.413
5606,,1995,0.42
5607,,1996,0.423
5608,,1997,0.427
5609,,1998,0.43
5610,,1999,0.433
5611,,2000,0.435
5612,,2001,0.441
5613,,2002,0.449
5614,,2003,0.457
5615,,2004,0.466
5616,,2005,0.473
5617,,2006,0.481
5618,,2007,0.489
5619,,2008,0.497
5620,,2009,0.503
5621,,2010,0.51
5622,,2011,0.517
5623,,2012,0.523
5624,,2013,0.528
5625,,2014,0.534
5626,,2015,0.54
5627,,2016,0.543
5628,,2017,0.546
5629,,2018,0.551
5630,,2019,0.557
5631,,2020,0.557
5632,,2021,0.558
5633,,2022,0.565
5634,,2023,0.568
5635,SDN,2008,0.456
5636,SDN,2009,0.469
5637,SDN,2010,0.479
5638,SDN,2011,0.476
5639,SDN,2012,0.482
5640,SDN,2013,0.488
5641,SDN,2014,0.496
5642,SDN,2015,0.498
5643,SDN,2016,0.502
5644,SDN,2017,0.506
5645,SDN,2018,0.515
5646,SDN,2019,0.517
5647,SDN,2020,0.513
5648,SDN,2021,0.512
5649,SDN,2022,0.516
5650,SDN,2023,0.511
5651,SUR,2004,0.679
5652,SUR,2005,0.685
5653,SUR,2006,0.69
5654,SUR,2007,0.697
5655,SUR,2008,0.701
5656,SUR,2009,0.704
5657,SUR,2010,0.707
5658,SUR,2011,0.708
5659,SUR,2012,0.711
5660,SUR,2013,0.714
5661,SUR,2014,0.715
5662,SUR,2015,0.718
5663,SUR,2016,0.716
5664,SUR,2017,0.715
5665,SUR,2018,0.719
5666,SUR,2019,0.72
5667,SUR,2020,0.714
5668,SUR,2021,0.697
5669,SUR,2022,0.719
5670,SUR,2023,0.722
5671,SWE,1990,0.818
5672,SWE,1991,0.821
5673,SWE,1992,0.829
5674,SWE,1993,0.85
5675,SWE,1994,0.862
5676,SWE,1995,0.869
5677,SWE,1996,0.877
5678,SWE,1997,0.888
5679,SWE,1998,0.901
5680,SWE,1999,0.906
5681,SWE,2000,0.912
5682,SWE,2001,0.915
5683,SWE,2002,0.918
5684,SWE,2003,0.923
5685,SWE,2004,0.908
5686,SWE,2005,0.911
5687,SWE,2006,0.915
5688,SWE,2007,0.917
5689,SWE,2008,0.913
5690,SWE,2009,0.912
5691,SWE,2010,0.918
5692,SWE,2011,0.92
5693,SWE,2012,0.92
5694,SWE,2013,0.94
5695,SWE,2014,0.943
5696,SWE,2015,0.945
5697,SWE,2016,0.947
5698,SWE,2017,0.949
5699,SWE,2018,0.95
5700,SWE,2019,0.955
5701,SWE,2020,0.951
5702,SWE,2021,0.958
5703,SWE,2022,0.959
5704,SWE,2023,0.959
5705,CHE,1990,0.858
5706,CHE,1991,0.86
5707,CHE,1992,0.863
5708,CHE,1993,0.867
5709,CHE,1994,0.87
5710,CHE,1995,0.872
5711,CHE,1996,0.875
5712,CHE,1997,0.88
5713,CHE,1998,0.886
5714,CHE,1999,0.889
5715,CHE,2000,0.892
5716,CHE,2001,0.895
5717,CHE,2002,0.896
5718,CHE,2003,0.901
5719,CHE,2004,0.906
5720,CHE,2005,0.909
5721,CHE,2006,0.918
5722,CHE,2007,0.926
5723,CHE,2008,0.934
5724,CHE,2009,0.942
5725,CHE,2010,0.945
5726,CHE,2011,0.946
5727,CHE,2012,0.949
5728,CHE,2013,0.952
5729,CHE,2014,0.956
5730,CHE,2015,0.957
5731,CHE,2016,0.959
5732,CHE,2017,0.96
5733,CHE,2018,0.962
5734,CHE,2019,0.965
5735,CHE,2020,0.963
5736,CHE,2021,0.968
5737,CHE,2022,0.966
5738,CHE,2023,0.97
5739,SYR,1990,0.572
5740,SYR,1991,0.577
5741,SYR,1992,0.582
5742,SYR,1993,0.583
5743,SYR,1994,0.587
5744,SYR,1995,0.587
5745,SYR,1996,0.59
5746,SYR,1997,0.593
5747,SYR,1998,0.595
5748,SYR,1999,0.595
5749,SYR,2000,0.594
5750,SYR,2001,0.602
5751,SYR,2002,0.61
5752,SYR,2003,0.621
5753,SYR,2004,0.635
5754,SYR,2005,0.646
5755,SYR,2006,0.658
5756,SYR,2007,0.665
5757,SYR,2008,0.66
5758,SYR,2009,0.668
5759,SYR,2010,0.669
5760,SYR,2011,0.664
5761,SYR,2012,0.626
5762,SYR,2013,0.567
5763,SYR,2014,0.561
5764,SYR,2015,0.549
5765,SYR,2016,0.552
5766,SYR,2017,0.551
5767,SYR,2018,0.557
5768,SYR,2019,0.569
5769,SYR,2020,0.57
5770,SYR,2021,0.571
5771,SYR,2022,0.571
5772,SYR,2023,0.564
5773,TJK,1993,0.549
5774,TJK,1994,0.538
5775,TJK,1995,0.547
5776,TJK,1996,0.528
5777,TJK,1997,0.536
5778,TJK,1998,0.541
5779,TJK,1999,0.546
5780,TJK,2000,0.554
5781,TJK,2001,0.563
5782,TJK,2002,0.575
5783,TJK,2003,0.587
5784,TJK,2004,0.598
5785,TJK,2005,0.611
5786,TJK,2006,0.62
5787,TJK,2007,0.625
5788,TJK,2008,0.634
5789,TJK,2009,0.634
5790,TJK,2010,0.639
5791,TJK,2011,0.644
5792,TJK,2012,0.649
5793,TJK,2013,0.655
5794,TJK,2014,0.657
5795,TJK,2015,0.658
5796,TJK,2016,0.661
5797,TJK,2017,0.666
5798,TJK,2018,0.67
5799,TJK,2019,0.673
5800,TJK,2020,0.664
5801,TJK,2021,0.672
5802,TJK,2022,0.687
5803,TJK,2023,0.691
5804,TZA,1990,0.381
5805,TZA,1991,0.382
5806,TZA,1992,0.381
5807,TZA,1993,0.382
5808,TZA,1994,0.38
5809,TZA,1995,0.38
5810,TZA,1996,0.383
5811,TZA,1997,0.388
5812,TZA,1998,0.396
5813,TZA,1999,0.404
5814,TZA,2000,0.414
5815,TZA,2001,0.422
5816,TZA,2002,0.433
5817,TZA,2003,0.444
5818,TZA,2004,0.455
5819,TZA,2005,0.465
5820,TZA,2006,0.477
5821,TZA,2007,0.486
5822,TZA,2008,0.495
5823,TZA,2009,0.504
5824,TZA,2010,0.513
5825,TZA,2011,0.516
5826,TZA,2012,0.519
5827,TZA,2013,0.521
5828,TZA,2014,0.521
5829,TZA,2015,0.52
5830,TZA,2016,0.52
5831,TZA,2017,0.528
5832,TZA,2018,0.537
5833,TZA,2019,0.546
5834,TZA,2020,0.554
5835,TZA,2021,0.548
5836,TZA,2022,0.554
5837,TZA,2023,0.555
5838,THA,1990,0.584
5839,THA,1991,0.593
5840,THA,1992,0.603
5841,THA,1993,0.612
5842,THA,1994,0.62
5843,THA,1995,0.628
5844,THA,1996,0.634
5845,THA,1997,0.639
5846,THA,1998,0.642
5847,THA,1999,0.65
5848,THA,2000,0.657
5849,THA,2001,0.667
5850,THA,2002,0.678
5851,THA,2003,0.69
5852,THA,2004,0.699
5853,THA,2005,0.707
5854,THA,2006,0.71
5855,THA,2007,0.721
5856,THA,2008,0.723
5857,THA,2009,0.725
5858,THA,2010,0.742
5859,THA,2011,0.747
5860,THA,2012,0.75
5861,THA,2013,0.752
5862,THA,2014,0.784
5863,THA,2015,0.788
5864,THA,2016,0.792
5865,THA,2017,0.794
5866,THA,2018,0.796
5867,THA,2019,0.8
5868,THA,2020,0.798
5869,THA,2021,0.8
5870,THA,2022,0.792
5871,THA,2023,0.798
5872,TGO,1990,0.412
5873,TGO,1991,0.415
5874,TGO,1992,0.406
5875,TGO,1993,0.404
5876,TGO,1994,0.413
5877,TGO,1995,0.425
5878,TGO,1996,0.433
5879,TGO,1997,0.441
5880,TGO,1998,0.442
5881,TGO,1999,0.446
5882,TGO,2000,0.448
5883,TGO,2001,0.452
5884,TGO,2002,0.455
5885,TGO,2003,0.46
5886,TGO,2004,0.461
5887,TGO,2005,0.46
5888,TGO,2006,0.465
5889,TGO,2007,0.458
5890,TGO,2008,0.465
5891,TGO,2009,0.473
5892,TGO,2010,0.483
5893,TGO,2011,0.495
5894,TGO,2012,0.5
5895,TGO,2013,0.507
5896,TGO,2014,0.514
5897,TGO,2015,0.523
5898,TGO,2016,0.528
5899,TGO,2017,0.534
5900,TGO,2018,0.542
5901,TGO,2019,0.549
5902,TGO,2020,0.554
5903,TGO,2021,0.56
5904,TGO,2022,0.567
5905,TGO,2023,0.571
5906,TON,1990,0.641
5907,TON,1991,0.649
5908,TON,1992,0.654
5909,TON,1993,0.66
5910,TON,1994,0.67
5911,TON,1995,0.675
5912,TON,1996,0.678
5913,TON,1997,0.68
5914,TON,1998,0.685
5915,TON,1999,0.688
5916,TON,2000,0.688
5917,TON,2001,0.693
5918,TON,2002,0.7
5919,TON,2003,0.703
5920,TON,2004,0.705
5921,TON,2005,0.706
5922,TON,2006,0.708
5923,TON,2007,0.71
5924,TON,2008,0.717
5925,TON,2009,0.718
5926,TON,2010,0.724
5927,TON,2011,0.731
5928,TON,2012,0.735
5929,TON,2013,0.737
5930,TON,2014,0.74
5931,TON,2015,0.743
5932,TON,2016,0.749
5933,TON,2017,0.755
5934,TON,2018,0.759
5935,TON,2019,0.763
5936,TON,2020,0.765
5937,TON,2021,0.763
5938,TON,2022,0.764
5939,TON,2023,0.769
5940,TTO,1990,0.661
5941,TTO,1991,0.665
5942,TTO,1992,0.665
5943,TTO,1993,0.667
5944,TTO,1994,0.672
5945,TTO,1995,0.677
5946,TTO,1996,0.684
5947,TTO,1997,0.692
5948,TTO,1998,0.7
5949,TTO,1999,0.708
5950,TTO,2000,0.714
5951,TTO,2001,0.721
5952,TTO,2002,0.73
5953,TTO,2003,0.74
5954,TTO,2004,0.75
5955,TTO,2005,0.756
5956,TTO,2006,0.766
5957,TTO,2007,0.774
5958,TTO,2008,0.782
5959,TTO,2009,0.782
5960,TTO,2010,0.789
5961,TTO,2011,0.792
5962,TTO,2012,0.796
5963,TTO,2013,0.802
5964,TTO,2014,0.805
5965,TTO,2015,0.808
5966,TTO,2016,0.806
5967,TTO,2017,0.806
5968,TTO,2018,0.803
5969,TTO,2019,0.805
5970,TTO,2020,0.8
5971,TTO,2021,0.796
5972,TTO,2022,0.805
5973,TTO,2023,0.807
5974,TUN,1990,0.569
5975,TUN,1991,0.575
5976,TUN,1992,0.582
5977,TUN,1993,0.587
5978,TUN,1994,0.598
5979,TUN,1995,0.606
5980,TUN,1996,0.616
5981,TUN,1997,0.623
5982,TUN,1998,0.636
5983,TUN,1999,0.646
5984,TUN,2000,0.654
5985,TUN,2001,0.661
5986,TUN,2002,0.667
5987,TUN,2003,0.673
5988,TUN,2004,0.683
5989,TUN,2005,0.69
5990,TUN,2006,0.697
5991,TUN,2007,0.703
5992,TUN,2008,0.709
5993,TUN,2009,0.713
5994,TUN,2010,0.717
5995,TUN,2011,0.718
5996,TUN,2012,0.72
5997,TUN,2013,0.722
5998,TUN,2014,0.725
5999,TUN,2015,0.728
6000,TUN,2016,0.733
6001,TUN,2017,0.737
6002,TUN,2018,0.742
6003,TUN,2019,0.74
6004,TUN,2020,0.733
6005,TUN,2021,0.728
6006,TUN,2022,0.745
6007,TUN,2023,0.746
6008,TUR,1990,0.598
6009,TUR,1991,0.602
6010,TUR,1992,0.608
6011,TUR,1993,0.615
6012,TUR,1994,0.616
6013,TUR,1995,0.623
6014,TUR,1996,0.63
6015,TUR,1997,0.638
6016,TUR,1998,0.649
6017,TUR,1999,0.652
6018,TUR,2000,0.669
6019,TUR,2001,0.675
6020,TUR,2002,0.685
6021,TUR,2003,0.691
6022,TUR,2004,0.696
6023,TUR,2005,0.701
6024,TUR,2006,0.711
6025,TUR,2007,0.719
6026,TUR,2008,0.721
6027,TUR,2009,0.728
6028,TUR,2010,0.75
6029,TUR,2011,0.764
6030,TUR,2012,0.772
6031,TUR,2013,0.802
6032,TUR,2014,0.813
6033,TUR,2015,0.821
6034,TUR,2016,0.826
6035,TUR,2017,0.833
6036,TUR,2018,0.838
6037,TUR,2019,0.841
6038,TUR,2020,0.838
6039,TUR,2021,0.841
6040,TUR,2022,0.853
6041,TUR,2023,0.853
6042,TKM,2005,0.653
6043,TKM,2006,0.662
6044,TKM,2007,0.673
6045,TKM,2008,0.683
6046,TKM,2009,0.69
6047,TKM,2010,0.7
6048,TKM,2011,0.709
6049,TKM,2012,0.714
6050,TKM,2013,0.716
6051,TKM,2014,0.719
6052,TKM,2015,0.725
6053,TKM,2016,0.729
6054,TKM,2017,0.732
6055,TKM,2018,0.735
6056,TKM,2019,0.741
6057,TKM,2020,0.744
6058,TKM,2021,0.754
6059,TKM,2022,0.761
6060,TKM,2023,0.764
6061,TUV,1990,0.566
6062,TUV,1991,0.57
6063,TUV,1992,0.566
6064,TUV,1993,0.579
6065,TUV,1994,0.586
6066,TUV,1995,0.587
6067,TUV,1996,0.587
6068,TUV,1997,0.595
6069,TUV,1998,0.605
6070,TUV,1999,0.608
6071,TUV,2000,0.61
6072,TUV,2001,0.613
6073,TUV,2002,0.621
6074,TUV,2003,0.621
6075,TUV,2004,0.621
6076,TUV,2005,0.621
6077,TUV,2006,0.625
6078,TUV,2007,0.63
6079,TUV,2008,0.636
6080,TUV,2009,0.635
6081,TUV,2010,0.636
6082,TUV,2011,0.641
6083,TUV,2012,0.642
6084,TUV,2013,0.647
6085,TUV,2014,0.65
6086,TUV,2015,0.658
6087,TUV,2016,0.664
6088,TUV,2017,0.668
6089,TUV,2018,0.672
6090,TUV,2019,0.681
6091,TUV,2020,0.681
6092,TUV,2021,0.681
6093,TUV,2022,0.686
6094,TUV,2023,0.689
6095,UGA,1990,0.342
6096,UGA,1991,0.345
6097,UGA,1992,0.339
6098,UGA,1993,0.347
6099,UGA,1994,0.35
6100,UGA,1995,0.356
6101,UGA,1996,0.367
6102,UGA,1997,0.376
6103,UGA,1998,0.386
6104,UGA,1999,0.398
6105,UGA,2000,0.407
6106,UGA,2001,0.418
6107,UGA,2002,0.432
6108,UGA,2003,0.446
6109,UGA,2004,0.461
6110,UGA,2005,0.47
6111,UGA,2006,0.481
6112,UGA,2007,0.492
6113,UGA,2008,0.502
6114,UGA,2009,0.509
6115,UGA,2010,0.514
6116,UGA,2011,0.522
6117,UGA,2012,0.526
6118,UGA,2013,0.532
6119,UGA,2014,0.539
6120,UGA,2015,0.547
6121,UGA,2016,0.553
6122,UGA,2017,0.557
6123,UGA,2018,0.563
6124,UGA,2019,0.569
6125,UGA,2020,0.571
6126,UGA,2021,0.573
6127,UGA,2022,0.578
6128,UGA,2023,0.582
6129,UKR,1990,0.75
6130,UKR,1991,0.743
6131,UKR,1992,0.733
6132,UKR,1993,0.721
6133,UKR,1994,0.706
6134,UKR,1995,0.702
6135,UKR,1996,0.701
6136,UKR,1997,0.706
6137,UKR,1998,0.71
6138,UKR,1999,0.714
6139,UKR,2000,0.716
6140,UKR,2001,0.728
6141,UKR,2002,0.736
6142,UKR,2003,0.745
6143,UKR,2004,0.751
6144,UKR,2005,0.757
6145,UKR,2006,0.762
6146,UKR,2007,0.77
6147,UKR,2008,0.776
6148,UKR,2009,0.773
6149,UKR,2010,0.782
6150,UKR,2011,0.786
6151,UKR,2012,0.789
6152,UKR,2013,0.789
6153,UKR,2014,0.788
6154,UKR,2015,0.778
6155,UKR,2016,0.78
6156,UKR,2017,0.785
6157,UKR,2018,0.784
6158,UKR,2019,0.789
6159,UKR,2020,0.783
6160,UKR,2021,0.772
6161,UKR,2022,0.772
6162,UKR,2023,0.779
6163,ARE,1990,0.713
6164,ARE,1991,0.724
6165,ARE,1992,0.729
6166,ARE,1993,0.736
6167,ARE,1994,0.742
6168,ARE,1995,0.747
6169,ARE,1996,0.753
6170,ARE,1997,0.761
6171,ARE,1998,0.77
6172,ARE,1999,0.78
6173,ARE,2000,0.79
6174,ARE,2001,0.798
6175,ARE,2002,0.805
6176,ARE,2003,0.81
6177,ARE,2004,0.815
6178,ARE,2005,0.819
6179,ARE,2006,0.823
6180,ARE,2007,0.827
6181,ARE,2008,0.831
6182,ARE,2009,0.832
6183,ARE,2010,0.835
6184,ARE,2011,0.839
6185,ARE,2012,0.843
6186,ARE,2013,0.846
6187,ARE,2014,0.853
6188,ARE,2015,0.857
6189,ARE,2016,0.861
6190,ARE,2017,0.884
6191,ARE,2018,0.901
6192,ARE,2019,0.915
6193,ARE,2020,0.909
6194,ARE,2021,0.903
6195,ARE,2022,0.921
6196,ARE,2023,0.94
6197,GBR,1990,0.812
6198,GBR,1991,0.816
6199,GBR,1992,0.824
6200,GBR,1993,0.827
6201,GBR,1994,0.836
6202,GBR,1995,0.835
6203,GBR,1996,0.841
6204,GBR,1997,0.849
6205,GBR,1998,0.856
6206,GBR,1999,0.862
6207,GBR,2000,0.87
6208,GBR,2001,0.876
6209,GBR,2002,0.881
6210,GBR,2003,0.886
6211,GBR,2004,0.897
6212,GBR,2005,0.903
6213,GBR,2006,0.902
6214,GBR,2007,0.905
6215,GBR,2008,0.91
6216,GBR,2009,0.915
6217,GBR,2010,0.921
6218,GBR,2011,0.916
6219,GBR,2012,0.917
6220,GBR,2013,0.931
6221,GBR,2014,0.932
6222,GBR,2015,0.931
6223,GBR,2016,0.934
6224,GBR,2017,0.937
6225,GBR,2018,0.936
6226,GBR,2019,0.941
6227,GBR,2020,0.93
6228,GBR,2021,0.941
6229,GBR,2022,0.946
6230,GBR,2023,0.946
6231,USA,1990,0.878
6232,USA,1991,0.878
6233,USA,1992,0.882
6234,USA,1993,0.884
6235,USA,1994,0.887
6236,USA,1995,0.888
6237,USA,1996,0.89
6238,USA,1997,0.893
6239,USA,1998,0.895
6240,USA,1999,0.895
6241,USA,2000,0.895
6242,USA,2001,0.897
6243,USA,2002,0.898
6244,USA,2003,0.9
6245,USA,2004,0.905
6246,USA,2005,0.907
6247,USA,2006,0.911
6248,USA,2007,0.914
6249,USA,2008,0.914
6250,USA,2009,0.915
6251,USA,2010,0.919
6252,USA,2011,0.92
6253,USA,2012,0.923
6254,USA,2013,0.925
6255,USA,2014,0.926
6256,USA,2015,0.928
6257,USA,2016,0.929
6258,USA,2017,0.931
6259,USA,2018,0.934
6260,USA,2019,0.936
6261,USA,2020,0.925
6262,USA,2021,0.921
6263,USA,2022,0.93
6264,USA,2023,0.938
6265,OWID_UMC,2000,0.6278027
6266,OWID_UMC,2001,0.63577056
6267,OWID_UMC,2002,0.6447347
6268,OWID_UMC,2003,0.6533375
6269,OWID_UMC,2004,0.6620509
6270,OWID_UMC,2005,0.6739048
6271,OWID_UMC,2006,0.683285
6272,OWID_UMC,2007,0.6933973
6273,OWID_UMC,2008,0.70059824
6274,OWID_UMC,2009,0.7082278
6275,OWID_UMC,2010,0.717139
6276,OWID_UMC,2011,0.7238753
6277,OWID_UMC,2012,0.73092294
6278,OWID_UMC,2013,0.737462
6279,OWID_UMC,2014,0.74445987
6280,OWID_UMC,2015,0.7498895
6281,OWID_UMC,2016,0.75526273
6282,OWID_UMC,2017,0.760885
6283,OWID_UMC,2018,0.76692
6284,OWID_UMC,2019,0.7715141
6285,OWID_UMC,2020,0.76947534
6286,OWID_UMC,2021,0.7721901
6287,OWID_UMC,2022,0.78062004
6288,OWID_UMC,2023,0.783142
6289,URY,1990,0.713
6290,URY,1991,0.717
6291,URY,1992,0.719
6292,URY,1993,0.722
6293,URY,1994,0.727
6294,URY,1995,0.729
6295,URY,1996,0.736
6296,URY,1997,0.747
6297,URY,1998,0.757
6298,URY,1999,0.76
6299,URY,2000,0.764
6300,URY,2001,0.771
6301,URY,2002,0.775
6302,URY,2003,0.78
6303,URY,2004,0.779
6304,URY,2005,0.778
6305,URY,2006,0.777
6306,URY,2007,0.78
6307,URY,2008,0.783
6308,URY,2009,0.787
6309,URY,2010,0.796
6310,URY,2011,0.801
6311,URY,2012,0.804
6312,URY,2013,0.812
6313,URY,2014,0.816
6314,URY,2015,0.818
6315,URY,2016,0.821
6316,URY,2017,0.827
6317,URY,2018,0.826
6318,URY,2019,0.83
6319,URY,2020,0.837
6320,URY,2021,0.837
6321,URY,2022,0.852
6322,URY,2023,0.862
6323,UZB,2000,0.603
6324,UZB,2001,0.61
6325,UZB,2002,0.618
6326,UZB,2003,0.625
6327,UZB,2004,0.632
6328,UZB,2005,0.638
6329,UZB,2006,0.644
6330,UZB,2007,0.658
6331,UZB,2008,0.663
6332,UZB,2009,0.672
6333,UZB,2010,0.681
6334,UZB,2011,0.686
6335,UZB,2012,0.692
6336,UZB,2013,0.698
6337,UZB,2014,0.703
6338,UZB,2015,0.707
6339,UZB,2016,0.714
6340,UZB,2017,0.719
6341,UZB,2018,0.725
6342,UZB,2019,0.73
6343,UZB,2020,0.723
6344,UZB,2021,0.727
6345,UZB,2022,0.737
6346,UZB,2023,0.74
6347,VUT,2005,0.561
6348,VUT,2006,0.567
6349,VUT,2007,0.57
6350,VUT,2008,0.578
6351,VUT,2009,0.579
6352,VUT,2010,0.582
6353,VUT,2011,0.587
6354,VUT,2012,0.587
6355,VUT,2013,0.592
6356,VUT,2014,0.597
6357,VUT,2015,0.599
6358,VUT,2016,0.603
6359,VUT,2017,0.607
6360,VUT,2018,0.612
6361,VUT,2019,0.622
6362,VUT,2020,0.617
6363,VUT,2021,0.615
6364,VUT,2022,0.621
6365,VUT,2023,0.621
6366,VEN,1990,0.658
6367,VEN,1991,0.669
6368,VEN,1992,0.676
6369,VEN,1993,0.68
6370,VEN,1994,0.681
6371,VEN,1995,0.687
6372,VEN,1996,0.69
6373,VEN,1997,0.698
6374,VEN,1998,0.7
6375,VEN,1999,0.698
6376,VEN,2000,0.703
6377,VEN,2001,0.708
6378,VEN,2002,0.716
6379,VEN,2003,0.707
6380,VEN,2004,0.718
6381,VEN,2005,0.728
6382,VEN,2006,0.736
6383,VEN,2007,0.753
6384,VEN,2008,0.759
6385,VEN,2009,0.76
6386,VEN,2010,0.764
6387,VEN,2011,0.77
6388,VEN,2012,0.772
6389,VEN,2013,0.773
6390,VEN,2014,0.77
6391,VEN,2015,0.768
6392,VEN,2016,0.761
6393,VEN,2017,0.749
6394,VEN,2018,0.741
6395,VEN,2019,0.724
6396,VEN,2020,0.699
6397,VEN,2021,0.696
6398,VEN,2022,0.706
6399,VEN,2023,0.709
6400,,1990,0.797
6401,,1991,0.8
6402,,1992,0.802
6403,,1993,0.804
6404,,1994,0.809
6405,,1995,0.812
6406,,1996,0.818
6407,,1997,0.824
6408,,1998,0.829
6409,,1999,0.832
6410,,2000,0.838
6411,,2001,0.843
6412,,2002,0.847
6413,,2003,0.852
6414,,2004,0.857
6415,,2005,0.861
6416,,2006,0.866
6417,,2007,0.87
6418,,2008,0.872
6419,,2009,0.874
6420,,2010,0.879
6421,,2011,0.883
6422,,2012,0.886
6423,,2013,0.892
6424,,2014,0.895
6425,,2015,0.898
6426,,2016,0.9
6427,,2017,0.903
6428,,2018,0.906
6429,,2019,0.909
6430,,2020,0.901
6431,,2021,0.903
6432,,2022,0.908
6433,,2023,0.914
6434,VNM,1990,0.499
6435,VNM,1991,0.509
6436,VNM,1992,0.521
6437,VNM,1993,0.531
6438,VNM,1994,0.543
6439,VNM,1995,0.556
6440,VNM,1996,0.567
6441,VNM,1997,0.578
6442,VNM,1998,0.588
6443,VNM,1999,0.596
6444,VNM,2000,0.604
6445,VNM,2001,0.612
6446,VNM,2002,0.621
6447,VNM,2003,0.63
6448,VNM,2004,0.638
6449,VNM,2005,0.647
6450,VNM,2006,0.656
6451,VNM,2007,0.664
6452,VNM,2008,0.672
6453,VNM,2009,0.679
6454,VNM,2010,0.686
6455,VNM,2011,0.693
6456,VNM,2012,0.698
6457,VNM,2013,0.704
6458,VNM,2014,0.711
6459,VNM,2015,0.717
6460,VNM,2016,0.723
6461,VNM,2017,0.729
6462,VNM,2018,0.737
6463,VNM,2019,0.744
6464,VNM,2020,0.755
6465,VNM,2021,0.754
6466,VNM,2022,0.764
6467,VNM,2023,0.766
6468,OWID_WRL,1990,0.608
6469,OWID_WRL,1991,0.611
6470,OWID_WRL,1992,0.614
6471,OWID_WRL,1993,0.617
6472,OWID_WRL,1994,0.62
6473,OWID_WRL,1995,0.625
6474,OWID_WRL,1996,0.631
6475,OWID_WRL,1997,0.636
6476,OWID_WRL,1998,0.641
6477,OWID_WRL,1999,0.646
6478,OWID_WRL,2000,0.651
6479,OWID_WRL,2001,0.657
6480,OWID_WRL,2002,0.662
6481,OWID_WRL,2003,0.669
6482,OWID_WRL,2004,0.675
6483,OWID_WRL,2005,0.681
6484,OWID_WRL,2006,0.688
6485,OWID_WRL,2007,0.694
6486,OWID_WRL,2008,0.698
6487,OWID_WRL,2009,0.701
6488,OWID_WRL,2010,0.707
6489,OWID_WRL,2011,0.713
6490,OWID_WRL,2012,0.717
6491,OWID_WRL,2013,0.721
6492,OWID_WRL,2014,0.726
6493,OWID_WRL,2015,0.731
6494,OWID_WRL,2016,0.735
6495,OWID_WRL,2017,0.739
6496,OWID_WRL,2018,0.741
6497,OWID_WRL,2019,0.745
6498,OWID_WRL,2020,0.742
6499,OWID_WRL,2021,0.742
6500,OWID_WRL,2022,0.752
6501,OWID_WRL,2023,0.756
6502,YEM,1990,0.359
6503,YEM,1991,0.364
6504,YEM,1992,0.37
6505,YEM,1993,0.377
6506,YEM,1994,0.382
6507,YEM,1995,0.393
6508,YEM,1996,0.405
6509,YEM,1997,0.413
6510,YEM,1998,0.423
6511,YEM,1999,0.429
6512,YEM,2000,0.439
6513,YEM,2001,0.449
6514,YEM,2002,0.458
6515,YEM,2003,0.467
6516,YEM,2004,0.475
6517,YEM,2005,0.481
6518,YEM,2006,0.486
6519,YEM,2007,0.489
6520,YEM,2008,0.492
6521,YEM,2009,0.497
6522,YEM,2010,0.502
6523,YEM,2011,0.501
6524,YEM,2012,0.503
6525,YEM,2013,0.507
6526,YEM,2014,0.502
6527,YEM,2015,0.475
6528,YEM,2016,0.467
6529,YEM,2017,0.459
6530,YEM,2018,0.454
6531,YEM,2019,0.458
6532,YEM,2020,0.459
6533,YEM,2021,0.458
6534,YEM,2022,0.466
6535,YEM,2023,0.47
6536,ZMB,1990,0.422
6537,ZMB,1991,0.416
6538,ZMB,1992,0.414
6539,ZMB,1993,0.417
6540,ZMB,1994,0.413
6541,ZMB,1995,0.413
6542,ZMB,1996,0.415
6543,ZMB,1997,0.418
6544,ZMB,1998,0.418
6545,ZMB,1999,0.423
6546,ZMB,2000,0.429
6547,ZMB,2001,0.437
6548,ZMB,2002,0.445
6549,ZMB,2003,0.458
6550,ZMB,2004,0.468
6551,ZMB,2005,0.48
6552,ZMB,2006,0.492
6553,ZMB,2007,0.504
6554,ZMB,2008,0.514
6555,ZMB,2009,0.526
6556,ZMB,2010,0.533
6557,ZMB,2011,0.538
6558,ZMB,2012,0.551
6559,ZMB,2013,0.557
6560,ZMB,2014,0.559
6561,ZMB,2015,0.565
6562,ZMB,2016,0.565
6563,ZMB,2017,0.57
6564,ZMB,2018,0.575
6565,ZMB,2019,0.578
6566,ZMB,2020,0.578
6567,ZMB,2021,0.574
6568,ZMB,2022,0.589
6569,ZMB,2023,0.595
6570,ZWE,1990,0.5
6571,ZWE,1991,0.502
6572,ZWE,1992,0.487
6573,ZWE,1993,0.483
6574,ZWE,1994,0.482
6575,ZWE,1995,0.477
6576,ZWE,1996,0.472
6577,ZWE,1997,0.472
6578,ZWE,1998,0.467
6579,ZWE,1999,0.462
6580,ZWE,2000,0.458
6581,ZWE,2001,0.456
6582,ZWE,2002,0.459
6583,ZWE,2003,0.45
6584,ZWE,2004,0.453
6585,ZWE,2005,0.455
6586,ZWE,2006,0.457
6587,ZWE,2007,0.459
6588,ZWE,2008,0.456
6589,ZWE,2009,0.488
6590,ZWE,2010,0.512
6591,ZWE,2011,0.529
6592,ZWE,2012,0.545
6593,ZWE,2013,0.554
6594,ZWE,2014,0.56
6595,ZWE,2015,0.567
6596,ZWE,2016,0.57
6597,ZWE,2017,0.575
6598,ZWE,2018,0.586
6599,ZWE,2019,0.584
6600,ZWE,2020,0.582
6601,ZWE,2021,0.581
6602,ZWE,2022,0.594
6603,ZWE,2023,0.598
