date,country,country_name,human_right_score,source
1961,MEX,Mexico,-0.546,V-Dem
1962,MEX,Mexico,-0.546,V-Dem
1963,MEX,Mexico,-0.546,V-Dem
1964,MEX,Mexico,-0.705,V-Dem
1965,MEX,Mexico,-0.705,V-Dem
1966,MEX,Mexico,-0.705,V-Dem
1967,MEX,Mexico,-0.705,V-Dem
1968,MEX,Mexico,-0.705,V-Dem
1969,MEX,Mexico,-0.705,V-Dem
1970,MEX,Mexico,-0.705,V-Dem
1971,MEX,Mexico,-0.705,V-Dem
1972,MEX,Mexico,-0.705,V-Dem
1973,MEX,Mexico,-0.705,V-Dem
1974,MEX,Mexico,-0.705,V-Dem
1975,MEX,Mexico,-0.705,V-Dem
1976,MEX,Mexico,-0.705,V-Dem
1977,MEX,Mexico,-0.195,V-Dem
1978,MEX,Mexico,-0.195,V-Dem
1979,MEX,Mexico,-0.195,V-Dem
1980,MEX,Mexico,-0.195,V-Dem
1981,MEX,Mexico,-0.195,V-Dem
1982,MEX,Mexico,-0.195,V-Dem
1983,MEX,Mexico,-0.195,V-Dem
1984,MEX,Mexico,-0.195,V-Dem
1985,MEX,Mexico,-0.195,V-Dem
1986,MEX,Mexico,-0.195,V-Dem
1987,MEX,Mexico,-0.195,V-Dem
1988,MEX,Mexico,-0.195,V-Dem
1989,MEX,Mexico,-0.0935,V-Dem
1990,MEX,Mexico,-0.0935,V-Dem
1991,MEX,Mexico,0.016000000000000014,V-Dem
1992,MEX,Mexico,0.016000000000000014,V-Dem
1993,MEX,Mexico,0.016000000000000014,V-Dem
1994,MEX,Mexico,0.016000000000000014,V-Dem
1995,MEX,Mexico,0.19599999999999998,V-Dem
1996,MEX,Mexico,0.19599999999999998,V-Dem
1997,MEX,Mexico,0.19599999999999998,V-Dem
1998,MEX,Mexico,0.19599999999999998,V-Dem
1999,MEX,Mexico,0.19599999999999998,V-Dem
2000,MEX,Mexico,0.29500000000000004,V-Dem
2001,MEX,Mexico,0.2185,V-Dem
2002,MEX,Mexico,0.2185,V-Dem
2003,MEX,Mexico,0.2185,V-Dem
2004,MEX,Mexico,0.2185,V-Dem
2005,MEX,Mexico,0.2185,V-Dem
2006,MEX,Mexico,-0.027000000000000024,V-Dem
2007,MEX,Mexico,0.11099999999999999,V-Dem
2008,MEX,Mexico,0.11099999999999999,V-Dem
2009,MEX,Mexico,0.11099999999999999,V-Dem
2010,MEX,Mexico,0.01100000000000001,V-Dem
2011,MEX,Mexico,0.01100000000000001,V-Dem
2012,MEX,Mexico,0.02150000000000002,V-Dem
2013,MEX,Mexico,0.031000000000000028,V-Dem
2014,MEX,Mexico,-0.05299999999999999,V-Dem
2015,MEX,Mexico,0.07950000000000002,V-Dem
2016,MEX,Mexico,0.07950000000000002,V-Dem
2017,MEX,Mexico,0.07699999999999996,V-Dem
2018,MEX,Mexico,0.07699999999999996,V-Dem
2019,MEX,Mexico,-0.0015000000000000013,V-Dem
2020,MEX,Mexico,-0.0015000000000000013,V-Dem
2021,MEX,Mexico,0.05199999999999999,V-Dem
2022,MEX,Mexico,0.05199999999999999,V-Dem
2023,MEX,Mexico,0.05199999999999999,V-Dem
2024,MEX,Mexico,-0.03149999999999997,V-Dem
2025,MEX,Mexico,-0.03149999999999997,V-Dem
1961,SUR,Suriname,1.139,V-Dem
1962,SUR,Suriname,1.139,V-Dem
1963,SUR,Suriname,1.298,V-Dem
1964,SUR,Suriname,1.298,V-Dem
1965,SUR,Suriname,1.298,V-Dem
1966,SUR,Suriname,1.298,V-Dem
1967,SUR,Suriname,1.298,V-Dem
1968,SUR,Suriname,1.298,V-Dem
1969,SUR,Suriname,1.298,V-Dem
1970,SUR,Suriname,1.298,V-Dem
1971,SUR,Suriname,1.298,V-Dem
1972,SUR,Suriname,1.298,V-Dem
1973,SUR,Suriname,1.298,V-Dem
1974,SUR,Suriname,1.655,V-Dem
1975,SUR,Suriname,1.923,V-Dem
1976,SUR,Suriname,1.923,V-Dem
1977,SUR,Suriname,1.923,V-Dem
1978,SUR,Suriname,1.923,V-Dem
1979,SUR,Suriname,1.923,V-Dem
1980,SUR,Suriname,-0.5075,V-Dem
1981,SUR,Suriname,-0.5075,V-Dem
1982,SUR,Suriname,-0.5075,V-Dem
1983,SUR,Suriname,-0.5075,V-Dem
1984,SUR,Suriname,-0.5075,V-Dem
1985,SUR,Suriname,-0.5075,V-Dem
1986,SUR,Suriname,-0.5075,V-Dem
1987,SUR,Suriname,-0.5075,V-Dem
1988,SUR,Suriname,-0.09849999999999998,V-Dem
1989,SUR,Suriname,0.577,V-Dem
1990,SUR,Suriname,1.4615,V-Dem
1991,SUR,Suriname,1.7005,V-Dem
1992,SUR,Suriname,1.7005,V-Dem
1993,SUR,Suriname,1.7005,V-Dem
1994,SUR,Suriname,1.7005,V-Dem
1995,SUR,Suriname,1.7005,V-Dem
1996,SUR,Suriname,1.7005,V-Dem
1997,SUR,Suriname,1.7005,V-Dem
1998,SUR,Suriname,1.7005,V-Dem
1999,SUR,Suriname,1.7005,V-Dem
2000,SUR,Suriname,1.7005,V-Dem
2001,SUR,Suriname,1.7005,V-Dem
2002,SUR,Suriname,1.7005,V-Dem
2003,SUR,Suriname,1.7005,V-Dem
2004,SUR,Suriname,1.7005,V-Dem
2005,SUR,Suriname,1.7005,V-Dem
2006,SUR,Suriname,1.7005,V-Dem
2007,SUR,Suriname,1.7005,V-Dem
2008,SUR,Suriname,1.7005,V-Dem
2009,SUR,Suriname,1.7005,V-Dem
2010,SUR,Suriname,1.7005,V-Dem
2011,SUR,Suriname,1.7005,V-Dem
2012,SUR,Suriname,1.7005,V-Dem
2013,SUR,Suriname,1.5670000000000002,V-Dem
2014,SUR,Suriname,1.5670000000000002,V-Dem
2015,SUR,Suriname,1.5670000000000002,V-Dem
2016,SUR,Suriname,1.4585,V-Dem
2017,SUR,Suriname,1.4585,V-Dem
2018,SUR,Suriname,1.5295,V-Dem
2019,SUR,Suriname,1.504,V-Dem
2020,SUR,Suriname,1.7245,V-Dem
2021,SUR,Suriname,1.9985,V-Dem
2022,SUR,Suriname,1.9425,V-Dem
2023,SUR,Suriname,2.2175000000000002,V-Dem
2024,SUR,Suriname,2.2175000000000002,V-Dem
2025,SUR,Suriname,2.2175000000000002,V-Dem
1961,SWE,Sweden,3.42,V-Dem
1962,SWE,Sweden,3.42,V-Dem
1963,SWE,Sweden,3.42,V-Dem
1964,SWE,Sweden,3.42,V-Dem
1965,SWE,Sweden,3.42,V-Dem
1966,SWE,Sweden,3.42,V-Dem
1967,SWE,Sweden,3.42,V-Dem
1968,SWE,Sweden,3.42,V-Dem
1969,SWE,Sweden,3.42,V-Dem
1970,SWE,Sweden,3.42,V-Dem
1971,SWE,Sweden,3.42,V-Dem
1972,SWE,Sweden,3.42,V-Dem
1973,SWE,Sweden,3.42,V-Dem
1974,SWE,Sweden,3.42,V-Dem
1975,SWE,Sweden,3.42,V-Dem
1976,SWE,Sweden,3.42,V-Dem
1977,SWE,Sweden,3.42,V-Dem
1978,SWE,Sweden,3.42,V-Dem
1979,SWE,Sweden,3.42,V-Dem
1980,SWE,Sweden,3.42,V-Dem
1981,SWE,Sweden,3.42,V-Dem
1982,SWE,Sweden,3.42,V-Dem
1983,SWE,Sweden,3.42,V-Dem
1984,SWE,Sweden,3.42,V-Dem
1985,SWE,Sweden,3.42,V-Dem
1986,SWE,Sweden,3.42,V-Dem
1987,SWE,Sweden,3.42,V-Dem
1988,SWE,Sweden,3.42,V-Dem
1989,SWE,Sweden,3.42,V-Dem
1990,SWE,Sweden,3.42,V-Dem
1991,SWE,Sweden,3.42,V-Dem
1992,SWE,Sweden,3.42,V-Dem
1993,SWE,Sweden,3.42,V-Dem
1994,SWE,Sweden,3.42,V-Dem
1995,SWE,Sweden,3.42,V-Dem
1996,SWE,Sweden,3.42,V-Dem
1997,SWE,Sweden,3.42,V-Dem
1998,SWE,Sweden,3.42,V-Dem
1999,SWE,Sweden,3.42,V-Dem
2000,SWE,Sweden,3.42,V-Dem
2001,SWE,Sweden,3.42,V-Dem
2002,SWE,Sweden,3.42,V-Dem
2003,SWE,Sweden,3.42,V-Dem
2004,SWE,Sweden,3.42,V-Dem
2005,SWE,Sweden,3.42,V-Dem
2006,SWE,Sweden,3.42,V-Dem
2007,SWE,Sweden,3.42,V-Dem
2008,SWE,Sweden,3.42,V-Dem
2009,SWE,Sweden,3.42,V-Dem
2010,SWE,Sweden,3.42,V-Dem
2011,SWE,Sweden,3.42,V-Dem
2012,SWE,Sweden,3.42,V-Dem
2013,SWE,Sweden,3.42,V-Dem
2014,SWE,Sweden,3.42,V-Dem
2015,SWE,Sweden,3.42,V-Dem
2016,SWE,Sweden,3.42,V-Dem
2017,SWE,Sweden,3.42,V-Dem
2018,SWE,Sweden,3.42,V-Dem
2019,SWE,Sweden,3.42,V-Dem
2020,SWE,Sweden,3.42,V-Dem
2021,SWE,Sweden,3.42,V-Dem
2022,SWE,Sweden,3.42,V-Dem
2023,SWE,Sweden,3.42,V-Dem
2024,SWE,Sweden,3.42,V-Dem
2025,SWE,Sweden,3.42,V-Dem
1961,CHE,Switzerland,2.6849999999999996,V-Dem
1962,CHE,Switzerland,2.6849999999999996,V-Dem
1963,CHE,Switzerland,2.6849999999999996,V-Dem
1964,CHE,Switzerland,2.6849999999999996,V-Dem
1965,CHE,Switzerland,2.6849999999999996,V-Dem
1966,CHE,Switzerland,2.6849999999999996,V-Dem
1967,CHE,Switzerland,2.6849999999999996,V-Dem
1968,CHE,Switzerland,2.6849999999999996,V-Dem
1969,CHE,Switzerland,2.6849999999999996,V-Dem
1970,CHE,Switzerland,2.6849999999999996,V-Dem
1971,CHE,Switzerland,2.6849999999999996,V-Dem
1972,CHE,Switzerland,2.6849999999999996,V-Dem
1973,CHE,Switzerland,2.6849999999999996,V-Dem
1974,CHE,Switzerland,2.896,V-Dem
1975,CHE,Switzerland,2.896,V-Dem
1976,CHE,Switzerland,2.896,V-Dem
1977,CHE,Switzerland,2.896,V-Dem
1978,CHE,Switzerland,2.896,V-Dem
1979,CHE,Switzerland,2.896,V-Dem
1980,CHE,Switzerland,2.896,V-Dem
1981,CHE,Switzerland,2.896,V-Dem
1982,CHE,Switzerland,2.896,V-Dem
1983,CHE,Switzerland,2.896,V-Dem
1984,CHE,Switzerland,2.896,V-Dem
1985,CHE,Switzerland,2.896,V-Dem
1986,CHE,Switzerland,2.896,V-Dem
1987,CHE,Switzerland,2.896,V-Dem
1988,CHE,Switzerland,2.896,V-Dem
1989,CHE,Switzerland,2.896,V-Dem
1990,CHE,Switzerland,2.896,V-Dem
1991,CHE,Switzerland,2.896,V-Dem
1992,CHE,Switzerland,2.896,V-Dem
1993,CHE,Switzerland,2.896,V-Dem
1994,CHE,Switzerland,2.896,V-Dem
1995,CHE,Switzerland,2.896,V-Dem
1996,CHE,Switzerland,2.896,V-Dem
1997,CHE,Switzerland,2.896,V-Dem
1998,CHE,Switzerland,2.896,V-Dem
1999,CHE,Switzerland,2.896,V-Dem
2000,CHE,Switzerland,2.896,V-Dem
2001,CHE,Switzerland,2.896,V-Dem
2002,CHE,Switzerland,2.896,V-Dem
2003,CHE,Switzerland,2.896,V-Dem
2004,CHE,Switzerland,2.896,V-Dem
2005,CHE,Switzerland,2.896,V-Dem
2006,CHE,Switzerland,2.896,V-Dem
2007,CHE,Switzerland,2.896,V-Dem
2008,CHE,Switzerland,2.896,V-Dem
2009,CHE,Switzerland,2.896,V-Dem
2010,CHE,Switzerland,2.896,V-Dem
2011,CHE,Switzerland,2.896,V-Dem
2012,CHE,Switzerland,2.896,V-Dem
2013,CHE,Switzerland,2.896,V-Dem
2014,CHE,Switzerland,2.896,V-Dem
2015,CHE,Switzerland,3.0815,V-Dem
2016,CHE,Switzerland,3.0815,V-Dem
2017,CHE,Switzerland,3.0815,V-Dem
2018,CHE,Switzerland,3.0815,V-Dem
2019,CHE,Switzerland,3.0815,V-Dem
2020,CHE,Switzerland,3.0815,V-Dem
2021,CHE,Switzerland,3.0815,V-Dem
2022,CHE,Switzerland,3.0815,V-Dem
2023,CHE,Switzerland,3.0815,V-Dem
2024,CHE,Switzerland,3.0815,V-Dem
2025,CHE,Switzerland,3.0815,V-Dem
1961,GHA,Ghana,0.667,V-Dem
1962,GHA,Ghana,0.667,V-Dem
1963,GHA,Ghana,0.667,V-Dem
1964,GHA,Ghana,0.5015000000000001,V-Dem
1965,GHA,Ghana,0.5015000000000001,V-Dem
1966,GHA,Ghana,0.2055,V-Dem
1967,GHA,Ghana,0.17350000000000002,V-Dem
1968,GHA,Ghana,0.17350000000000002,V-Dem
1969,GHA,Ghana,0.6835,V-Dem
1970,GHA,Ghana,1.295,V-Dem
1971,GHA,Ghana,1.295,V-Dem
1972,GHA,Ghana,0.6945,V-Dem
1973,GHA,Ghana,0.49450000000000005,V-Dem
1974,GHA,Ghana,0.49450000000000005,V-Dem
1975,GHA,Ghana,0.49450000000000005,V-Dem
1976,GHA,Ghana,0.49450000000000005,V-Dem
1977,GHA,Ghana,0.49450000000000005,V-Dem
1978,GHA,Ghana,0.49450000000000005,V-Dem
1979,GHA,Ghana,0.2415,V-Dem
1980,GHA,Ghana,1.464,V-Dem
1981,GHA,Ghana,0.4725,V-Dem
1982,GHA,Ghana,-0.955,V-Dem
1983,GHA,Ghana,-0.5875,V-Dem
1984,GHA,Ghana,-0.46950000000000003,V-Dem
1985,GHA,Ghana,-0.46950000000000003,V-Dem
1986,GHA,Ghana,-0.46950000000000003,V-Dem
1987,GHA,Ghana,-0.14250000000000002,V-Dem
1988,GHA,Ghana,-0.10299999999999998,V-Dem
1989,GHA,Ghana,-0.10299999999999998,V-Dem
1990,GHA,Ghana,0.5705,V-Dem
1991,GHA,Ghana,0.5705,V-Dem
1992,GHA,Ghana,0.6355,V-Dem
1993,GHA,Ghana,0.936,V-Dem
1994,GHA,Ghana,2.175,V-Dem
1995,GHA,Ghana,2.175,V-Dem
1996,GHA,Ghana,2.175,V-Dem
1997,GHA,Ghana,2.3965,V-Dem
1998,GHA,Ghana,2.3965,V-Dem
1999,GHA,Ghana,2.3965,V-Dem
2000,GHA,Ghana,2.3965,V-Dem
2001,GHA,Ghana,2.3965,V-Dem
2002,GHA,Ghana,2.3965,V-Dem
2003,GHA,Ghana,2.488,V-Dem
2004,GHA,Ghana,2.488,V-Dem
2005,GHA,Ghana,2.488,V-Dem
2006,GHA,Ghana,2.488,V-Dem
2007,GHA,Ghana,2.488,V-Dem
2008,GHA,Ghana,2.488,V-Dem
2009,GHA,Ghana,2.5755,V-Dem
2010,GHA,Ghana,2.5555,V-Dem
2011,GHA,Ghana,2.5555,V-Dem
2012,GHA,Ghana,2.4,V-Dem
2013,GHA,Ghana,2.4145,V-Dem
2014,GHA,Ghana,2.4145,V-Dem
2015,GHA,Ghana,2.4145,V-Dem
2016,GHA,Ghana,2.4005,V-Dem
2017,GHA,Ghana,2.163,V-Dem
2018,GHA,Ghana,2.163,V-Dem
2019,GHA,Ghana,2.016,V-Dem
2020,GHA,Ghana,2.0585,V-Dem
2021,GHA,Ghana,1.8235000000000001,V-Dem
2022,GHA,Ghana,1.912,V-Dem
2023,GHA,Ghana,1.912,V-Dem
2024,GHA,Ghana,1.912,V-Dem
2025,GHA,Ghana,2.2880000000000003,V-Dem
1961,ZAF,South Africa,-1.9565000000000001,V-Dem
1962,ZAF,South Africa,-2.002,V-Dem
1963,ZAF,South Africa,-2.002,V-Dem
1964,ZAF,South Africa,-2.002,V-Dem
1965,ZAF,South Africa,-2.002,V-Dem
1966,ZAF,South Africa,-2.002,V-Dem
1967,ZAF,South Africa,-2.002,V-Dem
1968,ZAF,South Africa,-2.002,V-Dem
1969,ZAF,South Africa,-2.002,V-Dem
1970,ZAF,South Africa,-2.0780000000000003,V-Dem
1971,ZAF,South Africa,-2.0780000000000003,V-Dem
1972,ZAF,South Africa,-2.0780000000000003,V-Dem
1973,ZAF,South Africa,-2.0780000000000003,V-Dem
1974,ZAF,South Africa,-2.0780000000000003,V-Dem
1975,ZAF,South Africa,-2.0780000000000003,V-Dem
1976,ZAF,South Africa,-2.1525,V-Dem
1977,ZAF,South Africa,-2.1525,V-Dem
1978,ZAF,South Africa,-2.1525,V-Dem
1979,ZAF,South Africa,-2.1525,V-Dem
1980,ZAF,South Africa,-2.273,V-Dem
1981,ZAF,South Africa,-2.273,V-Dem
1982,ZAF,South Africa,-2.273,V-Dem
1983,ZAF,South Africa,-2.273,V-Dem
1984,ZAF,South Africa,-2.273,V-Dem
1985,ZAF,South Africa,-2.273,V-Dem
1986,ZAF,South Africa,-2.273,V-Dem
1987,ZAF,South Africa,-2.273,V-Dem
1988,ZAF,South Africa,-2.2055,V-Dem
1989,ZAF,South Africa,-2.2055,V-Dem
1990,ZAF,South Africa,-1.3210000000000002,V-Dem
1991,ZAF,South Africa,-1.3210000000000002,V-Dem
1992,ZAF,South Africa,-1.2915,V-Dem
1993,ZAF,South Africa,-1.2915,V-Dem
1994,ZAF,South Africa,-0.6835,V-Dem
1995,ZAF,South Africa,1.278,V-Dem
1996,ZAF,South Africa,1.4285,V-Dem
1997,ZAF,South Africa,1.4285,V-Dem
1998,ZAF,South Africa,1.4285,V-Dem
1999,ZAF,South Africa,1.4285,V-Dem
2000,ZAF,South Africa,1.4285,V-Dem
2001,ZAF,South Africa,1.4285,V-Dem
2002,ZAF,South Africa,1.4285,V-Dem
2003,ZAF,South Africa,1.4285,V-Dem
2004,ZAF,South Africa,1.4285,V-Dem
2005,ZAF,South Africa,1.4285,V-Dem
2006,ZAF,South Africa,1.4285,V-Dem
2007,ZAF,South Africa,1.4285,V-Dem
2008,ZAF,South Africa,1.4285,V-Dem
2009,ZAF,South Africa,1.4285,V-Dem
2010,ZAF,South Africa,1.4435,V-Dem
2011,ZAF,South Africa,1.4435,V-Dem
2012,ZAF,South Africa,1.3995,V-Dem
2013,ZAF,South Africa,1.3995,V-Dem
2014,ZAF,South Africa,1.3719999999999999,V-Dem
2015,ZAF,South Africa,1.5095,V-Dem
2016,ZAF,South Africa,1.5095,V-Dem
2017,ZAF,South Africa,1.3235000000000001,V-Dem
2018,ZAF,South Africa,1.4175,V-Dem
2019,ZAF,South Africa,1.4465000000000001,V-Dem
2020,ZAF,South Africa,1.3955000000000002,V-Dem
2021,ZAF,South Africa,1.3955000000000002,V-Dem
2022,ZAF,South Africa,1.2885,V-Dem
2023,ZAF,South Africa,1.293,V-Dem
2024,ZAF,South Africa,1.5445,V-Dem
2025,ZAF,South Africa,1.5445,V-Dem
1961,JPN,Japan,2.6864999999999997,V-Dem
1962,JPN,Japan,2.6864999999999997,V-Dem
1963,JPN,Japan,2.6864999999999997,V-Dem
1964,JPN,Japan,2.6864999999999997,V-Dem
1965,JPN,Japan,2.6864999999999997,V-Dem
1966,JPN,Japan,2.6864999999999997,V-Dem
1967,JPN,Japan,2.6864999999999997,V-Dem
1968,JPN,Japan,2.6864999999999997,V-Dem
1969,JPN,Japan,2.6864999999999997,V-Dem
1970,JPN,Japan,2.6864999999999997,V-Dem
1971,JPN,Japan,2.6864999999999997,V-Dem
1972,JPN,Japan,2.6864999999999997,V-Dem
1973,JPN,Japan,2.6864999999999997,V-Dem
1974,JPN,Japan,2.6864999999999997,V-Dem
1975,JPN,Japan,2.6864999999999997,V-Dem
1976,JPN,Japan,2.6864999999999997,V-Dem
1977,JPN,Japan,2.6864999999999997,V-Dem
1978,JPN,Japan,2.6864999999999997,V-Dem
1979,JPN,Japan,2.6864999999999997,V-Dem
1980,JPN,Japan,2.6864999999999997,V-Dem
1981,JPN,Japan,2.6864999999999997,V-Dem
1982,JPN,Japan,2.6864999999999997,V-Dem
1983,JPN,Japan,2.6864999999999997,V-Dem
1984,JPN,Japan,2.6864999999999997,V-Dem
1985,JPN,Japan,2.6864999999999997,V-Dem
1986,JPN,Japan,2.6864999999999997,V-Dem
1987,JPN,Japan,2.6864999999999997,V-Dem
1988,JPN,Japan,2.6864999999999997,V-Dem
1989,JPN,Japan,2.6864999999999997,V-Dem
1990,JPN,Japan,2.6864999999999997,V-Dem
1991,JPN,Japan,2.6864999999999997,V-Dem
1992,JPN,Japan,2.6864999999999997,V-Dem
1993,JPN,Japan,2.6864999999999997,V-Dem
1994,JPN,Japan,2.6864999999999997,V-Dem
1995,JPN,Japan,2.6864999999999997,V-Dem
1996,JPN,Japan,2.6864999999999997,V-Dem
1997,JPN,Japan,2.6864999999999997,V-Dem
1998,JPN,Japan,2.6864999999999997,V-Dem
1999,JPN,Japan,2.6864999999999997,V-Dem
2000,JPN,Japan,2.6864999999999997,V-Dem
2001,JPN,Japan,2.6864999999999997,V-Dem
2002,JPN,Japan,2.6864999999999997,V-Dem
2003,JPN,Japan,2.6864999999999997,V-Dem
2004,JPN,Japan,2.6864999999999997,V-Dem
2005,JPN,Japan,2.6864999999999997,V-Dem
2006,JPN,Japan,2.6864999999999997,V-Dem
2007,JPN,Japan,2.6864999999999997,V-Dem
2008,JPN,Japan,2.6864999999999997,V-Dem
2009,JPN,Japan,2.6864999999999997,V-Dem
2010,JPN,Japan,2.6864999999999997,V-Dem
2011,JPN,Japan,2.6864999999999997,V-Dem
2012,JPN,Japan,2.6864999999999997,V-Dem
2013,JPN,Japan,2.6864999999999997,V-Dem
2014,JPN,Japan,2.6864999999999997,V-Dem
2015,JPN,Japan,2.6864999999999997,V-Dem
2016,JPN,Japan,2.6864999999999997,V-Dem
2017,JPN,Japan,2.6864999999999997,V-Dem
2018,JPN,Japan,2.6864999999999997,V-Dem
2019,JPN,Japan,2.6864999999999997,V-Dem
2020,JPN,Japan,2.6864999999999997,V-Dem
2021,JPN,Japan,2.6864999999999997,V-Dem
2022,JPN,Japan,2.6864999999999997,V-Dem
2023,JPN,Japan,2.6864999999999997,V-Dem
2024,JPN,Japan,2.4105,V-Dem
2025,JPN,Japan,2.4105,V-Dem
1961,MMR,Burma/Myanmar,0.4575,V-Dem
1962,MMR,Burma/Myanmar,-0.601,V-Dem
1963,MMR,Burma/Myanmar,-1.181,V-Dem
1964,MMR,Burma/Myanmar,-1.3035,V-Dem
1965,MMR,Burma/Myanmar,-1.3679999999999999,V-Dem
1966,MMR,Burma/Myanmar,-1.3679999999999999,V-Dem
1967,MMR,Burma/Myanmar,-1.3679999999999999,V-Dem
1968,MMR,Burma/Myanmar,-1.3679999999999999,V-Dem
1969,MMR,Burma/Myanmar,-1.3679999999999999,V-Dem
1970,MMR,Burma/Myanmar,-1.3679999999999999,V-Dem
1971,MMR,Burma/Myanmar,-1.3679999999999999,V-Dem
1972,MMR,Burma/Myanmar,-1.3679999999999999,V-Dem
1973,MMR,Burma/Myanmar,-1.3679999999999999,V-Dem
1974,MMR,Burma/Myanmar,-1.3679999999999999,V-Dem
1975,MMR,Burma/Myanmar,-1.3679999999999999,V-Dem
1976,MMR,Burma/Myanmar,-1.3679999999999999,V-Dem
1977,MMR,Burma/Myanmar,-1.3679999999999999,V-Dem
1978,MMR,Burma/Myanmar,-1.3679999999999999,V-Dem
1979,MMR,Burma/Myanmar,-1.3679999999999999,V-Dem
1980,MMR,Burma/Myanmar,-1.3455,V-Dem
1981,MMR,Burma/Myanmar,-1.3455,V-Dem
1982,MMR,Burma/Myanmar,-1.3455,V-Dem
1983,MMR,Burma/Myanmar,-1.3455,V-Dem
1984,MMR,Burma/Myanmar,-1.3455,V-Dem
1985,MMR,Burma/Myanmar,-1.3455,V-Dem
1986,MMR,Burma/Myanmar,-1.3455,V-Dem
1987,MMR,Burma/Myanmar,-1.3455,V-Dem
1988,MMR,Burma/Myanmar,-1.5005000000000002,V-Dem
1989,MMR,Burma/Myanmar,-1.5005000000000002,V-Dem
1990,MMR,Burma/Myanmar,-1.5485,V-Dem
1991,MMR,Burma/Myanmar,-1.5485,V-Dem
1992,MMR,Burma/Myanmar,-1.5485,V-Dem
1993,MMR,Burma/Myanmar,-1.5485,V-Dem
1994,MMR,Burma/Myanmar,-1.5485,V-Dem
1995,MMR,Burma/Myanmar,-1.5485,V-Dem
1996,MMR,Burma/Myanmar,-1.5485,V-Dem
1997,MMR,Burma/Myanmar,-1.5485,V-Dem
1998,MMR,Burma/Myanmar,-1.5485,V-Dem
1999,MMR,Burma/Myanmar,-1.5485,V-Dem
2000,MMR,Burma/Myanmar,-1.5554999999999999,V-Dem
2001,MMR,Burma/Myanmar,-1.5554999999999999,V-Dem
2002,MMR,Burma/Myanmar,-1.5554999999999999,V-Dem
2003,MMR,Burma/Myanmar,-1.5554999999999999,V-Dem
2004,MMR,Burma/Myanmar,-1.5554999999999999,V-Dem
2005,MMR,Burma/Myanmar,-1.5554999999999999,V-Dem
2006,MMR,Burma/Myanmar,-1.5554999999999999,V-Dem
2007,MMR,Burma/Myanmar,-1.8065,V-Dem
2008,MMR,Burma/Myanmar,-1.5715,V-Dem
2009,MMR,Burma/Myanmar,-1.5225,V-Dem
2010,MMR,Burma/Myanmar,-0.7344999999999999,V-Dem
2011,MMR,Burma/Myanmar,-0.32,V-Dem
2012,MMR,Burma/Myanmar,-0.23299999999999998,V-Dem
2013,MMR,Burma/Myanmar,-0.21600000000000003,V-Dem
2014,MMR,Burma/Myanmar,-0.165,V-Dem
2015,MMR,Burma/Myanmar,-0.0455,V-Dem
2016,MMR,Burma/Myanmar,-0.017999999999999995,V-Dem
2017,MMR,Burma/Myanmar,-0.07350000000000001,V-Dem
2018,MMR,Burma/Myanmar,-0.048,V-Dem
2019,MMR,Burma/Myanmar,-0.048,V-Dem
2020,MMR,Burma/Myanmar,-0.0255,V-Dem
2021,MMR,Burma/Myanmar,-1.874,V-Dem
2022,MMR,Burma/Myanmar,-1.874,V-Dem
2023,MMR,Burma/Myanmar,-1.874,V-Dem
2024,MMR,Burma/Myanmar,-1.874,V-Dem
2025,MMR,Burma/Myanmar,-1.874,V-Dem
1961,RUS,Russia,-0.583,V-Dem
1962,RUS,Russia,-0.565,V-Dem
1963,RUS,Russia,-0.5855,V-Dem
1964,RUS,Russia,-0.5855,V-Dem
1965,RUS,Russia,-0.563,V-Dem
1966,RUS,Russia,-0.563,V-Dem
1967,RUS,Russia,-0.5815,V-Dem
1968,RUS,Russia,-0.5815,V-Dem
1969,RUS,Russia,-0.5815,V-Dem
1970,RUS,Russia,-0.5640000000000001,V-Dem
1971,RUS,Russia,-0.5640000000000001,V-Dem
1972,RUS,Russia,-0.5865,V-Dem
1973,RUS,Russia,-0.5865,V-Dem
1974,RUS,Russia,-0.5640000000000001,V-Dem
1975,RUS,Russia,-0.5640000000000001,V-Dem
1976,RUS,Russia,-0.5820000000000001,V-Dem
1977,RUS,Russia,-0.5640000000000001,V-Dem
1978,RUS,Russia,-0.5640000000000001,V-Dem
1979,RUS,Russia,-0.5920000000000001,V-Dem
1980,RUS,Russia,-0.5605,V-Dem
1981,RUS,Russia,-0.5780000000000001,V-Dem
1982,RUS,Russia,-0.5625,V-Dem
1983,RUS,Russia,-0.585,V-Dem
1984,RUS,Russia,-0.585,V-Dem
1985,RUS,Russia,-0.43300000000000005,V-Dem
1986,RUS,Russia,-0.0435,V-Dem
1987,RUS,Russia,-0.0435,V-Dem
1988,RUS,Russia,-0.0435,V-Dem
1989,RUS,Russia,-0.0435,V-Dem
1990,RUS,Russia,0.347,V-Dem
1991,RUS,Russia,0.347,V-Dem
1992,RUS,Russia,0.3495,V-Dem
1993,RUS,Russia,0.3495,V-Dem
1994,RUS,Russia,0.3495,V-Dem
1995,RUS,Russia,0.3495,V-Dem
1996,RUS,Russia,0.3495,V-Dem
1997,RUS,Russia,0.3495,V-Dem
1998,RUS,Russia,0.3495,V-Dem
1999,RUS,Russia,0.3225,V-Dem
2000,RUS,Russia,0.1145,V-Dem
2001,RUS,Russia,0.059999999999999984,V-Dem
2002,RUS,Russia,-0.037000000000000005,V-Dem
2003,RUS,Russia,-0.218,V-Dem
2004,RUS,Russia,-0.218,V-Dem
2005,RUS,Russia,-0.218,V-Dem
2006,RUS,Russia,-0.287,V-Dem
2007,RUS,Russia,-0.307,V-Dem
2008,RUS,Russia,-0.2785,V-Dem
2009,RUS,Russia,-0.247,V-Dem
2010,RUS,Russia,-0.256,V-Dem
2011,RUS,Russia,-0.265,V-Dem
2012,RUS,Russia,-0.33599999999999997,V-Dem
2013,RUS,Russia,-0.27149999999999996,V-Dem
2014,RUS,Russia,-0.3415,V-Dem
2015,RUS,Russia,-0.48550000000000004,V-Dem
2016,RUS,Russia,-0.5315000000000001,V-Dem
2017,RUS,Russia,-0.5315000000000001,V-Dem
2018,RUS,Russia,-0.5625,V-Dem
2019,RUS,Russia,-0.5625,V-Dem
2020,RUS,Russia,-0.9185,V-Dem
2021,RUS,Russia,-0.792,V-Dem
2022,RUS,Russia,-1.1735,V-Dem
2023,RUS,Russia,-0.9450000000000001,V-Dem
2024,RUS,Russia,-1.123,V-Dem
2025,RUS,Russia,-1.123,V-Dem
1961,ALB,Albania,-2.8129999999999997,V-Dem
1962,ALB,Albania,-2.8129999999999997,V-Dem
1963,ALB,Albania,-2.8129999999999997,V-Dem
1964,ALB,Albania,-2.8129999999999997,V-Dem
1965,ALB,Albania,-2.8129999999999997,V-Dem
1966,ALB,Albania,-2.8129999999999997,V-Dem
1967,ALB,Albania,-2.8129999999999997,V-Dem
1968,ALB,Albania,-2.8129999999999997,V-Dem
1969,ALB,Albania,-2.8129999999999997,V-Dem
1970,ALB,Albania,-2.8129999999999997,V-Dem
1971,ALB,Albania,-2.8129999999999997,V-Dem
1972,ALB,Albania,-2.8129999999999997,V-Dem
1973,ALB,Albania,-2.8129999999999997,V-Dem
1974,ALB,Albania,-2.8129999999999997,V-Dem
1975,ALB,Albania,-2.8129999999999997,V-Dem
1976,ALB,Albania,-2.8129999999999997,V-Dem
1977,ALB,Albania,-2.8129999999999997,V-Dem
1978,ALB,Albania,-2.8129999999999997,V-Dem
1979,ALB,Albania,-2.8129999999999997,V-Dem
1980,ALB,Albania,-2.8129999999999997,V-Dem
1981,ALB,Albania,-2.8129999999999997,V-Dem
1982,ALB,Albania,-2.8129999999999997,V-Dem
1983,ALB,Albania,-2.8129999999999997,V-Dem
1984,ALB,Albania,-2.8129999999999997,V-Dem
1985,ALB,Albania,-2.376,V-Dem
1986,ALB,Albania,-2.376,V-Dem
1987,ALB,Albania,-2.376,V-Dem
1988,ALB,Albania,-2.376,V-Dem
1989,ALB,Albania,-2.376,V-Dem
1990,ALB,Albania,-1.075,V-Dem
1991,ALB,Albania,0.679,V-Dem
1992,ALB,Albania,1.0795,V-Dem
1993,ALB,Albania,1.0795,V-Dem
1994,ALB,Albania,1.0795,V-Dem
1995,ALB,Albania,1.0795,V-Dem
1996,ALB,Albania,1.0795,V-Dem
1997,ALB,Albania,0.7865,V-Dem
1998,ALB,Albania,0.7865,V-Dem
1999,ALB,Albania,1.0625,V-Dem
2000,ALB,Albania,1.771,V-Dem
2001,ALB,Albania,1.771,V-Dem
2002,ALB,Albania,1.771,V-Dem
2003,ALB,Albania,1.771,V-Dem
2004,ALB,Albania,1.9845,V-Dem
2005,ALB,Albania,1.9845,V-Dem
2006,ALB,Albania,1.9845,V-Dem
2007,ALB,Albania,1.9845,V-Dem
2008,ALB,Albania,1.9845,V-Dem
2009,ALB,Albania,1.9845,V-Dem
2010,ALB,Albania,1.9845,V-Dem
2011,ALB,Albania,1.9845,V-Dem
2012,ALB,Albania,1.9845,V-Dem
2013,ALB,Albania,2.6765,V-Dem
2014,ALB,Albania,2.6765,V-Dem
2015,ALB,Albania,2.6765,V-Dem
2016,ALB,Albania,2.6765,V-Dem
2017,ALB,Albania,2.545,V-Dem
2018,ALB,Albania,2.545,V-Dem
2019,ALB,Albania,2.545,V-Dem
2020,ALB,Albania,2.3445,V-Dem
2021,ALB,Albania,2.3445,V-Dem
2022,ALB,Albania,2.285,V-Dem
2023,ALB,Albania,2.588,V-Dem
2024,ALB,Albania,2.501,V-Dem
2025,ALB,Albania,2.6310000000000002,V-Dem
1961,EGY,Egypt,-1.119,V-Dem
1962,EGY,Egypt,-1.119,V-Dem
1963,EGY,Egypt,-1.119,V-Dem
1964,EGY,Egypt,-1.119,V-Dem
1965,EGY,Egypt,-1.1795,V-Dem
1966,EGY,Egypt,-1.1795,V-Dem
1967,EGY,Egypt,-1.1795,V-Dem
1968,EGY,Egypt,-1.1795,V-Dem
1969,EGY,Egypt,-1.1795,V-Dem
1970,EGY,Egypt,-1.1255,V-Dem
1971,EGY,Egypt,-1.0565,V-Dem
1972,EGY,Egypt,-0.968,V-Dem
1973,EGY,Egypt,-0.968,V-Dem
1974,EGY,Egypt,-0.968,V-Dem
1975,EGY,Egypt,-0.968,V-Dem
1976,EGY,Egypt,-0.968,V-Dem
1977,EGY,Egypt,-1.1895,V-Dem
1978,EGY,Egypt,-1.1895,V-Dem
1979,EGY,Egypt,-1.1895,V-Dem
1980,EGY,Egypt,-1.1895,V-Dem
1981,EGY,Egypt,-1.0735000000000001,V-Dem
1982,EGY,Egypt,-1.0105,V-Dem
1983,EGY,Egypt,-1.1225,V-Dem
1984,EGY,Egypt,-1.1225,V-Dem
1985,EGY,Egypt,-1.1225,V-Dem
1986,EGY,Egypt,-1.1225,V-Dem
1987,EGY,Egypt,-1.1225,V-Dem
1988,EGY,Egypt,-1.1225,V-Dem
1989,EGY,Egypt,-1.1225,V-Dem
1990,EGY,Egypt,-1.1225,V-Dem
1991,EGY,Egypt,-1.1225,V-Dem
1992,EGY,Egypt,-1.1225,V-Dem
1993,EGY,Egypt,-1.1225,V-Dem
1994,EGY,Egypt,-1.1225,V-Dem
1995,EGY,Egypt,-1.1225,V-Dem
1996,EGY,Egypt,-1.1225,V-Dem
1997,EGY,Egypt,-1.1225,V-Dem
1998,EGY,Egypt,-1.3665,V-Dem
1999,EGY,Egypt,-1.3665,V-Dem
2000,EGY,Egypt,-1.3665,V-Dem
2001,EGY,Egypt,-1.3665,V-Dem
2002,EGY,Egypt,-1.3665,V-Dem
2003,EGY,Egypt,-1.3665,V-Dem
2004,EGY,Egypt,-1.3665,V-Dem
2005,EGY,Egypt,-1.3665,V-Dem
2006,EGY,Egypt,-1.3665,V-Dem
2007,EGY,Egypt,-1.3665,V-Dem
2008,EGY,Egypt,-1.3665,V-Dem
2009,EGY,Egypt,-1.3665,V-Dem
2010,EGY,Egypt,-1.334,V-Dem
2011,EGY,Egypt,-1.052,V-Dem
2012,EGY,Egypt,-0.9345,V-Dem
2013,EGY,Egypt,-1.8895,V-Dem
2014,EGY,Egypt,-1.846,V-Dem
2015,EGY,Egypt,-2.154,V-Dem
2016,EGY,Egypt,-2.154,V-Dem
2017,EGY,Egypt,-1.9965,V-Dem
2018,EGY,Egypt,-1.9605000000000001,V-Dem
2019,EGY,Egypt,-1.7650000000000001,V-Dem
2020,EGY,Egypt,-1.5835,V-Dem
2021,EGY,Egypt,-1.5075,V-Dem
2022,EGY,Egypt,-1.1920000000000002,V-Dem
2023,EGY,Egypt,-1.1920000000000002,V-Dem
2024,EGY,Egypt,-1.1085,V-Dem
2025,EGY,Egypt,-1.1295000000000002,V-Dem
1961,YEM,Yemen,-1.2765,V-Dem
1962,YEM,Yemen,-1.2765,V-Dem
1963,YEM,Yemen,-1.2255,V-Dem
1964,YEM,Yemen,-1.2255,V-Dem
1965,YEM,Yemen,-1.2255,V-Dem
1966,YEM,Yemen,-1.2255,V-Dem
1967,YEM,Yemen,-1.2255,V-Dem
1968,YEM,Yemen,-1.2255,V-Dem
1969,YEM,Yemen,-1.2255,V-Dem
1970,YEM,Yemen,-1.2255,V-Dem
1971,YEM,Yemen,-1.2255,V-Dem
1972,YEM,Yemen,-1.2255,V-Dem
1973,YEM,Yemen,-1.2255,V-Dem
1974,YEM,Yemen,-1.178,V-Dem
1975,YEM,Yemen,-1.001,V-Dem
1976,YEM,Yemen,-1.001,V-Dem
1977,YEM,Yemen,-0.859,V-Dem
1978,YEM,Yemen,-1.8299999999999998,V-Dem
1979,YEM,Yemen,-1.4184999999999999,V-Dem
1980,YEM,Yemen,-1.4184999999999999,V-Dem
1981,YEM,Yemen,-1.4184999999999999,V-Dem
1982,YEM,Yemen,-1.4184999999999999,V-Dem
1983,YEM,Yemen,-1.4184999999999999,V-Dem
1984,YEM,Yemen,-1.4184999999999999,V-Dem
1985,YEM,Yemen,-1.4184999999999999,V-Dem
1986,YEM,Yemen,-1.4184999999999999,V-Dem
1987,YEM,Yemen,-1.4184999999999999,V-Dem
1988,YEM,Yemen,-1.4184999999999999,V-Dem
1989,YEM,Yemen,-1.4184999999999999,V-Dem
1990,YEM,Yemen,-1.32,V-Dem
1991,YEM,Yemen,-0.562,V-Dem
1992,YEM,Yemen,-0.562,V-Dem
1993,YEM,Yemen,-0.562,V-Dem
1994,YEM,Yemen,-1.0690000000000002,V-Dem
1995,YEM,Yemen,-0.45049999999999996,V-Dem
1996,YEM,Yemen,-0.45049999999999996,V-Dem
1997,YEM,Yemen,-0.45049999999999996,V-Dem
1998,YEM,Yemen,-0.45049999999999996,V-Dem
1999,YEM,Yemen,-0.45049999999999996,V-Dem
2000,YEM,Yemen,-0.45049999999999996,V-Dem
2001,YEM,Yemen,-0.45049999999999996,V-Dem
2002,YEM,Yemen,-0.45049999999999996,V-Dem
2003,YEM,Yemen,-0.45049999999999996,V-Dem
2004,YEM,Yemen,-0.45049999999999996,V-Dem
2005,YEM,Yemen,-0.45049999999999996,V-Dem
2006,YEM,Yemen,-0.45049999999999996,V-Dem
2007,YEM,Yemen,-0.45049999999999996,V-Dem
2008,YEM,Yemen,-0.45049999999999996,V-Dem
2009,YEM,Yemen,-0.45049999999999996,V-Dem
2010,YEM,Yemen,-0.45049999999999996,V-Dem
2011,YEM,Yemen,-0.6725,V-Dem
2012,YEM,Yemen,-0.12050000000000001,V-Dem
2013,YEM,Yemen,-0.153,V-Dem
2014,YEM,Yemen,-0.875,V-Dem
2015,YEM,Yemen,-1.8275000000000001,V-Dem
2016,YEM,Yemen,-2.0294999999999996,V-Dem
2017,YEM,Yemen,-2.332,V-Dem
2018,YEM,Yemen,-2.2955,V-Dem
2019,YEM,Yemen,-1.9335,V-Dem
2020,YEM,Yemen,-2.145,V-Dem
2021,YEM,Yemen,-2.2965,V-Dem
2022,YEM,Yemen,-1.867,V-Dem
2023,YEM,Yemen,-1.4144999999999999,V-Dem
2024,YEM,Yemen,-1.3335,V-Dem
2025,YEM,Yemen,-1.7109999999999999,V-Dem
1961,COL,Colombia,-0.077,V-Dem
1962,COL,Colombia,-0.077,V-Dem
1963,COL,Colombia,-0.077,V-Dem
1964,COL,Colombia,-0.077,V-Dem
1965,COL,Colombia,-0.077,V-Dem
1966,COL,Colombia,-0.077,V-Dem
1967,COL,Colombia,-0.077,V-Dem
1968,COL,Colombia,-0.077,V-Dem
1969,COL,Colombia,-0.077,V-Dem
1970,COL,Colombia,-0.077,V-Dem
1971,COL,Colombia,-0.077,V-Dem
1972,COL,Colombia,-0.077,V-Dem
1973,COL,Colombia,-0.077,V-Dem
1974,COL,Colombia,-0.538,V-Dem
1975,COL,Colombia,-0.538,V-Dem
1976,COL,Colombia,-0.538,V-Dem
1977,COL,Colombia,-0.538,V-Dem
1978,COL,Colombia,-1.442,V-Dem
1979,COL,Colombia,-1.442,V-Dem
1980,COL,Colombia,-1.442,V-Dem
1981,COL,Colombia,-1.442,V-Dem
1982,COL,Colombia,-1.308,V-Dem
1983,COL,Colombia,-0.5650000000000001,V-Dem
1984,COL,Colombia,-0.0925,V-Dem
1985,COL,Colombia,-0.0925,V-Dem
1986,COL,Colombia,-0.258,V-Dem
1987,COL,Colombia,-0.324,V-Dem
1988,COL,Colombia,-0.324,V-Dem
1989,COL,Colombia,-0.324,V-Dem
1990,COL,Colombia,-0.324,V-Dem
1991,COL,Colombia,-0.28350000000000003,V-Dem
1992,COL,Colombia,-0.28350000000000003,V-Dem
1993,COL,Colombia,-0.476,V-Dem
1994,COL,Colombia,-0.476,V-Dem
1995,COL,Colombia,-0.4065,V-Dem
1996,COL,Colombia,-0.4065,V-Dem
1997,COL,Colombia,-0.4065,V-Dem
1998,COL,Colombia,-0.4065,V-Dem
1999,COL,Colombia,-0.4065,V-Dem
2000,COL,Colombia,-0.4065,V-Dem
2001,COL,Colombia,-0.4065,V-Dem
2002,COL,Colombia,-0.6214999999999999,V-Dem
2003,COL,Colombia,0.02049999999999999,V-Dem
2004,COL,Colombia,0.02049999999999999,V-Dem
2005,COL,Colombia,0.02049999999999999,V-Dem
2006,COL,Colombia,0.02049999999999999,V-Dem
2007,COL,Colombia,0.02049999999999999,V-Dem
2008,COL,Colombia,0.02049999999999999,V-Dem
2009,COL,Colombia,0.12849999999999998,V-Dem
2010,COL,Colombia,0.4305,V-Dem
2011,COL,Colombia,0.75,V-Dem
2012,COL,Colombia,0.766,V-Dem
2013,COL,Colombia,0.8195,V-Dem
2014,COL,Colombia,0.8514999999999999,V-Dem
2015,COL,Colombia,0.837,V-Dem
2016,COL,Colombia,0.951,V-Dem
2017,COL,Colombia,0.8739999999999999,V-Dem
2018,COL,Colombia,0.5295000000000001,V-Dem
2019,COL,Colombia,0.123,V-Dem
2020,COL,Colombia,0.1765,V-Dem
2021,COL,Colombia,0.02100000000000002,V-Dem
2022,COL,Colombia,0.7010000000000001,V-Dem
2023,COL,Colombia,0.7010000000000001,V-Dem
2024,COL,Colombia,0.4,V-Dem
2025,COL,Colombia,0.56,V-Dem
1961,POL,Poland,0.525,V-Dem
1962,POL,Poland,0.525,V-Dem
1963,POL,Poland,0.525,V-Dem
1964,POL,Poland,0.525,V-Dem
1965,POL,Poland,0.525,V-Dem
1966,POL,Poland,0.525,V-Dem
1967,POL,Poland,0.525,V-Dem
1968,POL,Poland,0.525,V-Dem
1969,POL,Poland,0.525,V-Dem
1970,POL,Poland,0.418,V-Dem
1971,POL,Poland,0.5195,V-Dem
1972,POL,Poland,0.5195,V-Dem
1973,POL,Poland,0.5195,V-Dem
1974,POL,Poland,0.5195,V-Dem
1975,POL,Poland,0.5195,V-Dem
1976,POL,Poland,0.40399999999999997,V-Dem
1977,POL,Poland,0.40399999999999997,V-Dem
1978,POL,Poland,0.40399999999999997,V-Dem
1979,POL,Poland,0.40399999999999997,V-Dem
1980,POL,Poland,0.356,V-Dem
1981,POL,Poland,0.267,V-Dem
1982,POL,Poland,-0.17149999999999999,V-Dem
1983,POL,Poland,0.15799999999999997,V-Dem
1984,POL,Poland,0.5755,V-Dem
1985,POL,Poland,0.705,V-Dem
1986,POL,Poland,1.591,V-Dem
1987,POL,Poland,1.591,V-Dem
1988,POL,Poland,1.591,V-Dem
1989,POL,Poland,2.0315,V-Dem
1990,POL,Poland,3.1109999999999998,V-Dem
1991,POL,Poland,3.1109999999999998,V-Dem
1992,POL,Poland,3.1109999999999998,V-Dem
1993,POL,Poland,3.1109999999999998,V-Dem
1994,POL,Poland,3.1109999999999998,V-Dem
1995,POL,Poland,3.1109999999999998,V-Dem
1996,POL,Poland,3.1109999999999998,V-Dem
1997,POL,Poland,3.1109999999999998,V-Dem
1998,POL,Poland,3.1109999999999998,V-Dem
1999,POL,Poland,3.1109999999999998,V-Dem
2000,POL,Poland,3.1109999999999998,V-Dem
2001,POL,Poland,3.1109999999999998,V-Dem
2002,POL,Poland,3.1109999999999998,V-Dem
2003,POL,Poland,3.1109999999999998,V-Dem
2004,POL,Poland,3.1109999999999998,V-Dem
2005,POL,Poland,3.1109999999999998,V-Dem
2006,POL,Poland,3.1109999999999998,V-Dem
2007,POL,Poland,3.1109999999999998,V-Dem
2008,POL,Poland,3.1109999999999998,V-Dem
2009,POL,Poland,3.1109999999999998,V-Dem
2010,POL,Poland,3.1109999999999998,V-Dem
2011,POL,Poland,3.1109999999999998,V-Dem
2012,POL,Poland,3.1109999999999998,V-Dem
2013,POL,Poland,2.927,V-Dem
2014,POL,Poland,2.927,V-Dem
2015,POL,Poland,2.927,V-Dem
2016,POL,Poland,2.5629999999999997,V-Dem
2017,POL,Poland,2.372,V-Dem
2018,POL,Poland,2.372,V-Dem
2019,POL,Poland,2.192,V-Dem
2020,POL,Poland,1.766,V-Dem
2021,POL,Poland,1.6804999999999999,V-Dem
2022,POL,Poland,1.6444999999999999,V-Dem
2023,POL,Poland,1.6444999999999999,V-Dem
2024,POL,Poland,2.0164999999999997,V-Dem
2025,POL,Poland,2.0164999999999997,V-Dem
1961,BRA,Brazil,-0.05650000000000001,V-Dem
1962,BRA,Brazil,-0.05650000000000001,V-Dem
1963,BRA,Brazil,-0.05650000000000001,V-Dem
1964,BRA,Brazil,-1.6365,V-Dem
1965,BRA,Brazil,-2.9475,V-Dem
1966,BRA,Brazil,-2.9475,V-Dem
1967,BRA,Brazil,-2.9475,V-Dem
1968,BRA,Brazil,-2.9475,V-Dem
1969,BRA,Brazil,-2.9475,V-Dem
1970,BRA,Brazil,-2.9475,V-Dem
1971,BRA,Brazil,-2.9475,V-Dem
1972,BRA,Brazil,-2.9475,V-Dem
1973,BRA,Brazil,-2.9475,V-Dem
1974,BRA,Brazil,-2.9475,V-Dem
1975,BRA,Brazil,-2.9475,V-Dem
1976,BRA,Brazil,-2.4715,V-Dem
1977,BRA,Brazil,-2.4715,V-Dem
1978,BRA,Brazil,-2.134,V-Dem
1979,BRA,Brazil,-1.1595,V-Dem
1980,BRA,Brazil,-1.1595,V-Dem
1981,BRA,Brazil,-1.1595,V-Dem
1982,BRA,Brazil,-1.1595,V-Dem
1983,BRA,Brazil,-1.1595,V-Dem
1984,BRA,Brazil,-1.1595,V-Dem
1985,BRA,Brazil,-0.6565,V-Dem
1986,BRA,Brazil,0.33899999999999997,V-Dem
1987,BRA,Brazil,0.4325,V-Dem
1988,BRA,Brazil,0.4325,V-Dem
1989,BRA,Brazil,0.4325,V-Dem
1990,BRA,Brazil,0.4325,V-Dem
1991,BRA,Brazil,0.4325,V-Dem
1992,BRA,Brazil,0.4325,V-Dem
1993,BRA,Brazil,0.4325,V-Dem
1994,BRA,Brazil,0.4325,V-Dem
1995,BRA,Brazil,0.4325,V-Dem
1996,BRA,Brazil,0.4325,V-Dem
1997,BRA,Brazil,0.4325,V-Dem
1998,BRA,Brazil,0.4325,V-Dem
1999,BRA,Brazil,0.4325,V-Dem
2000,BRA,Brazil,0.4325,V-Dem
2001,BRA,Brazil,0.4325,V-Dem
2002,BRA,Brazil,0.5415,V-Dem
2003,BRA,Brazil,0.5415,V-Dem
2004,BRA,Brazil,0.5415,V-Dem
2005,BRA,Brazil,0.9075,V-Dem
2006,BRA,Brazil,0.9075,V-Dem
2007,BRA,Brazil,0.9075,V-Dem
2008,BRA,Brazil,0.9075,V-Dem
2009,BRA,Brazil,0.9075,V-Dem
2010,BRA,Brazil,0.9075,V-Dem
2011,BRA,Brazil,0.9075,V-Dem
2012,BRA,Brazil,0.9075,V-Dem
2013,BRA,Brazil,0.9075,V-Dem
2014,BRA,Brazil,0.9075,V-Dem
2015,BRA,Brazil,0.9075,V-Dem
2016,BRA,Brazil,0.9195,V-Dem
2017,BRA,Brazil,0.8220000000000001,V-Dem
2018,BRA,Brazil,0.5685,V-Dem
2019,BRA,Brazil,-0.011999999999999997,V-Dem
2020,BRA,Brazil,-0.14150000000000001,V-Dem
2021,BRA,Brazil,-0.2,V-Dem
2022,BRA,Brazil,-0.2,V-Dem
2023,BRA,Brazil,1.0655000000000001,V-Dem
2024,BRA,Brazil,1.0655000000000001,V-Dem
2025,BRA,Brazil,1.3125,V-Dem
1961,USA,United States of America,1.233,V-Dem
1962,USA,United States of America,1.233,V-Dem
1963,USA,United States of America,1.233,V-Dem
1964,USA,United States of America,1.233,V-Dem
1965,USA,United States of America,1.3365,V-Dem
1966,USA,United States of America,1.419,V-Dem
1967,USA,United States of America,1.419,V-Dem
1968,USA,United States of America,1.6219999999999999,V-Dem
1969,USA,United States of America,1.7215,V-Dem
1970,USA,United States of America,1.8065,V-Dem
1971,USA,United States of America,1.8065,V-Dem
1972,USA,United States of America,1.9245,V-Dem
1973,USA,United States of America,1.9245,V-Dem
1974,USA,United States of America,1.9245,V-Dem
1975,USA,United States of America,1.9245,V-Dem
1976,USA,United States of America,1.9245,V-Dem
1977,USA,United States of America,1.9245,V-Dem
1978,USA,United States of America,1.9245,V-Dem
1979,USA,United States of America,1.9245,V-Dem
1980,USA,United States of America,1.9245,V-Dem
1981,USA,United States of America,2.2205,V-Dem
1982,USA,United States of America,2.2205,V-Dem
1983,USA,United States of America,2.2205,V-Dem
1984,USA,United States of America,2.2205,V-Dem
1985,USA,United States of America,2.2205,V-Dem
1986,USA,United States of America,2.2205,V-Dem
1987,USA,United States of America,2.2205,V-Dem
1988,USA,United States of America,2.2205,V-Dem
1989,USA,United States of America,2.2205,V-Dem
1990,USA,United States of America,2.348,V-Dem
1991,USA,United States of America,2.348,V-Dem
1992,USA,United States of America,2.348,V-Dem
1993,USA,United States of America,2.348,V-Dem
1994,USA,United States of America,2.348,V-Dem
1995,USA,United States of America,2.348,V-Dem
1996,USA,United States of America,2.348,V-Dem
1997,USA,United States of America,2.348,V-Dem
1998,USA,United States of America,2.348,V-Dem
1999,USA,United States of America,2.348,V-Dem
2000,USA,United States of America,2.348,V-Dem
2001,USA,United States of America,2.267,V-Dem
2002,USA,United States of America,1.9914999999999998,V-Dem
2003,USA,United States of America,1.378,V-Dem
2004,USA,United States of America,1.378,V-Dem
2005,USA,United States of America,1.661,V-Dem
2006,USA,United States of America,1.5045,V-Dem
2007,USA,United States of America,1.6645,V-Dem
2008,USA,United States of America,2.0395000000000003,V-Dem
2009,USA,United States of America,2.4314999999999998,V-Dem
2010,USA,United States of America,2.51,V-Dem
2011,USA,United States of America,2.51,V-Dem
2012,USA,United States of America,2.51,V-Dem
2013,USA,United States of America,2.51,V-Dem
2014,USA,United States of America,2.51,V-Dem
2015,USA,United States of America,2.51,V-Dem
2016,USA,United States of America,2.51,V-Dem
2017,USA,United States of America,2.421,V-Dem
2018,USA,United States of America,2.294,V-Dem
2019,USA,United States of America,2.294,V-Dem
2020,USA,United States of America,1.9034999999999997,V-Dem
2021,USA,United States of America,2.4995000000000003,V-Dem
2022,USA,United States of America,2.555,V-Dem
2023,USA,United States of America,2.444,V-Dem
2024,USA,United States of America,2.444,V-Dem
2025,USA,United States of America,1.2120000000000002,V-Dem
1961,PRT,Portugal,-1.1245,V-Dem
1962,PRT,Portugal,-1.1245,V-Dem
1963,PRT,Portugal,-1.1245,V-Dem
1964,PRT,Portugal,-1.1245,V-Dem
1965,PRT,Portugal,-1.1245,V-Dem
1966,PRT,Portugal,-1.1245,V-Dem
1967,PRT,Portugal,-1.1245,V-Dem
1968,PRT,Portugal,-0.9984999999999999,V-Dem
1969,PRT,Portugal,-0.9984999999999999,V-Dem
1970,PRT,Portugal,-0.9984999999999999,V-Dem
1971,PRT,Portugal,-0.9984999999999999,V-Dem
1972,PRT,Portugal,-0.9984999999999999,V-Dem
1973,PRT,Portugal,-0.9984999999999999,V-Dem
1974,PRT,Portugal,2.5469999999999997,V-Dem
1975,PRT,Portugal,3.0170000000000003,V-Dem
1976,PRT,Portugal,3.0170000000000003,V-Dem
1977,PRT,Portugal,3.0170000000000003,V-Dem
1978,PRT,Portugal,3.0170000000000003,V-Dem
1979,PRT,Portugal,3.0170000000000003,V-Dem
1980,PRT,Portugal,3.0170000000000003,V-Dem
1981,PRT,Portugal,3.0170000000000003,V-Dem
1982,PRT,Portugal,3.0170000000000003,V-Dem
1983,PRT,Portugal,3.0170000000000003,V-Dem
1984,PRT,Portugal,3.0170000000000003,V-Dem
1985,PRT,Portugal,3.0170000000000003,V-Dem
1986,PRT,Portugal,3.0170000000000003,V-Dem
1987,PRT,Portugal,3.0170000000000003,V-Dem
1988,PRT,Portugal,3.0170000000000003,V-Dem
1989,PRT,Portugal,3.0170000000000003,V-Dem
1990,PRT,Portugal,3.0170000000000003,V-Dem
1991,PRT,Portugal,3.0170000000000003,V-Dem
1992,PRT,Portugal,3.0170000000000003,V-Dem
1993,PRT,Portugal,3.0170000000000003,V-Dem
1994,PRT,Portugal,3.0170000000000003,V-Dem
1995,PRT,Portugal,3.0170000000000003,V-Dem
1996,PRT,Portugal,3.0170000000000003,V-Dem
1997,PRT,Portugal,3.0170000000000003,V-Dem
1998,PRT,Portugal,3.0170000000000003,V-Dem
1999,PRT,Portugal,3.0170000000000003,V-Dem
2000,PRT,Portugal,3.0170000000000003,V-Dem
2001,PRT,Portugal,3.0170000000000003,V-Dem
2002,PRT,Portugal,3.0170000000000003,V-Dem
2003,PRT,Portugal,3.0170000000000003,V-Dem
2004,PRT,Portugal,3.0170000000000003,V-Dem
2005,PRT,Portugal,2.9595000000000002,V-Dem
2006,PRT,Portugal,2.9595000000000002,V-Dem
2007,PRT,Portugal,2.9595000000000002,V-Dem
2008,PRT,Portugal,2.9595000000000002,V-Dem
2009,PRT,Portugal,2.9595000000000002,V-Dem
2010,PRT,Portugal,2.9595000000000002,V-Dem
2011,PRT,Portugal,2.9595000000000002,V-Dem
2012,PRT,Portugal,2.9595000000000002,V-Dem
2013,PRT,Portugal,2.9355,V-Dem
2014,PRT,Portugal,2.9355,V-Dem
2015,PRT,Portugal,3.088,V-Dem
2016,PRT,Portugal,3.088,V-Dem
2017,PRT,Portugal,3.088,V-Dem
2018,PRT,Portugal,3.088,V-Dem
2019,PRT,Portugal,3.088,V-Dem
2020,PRT,Portugal,1.9120000000000001,V-Dem
2021,PRT,Portugal,1.9120000000000001,V-Dem
2022,PRT,Portugal,1.9120000000000001,V-Dem
2023,PRT,Portugal,2.2750000000000004,V-Dem
2024,PRT,Portugal,2.4035,V-Dem
2025,PRT,Portugal,2.4035,V-Dem
1961,SLV,El Salvador,-1.129,V-Dem
1962,SLV,El Salvador,-1.129,V-Dem
1963,SLV,El Salvador,-1.062,V-Dem
1964,SLV,El Salvador,-1.062,V-Dem
1965,SLV,El Salvador,-1.062,V-Dem
1966,SLV,El Salvador,-1.233,V-Dem
1967,SLV,El Salvador,-1.233,V-Dem
1968,SLV,El Salvador,-1.233,V-Dem
1969,SLV,El Salvador,-1.331,V-Dem
1970,SLV,El Salvador,-1.331,V-Dem
1971,SLV,El Salvador,-1.331,V-Dem
1972,SLV,El Salvador,-1.4175,V-Dem
1973,SLV,El Salvador,-2.155,V-Dem
1974,SLV,El Salvador,-2.4225,V-Dem
1975,SLV,El Salvador,-2.4225,V-Dem
1976,SLV,El Salvador,-2.4225,V-Dem
1977,SLV,El Salvador,-2.4225,V-Dem
1978,SLV,El Salvador,-2.716,V-Dem
1979,SLV,El Salvador,-2.588,V-Dem
1980,SLV,El Salvador,-2.9284999999999997,V-Dem
1981,SLV,El Salvador,-2.9284999999999997,V-Dem
1982,SLV,El Salvador,-2.5305,V-Dem
1983,SLV,El Salvador,-2.5305,V-Dem
1984,SLV,El Salvador,-2.5305,V-Dem
1985,SLV,El Salvador,-2.133,V-Dem
1986,SLV,El Salvador,-2.133,V-Dem
1987,SLV,El Salvador,-2.133,V-Dem
1988,SLV,El Salvador,-2.133,V-Dem
1989,SLV,El Salvador,-2.133,V-Dem
1990,SLV,El Salvador,-1.553,V-Dem
1991,SLV,El Salvador,-1.3235000000000001,V-Dem
1992,SLV,El Salvador,0.15050000000000002,V-Dem
1993,SLV,El Salvador,0.4665,V-Dem
1994,SLV,El Salvador,0.79,V-Dem
1995,SLV,El Salvador,0.938,V-Dem
1996,SLV,El Salvador,1.0495,V-Dem
1997,SLV,El Salvador,1.0495,V-Dem
1998,SLV,El Salvador,1.0495,V-Dem
1999,SLV,El Salvador,1.0495,V-Dem
2000,SLV,El Salvador,1.0495,V-Dem
2001,SLV,El Salvador,1.0495,V-Dem
2002,SLV,El Salvador,1.0495,V-Dem
2003,SLV,El Salvador,1.0495,V-Dem
2004,SLV,El Salvador,1.206,V-Dem
2005,SLV,El Salvador,1.206,V-Dem
2006,SLV,El Salvador,1.206,V-Dem
2007,SLV,El Salvador,1.206,V-Dem
2008,SLV,El Salvador,1.206,V-Dem
2009,SLV,El Salvador,1.206,V-Dem
2010,SLV,El Salvador,1.206,V-Dem
2011,SLV,El Salvador,1.206,V-Dem
2012,SLV,El Salvador,1.1749999999999998,V-Dem
2013,SLV,El Salvador,1.1749999999999998,V-Dem
2014,SLV,El Salvador,1.14,V-Dem
2015,SLV,El Salvador,1.14,V-Dem
2016,SLV,El Salvador,1.139,V-Dem
2017,SLV,El Salvador,0.82,V-Dem
2018,SLV,El Salvador,0.7155,V-Dem
2019,SLV,El Salvador,0.7775000000000001,V-Dem
2020,SLV,El Salvador,0.4945,V-Dem
2021,SLV,El Salvador,0.04099999999999998,V-Dem
2022,SLV,El Salvador,-0.5325,V-Dem
2023,SLV,El Salvador,-0.03350000000000003,V-Dem
2024,SLV,El Salvador,-0.509,V-Dem
2025,SLV,El Salvador,-0.509,V-Dem
1961,YMD,South Yemen,0.7525,V-Dem
1962,YMD,South Yemen,0.7525,V-Dem
1963,YMD,South Yemen,0.2145,V-Dem
1964,YMD,South Yemen,0.153,V-Dem
1965,YMD,South Yemen,-0.192,V-Dem
1966,YMD,South Yemen,-0.192,V-Dem
1967,YMD,South Yemen,-1.6125,V-Dem
1968,YMD,South Yemen,-2.113,V-Dem
1969,YMD,South Yemen,-2.113,V-Dem
1970,YMD,South Yemen,-2.113,V-Dem
1971,YMD,South Yemen,-2.113,V-Dem
1972,YMD,South Yemen,-2.113,V-Dem
1973,YMD,South Yemen,-2.113,V-Dem
1974,YMD,South Yemen,-2.113,V-Dem
1975,YMD,South Yemen,-2.113,V-Dem
1976,YMD,South Yemen,-2.113,V-Dem
1977,YMD,South Yemen,-2.113,V-Dem
1978,YMD,South Yemen,-2.113,V-Dem
1979,YMD,South Yemen,-2.113,V-Dem
1980,YMD,South Yemen,-2.113,V-Dem
1981,YMD,South Yemen,-2.113,V-Dem
1982,YMD,South Yemen,-2.113,V-Dem
1983,YMD,South Yemen,-2.113,V-Dem
1984,YMD,South Yemen,-2.113,V-Dem
1985,YMD,South Yemen,-2.113,V-Dem
1986,YMD,South Yemen,-2.404,V-Dem
1987,YMD,South Yemen,-2.1025,V-Dem
1988,YMD,South Yemen,-2.1025,V-Dem
1989,YMD,South Yemen,-2.1025,V-Dem
1990,YMD,South Yemen,-2.1025,V-Dem
1971,BGD,Bangladesh,-1.054,V-Dem
1972,BGD,Bangladesh,-0.772,V-Dem
1973,BGD,Bangladesh,-0.848,V-Dem
1974,BGD,Bangladesh,-1.1475,V-Dem
1975,BGD,Bangladesh,-1.2335,V-Dem
1976,BGD,Bangladesh,-1.1495,V-Dem
1977,BGD,Bangladesh,-0.874,V-Dem
1978,BGD,Bangladesh,-0.8280000000000001,V-Dem
1979,BGD,Bangladesh,-0.725,V-Dem
1980,BGD,Bangladesh,-0.725,V-Dem
1981,BGD,Bangladesh,-0.725,V-Dem
1982,BGD,Bangladesh,-0.725,V-Dem
1983,BGD,Bangladesh,-0.98,V-Dem
1984,BGD,Bangladesh,-0.98,V-Dem
1985,BGD,Bangladesh,-0.98,V-Dem
1986,BGD,Bangladesh,-0.98,V-Dem
1987,BGD,Bangladesh,-0.98,V-Dem
1988,BGD,Bangladesh,-0.98,V-Dem
1989,BGD,Bangladesh,-0.98,V-Dem
1990,BGD,Bangladesh,-0.98,V-Dem
1991,BGD,Bangladesh,-0.18400000000000002,V-Dem
1992,BGD,Bangladesh,-0.18400000000000002,V-Dem
1993,BGD,Bangladesh,-0.18400000000000002,V-Dem
1994,BGD,Bangladesh,-0.18400000000000002,V-Dem
1995,BGD,Bangladesh,-0.18400000000000002,V-Dem
1996,BGD,Bangladesh,-0.18400000000000002,V-Dem
1997,BGD,Bangladesh,-0.18400000000000002,V-Dem
1998,BGD,Bangladesh,-0.18400000000000002,V-Dem
1999,BGD,Bangladesh,-0.18400000000000002,V-Dem
2000,BGD,Bangladesh,-0.10050000000000003,V-Dem
2001,BGD,Bangladesh,-0.10050000000000003,V-Dem
2002,BGD,Bangladesh,-0.14400000000000002,V-Dem
2003,BGD,Bangladesh,-0.14400000000000002,V-Dem
2004,BGD,Bangladesh,-0.6910000000000001,V-Dem
2005,BGD,Bangladesh,-0.6910000000000001,V-Dem
2006,BGD,Bangladesh,-0.6910000000000001,V-Dem
2007,BGD,Bangladesh,-0.8250000000000001,V-Dem
2008,BGD,Bangladesh,-0.8,V-Dem
2009,BGD,Bangladesh,-1.1035,V-Dem
2010,BGD,Bangladesh,-1.119,V-Dem
2011,BGD,Bangladesh,-1.1365,V-Dem
2012,BGD,Bangladesh,-1.1365,V-Dem
2013,BGD,Bangladesh,-0.9475,V-Dem
2014,BGD,Bangladesh,-0.9690000000000001,V-Dem
2015,BGD,Bangladesh,-1.0505,V-Dem
2016,BGD,Bangladesh,-1.0505,V-Dem
2017,BGD,Bangladesh,-1.0505,V-Dem
2018,BGD,Bangladesh,-1.1825,V-Dem
2019,BGD,Bangladesh,-1.296,V-Dem
2020,BGD,Bangladesh,-1.384,V-Dem
2021,BGD,Bangladesh,-1.3175,V-Dem
2022,BGD,Bangladesh,-0.9695,V-Dem
2023,BGD,Bangladesh,-1.1035,V-Dem
2024,BGD,Bangladesh,-0.1215,V-Dem
2025,BGD,Bangladesh,0.3185,V-Dem
1961,BOL,Bolivia,-0.07500000000000001,V-Dem
1962,BOL,Bolivia,-0.07500000000000001,V-Dem
1963,BOL,Bolivia,-0.07500000000000001,V-Dem
1964,BOL,Bolivia,-0.9059999999999999,V-Dem
1965,BOL,Bolivia,-1.7495,V-Dem
1966,BOL,Bolivia,-1.7495,V-Dem
1967,BOL,Bolivia,-1.7495,V-Dem
1968,BOL,Bolivia,-1.7495,V-Dem
1969,BOL,Bolivia,-1.7495,V-Dem
1970,BOL,Bolivia,-1.4505,V-Dem
1971,BOL,Bolivia,-2.566,V-Dem
1972,BOL,Bolivia,-2.566,V-Dem
1973,BOL,Bolivia,-2.566,V-Dem
1974,BOL,Bolivia,-2.566,V-Dem
1975,BOL,Bolivia,-2.566,V-Dem
1976,BOL,Bolivia,-2.566,V-Dem
1977,BOL,Bolivia,-2.566,V-Dem
1978,BOL,Bolivia,-2.1014999999999997,V-Dem
1979,BOL,Bolivia,-0.7505000000000001,V-Dem
1980,BOL,Bolivia,-1.5615,V-Dem
1981,BOL,Bolivia,-1.5615,V-Dem
1982,BOL,Bolivia,0.43400000000000005,V-Dem
1983,BOL,Bolivia,0.557,V-Dem
1984,BOL,Bolivia,0.4235,V-Dem
1985,BOL,Bolivia,1.541,V-Dem
1986,BOL,Bolivia,1.541,V-Dem
1987,BOL,Bolivia,1.541,V-Dem
1988,BOL,Bolivia,1.541,V-Dem
1989,BOL,Bolivia,1.541,V-Dem
1990,BOL,Bolivia,1.541,V-Dem
1991,BOL,Bolivia,1.9255,V-Dem
1992,BOL,Bolivia,1.9255,V-Dem
1993,BOL,Bolivia,1.9255,V-Dem
1994,BOL,Bolivia,1.9255,V-Dem
1995,BOL,Bolivia,1.9255,V-Dem
1996,BOL,Bolivia,1.9255,V-Dem
1997,BOL,Bolivia,1.9255,V-Dem
1998,BOL,Bolivia,1.9255,V-Dem
1999,BOL,Bolivia,1.9255,V-Dem
2000,BOL,Bolivia,1.9255,V-Dem
2001,BOL,Bolivia,1.9255,V-Dem
2002,BOL,Bolivia,1.9255,V-Dem
2003,BOL,Bolivia,1.7295,V-Dem
2004,BOL,Bolivia,1.8375,V-Dem
2005,BOL,Bolivia,1.8375,V-Dem
2006,BOL,Bolivia,1.8375,V-Dem
2007,BOL,Bolivia,1.8375,V-Dem
2008,BOL,Bolivia,1.8375,V-Dem
2009,BOL,Bolivia,1.8375,V-Dem
2010,BOL,Bolivia,1.8399999999999999,V-Dem
2011,BOL,Bolivia,1.8399999999999999,V-Dem
2012,BOL,Bolivia,1.7959999999999998,V-Dem
2013,BOL,Bolivia,1.8399999999999999,V-Dem
2014,BOL,Bolivia,1.8399999999999999,V-Dem
2015,BOL,Bolivia,2.1725,V-Dem
2016,BOL,Bolivia,1.9485000000000001,V-Dem
2017,BOL,Bolivia,2.169,V-Dem
2018,BOL,Bolivia,2.169,V-Dem
2019,BOL,Bolivia,1.2225,V-Dem
2020,BOL,Bolivia,1.4460000000000002,V-Dem
2021,BOL,Bolivia,1.4585,V-Dem
2022,BOL,Bolivia,1.254,V-Dem
2023,BOL,Bolivia,1.176,V-Dem
2024,BOL,Bolivia,1.176,V-Dem
2025,BOL,Bolivia,0.7929999999999999,V-Dem
1961,HTI,Haiti,-2.622,V-Dem
1962,HTI,Haiti,-2.622,V-Dem
1963,HTI,Haiti,-2.622,V-Dem
1964,HTI,Haiti,-2.622,V-Dem
1965,HTI,Haiti,-2.622,V-Dem
1966,HTI,Haiti,-2.622,V-Dem
1967,HTI,Haiti,-2.622,V-Dem
1968,HTI,Haiti,-2.622,V-Dem
1969,HTI,Haiti,-2.622,V-Dem
1970,HTI,Haiti,-2.622,V-Dem
1971,HTI,Haiti,-2.622,V-Dem
1972,HTI,Haiti,-2.622,V-Dem
1973,HTI,Haiti,-2.622,V-Dem
1974,HTI,Haiti,-2.622,V-Dem
1975,HTI,Haiti,-2.622,V-Dem
1976,HTI,Haiti,-2.622,V-Dem
1977,HTI,Haiti,-2.622,V-Dem
1978,HTI,Haiti,-2.622,V-Dem
1979,HTI,Haiti,-2.622,V-Dem
1980,HTI,Haiti,-2.622,V-Dem
1981,HTI,Haiti,-2.622,V-Dem
1982,HTI,Haiti,-2.622,V-Dem
1983,HTI,Haiti,-2.622,V-Dem
1984,HTI,Haiti,-2.622,V-Dem
1985,HTI,Haiti,-2.622,V-Dem
1986,HTI,Haiti,-2.3735,V-Dem
1987,HTI,Haiti,-0.1885,V-Dem
1988,HTI,Haiti,-0.1885,V-Dem
1989,HTI,Haiti,-0.16250000000000003,V-Dem
1990,HTI,Haiti,0.21350000000000002,V-Dem
1991,HTI,Haiti,0.324,V-Dem
1992,HTI,Haiti,-0.061,V-Dem
1993,HTI,Haiti,-0.061,V-Dem
1994,HTI,Haiti,0.030999999999999972,V-Dem
1995,HTI,Haiti,1.1995,V-Dem
1996,HTI,Haiti,1.1995,V-Dem
1997,HTI,Haiti,1.7045,V-Dem
1998,HTI,Haiti,1.7045,V-Dem
1999,HTI,Haiti,1.7045,V-Dem
2000,HTI,Haiti,1.7045,V-Dem
2001,HTI,Haiti,1.55,V-Dem
2002,HTI,Haiti,1.2215,V-Dem
2003,HTI,Haiti,1.1145,V-Dem
2004,HTI,Haiti,0.9550000000000001,V-Dem
2005,HTI,Haiti,0.9440000000000001,V-Dem
2006,HTI,Haiti,1.085,V-Dem
2007,HTI,Haiti,1.491,V-Dem
2008,HTI,Haiti,1.491,V-Dem
2009,HTI,Haiti,1.491,V-Dem
2010,HTI,Haiti,1.491,V-Dem
2011,HTI,Haiti,1.283,V-Dem
2012,HTI,Haiti,1.3940000000000001,V-Dem
2013,HTI,Haiti,1.2665,V-Dem
2014,HTI,Haiti,1.2665,V-Dem
2015,HTI,Haiti,1.2665,V-Dem
2016,HTI,Haiti,1.318,V-Dem
2017,HTI,Haiti,1.09,V-Dem
2018,HTI,Haiti,0.9785,V-Dem
2019,HTI,Haiti,0.985,V-Dem
2020,HTI,Haiti,0.985,V-Dem
2021,HTI,Haiti,1.039,V-Dem
2022,HTI,Haiti,1.039,V-Dem
2023,HTI,Haiti,1.039,V-Dem
2024,HTI,Haiti,1.1705,V-Dem
2025,HTI,Haiti,1.1705,V-Dem
1961,HND,Honduras,-0.769,V-Dem
1962,HND,Honduras,-0.769,V-Dem
1963,HND,Honduras,-1.341,V-Dem
1964,HND,Honduras,-1.9015,V-Dem
1965,HND,Honduras,-1.8775,V-Dem
1966,HND,Honduras,-1.8775,V-Dem
1967,HND,Honduras,-1.8775,V-Dem
1968,HND,Honduras,-1.8775,V-Dem
1969,HND,Honduras,-1.8775,V-Dem
1970,HND,Honduras,-1.8775,V-Dem
1971,HND,Honduras,-1.8775,V-Dem
1972,HND,Honduras,-1.8775,V-Dem
1973,HND,Honduras,-1.8775,V-Dem
1974,HND,Honduras,-1.8775,V-Dem
1975,HND,Honduras,-1.8775,V-Dem
1976,HND,Honduras,-1.8775,V-Dem
1977,HND,Honduras,-1.8775,V-Dem
1978,HND,Honduras,-1.9735,V-Dem
1979,HND,Honduras,-2.1195,V-Dem
1980,HND,Honduras,-1.0775000000000001,V-Dem
1981,HND,Honduras,-1.0775000000000001,V-Dem
1982,HND,Honduras,-1.0775000000000001,V-Dem
1983,HND,Honduras,-1.278,V-Dem
1984,HND,Honduras,-1.278,V-Dem
1985,HND,Honduras,-1.2109999999999999,V-Dem
1986,HND,Honduras,-1.0945,V-Dem
1987,HND,Honduras,-1.0945,V-Dem
1988,HND,Honduras,-1.0945,V-Dem
1989,HND,Honduras,-1.0945,V-Dem
1990,HND,Honduras,-0.1825,V-Dem
1991,HND,Honduras,0.05350000000000002,V-Dem
1992,HND,Honduras,0.188,V-Dem
1993,HND,Honduras,0.188,V-Dem
1994,HND,Honduras,0.267,V-Dem
1995,HND,Honduras,0.29300000000000004,V-Dem
1996,HND,Honduras,0.29300000000000004,V-Dem
1997,HND,Honduras,0.396,V-Dem
1998,HND,Honduras,0.396,V-Dem
1999,HND,Honduras,0.396,V-Dem
2000,HND,Honduras,0.396,V-Dem
2001,HND,Honduras,0.6225,V-Dem
2002,HND,Honduras,0.6225,V-Dem
2003,HND,Honduras,0.7144999999999999,V-Dem
2004,HND,Honduras,0.7144999999999999,V-Dem
2005,HND,Honduras,0.7144999999999999,V-Dem
2006,HND,Honduras,0.8775,V-Dem
2007,HND,Honduras,0.8775,V-Dem
2008,HND,Honduras,0.8645,V-Dem
2009,HND,Honduras,0.003999999999999997,V-Dem
2010,HND,Honduras,0.3415,V-Dem
2011,HND,Honduras,0.35150000000000003,V-Dem
2012,HND,Honduras,0.47750000000000004,V-Dem
2013,HND,Honduras,0.949,V-Dem
2014,HND,Honduras,0.949,V-Dem
2015,HND,Honduras,0.7755000000000001,V-Dem
2016,HND,Honduras,0.6925,V-Dem
2017,HND,Honduras,0.426,V-Dem
2018,HND,Honduras,1.0594999999999999,V-Dem
2019,HND,Honduras,1.012,V-Dem
2020,HND,Honduras,1.0964999999999998,V-Dem
2021,HND,Honduras,0.6739999999999999,V-Dem
2022,HND,Honduras,0.815,V-Dem
2023,HND,Honduras,0.8145,V-Dem
2024,HND,Honduras,0.8995,V-Dem
2025,HND,Honduras,0.8995,V-Dem
1961,MLI,Mali,-0.6395,V-Dem
1962,MLI,Mali,-0.75,V-Dem
1963,MLI,Mali,-1.06,V-Dem
1964,MLI,Mali,-0.7525,V-Dem
1965,MLI,Mali,-0.7525,V-Dem
1966,MLI,Mali,-0.7525,V-Dem
1967,MLI,Mali,-0.7525,V-Dem
1968,MLI,Mali,-0.6255,V-Dem
1969,MLI,Mali,-1.4135,V-Dem
1970,MLI,Mali,-1.5995,V-Dem
1971,MLI,Mali,-1.5995,V-Dem
1972,MLI,Mali,-1.5995,V-Dem
1973,MLI,Mali,-1.5995,V-Dem
1974,MLI,Mali,-1.5995,V-Dem
1975,MLI,Mali,-1.5995,V-Dem
1976,MLI,Mali,-1.5995,V-Dem
1977,MLI,Mali,-1.7235,V-Dem
1978,MLI,Mali,-1.819,V-Dem
1979,MLI,Mali,-1.4769999999999999,V-Dem
1980,MLI,Mali,-1.367,V-Dem
1981,MLI,Mali,-1.367,V-Dem
1982,MLI,Mali,-1.367,V-Dem
1983,MLI,Mali,-1.367,V-Dem
1984,MLI,Mali,-1.367,V-Dem
1985,MLI,Mali,-1.367,V-Dem
1986,MLI,Mali,-1.367,V-Dem
1987,MLI,Mali,-1.367,V-Dem
1988,MLI,Mali,-1.367,V-Dem
1989,MLI,Mali,-1.367,V-Dem
1990,MLI,Mali,-0.1565,V-Dem
1991,MLI,Mali,-0.0815,V-Dem
1992,MLI,Mali,0.8345,V-Dem
1993,MLI,Mali,0.8345,V-Dem
1994,MLI,Mali,0.8345,V-Dem
1995,MLI,Mali,0.8345,V-Dem
1996,MLI,Mali,0.8345,V-Dem
1997,MLI,Mali,0.5730000000000001,V-Dem
1998,MLI,Mali,0.722,V-Dem
1999,MLI,Mali,0.722,V-Dem
2000,MLI,Mali,1.1045,V-Dem
2001,MLI,Mali,1.1045,V-Dem
2002,MLI,Mali,1.1045,V-Dem
2003,MLI,Mali,1.1045,V-Dem
2004,MLI,Mali,1.1045,V-Dem
2005,MLI,Mali,1.1045,V-Dem
2006,MLI,Mali,1.1045,V-Dem
2007,MLI,Mali,1.1045,V-Dem
2008,MLI,Mali,1.1045,V-Dem
2009,MLI,Mali,1.1045,V-Dem
2010,MLI,Mali,1.28,V-Dem
2011,MLI,Mali,1.28,V-Dem
2012,MLI,Mali,1.1159999999999999,V-Dem
2013,MLI,Mali,1.0665,V-Dem
2014,MLI,Mali,1.197,V-Dem
2015,MLI,Mali,1.197,V-Dem
2016,MLI,Mali,1.197,V-Dem
2017,MLI,Mali,0.8065,V-Dem
2018,MLI,Mali,0.8235,V-Dem
2019,MLI,Mali,0.9864999999999999,V-Dem
2020,MLI,Mali,0.9864999999999999,V-Dem
2021,MLI,Mali,1.048,V-Dem
2022,MLI,Mali,1.0195,V-Dem
2023,MLI,Mali,1.02,V-Dem
2024,MLI,Mali,0.447,V-Dem
2025,MLI,Mali,0.8235,V-Dem
1961,PAK,Pakistan,-0.612,V-Dem
1962,PAK,Pakistan,-0.612,V-Dem
1963,PAK,Pakistan,-0.22850000000000004,V-Dem
1964,PAK,Pakistan,-0.22850000000000004,V-Dem
1965,PAK,Pakistan,-0.22850000000000004,V-Dem
1966,PAK,Pakistan,-0.22850000000000004,V-Dem
1967,PAK,Pakistan,-0.22850000000000004,V-Dem
1968,PAK,Pakistan,-0.22850000000000004,V-Dem
1969,PAK,Pakistan,-0.612,V-Dem
1970,PAK,Pakistan,-0.5225000000000001,V-Dem
1971,PAK,Pakistan,-1.6424999999999998,V-Dem
1972,PAK,Pakistan,-0.734,V-Dem
1973,PAK,Pakistan,-1.4184999999999999,V-Dem
1974,PAK,Pakistan,-1.4184999999999999,V-Dem
1975,PAK,Pakistan,-1.4184999999999999,V-Dem
1976,PAK,Pakistan,-1.4184999999999999,V-Dem
1977,PAK,Pakistan,-1.4184999999999999,V-Dem
1978,PAK,Pakistan,-1.7570000000000001,V-Dem
1979,PAK,Pakistan,-2.4495,V-Dem
1980,PAK,Pakistan,-2.4495,V-Dem
1981,PAK,Pakistan,-2.4495,V-Dem
1982,PAK,Pakistan,-2.4495,V-Dem
1983,PAK,Pakistan,-2.4495,V-Dem
1984,PAK,Pakistan,-2.4495,V-Dem
1985,PAK,Pakistan,-2.148,V-Dem
1986,PAK,Pakistan,-2.148,V-Dem
1987,PAK,Pakistan,-2.148,V-Dem
1988,PAK,Pakistan,-2.148,V-Dem
1989,PAK,Pakistan,-0.7985,V-Dem
1990,PAK,Pakistan,-0.8015,V-Dem
1991,PAK,Pakistan,-0.8015,V-Dem
1992,PAK,Pakistan,-0.8015,V-Dem
1993,PAK,Pakistan,-0.586,V-Dem
1994,PAK,Pakistan,-0.586,V-Dem
1995,PAK,Pakistan,-0.586,V-Dem
1996,PAK,Pakistan,-0.586,V-Dem
1997,PAK,Pakistan,-0.7985,V-Dem
1998,PAK,Pakistan,-0.7985,V-Dem
1999,PAK,Pakistan,-0.7985,V-Dem
2000,PAK,Pakistan,-0.5945,V-Dem
2001,PAK,Pakistan,-0.8194999999999999,V-Dem
2002,PAK,Pakistan,-0.8194999999999999,V-Dem
2003,PAK,Pakistan,-0.8194999999999999,V-Dem
2004,PAK,Pakistan,-0.8194999999999999,V-Dem
2005,PAK,Pakistan,-0.8194999999999999,V-Dem
2006,PAK,Pakistan,-1.0005,V-Dem
2007,PAK,Pakistan,-1.1225,V-Dem
2008,PAK,Pakistan,-1.0010000000000001,V-Dem
2009,PAK,Pakistan,-0.8029999999999999,V-Dem
2010,PAK,Pakistan,-0.639,V-Dem
2011,PAK,Pakistan,-0.639,V-Dem
2012,PAK,Pakistan,-0.639,V-Dem
2013,PAK,Pakistan,-0.6739999999999999,V-Dem
2014,PAK,Pakistan,-0.625,V-Dem
2015,PAK,Pakistan,-0.485,V-Dem
2016,PAK,Pakistan,-0.485,V-Dem
2017,PAK,Pakistan,-0.264,V-Dem
2018,PAK,Pakistan,-0.47050000000000003,V-Dem
2019,PAK,Pakistan,-0.5780000000000001,V-Dem
2020,PAK,Pakistan,-0.13099999999999998,V-Dem
2021,PAK,Pakistan,-0.13099999999999998,V-Dem
2022,PAK,Pakistan,-0.6995,V-Dem
2023,PAK,Pakistan,-0.615,V-Dem
2024,PAK,Pakistan,-0.4955,V-Dem
2025,PAK,Pakistan,-0.4955,V-Dem
1961,PER,Peru,1.4275000000000002,V-Dem
1962,PER,Peru,1.4275000000000002,V-Dem
1963,PER,Peru,1.4275000000000002,V-Dem
1964,PER,Peru,1.4275000000000002,V-Dem
1965,PER,Peru,1.4275000000000002,V-Dem
1966,PER,Peru,1.4275000000000002,V-Dem
1967,PER,Peru,1.4275000000000002,V-Dem
1968,PER,Peru,0.43200000000000005,V-Dem
1969,PER,Peru,-0.07200000000000006,V-Dem
1970,PER,Peru,-0.07200000000000006,V-Dem
1971,PER,Peru,-0.07200000000000006,V-Dem
1972,PER,Peru,-0.07200000000000006,V-Dem
1973,PER,Peru,-0.07200000000000006,V-Dem
1974,PER,Peru,-0.07200000000000006,V-Dem
1975,PER,Peru,-0.07200000000000006,V-Dem
1976,PER,Peru,-0.07200000000000006,V-Dem
1977,PER,Peru,-0.07200000000000006,V-Dem
1978,PER,Peru,-0.07200000000000006,V-Dem
1979,PER,Peru,-0.07200000000000006,V-Dem
1980,PER,Peru,-0.3205,V-Dem
1981,PER,Peru,0.14599999999999996,V-Dem
1982,PER,Peru,-0.45499999999999996,V-Dem
1983,PER,Peru,-0.45499999999999996,V-Dem
1984,PER,Peru,-0.45499999999999996,V-Dem
1985,PER,Peru,-0.45499999999999996,V-Dem
1986,PER,Peru,-0.8935,V-Dem
1987,PER,Peru,-0.8935,V-Dem
1988,PER,Peru,-0.8935,V-Dem
1989,PER,Peru,-0.8935,V-Dem
1990,PER,Peru,-0.742,V-Dem
1991,PER,Peru,-0.742,V-Dem
1992,PER,Peru,-0.604,V-Dem
1993,PER,Peru,-1.442,V-Dem
1994,PER,Peru,-1.442,V-Dem
1995,PER,Peru,-1.442,V-Dem
1996,PER,Peru,-1.442,V-Dem
1997,PER,Peru,-1.821,V-Dem
1998,PER,Peru,-1.821,V-Dem
1999,PER,Peru,-1.821,V-Dem
2000,PER,Peru,-1.4529999999999998,V-Dem
2001,PER,Peru,1.9060000000000001,V-Dem
2002,PER,Peru,1.9060000000000001,V-Dem
2003,PER,Peru,1.9060000000000001,V-Dem
2004,PER,Peru,1.9060000000000001,V-Dem
2005,PER,Peru,1.9060000000000001,V-Dem
2006,PER,Peru,1.9060000000000001,V-Dem
2007,PER,Peru,1.9060000000000001,V-Dem
2008,PER,Peru,1.9060000000000001,V-Dem
2009,PER,Peru,1.856,V-Dem
2010,PER,Peru,1.881,V-Dem
2011,PER,Peru,1.8395000000000001,V-Dem
2012,PER,Peru,1.883,V-Dem
2013,PER,Peru,1.883,V-Dem
2014,PER,Peru,1.883,V-Dem
2015,PER,Peru,2.061,V-Dem
2016,PER,Peru,2.061,V-Dem
2017,PER,Peru,2.061,V-Dem
2018,PER,Peru,2.061,V-Dem
2019,PER,Peru,2.061,V-Dem
2020,PER,Peru,1.838,V-Dem
2021,PER,Peru,2.0995,V-Dem
2022,PER,Peru,1.6524999999999999,V-Dem
2023,PER,Peru,1.5325,V-Dem
2024,PER,Peru,1.267,V-Dem
2025,PER,Peru,1.396,V-Dem
1961,SEN,Senegal,0.3005,V-Dem
1962,SEN,Senegal,0.1485,V-Dem
1963,SEN,Senegal,0.1485,V-Dem
1964,SEN,Senegal,0.1485,V-Dem
1965,SEN,Senegal,0.1485,V-Dem
1966,SEN,Senegal,0.1485,V-Dem
1967,SEN,Senegal,0.1485,V-Dem
1968,SEN,Senegal,0.1485,V-Dem
1969,SEN,Senegal,0.1485,V-Dem
1970,SEN,Senegal,0.622,V-Dem
1971,SEN,Senegal,0.622,V-Dem
1972,SEN,Senegal,0.622,V-Dem
1973,SEN,Senegal,0.622,V-Dem
1974,SEN,Senegal,0.622,V-Dem
1975,SEN,Senegal,0.622,V-Dem
1976,SEN,Senegal,0.622,V-Dem
1977,SEN,Senegal,0.622,V-Dem
1978,SEN,Senegal,0.622,V-Dem
1979,SEN,Senegal,0.622,V-Dem
1980,SEN,Senegal,0.622,V-Dem
1981,SEN,Senegal,0.622,V-Dem
1982,SEN,Senegal,0.622,V-Dem
1983,SEN,Senegal,0.622,V-Dem
1984,SEN,Senegal,0.622,V-Dem
1985,SEN,Senegal,0.622,V-Dem
1986,SEN,Senegal,0.622,V-Dem
1987,SEN,Senegal,0.622,V-Dem
1988,SEN,Senegal,0.622,V-Dem
1989,SEN,Senegal,0.622,V-Dem
1990,SEN,Senegal,0.622,V-Dem
1991,SEN,Senegal,0.622,V-Dem
1992,SEN,Senegal,0.622,V-Dem
1993,SEN,Senegal,0.622,V-Dem
1994,SEN,Senegal,0.622,V-Dem
1995,SEN,Senegal,0.622,V-Dem
1996,SEN,Senegal,0.622,V-Dem
1997,SEN,Senegal,0.9654999999999999,V-Dem
1998,SEN,Senegal,0.9654999999999999,V-Dem
1999,SEN,Senegal,0.9654999999999999,V-Dem
2000,SEN,Senegal,0.9654999999999999,V-Dem
2001,SEN,Senegal,1.411,V-Dem
2002,SEN,Senegal,1.411,V-Dem
2003,SEN,Senegal,1.411,V-Dem
2004,SEN,Senegal,1.411,V-Dem
2005,SEN,Senegal,1.411,V-Dem
2006,SEN,Senegal,1.411,V-Dem
2007,SEN,Senegal,1.411,V-Dem
2008,SEN,Senegal,1.411,V-Dem
2009,SEN,Senegal,1.411,V-Dem
2010,SEN,Senegal,1.4195,V-Dem
2011,SEN,Senegal,1.4195,V-Dem
2012,SEN,Senegal,1.4195,V-Dem
2013,SEN,Senegal,1.4195,V-Dem
2014,SEN,Senegal,1.4195,V-Dem
2015,SEN,Senegal,1.6985,V-Dem
2016,SEN,Senegal,1.3715000000000002,V-Dem
2017,SEN,Senegal,1.769,V-Dem
2018,SEN,Senegal,1.8265000000000002,V-Dem
2019,SEN,Senegal,1.6880000000000002,V-Dem
2020,SEN,Senegal,1.6895,V-Dem
2021,SEN,Senegal,1.8054999999999999,V-Dem
2022,SEN,Senegal,1.8054999999999999,V-Dem
2023,SEN,Senegal,1.162,V-Dem
2024,SEN,Senegal,1.162,V-Dem
2025,SEN,Senegal,1.1895,V-Dem
2011,SSD,South Sudan,-0.619,V-Dem
2012,SSD,South Sudan,-0.619,V-Dem
2013,SSD,South Sudan,-1.2805,V-Dem
2014,SSD,South Sudan,-1.6960000000000002,V-Dem
2015,SSD,South Sudan,-1.566,V-Dem
2016,SSD,South Sudan,-1.9705,V-Dem
2017,SSD,South Sudan,-1.8855,V-Dem
2018,SSD,South Sudan,-1.557,V-Dem
2019,SSD,South Sudan,-1.0855000000000001,V-Dem
2020,SSD,South Sudan,-1.4325,V-Dem
2021,SSD,South Sudan,-1.1295,V-Dem
2022,SSD,South Sudan,-1.204,V-Dem
2023,SSD,South Sudan,-0.952,V-Dem
2024,SSD,South Sudan,-0.7669999999999999,V-Dem
2025,SSD,South Sudan,-0.638,V-Dem
1961,SDN,Sudan,-0.545,V-Dem
1962,SDN,Sudan,-0.545,V-Dem
1963,SDN,Sudan,-0.545,V-Dem
1964,SDN,Sudan,0.027499999999999997,V-Dem
1965,SDN,Sudan,0.1765,V-Dem
1966,SDN,Sudan,0.1765,V-Dem
1967,SDN,Sudan,0.1765,V-Dem
1968,SDN,Sudan,0.1765,V-Dem
1969,SDN,Sudan,-1.0505,V-Dem
1970,SDN,Sudan,-0.908,V-Dem
1971,SDN,Sudan,-0.908,V-Dem
1972,SDN,Sudan,-0.8065,V-Dem
1973,SDN,Sudan,-0.8065,V-Dem
1974,SDN,Sudan,-0.8065,V-Dem
1975,SDN,Sudan,-0.8065,V-Dem
1976,SDN,Sudan,-0.8065,V-Dem
1977,SDN,Sudan,-0.8065,V-Dem
1978,SDN,Sudan,-0.8065,V-Dem
1979,SDN,Sudan,-0.8065,V-Dem
1980,SDN,Sudan,-0.621,V-Dem
1981,SDN,Sudan,-0.621,V-Dem
1982,SDN,Sudan,-0.621,V-Dem
1983,SDN,Sudan,-0.6995,V-Dem
1984,SDN,Sudan,-0.592,V-Dem
1985,SDN,Sudan,0.09999999999999999,V-Dem
1986,SDN,Sudan,0.266,V-Dem
1987,SDN,Sudan,0.266,V-Dem
1988,SDN,Sudan,-0.0405,V-Dem
1989,SDN,Sudan,-1.067,V-Dem
1990,SDN,Sudan,-1.8865,V-Dem
1991,SDN,Sudan,-1.8865,V-Dem
1992,SDN,Sudan,-1.8865,V-Dem
1993,SDN,Sudan,-1.8865,V-Dem
1994,SDN,Sudan,-1.8865,V-Dem
1995,SDN,Sudan,-1.8865,V-Dem
1996,SDN,Sudan,-1.8865,V-Dem
1997,SDN,Sudan,-1.8865,V-Dem
1998,SDN,Sudan,-1.8865,V-Dem
1999,SDN,Sudan,-1.8865,V-Dem
2000,SDN,Sudan,-1.8865,V-Dem
2001,SDN,Sudan,-1.8865,V-Dem
2002,SDN,Sudan,-1.8865,V-Dem
2003,SDN,Sudan,-1.8865,V-Dem
2004,SDN,Sudan,-1.2795,V-Dem
2005,SDN,Sudan,-1.5979999999999999,V-Dem
2006,SDN,Sudan,-1.5655000000000001,V-Dem
2007,SDN,Sudan,-1.4595,V-Dem
2008,SDN,Sudan,-1.4595,V-Dem
2009,SDN,Sudan,-1.4595,V-Dem
2010,SDN,Sudan,-1.6815000000000002,V-Dem
2011,SDN,Sudan,-1.7425000000000002,V-Dem
2012,SDN,Sudan,-1.776,V-Dem
2013,SDN,Sudan,-1.5030000000000001,V-Dem
2014,SDN,Sudan,-1.5030000000000001,V-Dem
2015,SDN,Sudan,-1.5030000000000001,V-Dem
2016,SDN,Sudan,-1.5030000000000001,V-Dem
2017,SDN,Sudan,-1.155,V-Dem
2018,SDN,Sudan,-1.8485,V-Dem
2019,SDN,Sudan,-1.2999999999999998,V-Dem
2020,SDN,Sudan,-1.2574999999999998,V-Dem
2021,SDN,Sudan,-1.1989999999999998,V-Dem
2022,SDN,Sudan,-1.4175,V-Dem
2023,SDN,Sudan,-1.3319999999999999,V-Dem
2024,SDN,Sudan,-1.642,V-Dem
2025,SDN,Sudan,-1.642,V-Dem
1961,VNM,Vietnam,0.24949999999999997,V-Dem
1962,VNM,Vietnam,0.24949999999999997,V-Dem
1963,VNM,Vietnam,0.24949999999999997,V-Dem
1964,VNM,Vietnam,0.24949999999999997,V-Dem
1965,VNM,Vietnam,0.24949999999999997,V-Dem
1966,VNM,Vietnam,0.24949999999999997,V-Dem
1967,VNM,Vietnam,0.24949999999999997,V-Dem
1968,VNM,Vietnam,0.24949999999999997,V-Dem
1969,VNM,Vietnam,0.24949999999999997,V-Dem
1970,VNM,Vietnam,0.24949999999999997,V-Dem
1971,VNM,Vietnam,0.24949999999999997,V-Dem
1972,VNM,Vietnam,0.24949999999999997,V-Dem
1973,VNM,Vietnam,0.24949999999999997,V-Dem
1974,VNM,Vietnam,0.24949999999999997,V-Dem
1975,VNM,Vietnam,0.24949999999999997,V-Dem
1976,VNM,Vietnam,0.24949999999999997,V-Dem
1977,VNM,Vietnam,0.24949999999999997,V-Dem
1978,VNM,Vietnam,0.24949999999999997,V-Dem
1979,VNM,Vietnam,0.24949999999999997,V-Dem
1980,VNM,Vietnam,0.24949999999999997,V-Dem
1981,VNM,Vietnam,0.24949999999999997,V-Dem
1982,VNM,Vietnam,0.24949999999999997,V-Dem
1983,VNM,Vietnam,0.24949999999999997,V-Dem
1984,VNM,Vietnam,0.24949999999999997,V-Dem
1985,VNM,Vietnam,0.2855,V-Dem
1986,VNM,Vietnam,0.3205,V-Dem
1987,VNM,Vietnam,0.363,V-Dem
1988,VNM,Vietnam,0.4345,V-Dem
1989,VNM,Vietnam,0.4345,V-Dem
1990,VNM,Vietnam,0.4345,V-Dem
1991,VNM,Vietnam,0.4345,V-Dem
1992,VNM,Vietnam,0.4345,V-Dem
1993,VNM,Vietnam,0.4345,V-Dem
1994,VNM,Vietnam,0.4345,V-Dem
1995,VNM,Vietnam,0.4345,V-Dem
1996,VNM,Vietnam,0.4345,V-Dem
1997,VNM,Vietnam,0.4345,V-Dem
1998,VNM,Vietnam,0.4345,V-Dem
1999,VNM,Vietnam,0.5975,V-Dem
2000,VNM,Vietnam,0.5975,V-Dem
2001,VNM,Vietnam,0.5975,V-Dem
2002,VNM,Vietnam,0.5975,V-Dem
2003,VNM,Vietnam,0.5975,V-Dem
2004,VNM,Vietnam,0.5975,V-Dem
2005,VNM,Vietnam,0.365,V-Dem
2006,VNM,Vietnam,0.365,V-Dem
2007,VNM,Vietnam,0.365,V-Dem
2008,VNM,Vietnam,0.365,V-Dem
2009,VNM,Vietnam,0.365,V-Dem
2010,VNM,Vietnam,0.365,V-Dem
2011,VNM,Vietnam,0.365,V-Dem
2012,VNM,Vietnam,0.35350000000000004,V-Dem
2013,VNM,Vietnam,0.6174999999999999,V-Dem
2014,VNM,Vietnam,0.6174999999999999,V-Dem
2015,VNM,Vietnam,0.6174999999999999,V-Dem
2016,VNM,Vietnam,0.6174999999999999,V-Dem
2017,VNM,Vietnam,0.44399999999999995,V-Dem
2018,VNM,Vietnam,0.44399999999999995,V-Dem
2019,VNM,Vietnam,0.17850000000000002,V-Dem
2020,VNM,Vietnam,0.3085,V-Dem
2021,VNM,Vietnam,0.20749999999999996,V-Dem
2022,VNM,Vietnam,0.268,V-Dem
2023,VNM,Vietnam,0.2255,V-Dem
2024,VNM,Vietnam,0.1245,V-Dem
2025,VNM,Vietnam,0.15050000000000002,V-Dem
1961,VDR,Republic of Vietnam,-1.2145000000000001,V-Dem
1962,VDR,Republic of Vietnam,-1.2145000000000001,V-Dem
1963,VDR,Republic of Vietnam,-1.2374999999999998,V-Dem
1964,VDR,Republic of Vietnam,-1.02,V-Dem
1965,VDR,Republic of Vietnam,-1.02,V-Dem
1966,VDR,Republic of Vietnam,-1.02,V-Dem
1967,VDR,Republic of Vietnam,-1.02,V-Dem
1968,VDR,Republic of Vietnam,-1.02,V-Dem
1969,VDR,Republic of Vietnam,-1.02,V-Dem
1970,VDR,Republic of Vietnam,-1.02,V-Dem
1971,VDR,Republic of Vietnam,-1.02,V-Dem
1972,VDR,Republic of Vietnam,-1.02,V-Dem
1973,VDR,Republic of Vietnam,-1.02,V-Dem
1974,VDR,Republic of Vietnam,-1.02,V-Dem
1975,VDR,Republic of Vietnam,-0.9245000000000001,V-Dem
1961,AFG,Afghanistan,-0.4995,V-Dem
1962,AFG,Afghanistan,-0.4995,V-Dem
1963,AFG,Afghanistan,-0.4535,V-Dem
1964,AFG,Afghanistan,-0.4535,V-Dem
1965,AFG,Afghanistan,-0.4535,V-Dem
1966,AFG,Afghanistan,-0.4535,V-Dem
1967,AFG,Afghanistan,-0.4535,V-Dem
1968,AFG,Afghanistan,-0.4535,V-Dem
1969,AFG,Afghanistan,-0.4535,V-Dem
1970,AFG,Afghanistan,-0.4535,V-Dem
1971,AFG,Afghanistan,-0.4535,V-Dem
1972,AFG,Afghanistan,-0.585,V-Dem
1973,AFG,Afghanistan,-1.03,V-Dem
1974,AFG,Afghanistan,-1.1680000000000001,V-Dem
1975,AFG,Afghanistan,-1.1680000000000001,V-Dem
1976,AFG,Afghanistan,-1.1680000000000001,V-Dem
1977,AFG,Afghanistan,-1.1680000000000001,V-Dem
1978,AFG,Afghanistan,-1.9645,V-Dem
1979,AFG,Afghanistan,-1.8405,V-Dem
1980,AFG,Afghanistan,-1.916,V-Dem
1981,AFG,Afghanistan,-1.916,V-Dem
1982,AFG,Afghanistan,-1.916,V-Dem
1983,AFG,Afghanistan,-1.916,V-Dem
1984,AFG,Afghanistan,-1.916,V-Dem
1985,AFG,Afghanistan,-1.916,V-Dem
1986,AFG,Afghanistan,-1.916,V-Dem
1987,AFG,Afghanistan,-1.916,V-Dem
1988,AFG,Afghanistan,-1.916,V-Dem
1989,AFG,Afghanistan,-1.916,V-Dem
1990,AFG,Afghanistan,-1.916,V-Dem
1991,AFG,Afghanistan,-2.2359999999999998,V-Dem
1992,AFG,Afghanistan,-2.499,V-Dem
1993,AFG,Afghanistan,-2.499,V-Dem
1994,AFG,Afghanistan,-2.499,V-Dem
1995,AFG,Afghanistan,-2.499,V-Dem
1996,AFG,Afghanistan,-2.9645,V-Dem
1997,AFG,Afghanistan,-2.9645,V-Dem
1998,AFG,Afghanistan,-2.9645,V-Dem
1999,AFG,Afghanistan,-2.9645,V-Dem
2000,AFG,Afghanistan,-2.9645,V-Dem
2001,AFG,Afghanistan,-1.6335,V-Dem
2002,AFG,Afghanistan,-0.1885,V-Dem
2003,AFG,Afghanistan,-0.1885,V-Dem
2004,AFG,Afghanistan,-0.1885,V-Dem
2005,AFG,Afghanistan,-0.1885,V-Dem
2006,AFG,Afghanistan,-0.1885,V-Dem
2007,AFG,Afghanistan,-0.1885,V-Dem
2008,AFG,Afghanistan,-0.1885,V-Dem
2009,AFG,Afghanistan,-0.17099999999999999,V-Dem
2010,AFG,Afghanistan,-0.14900000000000002,V-Dem
2011,AFG,Afghanistan,-0.17300000000000001,V-Dem
2012,AFG,Afghanistan,-0.197,V-Dem
2013,AFG,Afghanistan,-0.27349999999999997,V-Dem
2014,AFG,Afghanistan,-0.365,V-Dem
2015,AFG,Afghanistan,-0.33599999999999997,V-Dem
2016,AFG,Afghanistan,-0.35250000000000004,V-Dem
2017,AFG,Afghanistan,-0.28200000000000003,V-Dem
2018,AFG,Afghanistan,-0.2405,V-Dem
2019,AFG,Afghanistan,-0.369,V-Dem
2020,AFG,Afghanistan,-0.312,V-Dem
2021,AFG,Afghanistan,-2.0685,V-Dem
2022,AFG,Afghanistan,-2.604,V-Dem
2023,AFG,Afghanistan,-2.604,V-Dem
2024,AFG,Afghanistan,-2.5355,V-Dem
2025,AFG,Afghanistan,-2.2095000000000002,V-Dem
1961,ARG,Argentina,0.6779999999999999,V-Dem
1962,ARG,Argentina,0.5645,V-Dem
1963,ARG,Argentina,0.5625,V-Dem
1964,ARG,Argentina,0.9815,V-Dem
1965,ARG,Argentina,0.9815,V-Dem
1966,ARG,Argentina,0.1725,V-Dem
1967,ARG,Argentina,-0.978,V-Dem
1968,ARG,Argentina,-1.7734999999999999,V-Dem
1969,ARG,Argentina,-2.1944999999999997,V-Dem
1970,ARG,Argentina,-1.898,V-Dem
1971,ARG,Argentina,-1.898,V-Dem
1972,ARG,Argentina,-1.898,V-Dem
1973,ARG,Argentina,-1.681,V-Dem
1974,ARG,Argentina,-1.9885000000000002,V-Dem
1975,ARG,Argentina,-2.648,V-Dem
1976,ARG,Argentina,-2.9025,V-Dem
1977,ARG,Argentina,-2.9025,V-Dem
1978,ARG,Argentina,-2.9025,V-Dem
1979,ARG,Argentina,-2.9025,V-Dem
1980,ARG,Argentina,-2.9025,V-Dem
1981,ARG,Argentina,-2.9025,V-Dem
1982,ARG,Argentina,-2.9025,V-Dem
1983,ARG,Argentina,-0.9815,V-Dem
1984,ARG,Argentina,2.373,V-Dem
1985,ARG,Argentina,2.373,V-Dem
1986,ARG,Argentina,2.373,V-Dem
1987,ARG,Argentina,2.373,V-Dem
1988,ARG,Argentina,2.373,V-Dem
1989,ARG,Argentina,1.8205,V-Dem
1990,ARG,Argentina,1.8205,V-Dem
1991,ARG,Argentina,1.887,V-Dem
1992,ARG,Argentina,1.887,V-Dem
1993,ARG,Argentina,1.887,V-Dem
1994,ARG,Argentina,1.887,V-Dem
1995,ARG,Argentina,1.887,V-Dem
1996,ARG,Argentina,1.887,V-Dem
1997,ARG,Argentina,1.887,V-Dem
1998,ARG,Argentina,1.887,V-Dem
1999,ARG,Argentina,2.3979999999999997,V-Dem
2000,ARG,Argentina,2.3979999999999997,V-Dem
2001,ARG,Argentina,2.136,V-Dem
2002,ARG,Argentina,1.9095,V-Dem
2003,ARG,Argentina,1.9095,V-Dem
2004,ARG,Argentina,1.9095,V-Dem
2005,ARG,Argentina,1.9095,V-Dem
2006,ARG,Argentina,1.9095,V-Dem
2007,ARG,Argentina,1.9095,V-Dem
2008,ARG,Argentina,1.9095,V-Dem
2009,ARG,Argentina,1.9095,V-Dem
2010,ARG,Argentina,1.9095,V-Dem
2011,ARG,Argentina,1.8824999999999998,V-Dem
2012,ARG,Argentina,1.7999999999999998,V-Dem
2013,ARG,Argentina,1.733,V-Dem
2014,ARG,Argentina,1.733,V-Dem
2015,ARG,Argentina,1.4495,V-Dem
2016,ARG,Argentina,1.4569999999999999,V-Dem
2017,ARG,Argentina,1.2045,V-Dem
2018,ARG,Argentina,1.4625,V-Dem
2019,ARG,Argentina,1.2955,V-Dem
2020,ARG,Argentina,1.8330000000000002,V-Dem
2021,ARG,Argentina,1.8094999999999999,V-Dem
2022,ARG,Argentina,1.3504999999999998,V-Dem
2023,ARG,Argentina,1.7970000000000002,V-Dem
2024,ARG,Argentina,1.9365,V-Dem
2025,ARG,Argentina,1.6385,V-Dem
1961,ETH,Ethiopia,-0.698,V-Dem
1962,ETH,Ethiopia,-0.698,V-Dem
1963,ETH,Ethiopia,-0.698,V-Dem
1964,ETH,Ethiopia,-0.698,V-Dem
1965,ETH,Ethiopia,-0.698,V-Dem
1966,ETH,Ethiopia,-0.698,V-Dem
1967,ETH,Ethiopia,-0.698,V-Dem
1968,ETH,Ethiopia,-0.698,V-Dem
1969,ETH,Ethiopia,-0.698,V-Dem
1970,ETH,Ethiopia,-0.698,V-Dem
1971,ETH,Ethiopia,-0.698,V-Dem
1972,ETH,Ethiopia,-0.698,V-Dem
1973,ETH,Ethiopia,-0.698,V-Dem
1974,ETH,Ethiopia,-1.2530000000000001,V-Dem
1975,ETH,Ethiopia,-2.426,V-Dem
1976,ETH,Ethiopia,-2.426,V-Dem
1977,ETH,Ethiopia,-2.426,V-Dem
1978,ETH,Ethiopia,-2.371,V-Dem
1979,ETH,Ethiopia,-2.371,V-Dem
1980,ETH,Ethiopia,-2.319,V-Dem
1981,ETH,Ethiopia,-2.319,V-Dem
1982,ETH,Ethiopia,-2.319,V-Dem
1983,ETH,Ethiopia,-2.319,V-Dem
1984,ETH,Ethiopia,-2.319,V-Dem
1985,ETH,Ethiopia,-2.319,V-Dem
1986,ETH,Ethiopia,-2.319,V-Dem
1987,ETH,Ethiopia,-2.319,V-Dem
1988,ETH,Ethiopia,-2.2175,V-Dem
1989,ETH,Ethiopia,-2.2175,V-Dem
1990,ETH,Ethiopia,-2.2175,V-Dem
1991,ETH,Ethiopia,-0.9175,V-Dem
1992,ETH,Ethiopia,-0.711,V-Dem
1993,ETH,Ethiopia,-0.711,V-Dem
1994,ETH,Ethiopia,-0.711,V-Dem
1995,ETH,Ethiopia,-0.711,V-Dem
1996,ETH,Ethiopia,-0.711,V-Dem
1997,ETH,Ethiopia,-0.711,V-Dem
1998,ETH,Ethiopia,-0.711,V-Dem
1999,ETH,Ethiopia,-0.711,V-Dem
2000,ETH,Ethiopia,-0.711,V-Dem
2001,ETH,Ethiopia,-0.711,V-Dem
2002,ETH,Ethiopia,-0.711,V-Dem
2003,ETH,Ethiopia,-0.711,V-Dem
2004,ETH,Ethiopia,-0.711,V-Dem
2005,ETH,Ethiopia,-0.711,V-Dem
2006,ETH,Ethiopia,-0.708,V-Dem
2007,ETH,Ethiopia,-0.613,V-Dem
2008,ETH,Ethiopia,-0.613,V-Dem
2009,ETH,Ethiopia,-0.613,V-Dem
2010,ETH,Ethiopia,-0.5934999999999999,V-Dem
2011,ETH,Ethiopia,-0.5934999999999999,V-Dem
2012,ETH,Ethiopia,-0.5934999999999999,V-Dem
2013,ETH,Ethiopia,-0.7084999999999999,V-Dem
2014,ETH,Ethiopia,-0.813,V-Dem
2015,ETH,Ethiopia,-0.8995,V-Dem
2016,ETH,Ethiopia,-1.0645,V-Dem
2017,ETH,Ethiopia,-1.205,V-Dem
2018,ETH,Ethiopia,0.09799999999999999,V-Dem
2019,ETH,Ethiopia,0.061500000000000006,V-Dem
2020,ETH,Ethiopia,-0.03899999999999999,V-Dem
2021,ETH,Ethiopia,-0.173,V-Dem
2022,ETH,Ethiopia,-0.47250000000000003,V-Dem
2023,ETH,Ethiopia,-0.6080000000000001,V-Dem
2024,ETH,Ethiopia,-0.9404999999999999,V-Dem
2025,ETH,Ethiopia,-0.893,V-Dem
1961,IND,India,1.1495,V-Dem
1962,IND,India,1.1495,V-Dem
1963,IND,India,1.1495,V-Dem
1964,IND,India,1.1495,V-Dem
1965,IND,India,1.1495,V-Dem
1966,IND,India,1.1495,V-Dem
1967,IND,India,1.1495,V-Dem
1968,IND,India,1.1495,V-Dem
1969,IND,India,1.1495,V-Dem
1970,IND,India,1.1495,V-Dem
1971,IND,India,1.1495,V-Dem
1972,IND,India,1.1495,V-Dem
1973,IND,India,1.1495,V-Dem
1974,IND,India,1.1495,V-Dem
1975,IND,India,0.624,V-Dem
1976,IND,India,0.624,V-Dem
1977,IND,India,1.0074999999999998,V-Dem
1978,IND,India,1.153,V-Dem
1979,IND,India,1.153,V-Dem
1980,IND,India,0.712,V-Dem
1981,IND,India,0.532,V-Dem
1982,IND,India,0.532,V-Dem
1983,IND,India,0.532,V-Dem
1984,IND,India,0.476,V-Dem
1985,IND,India,0.993,V-Dem
1986,IND,India,1.083,V-Dem
1987,IND,India,1.083,V-Dem
1988,IND,India,1.083,V-Dem
1989,IND,India,1.0,V-Dem
1990,IND,India,1.0,V-Dem
1991,IND,India,1.0,V-Dem
1992,IND,India,1.0,V-Dem
1993,IND,India,1.079,V-Dem
1994,IND,India,1.079,V-Dem
1995,IND,India,1.079,V-Dem
1996,IND,India,1.079,V-Dem
1997,IND,India,1.079,V-Dem
1998,IND,India,1.079,V-Dem
1999,IND,India,1.079,V-Dem
2000,IND,India,1.079,V-Dem
2001,IND,India,1.079,V-Dem
2002,IND,India,0.994,V-Dem
2003,IND,India,0.817,V-Dem
2004,IND,India,0.817,V-Dem
2005,IND,India,0.817,V-Dem
2006,IND,India,0.817,V-Dem
2007,IND,India,0.817,V-Dem
2008,IND,India,0.817,V-Dem
2009,IND,India,0.817,V-Dem
2010,IND,India,0.6955,V-Dem
2011,IND,India,0.6955,V-Dem
2012,IND,India,0.6955,V-Dem
2013,IND,India,0.7135,V-Dem
2014,IND,India,0.6885,V-Dem
2015,IND,India,0.6145,V-Dem
2016,IND,India,0.3945,V-Dem
2017,IND,India,0.461,V-Dem
2018,IND,India,0.4465,V-Dem
2019,IND,India,0.27449999999999997,V-Dem
2020,IND,India,0.246,V-Dem
2021,IND,India,0.5880000000000001,V-Dem
2022,IND,India,0.511,V-Dem
2023,IND,India,0.14850000000000002,V-Dem
2024,IND,India,0.1125,V-Dem
2025,IND,India,0.061,V-Dem
1961,KEN,Kenya,-1.2255,V-Dem
1962,KEN,Kenya,-1.2255,V-Dem
1963,KEN,Kenya,-1.1795,V-Dem
1964,KEN,Kenya,-1.1875,V-Dem
1965,KEN,Kenya,-1.3585,V-Dem
1966,KEN,Kenya,-1.318,V-Dem
1967,KEN,Kenya,-1.318,V-Dem
1968,KEN,Kenya,-1.318,V-Dem
1969,KEN,Kenya,-1.495,V-Dem
1970,KEN,Kenya,-1.2349999999999999,V-Dem
1971,KEN,Kenya,-1.2349999999999999,V-Dem
1972,KEN,Kenya,-1.2349999999999999,V-Dem
1973,KEN,Kenya,-1.2349999999999999,V-Dem
1974,KEN,Kenya,-1.146,V-Dem
1975,KEN,Kenya,-1.4195,V-Dem
1976,KEN,Kenya,-1.259,V-Dem
1977,KEN,Kenya,-1.259,V-Dem
1978,KEN,Kenya,-1.259,V-Dem
1979,KEN,Kenya,-1.213,V-Dem
1980,KEN,Kenya,-1.3975,V-Dem
1981,KEN,Kenya,-1.3975,V-Dem
1982,KEN,Kenya,-2.0025,V-Dem
1983,KEN,Kenya,-1.948,V-Dem
1984,KEN,Kenya,-1.948,V-Dem
1985,KEN,Kenya,-1.948,V-Dem
1986,KEN,Kenya,-1.948,V-Dem
1987,KEN,Kenya,-1.948,V-Dem
1988,KEN,Kenya,-2.5365,V-Dem
1989,KEN,Kenya,-2.5365,V-Dem
1990,KEN,Kenya,-2.101,V-Dem
1991,KEN,Kenya,-1.823,V-Dem
1992,KEN,Kenya,-1.9125,V-Dem
1993,KEN,Kenya,-1.5695000000000001,V-Dem
1994,KEN,Kenya,-1.5695000000000001,V-Dem
1995,KEN,Kenya,-1.5695000000000001,V-Dem
1996,KEN,Kenya,-1.5695000000000001,V-Dem
1997,KEN,Kenya,-1.6185,V-Dem
1998,KEN,Kenya,-1.4954999999999998,V-Dem
1999,KEN,Kenya,-1.4954999999999998,V-Dem
2000,KEN,Kenya,-0.9359999999999999,V-Dem
2001,KEN,Kenya,-0.9359999999999999,V-Dem
2002,KEN,Kenya,-0.621,V-Dem
2003,KEN,Kenya,-0.13,V-Dem
2004,KEN,Kenya,-0.13,V-Dem
2005,KEN,Kenya,-0.148,V-Dem
2006,KEN,Kenya,-0.148,V-Dem
2007,KEN,Kenya,-0.4109999999999999,V-Dem
2008,KEN,Kenya,-0.17149999999999999,V-Dem
2009,KEN,Kenya,-0.0655,V-Dem
2010,KEN,Kenya,0.01200000000000001,V-Dem
2011,KEN,Kenya,0.01200000000000001,V-Dem
2012,KEN,Kenya,0.01200000000000001,V-Dem
2013,KEN,Kenya,0.13949999999999999,V-Dem
2014,KEN,Kenya,0.15499999999999997,V-Dem
2015,KEN,Kenya,0.15499999999999997,V-Dem
2016,KEN,Kenya,0.1315,V-Dem
2017,KEN,Kenya,-0.17200000000000004,V-Dem
2018,KEN,Kenya,0.10399999999999998,V-Dem
2019,KEN,Kenya,0.10399999999999998,V-Dem
2020,KEN,Kenya,0.11299999999999999,V-Dem
2021,KEN,Kenya,0.49949999999999994,V-Dem
2022,KEN,Kenya,0.49949999999999994,V-Dem
2023,KEN,Kenya,1.039,V-Dem
2024,KEN,Kenya,0.489,V-Dem
2025,KEN,Kenya,0.4825,V-Dem
1961,PRK,North Korea,-2.759,V-Dem
1962,PRK,North Korea,-2.759,V-Dem
1963,PRK,North Korea,-2.759,V-Dem
1964,PRK,North Korea,-2.759,V-Dem
1965,PRK,North Korea,-2.759,V-Dem
1966,PRK,North Korea,-2.759,V-Dem
1967,PRK,North Korea,-2.759,V-Dem
1968,PRK,North Korea,-2.759,V-Dem
1969,PRK,North Korea,-2.759,V-Dem
1970,PRK,North Korea,-2.759,V-Dem
1971,PRK,North Korea,-2.759,V-Dem
1972,PRK,North Korea,-2.759,V-Dem
1973,PRK,North Korea,-2.759,V-Dem
1974,PRK,North Korea,-2.759,V-Dem
1975,PRK,North Korea,-2.759,V-Dem
1976,PRK,North Korea,-2.759,V-Dem
1977,PRK,North Korea,-2.759,V-Dem
1978,PRK,North Korea,-2.759,V-Dem
1979,PRK,North Korea,-2.759,V-Dem
1980,PRK,North Korea,-2.759,V-Dem
1981,PRK,North Korea,-2.759,V-Dem
1982,PRK,North Korea,-2.759,V-Dem
1983,PRK,North Korea,-2.759,V-Dem
1984,PRK,North Korea,-2.759,V-Dem
1985,PRK,North Korea,-2.759,V-Dem
1986,PRK,North Korea,-2.759,V-Dem
1987,PRK,North Korea,-2.759,V-Dem
1988,PRK,North Korea,-2.759,V-Dem
1989,PRK,North Korea,-2.759,V-Dem
1990,PRK,North Korea,-2.759,V-Dem
1991,PRK,North Korea,-2.759,V-Dem
1992,PRK,North Korea,-2.759,V-Dem
1993,PRK,North Korea,-2.759,V-Dem
1994,PRK,North Korea,-2.759,V-Dem
1995,PRK,North Korea,-2.759,V-Dem
1996,PRK,North Korea,-2.759,V-Dem
1997,PRK,North Korea,-2.759,V-Dem
1998,PRK,North Korea,-2.759,V-Dem
1999,PRK,North Korea,-2.759,V-Dem
2000,PRK,North Korea,-2.759,V-Dem
2001,PRK,North Korea,-2.759,V-Dem
2002,PRK,North Korea,-2.759,V-Dem
2003,PRK,North Korea,-2.759,V-Dem
2004,PRK,North Korea,-2.759,V-Dem
2005,PRK,North Korea,-2.759,V-Dem
2006,PRK,North Korea,-2.759,V-Dem
2007,PRK,North Korea,-2.759,V-Dem
2008,PRK,North Korea,-2.759,V-Dem
2009,PRK,North Korea,-2.759,V-Dem
2010,PRK,North Korea,-2.759,V-Dem
2011,PRK,North Korea,-2.759,V-Dem
2012,PRK,North Korea,-2.759,V-Dem
2013,PRK,North Korea,-2.759,V-Dem
2014,PRK,North Korea,-2.759,V-Dem
2015,PRK,North Korea,-2.759,V-Dem
2016,PRK,North Korea,-2.759,V-Dem
2017,PRK,North Korea,-2.759,V-Dem
2018,PRK,North Korea,-2.759,V-Dem
2019,PRK,North Korea,-2.4015,V-Dem
2020,PRK,North Korea,-2.4015,V-Dem
2021,PRK,North Korea,-2.4015,V-Dem
2022,PRK,North Korea,-2.4015,V-Dem
2023,PRK,North Korea,-2.654,V-Dem
2024,PRK,North Korea,-2.654,V-Dem
2025,PRK,North Korea,-2.3739999999999997,V-Dem
1961,KOR,South Korea,0.1155,V-Dem
1962,KOR,South Korea,-0.121,V-Dem
1963,KOR,South Korea,-0.121,V-Dem
1964,KOR,South Korea,-0.19899999999999998,V-Dem
1965,KOR,South Korea,-0.40249999999999997,V-Dem
1966,KOR,South Korea,-0.40249999999999997,V-Dem
1967,KOR,South Korea,-0.40249999999999997,V-Dem
1968,KOR,South Korea,-0.40249999999999997,V-Dem
1969,KOR,South Korea,-0.40249999999999997,V-Dem
1970,KOR,South Korea,-0.40249999999999997,V-Dem
1971,KOR,South Korea,-0.40249999999999997,V-Dem
1972,KOR,South Korea,-0.5955,V-Dem
1973,KOR,South Korea,-0.5955,V-Dem
1974,KOR,South Korea,-0.5955,V-Dem
1975,KOR,South Korea,-0.5955,V-Dem
1976,KOR,South Korea,-0.5955,V-Dem
1977,KOR,South Korea,-0.5955,V-Dem
1978,KOR,South Korea,-0.5955,V-Dem
1979,KOR,South Korea,-0.5955,V-Dem
1980,KOR,South Korea,-0.31,V-Dem
1981,KOR,South Korea,-0.475,V-Dem
1982,KOR,South Korea,-0.475,V-Dem
1983,KOR,South Korea,-0.475,V-Dem
1984,KOR,South Korea,-0.475,V-Dem
1985,KOR,South Korea,-0.4145,V-Dem
1986,KOR,South Korea,-0.311,V-Dem
1987,KOR,South Korea,0.48,V-Dem
1988,KOR,South Korea,1.0695,V-Dem
1989,KOR,South Korea,1.5525,V-Dem
1990,KOR,South Korea,1.5815000000000001,V-Dem
1991,KOR,South Korea,1.5815000000000001,V-Dem
1992,KOR,South Korea,1.5815000000000001,V-Dem
1993,KOR,South Korea,2.0375,V-Dem
1994,KOR,South Korea,2.0375,V-Dem
1995,KOR,South Korea,2.0375,V-Dem
1996,KOR,South Korea,2.0375,V-Dem
1997,KOR,South Korea,2.0375,V-Dem
1998,KOR,South Korea,2.404,V-Dem
1999,KOR,South Korea,2.404,V-Dem
2000,KOR,South Korea,2.635,V-Dem
2001,KOR,South Korea,2.635,V-Dem
2002,KOR,South Korea,2.635,V-Dem
2003,KOR,South Korea,2.635,V-Dem
2004,KOR,South Korea,2.635,V-Dem
2005,KOR,South Korea,2.635,V-Dem
2006,KOR,South Korea,2.635,V-Dem
2007,KOR,South Korea,2.635,V-Dem
2008,KOR,South Korea,2.441,V-Dem
2009,KOR,South Korea,2.441,V-Dem
2010,KOR,South Korea,2.441,V-Dem
2011,KOR,South Korea,2.441,V-Dem
2012,KOR,South Korea,2.441,V-Dem
2013,KOR,South Korea,2.464,V-Dem
2014,KOR,South Korea,2.464,V-Dem
2015,KOR,South Korea,2.464,V-Dem
2016,KOR,South Korea,2.464,V-Dem
2017,KOR,South Korea,2.6635,V-Dem
2018,KOR,South Korea,2.6635,V-Dem
2019,KOR,South Korea,2.6635,V-Dem
2020,KOR,South Korea,2.6635,V-Dem
2021,KOR,South Korea,2.6635,V-Dem
2022,KOR,South Korea,2.6635,V-Dem
2023,KOR,South Korea,2.6635,V-Dem
2024,KOR,South Korea,1.318,V-Dem
2025,KOR,South Korea,2.487,V-Dem
1999,XKX,Kosovo,1.1735,V-Dem
2000,XKX,Kosovo,1.1735,V-Dem
2001,XKX,Kosovo,1.1735,V-Dem
2002,XKX,Kosovo,1.1735,V-Dem
2003,XKX,Kosovo,1.1735,V-Dem
2004,XKX,Kosovo,1.1735,V-Dem
2005,XKX,Kosovo,1.1735,V-Dem
2006,XKX,Kosovo,1.1735,V-Dem
2007,XKX,Kosovo,1.1735,V-Dem
2008,XKX,Kosovo,1.2734999999999999,V-Dem
2009,XKX,Kosovo,1.4435,V-Dem
2010,XKX,Kosovo,1.5819999999999999,V-Dem
2011,XKX,Kosovo,1.5819999999999999,V-Dem
2012,XKX,Kosovo,1.5819999999999999,V-Dem
2013,XKX,Kosovo,1.553,V-Dem
2014,XKX,Kosovo,1.553,V-Dem
2015,XKX,Kosovo,1.553,V-Dem
2016,XKX,Kosovo,1.4215,V-Dem
2017,XKX,Kosovo,1.4215,V-Dem
2018,XKX,Kosovo,1.993,V-Dem
2019,XKX,Kosovo,2.0645,V-Dem
2020,XKX,Kosovo,2.0285,V-Dem
2021,XKX,Kosovo,2.0285,V-Dem
2022,XKX,Kosovo,2.0285,V-Dem
2023,XKX,Kosovo,2.0285,V-Dem
2024,XKX,Kosovo,2.246,V-Dem
2025,XKX,Kosovo,2.246,V-Dem
1961,LBN,Lebanon,0.9415,V-Dem
1962,LBN,Lebanon,0.9415,V-Dem
1963,LBN,Lebanon,0.9415,V-Dem
1964,LBN,Lebanon,0.9415,V-Dem
1965,LBN,Lebanon,0.9415,V-Dem
1966,LBN,Lebanon,0.9415,V-Dem
1967,LBN,Lebanon,0.9415,V-Dem
1968,LBN,Lebanon,0.9415,V-Dem
1969,LBN,Lebanon,0.9415,V-Dem
1970,LBN,Lebanon,0.9415,V-Dem
1971,LBN,Lebanon,0.9415,V-Dem
1972,LBN,Lebanon,0.9415,V-Dem
1973,LBN,Lebanon,0.9415,V-Dem
1974,LBN,Lebanon,0.9415,V-Dem
1975,LBN,Lebanon,0.086,V-Dem
1976,LBN,Lebanon,-0.2425,V-Dem
1977,LBN,Lebanon,-0.2425,V-Dem
1978,LBN,Lebanon,-0.2425,V-Dem
1979,LBN,Lebanon,-0.2425,V-Dem
1980,LBN,Lebanon,-0.2425,V-Dem
1981,LBN,Lebanon,-0.2425,V-Dem
1982,LBN,Lebanon,-0.2425,V-Dem
1983,LBN,Lebanon,-0.2425,V-Dem
1984,LBN,Lebanon,-0.2425,V-Dem
1985,LBN,Lebanon,-0.2425,V-Dem
1986,LBN,Lebanon,-0.2425,V-Dem
1987,LBN,Lebanon,-0.2425,V-Dem
1988,LBN,Lebanon,-0.2425,V-Dem
1989,LBN,Lebanon,-0.2425,V-Dem
1990,LBN,Lebanon,-0.04400000000000001,V-Dem
1991,LBN,Lebanon,-0.04400000000000001,V-Dem
1992,LBN,Lebanon,-0.04400000000000001,V-Dem
1993,LBN,Lebanon,-0.04400000000000001,V-Dem
1994,LBN,Lebanon,-0.04400000000000001,V-Dem
1995,LBN,Lebanon,-0.04400000000000001,V-Dem
1996,LBN,Lebanon,-0.04400000000000001,V-Dem
1997,LBN,Lebanon,-0.04400000000000001,V-Dem
1998,LBN,Lebanon,-0.04400000000000001,V-Dem
1999,LBN,Lebanon,-0.04400000000000001,V-Dem
2000,LBN,Lebanon,-0.04400000000000001,V-Dem
2001,LBN,Lebanon,-0.04400000000000001,V-Dem
2002,LBN,Lebanon,-0.04400000000000001,V-Dem
2003,LBN,Lebanon,-0.04400000000000001,V-Dem
2004,LBN,Lebanon,-0.04400000000000001,V-Dem
2005,LBN,Lebanon,0.3225,V-Dem
2006,LBN,Lebanon,0.4495,V-Dem
2007,LBN,Lebanon,0.5095000000000001,V-Dem
2008,LBN,Lebanon,0.484,V-Dem
2009,LBN,Lebanon,0.734,V-Dem
2010,LBN,Lebanon,0.7384999999999999,V-Dem
2011,LBN,Lebanon,0.769,V-Dem
2012,LBN,Lebanon,0.7495,V-Dem
2013,LBN,Lebanon,0.8255,V-Dem
2014,LBN,Lebanon,0.9025,V-Dem
2015,LBN,Lebanon,0.8734999999999999,V-Dem
2016,LBN,Lebanon,1.0855,V-Dem
2017,LBN,Lebanon,0.9259999999999999,V-Dem
2018,LBN,Lebanon,0.9410000000000001,V-Dem
2019,LBN,Lebanon,0.9029999999999999,V-Dem
2020,LBN,Lebanon,0.978,V-Dem
2021,LBN,Lebanon,0.491,V-Dem
2022,LBN,Lebanon,0.4535,V-Dem
2023,LBN,Lebanon,0.5945,V-Dem
2024,LBN,Lebanon,0.5725,V-Dem
2025,LBN,Lebanon,0.8085,V-Dem
1961,NGA,Nigeria,-1.0554999999999999,V-Dem
1962,NGA,Nigeria,-1.0554999999999999,V-Dem
1963,NGA,Nigeria,-1.0554999999999999,V-Dem
1964,NGA,Nigeria,-1.139,V-Dem
1965,NGA,Nigeria,-1.139,V-Dem
1966,NGA,Nigeria,-1.139,V-Dem
1967,NGA,Nigeria,-1.409,V-Dem
1968,NGA,Nigeria,-1.409,V-Dem
1969,NGA,Nigeria,-1.409,V-Dem
1970,NGA,Nigeria,-1.409,V-Dem
1971,NGA,Nigeria,-1.409,V-Dem
1972,NGA,Nigeria,-1.278,V-Dem
1973,NGA,Nigeria,-1.278,V-Dem
1974,NGA,Nigeria,-1.278,V-Dem
1975,NGA,Nigeria,-1.331,V-Dem
1976,NGA,Nigeria,-1.331,V-Dem
1977,NGA,Nigeria,-1.331,V-Dem
1978,NGA,Nigeria,-1.331,V-Dem
1979,NGA,Nigeria,-0.774,V-Dem
1980,NGA,Nigeria,-0.774,V-Dem
1981,NGA,Nigeria,-0.37949999999999995,V-Dem
1982,NGA,Nigeria,-0.37949999999999995,V-Dem
1983,NGA,Nigeria,-0.37949999999999995,V-Dem
1984,NGA,Nigeria,-1.5425,V-Dem
1985,NGA,Nigeria,-1.5425,V-Dem
1986,NGA,Nigeria,-1.4475,V-Dem
1987,NGA,Nigeria,-1.4475,V-Dem
1988,NGA,Nigeria,-1.4475,V-Dem
1989,NGA,Nigeria,-1.4475,V-Dem
1990,NGA,Nigeria,-1.4475,V-Dem
1991,NGA,Nigeria,-1.4475,V-Dem
1992,NGA,Nigeria,-1.4475,V-Dem
1993,NGA,Nigeria,-1.4475,V-Dem
1994,NGA,Nigeria,-1.55,V-Dem
1995,NGA,Nigeria,-1.6560000000000001,V-Dem
1996,NGA,Nigeria,-1.6560000000000001,V-Dem
1997,NGA,Nigeria,-1.6560000000000001,V-Dem
1998,NGA,Nigeria,-1.115,V-Dem
1999,NGA,Nigeria,-0.8759999999999999,V-Dem
2000,NGA,Nigeria,-0.8759999999999999,V-Dem
2001,NGA,Nigeria,-0.8759999999999999,V-Dem
2002,NGA,Nigeria,-0.8759999999999999,V-Dem
2003,NGA,Nigeria,-0.8759999999999999,V-Dem
2004,NGA,Nigeria,-0.8759999999999999,V-Dem
2005,NGA,Nigeria,-0.8759999999999999,V-Dem
2006,NGA,Nigeria,-0.8759999999999999,V-Dem
2007,NGA,Nigeria,-0.8855,V-Dem
2008,NGA,Nigeria,-0.8855,V-Dem
2009,NGA,Nigeria,-0.8855,V-Dem
2010,NGA,Nigeria,-0.8819999999999999,V-Dem
2011,NGA,Nigeria,-0.8674999999999999,V-Dem
2012,NGA,Nigeria,-0.8674999999999999,V-Dem
2013,NGA,Nigeria,-0.8360000000000001,V-Dem
2014,NGA,Nigeria,-0.8360000000000001,V-Dem
2015,NGA,Nigeria,-0.948,V-Dem
2016,NGA,Nigeria,-0.852,V-Dem
2017,NGA,Nigeria,-0.9319999999999999,V-Dem
2018,NGA,Nigeria,-0.9319999999999999,V-Dem
2019,NGA,Nigeria,-0.9319999999999999,V-Dem
2020,NGA,Nigeria,-0.8029999999999999,V-Dem
2021,NGA,Nigeria,-0.6735,V-Dem
2022,NGA,Nigeria,-0.679,V-Dem
2023,NGA,Nigeria,-0.7290000000000001,V-Dem
2024,NGA,Nigeria,-0.5730000000000001,V-Dem
2025,NGA,Nigeria,-0.63,V-Dem
1961,PHL,Philippines,-0.37,V-Dem
1962,PHL,Philippines,-0.37,V-Dem
1963,PHL,Philippines,-0.37,V-Dem
1964,PHL,Philippines,-0.37,V-Dem
1965,PHL,Philippines,-0.548,V-Dem
1966,PHL,Philippines,-0.548,V-Dem
1967,PHL,Philippines,-0.548,V-Dem
1968,PHL,Philippines,-0.921,V-Dem
1969,PHL,Philippines,-0.921,V-Dem
1970,PHL,Philippines,-1.5335,V-Dem
1971,PHL,Philippines,-1.5335,V-Dem
1972,PHL,Philippines,-2.1745,V-Dem
1973,PHL,Philippines,-2.1745,V-Dem
1974,PHL,Philippines,-2.1745,V-Dem
1975,PHL,Philippines,-2.1745,V-Dem
1976,PHL,Philippines,-2.1745,V-Dem
1977,PHL,Philippines,-2.1745,V-Dem
1978,PHL,Philippines,-2.1745,V-Dem
1979,PHL,Philippines,-2.1745,V-Dem
1980,PHL,Philippines,-2.1745,V-Dem
1981,PHL,Philippines,-2.1745,V-Dem
1982,PHL,Philippines,-2.1745,V-Dem
1983,PHL,Philippines,-2.1745,V-Dem
1984,PHL,Philippines,-2.1745,V-Dem
1985,PHL,Philippines,-2.1745,V-Dem
1986,PHL,Philippines,-0.823,V-Dem
1987,PHL,Philippines,0.077,V-Dem
1988,PHL,Philippines,0.077,V-Dem
1989,PHL,Philippines,0.077,V-Dem
1990,PHL,Philippines,0.077,V-Dem
1991,PHL,Philippines,0.077,V-Dem
1992,PHL,Philippines,0.2945,V-Dem
1993,PHL,Philippines,0.2945,V-Dem
1994,PHL,Philippines,0.2945,V-Dem
1995,PHL,Philippines,0.2945,V-Dem
1996,PHL,Philippines,0.2945,V-Dem
1997,PHL,Philippines,0.2945,V-Dem
1998,PHL,Philippines,0.19749999999999998,V-Dem
1999,PHL,Philippines,0.13,V-Dem
2000,PHL,Philippines,0.13,V-Dem
2001,PHL,Philippines,0.13,V-Dem
2002,PHL,Philippines,-0.008499999999999994,V-Dem
2003,PHL,Philippines,-0.008499999999999994,V-Dem
2004,PHL,Philippines,-0.008499999999999994,V-Dem
2005,PHL,Philippines,-0.008499999999999994,V-Dem
2006,PHL,Philippines,-0.008499999999999994,V-Dem
2007,PHL,Philippines,-0.008499999999999994,V-Dem
2008,PHL,Philippines,0.03900000000000001,V-Dem
2009,PHL,Philippines,-0.012999999999999998,V-Dem
2010,PHL,Philippines,0.39,V-Dem
2011,PHL,Philippines,0.4305,V-Dem
2012,PHL,Philippines,0.4305,V-Dem
2013,PHL,Philippines,0.485,V-Dem
2014,PHL,Philippines,0.485,V-Dem
2015,PHL,Philippines,0.386,V-Dem
2016,PHL,Philippines,-0.23049999999999998,V-Dem
2017,PHL,Philippines,-0.388,V-Dem
2018,PHL,Philippines,-0.4855,V-Dem
2019,PHL,Philippines,-0.7355,V-Dem
2020,PHL,Philippines,-0.7355,V-Dem
2021,PHL,Philippines,-0.9015000000000001,V-Dem
2022,PHL,Philippines,-0.8395,V-Dem
2023,PHL,Philippines,-0.7645,V-Dem
2024,PHL,Philippines,-0.7055,V-Dem
2025,PHL,Philippines,-0.7055,V-Dem
1961,TZA,Tanzania,1.2685,V-Dem
1962,TZA,Tanzania,1.258,V-Dem
1963,TZA,Tanzania,1.258,V-Dem
1964,TZA,Tanzania,1.258,V-Dem
1965,TZA,Tanzania,1.3855,V-Dem
1966,TZA,Tanzania,1.0945,V-Dem
1967,TZA,Tanzania,1.3820000000000001,V-Dem
1968,TZA,Tanzania,1.3820000000000001,V-Dem
1969,TZA,Tanzania,1.3820000000000001,V-Dem
1970,TZA,Tanzania,1.3820000000000001,V-Dem
1971,TZA,Tanzania,1.3820000000000001,V-Dem
1972,TZA,Tanzania,1.0905,V-Dem
1973,TZA,Tanzania,1.3895,V-Dem
1974,TZA,Tanzania,1.3895,V-Dem
1975,TZA,Tanzania,1.3895,V-Dem
1976,TZA,Tanzania,1.3895,V-Dem
1977,TZA,Tanzania,1.3895,V-Dem
1978,TZA,Tanzania,1.3895,V-Dem
1979,TZA,Tanzania,1.3895,V-Dem
1980,TZA,Tanzania,1.3895,V-Dem
1981,TZA,Tanzania,1.3895,V-Dem
1982,TZA,Tanzania,1.3895,V-Dem
1983,TZA,Tanzania,1.3895,V-Dem
1984,TZA,Tanzania,1.3895,V-Dem
1985,TZA,Tanzania,1.3895,V-Dem
1986,TZA,Tanzania,1.3595000000000002,V-Dem
1987,TZA,Tanzania,1.3135,V-Dem
1988,TZA,Tanzania,1.3135,V-Dem
1989,TZA,Tanzania,1.3135,V-Dem
1990,TZA,Tanzania,1.249,V-Dem
1991,TZA,Tanzania,1.249,V-Dem
1992,TZA,Tanzania,1.249,V-Dem
1993,TZA,Tanzania,1.249,V-Dem
1994,TZA,Tanzania,1.249,V-Dem
1995,TZA,Tanzania,1.249,V-Dem
1996,TZA,Tanzania,1.249,V-Dem
1997,TZA,Tanzania,1.249,V-Dem
1998,TZA,Tanzania,1.249,V-Dem
1999,TZA,Tanzania,1.249,V-Dem
2000,TZA,Tanzania,1.249,V-Dem
2001,TZA,Tanzania,1.249,V-Dem
2002,TZA,Tanzania,1.249,V-Dem
2003,TZA,Tanzania,1.249,V-Dem
2004,TZA,Tanzania,1.249,V-Dem
2005,TZA,Tanzania,1.249,V-Dem
2006,TZA,Tanzania,1.2734999999999999,V-Dem
2007,TZA,Tanzania,1.2734999999999999,V-Dem
2008,TZA,Tanzania,1.2734999999999999,V-Dem
2009,TZA,Tanzania,1.2734999999999999,V-Dem
2010,TZA,Tanzania,1.2970000000000002,V-Dem
2011,TZA,Tanzania,1.3255,V-Dem
2012,TZA,Tanzania,1.3255,V-Dem
2013,TZA,Tanzania,1.3255,V-Dem
2014,TZA,Tanzania,1.3255,V-Dem
2015,TZA,Tanzania,1.299,V-Dem
2016,TZA,Tanzania,1.1475,V-Dem
2017,TZA,Tanzania,1.061,V-Dem
2018,TZA,Tanzania,1.066,V-Dem
2019,TZA,Tanzania,0.9670000000000001,V-Dem
2020,TZA,Tanzania,0.9335,V-Dem
2021,TZA,Tanzania,1.0175,V-Dem
2022,TZA,Tanzania,1.4609999999999999,V-Dem
2023,TZA,Tanzania,1.7705,V-Dem
2024,TZA,Tanzania,1.7705,V-Dem
2025,TZA,Tanzania,0.9135,V-Dem
1961,TWN,Taiwan,-0.91,V-Dem
1962,TWN,Taiwan,-0.91,V-Dem
1963,TWN,Taiwan,-0.91,V-Dem
1964,TWN,Taiwan,-0.746,V-Dem
1965,TWN,Taiwan,-0.746,V-Dem
1966,TWN,Taiwan,-0.746,V-Dem
1967,TWN,Taiwan,-0.746,V-Dem
1968,TWN,Taiwan,-0.746,V-Dem
1969,TWN,Taiwan,-0.746,V-Dem
1970,TWN,Taiwan,-0.6185,V-Dem
1971,TWN,Taiwan,-0.7395,V-Dem
1972,TWN,Taiwan,-0.7395,V-Dem
1973,TWN,Taiwan,-0.7395,V-Dem
1974,TWN,Taiwan,-0.5195,V-Dem
1975,TWN,Taiwan,-0.5195,V-Dem
1976,TWN,Taiwan,-0.34600000000000003,V-Dem
1977,TWN,Taiwan,-0.34600000000000003,V-Dem
1978,TWN,Taiwan,-0.7030000000000001,V-Dem
1979,TWN,Taiwan,-0.7030000000000001,V-Dem
1980,TWN,Taiwan,-0.43800000000000006,V-Dem
1981,TWN,Taiwan,0.096,V-Dem
1982,TWN,Taiwan,0.23399999999999999,V-Dem
1983,TWN,Taiwan,0.457,V-Dem
1984,TWN,Taiwan,0.8160000000000001,V-Dem
1985,TWN,Taiwan,0.8160000000000001,V-Dem
1986,TWN,Taiwan,0.8160000000000001,V-Dem
1987,TWN,Taiwan,0.8160000000000001,V-Dem
1988,TWN,Taiwan,1.0875,V-Dem
1989,TWN,Taiwan,1.419,V-Dem
1990,TWN,Taiwan,1.4725000000000001,V-Dem
1991,TWN,Taiwan,1.4725000000000001,V-Dem
1992,TWN,Taiwan,1.685,V-Dem
1993,TWN,Taiwan,1.685,V-Dem
1994,TWN,Taiwan,1.685,V-Dem
1995,TWN,Taiwan,1.685,V-Dem
1996,TWN,Taiwan,1.685,V-Dem
1997,TWN,Taiwan,1.685,V-Dem
1998,TWN,Taiwan,1.685,V-Dem
1999,TWN,Taiwan,1.685,V-Dem
2000,TWN,Taiwan,2.673,V-Dem
2001,TWN,Taiwan,2.673,V-Dem
2002,TWN,Taiwan,2.673,V-Dem
2003,TWN,Taiwan,2.673,V-Dem
2004,TWN,Taiwan,2.673,V-Dem
2005,TWN,Taiwan,2.673,V-Dem
2006,TWN,Taiwan,2.673,V-Dem
2007,TWN,Taiwan,2.673,V-Dem
2008,TWN,Taiwan,2.673,V-Dem
2009,TWN,Taiwan,2.673,V-Dem
2010,TWN,Taiwan,2.8265000000000002,V-Dem
2011,TWN,Taiwan,2.8265000000000002,V-Dem
2012,TWN,Taiwan,2.8265000000000002,V-Dem
2013,TWN,Taiwan,2.667,V-Dem
2014,TWN,Taiwan,2.758,V-Dem
2015,TWN,Taiwan,2.758,V-Dem
2016,TWN,Taiwan,2.838,V-Dem
2017,TWN,Taiwan,2.838,V-Dem
2018,TWN,Taiwan,2.838,V-Dem
2019,TWN,Taiwan,2.838,V-Dem
2020,TWN,Taiwan,2.838,V-Dem
2021,TWN,Taiwan,2.838,V-Dem
2022,TWN,Taiwan,2.838,V-Dem
2023,TWN,Taiwan,2.838,V-Dem
2024,TWN,Taiwan,2.838,V-Dem
2025,TWN,Taiwan,2.838,V-Dem
1961,THA,Thailand,-1.688,V-Dem
1962,THA,Thailand,-1.688,V-Dem
1963,THA,Thailand,-1.688,V-Dem
1964,THA,Thailand,-1.505,V-Dem
1965,THA,Thailand,-1.505,V-Dem
1966,THA,Thailand,-1.505,V-Dem
1967,THA,Thailand,-1.505,V-Dem
1968,THA,Thailand,-1.505,V-Dem
1969,THA,Thailand,-1.505,V-Dem
1970,THA,Thailand,-1.505,V-Dem
1971,THA,Thailand,-1.505,V-Dem
1972,THA,Thailand,-1.447,V-Dem
1973,THA,Thailand,-1.374,V-Dem
1974,THA,Thailand,-1.0354999999999999,V-Dem
1975,THA,Thailand,-1.0354999999999999,V-Dem
1976,THA,Thailand,-1.896,V-Dem
1977,THA,Thailand,-1.653,V-Dem
1978,THA,Thailand,-1.653,V-Dem
1979,THA,Thailand,-1.653,V-Dem
1980,THA,Thailand,-0.27349999999999997,V-Dem
1981,THA,Thailand,-0.27349999999999997,V-Dem
1982,THA,Thailand,-0.27349999999999997,V-Dem
1983,THA,Thailand,-0.16199999999999998,V-Dem
1984,THA,Thailand,-0.09299999999999997,V-Dem
1985,THA,Thailand,-0.09299999999999997,V-Dem
1986,THA,Thailand,-0.09299999999999997,V-Dem
1987,THA,Thailand,-0.09299999999999997,V-Dem
1988,THA,Thailand,-0.09299999999999997,V-Dem
1989,THA,Thailand,-0.09299999999999997,V-Dem
1990,THA,Thailand,0.01100000000000001,V-Dem
1991,THA,Thailand,-0.5415,V-Dem
1992,THA,Thailand,-1.1855,V-Dem
1993,THA,Thailand,0.692,V-Dem
1994,THA,Thailand,0.692,V-Dem
1995,THA,Thailand,0.692,V-Dem
1996,THA,Thailand,0.692,V-Dem
1997,THA,Thailand,0.692,V-Dem
1998,THA,Thailand,0.692,V-Dem
1999,THA,Thailand,0.692,V-Dem
2000,THA,Thailand,0.692,V-Dem
2001,THA,Thailand,0.444,V-Dem
2002,THA,Thailand,0.16799999999999998,V-Dem
2003,THA,Thailand,0.16799999999999998,V-Dem
2004,THA,Thailand,-0.267,V-Dem
2005,THA,Thailand,-0.3035,V-Dem
2006,THA,Thailand,-0.237,V-Dem
2007,THA,Thailand,-0.237,V-Dem
2008,THA,Thailand,-0.244,V-Dem
2009,THA,Thailand,-0.2945,V-Dem
2010,THA,Thailand,-0.525,V-Dem
2011,THA,Thailand,0.0455,V-Dem
2012,THA,Thailand,0.0765,V-Dem
2013,THA,Thailand,-0.064,V-Dem
2014,THA,Thailand,-0.927,V-Dem
2015,THA,Thailand,-1.242,V-Dem
2016,THA,Thailand,-1.1685,V-Dem
2017,THA,Thailand,-1.3295,V-Dem
2018,THA,Thailand,-1.182,V-Dem
2019,THA,Thailand,-0.9575,V-Dem
2020,THA,Thailand,-0.881,V-Dem
2021,THA,Thailand,-0.881,V-Dem
2022,THA,Thailand,-0.881,V-Dem
2023,THA,Thailand,-0.408,V-Dem
2024,THA,Thailand,-0.408,V-Dem
2025,THA,Thailand,-0.5635,V-Dem
1961,UGA,Uganda,-0.9355,V-Dem
1962,UGA,Uganda,-0.8185,V-Dem
1963,UGA,Uganda,-0.6435,V-Dem
1964,UGA,Uganda,-0.6435,V-Dem
1965,UGA,Uganda,-0.6435,V-Dem
1966,UGA,Uganda,-0.9065,V-Dem
1967,UGA,Uganda,-1.7865,V-Dem
1968,UGA,Uganda,-1.7865,V-Dem
1969,UGA,Uganda,-1.7865,V-Dem
1970,UGA,Uganda,-1.7865,V-Dem
1971,UGA,Uganda,-2.348,V-Dem
1972,UGA,Uganda,-2.9275,V-Dem
1973,UGA,Uganda,-3.078,V-Dem
1974,UGA,Uganda,-3.078,V-Dem
1975,UGA,Uganda,-3.078,V-Dem
1976,UGA,Uganda,-3.078,V-Dem
1977,UGA,Uganda,-3.078,V-Dem
1978,UGA,Uganda,-3.078,V-Dem
1979,UGA,Uganda,-3.078,V-Dem
1980,UGA,Uganda,-1.768,V-Dem
1981,UGA,Uganda,-1.768,V-Dem
1982,UGA,Uganda,-2.092,V-Dem
1983,UGA,Uganda,-2.2165,V-Dem
1984,UGA,Uganda,-2.2165,V-Dem
1985,UGA,Uganda,-2.2165,V-Dem
1986,UGA,Uganda,-1.467,V-Dem
1987,UGA,Uganda,-0.738,V-Dem
1988,UGA,Uganda,-0.738,V-Dem
1989,UGA,Uganda,-0.738,V-Dem
1990,UGA,Uganda,-0.522,V-Dem
1991,UGA,Uganda,-0.3825,V-Dem
1992,UGA,Uganda,-0.3825,V-Dem
1993,UGA,Uganda,-0.3825,V-Dem
1994,UGA,Uganda,-0.3825,V-Dem
1995,UGA,Uganda,-0.3825,V-Dem
1996,UGA,Uganda,-0.3825,V-Dem
1997,UGA,Uganda,-0.3825,V-Dem
1998,UGA,Uganda,-0.3825,V-Dem
1999,UGA,Uganda,-0.3825,V-Dem
2000,UGA,Uganda,-0.3825,V-Dem
2001,UGA,Uganda,-0.3825,V-Dem
2002,UGA,Uganda,-0.3825,V-Dem
2003,UGA,Uganda,-0.3825,V-Dem
2004,UGA,Uganda,-0.3825,V-Dem
2005,UGA,Uganda,-0.3825,V-Dem
2006,UGA,Uganda,-0.384,V-Dem
2007,UGA,Uganda,-0.384,V-Dem
2008,UGA,Uganda,-0.41800000000000004,V-Dem
2009,UGA,Uganda,-0.43399999999999994,V-Dem
2010,UGA,Uganda,-0.6555,V-Dem
2011,UGA,Uganda,-0.7195,V-Dem
2012,UGA,Uganda,-0.7669999999999999,V-Dem
2013,UGA,Uganda,-0.7065,V-Dem
2014,UGA,Uganda,-0.583,V-Dem
2015,UGA,Uganda,-0.583,V-Dem
2016,UGA,Uganda,-0.8320000000000001,V-Dem
2017,UGA,Uganda,-0.9055,V-Dem
2018,UGA,Uganda,-1.1015000000000001,V-Dem
2019,UGA,Uganda,-1.084,V-Dem
2020,UGA,Uganda,-0.8015,V-Dem
2021,UGA,Uganda,-0.764,V-Dem
2022,UGA,Uganda,-0.657,V-Dem
2023,UGA,Uganda,-0.6735,V-Dem
2024,UGA,Uganda,-0.9405,V-Dem
2025,UGA,Uganda,-1.105,V-Dem
1961,VEN,Venezuela,0.5065,V-Dem
1962,VEN,Venezuela,0.5065,V-Dem
1963,VEN,Venezuela,0.5065,V-Dem
1964,VEN,Venezuela,0.533,V-Dem
1965,VEN,Venezuela,0.533,V-Dem
1966,VEN,Venezuela,0.533,V-Dem
1967,VEN,Venezuela,0.533,V-Dem
1968,VEN,Venezuela,0.6285,V-Dem
1969,VEN,Venezuela,1.1360000000000001,V-Dem
1970,VEN,Venezuela,1.1360000000000001,V-Dem
1971,VEN,Venezuela,1.1360000000000001,V-Dem
1972,VEN,Venezuela,1.1360000000000001,V-Dem
1973,VEN,Venezuela,1.1360000000000001,V-Dem
1974,VEN,Venezuela,1.1360000000000001,V-Dem
1975,VEN,Venezuela,1.1360000000000001,V-Dem
1976,VEN,Venezuela,1.1360000000000001,V-Dem
1977,VEN,Venezuela,1.1360000000000001,V-Dem
1978,VEN,Venezuela,1.1360000000000001,V-Dem
1979,VEN,Venezuela,1.2805,V-Dem
1980,VEN,Venezuela,1.2805,V-Dem
1981,VEN,Venezuela,1.2805,V-Dem
1982,VEN,Venezuela,1.2805,V-Dem
1983,VEN,Venezuela,1.2805,V-Dem
1984,VEN,Venezuela,1.2805,V-Dem
1985,VEN,Venezuela,1.2805,V-Dem
1986,VEN,Venezuela,1.2805,V-Dem
1987,VEN,Venezuela,1.2805,V-Dem
1988,VEN,Venezuela,1.126,V-Dem
1989,VEN,Venezuela,1.126,V-Dem
1990,VEN,Venezuela,1.2970000000000002,V-Dem
1991,VEN,Venezuela,1.2970000000000002,V-Dem
1992,VEN,Venezuela,1.2970000000000002,V-Dem
1993,VEN,Venezuela,1.2970000000000002,V-Dem
1994,VEN,Venezuela,1.455,V-Dem
1995,VEN,Venezuela,1.455,V-Dem
1996,VEN,Venezuela,1.455,V-Dem
1997,VEN,Venezuela,1.455,V-Dem
1998,VEN,Venezuela,1.379,V-Dem
1999,VEN,Venezuela,1.2135,V-Dem
2000,VEN,Venezuela,1.1560000000000001,V-Dem
2001,VEN,Venezuela,1.0405,V-Dem
2002,VEN,Venezuela,0.887,V-Dem
2003,VEN,Venezuela,0.6950000000000001,V-Dem
2004,VEN,Venezuela,0.6950000000000001,V-Dem
2005,VEN,Venezuela,0.6950000000000001,V-Dem
2006,VEN,Venezuela,0.9125000000000001,V-Dem
2007,VEN,Venezuela,0.9125000000000001,V-Dem
2008,VEN,Venezuela,0.9125000000000001,V-Dem
2009,VEN,Venezuela,0.8480000000000001,V-Dem
2010,VEN,Venezuela,0.7969999999999999,V-Dem
2011,VEN,Venezuela,0.7969999999999999,V-Dem
2012,VEN,Venezuela,0.7004999999999999,V-Dem
2013,VEN,Venezuela,0.303,V-Dem
2014,VEN,Venezuela,0.013500000000000012,V-Dem
2015,VEN,Venezuela,-0.087,V-Dem
2016,VEN,Venezuela,0.09550000000000003,V-Dem
2017,VEN,Venezuela,-0.61,V-Dem
2018,VEN,Venezuela,-0.997,V-Dem
2019,VEN,Venezuela,-1.4,V-Dem
2020,VEN,Venezuela,-1.3035,V-Dem
2021,VEN,Venezuela,-1.3375,V-Dem
2022,VEN,Venezuela,-1.2415,V-Dem
2023,VEN,Venezuela,-1.2865,V-Dem
2024,VEN,Venezuela,-1.2865,V-Dem
2025,VEN,Venezuela,-1.4195,V-Dem
1961,BEN,Benin,-0.28800000000000003,V-Dem
1962,BEN,Benin,-0.28800000000000003,V-Dem
1963,BEN,Benin,-0.28800000000000003,V-Dem
1964,BEN,Benin,-0.28800000000000003,V-Dem
1965,BEN,Benin,-0.28800000000000003,V-Dem
1966,BEN,Benin,-0.28800000000000003,V-Dem
1967,BEN,Benin,-0.28800000000000003,V-Dem
1968,BEN,Benin,-0.28800000000000003,V-Dem
1969,BEN,Benin,-0.28800000000000003,V-Dem
1970,BEN,Benin,-0.25550000000000006,V-Dem
1971,BEN,Benin,-0.25550000000000006,V-Dem
1972,BEN,Benin,-0.46950000000000003,V-Dem
1973,BEN,Benin,-1.5859999999999999,V-Dem
1974,BEN,Benin,-1.5859999999999999,V-Dem
1975,BEN,Benin,-1.5859999999999999,V-Dem
1976,BEN,Benin,-1.5859999999999999,V-Dem
1977,BEN,Benin,-1.5859999999999999,V-Dem
1978,BEN,Benin,-1.5859999999999999,V-Dem
1979,BEN,Benin,-1.5859999999999999,V-Dem
1980,BEN,Benin,-1.5859999999999999,V-Dem
1981,BEN,Benin,-1.5859999999999999,V-Dem
1982,BEN,Benin,-1.5859999999999999,V-Dem
1983,BEN,Benin,-1.5859999999999999,V-Dem
1984,BEN,Benin,-1.5859999999999999,V-Dem
1985,BEN,Benin,-1.5859999999999999,V-Dem
1986,BEN,Benin,-1.5859999999999999,V-Dem
1987,BEN,Benin,-1.5859999999999999,V-Dem
1988,BEN,Benin,-1.5859999999999999,V-Dem
1989,BEN,Benin,-1.5859999999999999,V-Dem
1990,BEN,Benin,1.251,V-Dem
1991,BEN,Benin,1.2925,V-Dem
1992,BEN,Benin,1.4705,V-Dem
1993,BEN,Benin,1.4705,V-Dem
1994,BEN,Benin,1.4705,V-Dem
1995,BEN,Benin,1.4705,V-Dem
1996,BEN,Benin,1.4705,V-Dem
1997,BEN,Benin,1.4025,V-Dem
1998,BEN,Benin,1.4025,V-Dem
1999,BEN,Benin,1.4025,V-Dem
2000,BEN,Benin,1.4025,V-Dem
2001,BEN,Benin,1.4025,V-Dem
2002,BEN,Benin,1.4025,V-Dem
2003,BEN,Benin,1.4025,V-Dem
2004,BEN,Benin,1.4025,V-Dem
2005,BEN,Benin,1.4025,V-Dem
2006,BEN,Benin,1.275,V-Dem
2007,BEN,Benin,1.4045,V-Dem
2008,BEN,Benin,1.4045,V-Dem
2009,BEN,Benin,1.4045,V-Dem
2010,BEN,Benin,1.4045,V-Dem
2011,BEN,Benin,1.3735,V-Dem
2012,BEN,Benin,1.3735,V-Dem
2013,BEN,Benin,1.383,V-Dem
2014,BEN,Benin,1.383,V-Dem
2015,BEN,Benin,1.431,V-Dem
2016,BEN,Benin,1.7015,V-Dem
2017,BEN,Benin,2.1025,V-Dem
2018,BEN,Benin,2.0330000000000004,V-Dem
2019,BEN,Benin,1.8365,V-Dem
2020,BEN,Benin,1.5635,V-Dem
2021,BEN,Benin,1.5635,V-Dem
2022,BEN,Benin,1.5635,V-Dem
2023,BEN,Benin,1.5635,V-Dem
2024,BEN,Benin,1.578,V-Dem
2025,BEN,Benin,1.705,V-Dem
1961,BTN,Bhutan,0.6025,V-Dem
1962,BTN,Bhutan,0.6025,V-Dem
1963,BTN,Bhutan,0.6025,V-Dem
1964,BTN,Bhutan,0.6025,V-Dem
1965,BTN,Bhutan,0.6025,V-Dem
1966,BTN,Bhutan,0.6025,V-Dem
1967,BTN,Bhutan,0.6025,V-Dem
1968,BTN,Bhutan,0.6025,V-Dem
1969,BTN,Bhutan,0.6025,V-Dem
1970,BTN,Bhutan,0.6025,V-Dem
1971,BTN,Bhutan,0.6025,V-Dem
1972,BTN,Bhutan,0.6025,V-Dem
1973,BTN,Bhutan,0.6025,V-Dem
1974,BTN,Bhutan,0.6025,V-Dem
1975,BTN,Bhutan,0.6025,V-Dem
1976,BTN,Bhutan,0.6025,V-Dem
1977,BTN,Bhutan,0.6025,V-Dem
1978,BTN,Bhutan,0.6025,V-Dem
1979,BTN,Bhutan,0.6025,V-Dem
1980,BTN,Bhutan,0.6025,V-Dem
1981,BTN,Bhutan,0.6025,V-Dem
1982,BTN,Bhutan,0.6025,V-Dem
1983,BTN,Bhutan,0.6025,V-Dem
1984,BTN,Bhutan,0.6025,V-Dem
1985,BTN,Bhutan,0.6025,V-Dem
1986,BTN,Bhutan,0.6025,V-Dem
1987,BTN,Bhutan,0.6025,V-Dem
1988,BTN,Bhutan,0.6025,V-Dem
1989,BTN,Bhutan,0.6025,V-Dem
1990,BTN,Bhutan,0.6025,V-Dem
1991,BTN,Bhutan,0.6025,V-Dem
1992,BTN,Bhutan,0.6025,V-Dem
1993,BTN,Bhutan,0.6025,V-Dem
1994,BTN,Bhutan,0.6025,V-Dem
1995,BTN,Bhutan,0.6025,V-Dem
1996,BTN,Bhutan,0.6025,V-Dem
1997,BTN,Bhutan,0.6025,V-Dem
1998,BTN,Bhutan,0.8214999999999999,V-Dem
1999,BTN,Bhutan,0.8214999999999999,V-Dem
2000,BTN,Bhutan,0.9355,V-Dem
2001,BTN,Bhutan,0.9355,V-Dem
2002,BTN,Bhutan,1.057,V-Dem
2003,BTN,Bhutan,1.057,V-Dem
2004,BTN,Bhutan,1.121,V-Dem
2005,BTN,Bhutan,1.121,V-Dem
2006,BTN,Bhutan,1.121,V-Dem
2007,BTN,Bhutan,1.0225,V-Dem
2008,BTN,Bhutan,1.3210000000000002,V-Dem
2009,BTN,Bhutan,1.3210000000000002,V-Dem
2010,BTN,Bhutan,1.344,V-Dem
2011,BTN,Bhutan,1.3335,V-Dem
2012,BTN,Bhutan,1.3335,V-Dem
2013,BTN,Bhutan,1.3565,V-Dem
2014,BTN,Bhutan,1.3679999999999999,V-Dem
2015,BTN,Bhutan,1.3679999999999999,V-Dem
2016,BTN,Bhutan,1.3679999999999999,V-Dem
2017,BTN,Bhutan,1.34,V-Dem
2018,BTN,Bhutan,1.584,V-Dem
2019,BTN,Bhutan,1.7005,V-Dem
2020,BTN,Bhutan,1.771,V-Dem
2021,BTN,Bhutan,1.319,V-Dem
2022,BTN,Bhutan,1.435,V-Dem
2023,BTN,Bhutan,1.435,V-Dem
2024,BTN,Bhutan,1.435,V-Dem
2025,BTN,Bhutan,1.435,V-Dem
1961,BFA,Burkina Faso,-0.5880000000000001,V-Dem
1962,BFA,Burkina Faso,-0.5880000000000001,V-Dem
1963,BFA,Burkina Faso,-0.5880000000000001,V-Dem
1964,BFA,Burkina Faso,-0.5880000000000001,V-Dem
1965,BFA,Burkina Faso,-0.5880000000000001,V-Dem
1966,BFA,Burkina Faso,-0.5880000000000001,V-Dem
1967,BFA,Burkina Faso,-0.5880000000000001,V-Dem
1968,BFA,Burkina Faso,-0.5880000000000001,V-Dem
1969,BFA,Burkina Faso,-0.5880000000000001,V-Dem
1970,BFA,Burkina Faso,-0.5880000000000001,V-Dem
1971,BFA,Burkina Faso,-0.5880000000000001,V-Dem
1972,BFA,Burkina Faso,-0.5880000000000001,V-Dem
1973,BFA,Burkina Faso,-0.5880000000000001,V-Dem
1974,BFA,Burkina Faso,-0.5880000000000001,V-Dem
1975,BFA,Burkina Faso,-0.5880000000000001,V-Dem
1976,BFA,Burkina Faso,-0.5880000000000001,V-Dem
1977,BFA,Burkina Faso,-0.7145,V-Dem
1978,BFA,Burkina Faso,-0.6285000000000001,V-Dem
1979,BFA,Burkina Faso,-0.6285000000000001,V-Dem
1980,BFA,Burkina Faso,-0.7795,V-Dem
1981,BFA,Burkina Faso,-1.4145,V-Dem
1982,BFA,Burkina Faso,-1.2405,V-Dem
1983,BFA,Burkina Faso,-1.394,V-Dem
1984,BFA,Burkina Faso,-1.526,V-Dem
1985,BFA,Burkina Faso,-1.337,V-Dem
1986,BFA,Burkina Faso,-1.337,V-Dem
1987,BFA,Burkina Faso,-1.5245,V-Dem
1988,BFA,Burkina Faso,-1.267,V-Dem
1989,BFA,Burkina Faso,-1.267,V-Dem
1990,BFA,Burkina Faso,-1.267,V-Dem
1991,BFA,Burkina Faso,-1.1025,V-Dem
1992,BFA,Burkina Faso,-0.9744999999999999,V-Dem
1993,BFA,Burkina Faso,-0.9744999999999999,V-Dem
1994,BFA,Burkina Faso,-0.9744999999999999,V-Dem
1995,BFA,Burkina Faso,-0.9744999999999999,V-Dem
1996,BFA,Burkina Faso,-0.9744999999999999,V-Dem
1997,BFA,Burkina Faso,-1.024,V-Dem
1998,BFA,Burkina Faso,-0.978,V-Dem
1999,BFA,Burkina Faso,-0.2645,V-Dem
2000,BFA,Burkina Faso,0.359,V-Dem
2001,BFA,Burkina Faso,0.359,V-Dem
2002,BFA,Burkina Faso,0.359,V-Dem
2003,BFA,Burkina Faso,0.359,V-Dem
2004,BFA,Burkina Faso,0.359,V-Dem
2005,BFA,Burkina Faso,0.359,V-Dem
2006,BFA,Burkina Faso,0.359,V-Dem
2007,BFA,Burkina Faso,0.359,V-Dem
2008,BFA,Burkina Faso,0.359,V-Dem
2009,BFA,Burkina Faso,0.359,V-Dem
2010,BFA,Burkina Faso,0.4405,V-Dem
2011,BFA,Burkina Faso,0.4405,V-Dem
2012,BFA,Burkina Faso,0.4115,V-Dem
2013,BFA,Burkina Faso,0.7575000000000001,V-Dem
2014,BFA,Burkina Faso,0.846,V-Dem
2015,BFA,Burkina Faso,1.1669999999999998,V-Dem
2016,BFA,Burkina Faso,1.329,V-Dem
2017,BFA,Burkina Faso,1.4169999999999998,V-Dem
2018,BFA,Burkina Faso,1.5365,V-Dem
2019,BFA,Burkina Faso,1.5645,V-Dem
2020,BFA,Burkina Faso,1.494,V-Dem
2021,BFA,Burkina Faso,1.494,V-Dem
2022,BFA,Burkina Faso,1.494,V-Dem
2023,BFA,Burkina Faso,0.7215,V-Dem
2024,BFA,Burkina Faso,-0.247,V-Dem
2025,BFA,Burkina Faso,-0.36250000000000004,V-Dem
1961,KHM,Cambodia,-0.2335,V-Dem
1962,KHM,Cambodia,-0.2335,V-Dem
1963,KHM,Cambodia,-0.2335,V-Dem
1964,KHM,Cambodia,-0.14800000000000002,V-Dem
1965,KHM,Cambodia,-0.14800000000000002,V-Dem
1966,KHM,Cambodia,-0.14800000000000002,V-Dem
1967,KHM,Cambodia,-0.14800000000000002,V-Dem
1968,KHM,Cambodia,-0.14800000000000002,V-Dem
1969,KHM,Cambodia,-0.14800000000000002,V-Dem
1970,KHM,Cambodia,-0.5895,V-Dem
1971,KHM,Cambodia,-0.8045,V-Dem
1972,KHM,Cambodia,-0.8045,V-Dem
1973,KHM,Cambodia,-0.8045,V-Dem
1974,KHM,Cambodia,-0.8045,V-Dem
1975,KHM,Cambodia,-3.2435,V-Dem
1976,KHM,Cambodia,-3.2435,V-Dem
1977,KHM,Cambodia,-3.2435,V-Dem
1978,KHM,Cambodia,-3.2435,V-Dem
1979,KHM,Cambodia,-2.3575,V-Dem
1980,KHM,Cambodia,-1.713,V-Dem
1981,KHM,Cambodia,-1.713,V-Dem
1982,KHM,Cambodia,-1.713,V-Dem
1983,KHM,Cambodia,-1.713,V-Dem
1984,KHM,Cambodia,-1.713,V-Dem
1985,KHM,Cambodia,-1.713,V-Dem
1986,KHM,Cambodia,-1.713,V-Dem
1987,KHM,Cambodia,-1.713,V-Dem
1988,KHM,Cambodia,-1.713,V-Dem
1989,KHM,Cambodia,-1.713,V-Dem
1990,KHM,Cambodia,-1.713,V-Dem
1991,KHM,Cambodia,-1.713,V-Dem
1992,KHM,Cambodia,-1.638,V-Dem
1993,KHM,Cambodia,-1.638,V-Dem
1994,KHM,Cambodia,-0.5565,V-Dem
1995,KHM,Cambodia,-0.5565,V-Dem
1996,KHM,Cambodia,-0.5565,V-Dem
1997,KHM,Cambodia,-0.9770000000000001,V-Dem
1998,KHM,Cambodia,-0.4595,V-Dem
1999,KHM,Cambodia,-0.4595,V-Dem
2000,KHM,Cambodia,-0.23149999999999998,V-Dem
2001,KHM,Cambodia,-0.0875,V-Dem
2002,KHM,Cambodia,-0.0875,V-Dem
2003,KHM,Cambodia,-0.0875,V-Dem
2004,KHM,Cambodia,-0.0875,V-Dem
2005,KHM,Cambodia,-0.269,V-Dem
2006,KHM,Cambodia,-0.269,V-Dem
2007,KHM,Cambodia,-0.269,V-Dem
2008,KHM,Cambodia,-0.269,V-Dem
2009,KHM,Cambodia,-0.269,V-Dem
2010,KHM,Cambodia,-0.244,V-Dem
2011,KHM,Cambodia,-0.244,V-Dem
2012,KHM,Cambodia,-0.244,V-Dem
2013,KHM,Cambodia,-0.275,V-Dem
2014,KHM,Cambodia,-0.294,V-Dem
2015,KHM,Cambodia,-0.27899999999999997,V-Dem
2016,KHM,Cambodia,-0.445,V-Dem
2017,KHM,Cambodia,-0.627,V-Dem
2018,KHM,Cambodia,-0.501,V-Dem
2019,KHM,Cambodia,-0.35450000000000004,V-Dem
2020,KHM,Cambodia,-0.3175,V-Dem
2021,KHM,Cambodia,-0.658,V-Dem
2022,KHM,Cambodia,-0.6990000000000001,V-Dem
2023,KHM,Cambodia,-1.431,V-Dem
2024,KHM,Cambodia,-1.6480000000000001,V-Dem
2025,KHM,Cambodia,-1.597,V-Dem
1961,IDN,Indonesia,0.008,V-Dem
1962,IDN,Indonesia,0.008,V-Dem
1963,IDN,Indonesia,0.008,V-Dem
1964,IDN,Indonesia,0.008,V-Dem
1965,IDN,Indonesia,-1.501,V-Dem
1966,IDN,Indonesia,-1.5539999999999998,V-Dem
1967,IDN,Indonesia,-1.9905,V-Dem
1968,IDN,Indonesia,-1.9905,V-Dem
1969,IDN,Indonesia,-1.7765,V-Dem
1970,IDN,Indonesia,-1.855,V-Dem
1971,IDN,Indonesia,-1.855,V-Dem
1972,IDN,Indonesia,-1.855,V-Dem
1973,IDN,Indonesia,-1.549,V-Dem
1974,IDN,Indonesia,-1.1165,V-Dem
1975,IDN,Indonesia,-1.1165,V-Dem
1976,IDN,Indonesia,-1.1165,V-Dem
1977,IDN,Indonesia,-1.1165,V-Dem
1978,IDN,Indonesia,-1.1165,V-Dem
1979,IDN,Indonesia,-1.1165,V-Dem
1980,IDN,Indonesia,-1.139,V-Dem
1981,IDN,Indonesia,-1.139,V-Dem
1982,IDN,Indonesia,-1.139,V-Dem
1983,IDN,Indonesia,-1.139,V-Dem
1984,IDN,Indonesia,-1.139,V-Dem
1985,IDN,Indonesia,-1.139,V-Dem
1986,IDN,Indonesia,-1.139,V-Dem
1987,IDN,Indonesia,-1.139,V-Dem
1988,IDN,Indonesia,-1.139,V-Dem
1989,IDN,Indonesia,-1.139,V-Dem
1990,IDN,Indonesia,-1.139,V-Dem
1991,IDN,Indonesia,-1.139,V-Dem
1992,IDN,Indonesia,-1.7155,V-Dem
1993,IDN,Indonesia,-1.7155,V-Dem
1994,IDN,Indonesia,-1.7155,V-Dem
1995,IDN,Indonesia,-1.754,V-Dem
1996,IDN,Indonesia,-1.928,V-Dem
1997,IDN,Indonesia,-1.928,V-Dem
1998,IDN,Indonesia,-1.6139999999999999,V-Dem
1999,IDN,Indonesia,1.028,V-Dem
2000,IDN,Indonesia,1.022,V-Dem
2001,IDN,Indonesia,1.022,V-Dem
2002,IDN,Indonesia,1.1684999999999999,V-Dem
2003,IDN,Indonesia,1.1684999999999999,V-Dem
2004,IDN,Indonesia,1.1684999999999999,V-Dem
2005,IDN,Indonesia,0.867,V-Dem
2006,IDN,Indonesia,0.888,V-Dem
2007,IDN,Indonesia,0.949,V-Dem
2008,IDN,Indonesia,1.0,V-Dem
2009,IDN,Indonesia,1.0255,V-Dem
2010,IDN,Indonesia,1.165,V-Dem
2011,IDN,Indonesia,1.165,V-Dem
2012,IDN,Indonesia,1.165,V-Dem
2013,IDN,Indonesia,1.119,V-Dem
2014,IDN,Indonesia,1.142,V-Dem
2015,IDN,Indonesia,1.3115,V-Dem
2016,IDN,Indonesia,1.2295,V-Dem
2017,IDN,Indonesia,1.2295,V-Dem
2018,IDN,Indonesia,1.1364999999999998,V-Dem
2019,IDN,Indonesia,1.0419999999999998,V-Dem
2020,IDN,Indonesia,0.8095,V-Dem
2021,IDN,Indonesia,1.0459999999999998,V-Dem
2022,IDN,Indonesia,1.226,V-Dem
2023,IDN,Indonesia,0.8494999999999999,V-Dem
2024,IDN,Indonesia,0.9695,V-Dem
2025,IDN,Indonesia,0.5355,V-Dem
1961,MOZ,Mozambique,-1.7105000000000001,V-Dem
1962,MOZ,Mozambique,-1.8925,V-Dem
1963,MOZ,Mozambique,-1.8925,V-Dem
1964,MOZ,Mozambique,-1.8925,V-Dem
1965,MOZ,Mozambique,-1.8925,V-Dem
1966,MOZ,Mozambique,-1.8925,V-Dem
1967,MOZ,Mozambique,-1.8925,V-Dem
1968,MOZ,Mozambique,-1.8925,V-Dem
1969,MOZ,Mozambique,-1.8925,V-Dem
1970,MOZ,Mozambique,-1.8925,V-Dem
1971,MOZ,Mozambique,-1.8925,V-Dem
1972,MOZ,Mozambique,-1.8925,V-Dem
1973,MOZ,Mozambique,-1.8925,V-Dem
1974,MOZ,Mozambique,-1.8925,V-Dem
1975,MOZ,Mozambique,-1.4505,V-Dem
1976,MOZ,Mozambique,-1.629,V-Dem
1977,MOZ,Mozambique,-1.629,V-Dem
1978,MOZ,Mozambique,-1.629,V-Dem
1979,MOZ,Mozambique,-1.629,V-Dem
1980,MOZ,Mozambique,-1.629,V-Dem
1981,MOZ,Mozambique,-1.629,V-Dem
1982,MOZ,Mozambique,-1.629,V-Dem
1983,MOZ,Mozambique,-1.629,V-Dem
1984,MOZ,Mozambique,-1.629,V-Dem
1985,MOZ,Mozambique,-1.629,V-Dem
1986,MOZ,Mozambique,-1.629,V-Dem
1987,MOZ,Mozambique,-1.629,V-Dem
1988,MOZ,Mozambique,-1.629,V-Dem
1989,MOZ,Mozambique,-1.629,V-Dem
1990,MOZ,Mozambique,-0.409,V-Dem
1991,MOZ,Mozambique,-0.037500000000000006,V-Dem
1992,MOZ,Mozambique,0.20499999999999996,V-Dem
1993,MOZ,Mozambique,0.20499999999999996,V-Dem
1994,MOZ,Mozambique,0.5685,V-Dem
1995,MOZ,Mozambique,0.5685,V-Dem
1996,MOZ,Mozambique,0.5685,V-Dem
1997,MOZ,Mozambique,0.5685,V-Dem
1998,MOZ,Mozambique,0.5685,V-Dem
1999,MOZ,Mozambique,0.5685,V-Dem
2000,MOZ,Mozambique,0.9239999999999999,V-Dem
2001,MOZ,Mozambique,0.9239999999999999,V-Dem
2002,MOZ,Mozambique,0.9239999999999999,V-Dem
2003,MOZ,Mozambique,0.9239999999999999,V-Dem
2004,MOZ,Mozambique,0.9239999999999999,V-Dem
2005,MOZ,Mozambique,0.9239999999999999,V-Dem
2006,MOZ,Mozambique,0.9239999999999999,V-Dem
2007,MOZ,Mozambique,0.9239999999999999,V-Dem
2008,MOZ,Mozambique,0.9239999999999999,V-Dem
2009,MOZ,Mozambique,0.887,V-Dem
2010,MOZ,Mozambique,0.831,V-Dem
2011,MOZ,Mozambique,0.8475,V-Dem
2012,MOZ,Mozambique,0.875,V-Dem
2013,MOZ,Mozambique,0.641,V-Dem
2014,MOZ,Mozambique,0.3835,V-Dem
2015,MOZ,Mozambique,0.34950000000000003,V-Dem
2016,MOZ,Mozambique,0.29100000000000004,V-Dem
2017,MOZ,Mozambique,0.159,V-Dem
2018,MOZ,Mozambique,-0.14400000000000002,V-Dem
2019,MOZ,Mozambique,-0.24050000000000002,V-Dem
2020,MOZ,Mozambique,-0.0655,V-Dem
2021,MOZ,Mozambique,0.033999999999999996,V-Dem
2022,MOZ,Mozambique,0.033999999999999996,V-Dem
2023,MOZ,Mozambique,0.033999999999999996,V-Dem
2024,MOZ,Mozambique,-0.6995,V-Dem
2025,MOZ,Mozambique,-0.6995,V-Dem
1961,NPL,Nepal,-0.929,V-Dem
1962,NPL,Nepal,-0.9989999999999999,V-Dem
1963,NPL,Nepal,-0.9989999999999999,V-Dem
1964,NPL,Nepal,-1.1505,V-Dem
1965,NPL,Nepal,-1.0,V-Dem
1966,NPL,Nepal,-1.0,V-Dem
1967,NPL,Nepal,-1.0,V-Dem
1968,NPL,Nepal,-1.0,V-Dem
1969,NPL,Nepal,-1.0,V-Dem
1970,NPL,Nepal,-1.0,V-Dem
1971,NPL,Nepal,-1.0,V-Dem
1972,NPL,Nepal,-1.076,V-Dem
1973,NPL,Nepal,-0.9975,V-Dem
1974,NPL,Nepal,-0.9975,V-Dem
1975,NPL,Nepal,-1.084,V-Dem
1976,NPL,Nepal,-0.994,V-Dem
1977,NPL,Nepal,-0.994,V-Dem
1978,NPL,Nepal,-1.125,V-Dem
1979,NPL,Nepal,-1.2035,V-Dem
1980,NPL,Nepal,-0.8815,V-Dem
1981,NPL,Nepal,-0.8815,V-Dem
1982,NPL,Nepal,-0.8815,V-Dem
1983,NPL,Nepal,-0.8815,V-Dem
1984,NPL,Nepal,-0.8815,V-Dem
1985,NPL,Nepal,-0.8815,V-Dem
1986,NPL,Nepal,-0.8815,V-Dem
1987,NPL,Nepal,-0.8815,V-Dem
1988,NPL,Nepal,-0.8815,V-Dem
1989,NPL,Nepal,-1.017,V-Dem
1990,NPL,Nepal,0.1865,V-Dem
1991,NPL,Nepal,0.768,V-Dem
1992,NPL,Nepal,0.6295,V-Dem
1993,NPL,Nepal,0.6295,V-Dem
1994,NPL,Nepal,0.6295,V-Dem
1995,NPL,Nepal,0.4275,V-Dem
1996,NPL,Nepal,0.301,V-Dem
1997,NPL,Nepal,0.301,V-Dem
1998,NPL,Nepal,0.301,V-Dem
1999,NPL,Nepal,0.301,V-Dem
2000,NPL,Nepal,0.1795,V-Dem
2001,NPL,Nepal,-0.021,V-Dem
2002,NPL,Nepal,-0.33799999999999997,V-Dem
2003,NPL,Nepal,-0.33799999999999997,V-Dem
2004,NPL,Nepal,-0.33799999999999997,V-Dem
2005,NPL,Nepal,-0.0595,V-Dem
2006,NPL,Nepal,0.3845,V-Dem
2007,NPL,Nepal,0.8455,V-Dem
2008,NPL,Nepal,0.8455,V-Dem
2009,NPL,Nepal,1.298,V-Dem
2010,NPL,Nepal,1.27,V-Dem
2011,NPL,Nepal,1.27,V-Dem
2012,NPL,Nepal,1.3944999999999999,V-Dem
2013,NPL,Nepal,0.9364999999999999,V-Dem
2014,NPL,Nepal,1.0339999999999998,V-Dem
2015,NPL,Nepal,1.0965,V-Dem
2016,NPL,Nepal,1.1755,V-Dem
2017,NPL,Nepal,1.55,V-Dem
2018,NPL,Nepal,1.3795,V-Dem
2019,NPL,Nepal,1.1935,V-Dem
2020,NPL,Nepal,0.9675,V-Dem
2021,NPL,Nepal,1.04,V-Dem
2022,NPL,Nepal,1.159,V-Dem
2023,NPL,Nepal,1.159,V-Dem
2024,NPL,Nepal,1.159,V-Dem
2025,NPL,Nepal,0.8185,V-Dem
1961,NIC,Nicaragua,-2.6855,V-Dem
1962,NIC,Nicaragua,-2.6855,V-Dem
1963,NIC,Nicaragua,-2.6855,V-Dem
1964,NIC,Nicaragua,-2.6855,V-Dem
1965,NIC,Nicaragua,-2.6855,V-Dem
1966,NIC,Nicaragua,-2.6855,V-Dem
1967,NIC,Nicaragua,-2.6855,V-Dem
1968,NIC,Nicaragua,-2.6855,V-Dem
1969,NIC,Nicaragua,-2.6855,V-Dem
1970,NIC,Nicaragua,-2.6855,V-Dem
1971,NIC,Nicaragua,-2.6855,V-Dem
1972,NIC,Nicaragua,-2.6855,V-Dem
1973,NIC,Nicaragua,-2.6855,V-Dem
1974,NIC,Nicaragua,-2.6855,V-Dem
1975,NIC,Nicaragua,-2.6855,V-Dem
1976,NIC,Nicaragua,-2.6855,V-Dem
1977,NIC,Nicaragua,-2.6855,V-Dem
1978,NIC,Nicaragua,-2.6855,V-Dem
1979,NIC,Nicaragua,-2.6855,V-Dem
1980,NIC,Nicaragua,0.365,V-Dem
1981,NIC,Nicaragua,0.365,V-Dem
1982,NIC,Nicaragua,0.1625,V-Dem
1983,NIC,Nicaragua,0.1625,V-Dem
1984,NIC,Nicaragua,0.1625,V-Dem
1985,NIC,Nicaragua,0.1625,V-Dem
1986,NIC,Nicaragua,0.1625,V-Dem
1987,NIC,Nicaragua,0.1625,V-Dem
1988,NIC,Nicaragua,0.1625,V-Dem
1989,NIC,Nicaragua,0.1625,V-Dem
1990,NIC,Nicaragua,1.4175,V-Dem
1991,NIC,Nicaragua,1.4725000000000001,V-Dem
1992,NIC,Nicaragua,1.665,V-Dem
1993,NIC,Nicaragua,1.665,V-Dem
1994,NIC,Nicaragua,1.665,V-Dem
1995,NIC,Nicaragua,1.665,V-Dem
1996,NIC,Nicaragua,1.665,V-Dem
1997,NIC,Nicaragua,1.665,V-Dem
1998,NIC,Nicaragua,1.665,V-Dem
1999,NIC,Nicaragua,1.665,V-Dem
2000,NIC,Nicaragua,1.665,V-Dem
2001,NIC,Nicaragua,1.665,V-Dem
2002,NIC,Nicaragua,1.665,V-Dem
2003,NIC,Nicaragua,1.665,V-Dem
2004,NIC,Nicaragua,1.665,V-Dem
2005,NIC,Nicaragua,1.665,V-Dem
2006,NIC,Nicaragua,1.565,V-Dem
2007,NIC,Nicaragua,1.3544999999999998,V-Dem
2008,NIC,Nicaragua,1.3544999999999998,V-Dem
2009,NIC,Nicaragua,1.3544999999999998,V-Dem
2010,NIC,Nicaragua,1.2,V-Dem
2011,NIC,Nicaragua,1.0745,V-Dem
2012,NIC,Nicaragua,1.0745,V-Dem
2013,NIC,Nicaragua,1.0745,V-Dem
2014,NIC,Nicaragua,1.0745,V-Dem
2015,NIC,Nicaragua,1.0745,V-Dem
2016,NIC,Nicaragua,1.0745,V-Dem
2017,NIC,Nicaragua,0.571,V-Dem
2018,NIC,Nicaragua,-1.4765000000000001,V-Dem
2019,NIC,Nicaragua,-1.56,V-Dem
2020,NIC,Nicaragua,-1.7035,V-Dem
2021,NIC,Nicaragua,-1.815,V-Dem
2022,NIC,Nicaragua,-1.815,V-Dem
2023,NIC,Nicaragua,-2.542,V-Dem
2024,NIC,Nicaragua,-2.322,V-Dem
2025,NIC,Nicaragua,-2.322,V-Dem
1961,NER,Niger,-0.49149999999999994,V-Dem
1962,NER,Niger,-0.49149999999999994,V-Dem
1963,NER,Niger,-0.49149999999999994,V-Dem
1964,NER,Niger,-0.49149999999999994,V-Dem
1965,NER,Niger,-0.49149999999999994,V-Dem
1966,NER,Niger,-0.49149999999999994,V-Dem
1967,NER,Niger,-0.49149999999999994,V-Dem
1968,NER,Niger,-0.49149999999999994,V-Dem
1969,NER,Niger,-0.49149999999999994,V-Dem
1970,NER,Niger,-0.49149999999999994,V-Dem
1971,NER,Niger,-0.49149999999999994,V-Dem
1972,NER,Niger,-0.49149999999999994,V-Dem
1973,NER,Niger,-0.49149999999999994,V-Dem
1974,NER,Niger,-0.844,V-Dem
1975,NER,Niger,-0.5145,V-Dem
1976,NER,Niger,-0.5145,V-Dem
1977,NER,Niger,-0.5145,V-Dem
1978,NER,Niger,-0.5145,V-Dem
1979,NER,Niger,-0.5145,V-Dem
1980,NER,Niger,-0.40599999999999997,V-Dem
1981,NER,Niger,-0.40599999999999997,V-Dem
1982,NER,Niger,-0.40599999999999997,V-Dem
1983,NER,Niger,-0.40599999999999997,V-Dem
1984,NER,Niger,-0.40599999999999997,V-Dem
1985,NER,Niger,-0.40599999999999997,V-Dem
1986,NER,Niger,-0.40599999999999997,V-Dem
1987,NER,Niger,-0.40599999999999997,V-Dem
1988,NER,Niger,0.045,V-Dem
1989,NER,Niger,0.3795,V-Dem
1990,NER,Niger,0.6375,V-Dem
1991,NER,Niger,0.913,V-Dem
1992,NER,Niger,0.913,V-Dem
1993,NER,Niger,0.913,V-Dem
1994,NER,Niger,0.913,V-Dem
1995,NER,Niger,0.913,V-Dem
1996,NER,Niger,0.913,V-Dem
1997,NER,Niger,0.913,V-Dem
1998,NER,Niger,0.913,V-Dem
1999,NER,Niger,0.6519999999999999,V-Dem
2000,NER,Niger,1.3765,V-Dem
2001,NER,Niger,1.3765,V-Dem
2002,NER,Niger,1.3765,V-Dem
2003,NER,Niger,1.3765,V-Dem
2004,NER,Niger,1.3765,V-Dem
2005,NER,Niger,1.3765,V-Dem
2006,NER,Niger,1.3765,V-Dem
2007,NER,Niger,1.3765,V-Dem
2008,NER,Niger,1.5365000000000002,V-Dem
2009,NER,Niger,1.171,V-Dem
2010,NER,Niger,1.52,V-Dem
2011,NER,Niger,1.52,V-Dem
2012,NER,Niger,1.4375,V-Dem
2013,NER,Niger,1.5,V-Dem
2014,NER,Niger,1.3599999999999999,V-Dem
2015,NER,Niger,1.3599999999999999,V-Dem
2016,NER,Niger,1.6095000000000002,V-Dem
2017,NER,Niger,1.645,V-Dem
2018,NER,Niger,1.5735000000000001,V-Dem
2019,NER,Niger,1.338,V-Dem
2020,NER,Niger,1.431,V-Dem
2021,NER,Niger,1.4435,V-Dem
2022,NER,Niger,1.6755,V-Dem
2023,NER,Niger,0.8725,V-Dem
2024,NER,Niger,0.7569999999999999,V-Dem
2025,NER,Niger,0.05249999999999999,V-Dem
1961,ZMB,Zambia,-0.43099999999999994,V-Dem
1962,ZMB,Zambia,-0.43099999999999994,V-Dem
1963,ZMB,Zambia,-0.43099999999999994,V-Dem
1964,ZMB,Zambia,-0.4039999999999999,V-Dem
1965,ZMB,Zambia,-0.11000000000000001,V-Dem
1966,ZMB,Zambia,-0.11000000000000001,V-Dem
1967,ZMB,Zambia,-0.11000000000000001,V-Dem
1968,ZMB,Zambia,-0.11000000000000001,V-Dem
1969,ZMB,Zambia,-0.11000000000000001,V-Dem
1970,ZMB,Zambia,-0.11000000000000001,V-Dem
1971,ZMB,Zambia,-0.11000000000000001,V-Dem
1972,ZMB,Zambia,-0.11000000000000001,V-Dem
1973,ZMB,Zambia,-0.11000000000000001,V-Dem
1974,ZMB,Zambia,-0.11000000000000001,V-Dem
1975,ZMB,Zambia,-0.11000000000000001,V-Dem
1976,ZMB,Zambia,-0.11000000000000001,V-Dem
1977,ZMB,Zambia,-0.11000000000000001,V-Dem
1978,ZMB,Zambia,-0.11000000000000001,V-Dem
1979,ZMB,Zambia,-0.11000000000000001,V-Dem
1980,ZMB,Zambia,-0.11000000000000001,V-Dem
1981,ZMB,Zambia,-0.11000000000000001,V-Dem
1982,ZMB,Zambia,-0.11000000000000001,V-Dem
1983,ZMB,Zambia,-0.11000000000000001,V-Dem
1984,ZMB,Zambia,-0.11000000000000001,V-Dem
1985,ZMB,Zambia,-0.11000000000000001,V-Dem
1986,ZMB,Zambia,-0.11000000000000001,V-Dem
1987,ZMB,Zambia,-0.11000000000000001,V-Dem
1988,ZMB,Zambia,-0.11000000000000001,V-Dem
1989,ZMB,Zambia,-0.11000000000000001,V-Dem
1990,ZMB,Zambia,-0.11000000000000001,V-Dem
1991,ZMB,Zambia,0.563,V-Dem
1992,ZMB,Zambia,0.7085,V-Dem
1993,ZMB,Zambia,0.7085,V-Dem
1994,ZMB,Zambia,0.7085,V-Dem
1995,ZMB,Zambia,0.7085,V-Dem
1996,ZMB,Zambia,0.7085,V-Dem
1997,ZMB,Zambia,0.7085,V-Dem
1998,ZMB,Zambia,0.7085,V-Dem
1999,ZMB,Zambia,0.7085,V-Dem
2000,ZMB,Zambia,0.7085,V-Dem
2001,ZMB,Zambia,0.8105,V-Dem
2002,ZMB,Zambia,0.8105,V-Dem
2003,ZMB,Zambia,0.8105,V-Dem
2004,ZMB,Zambia,0.8105,V-Dem
2005,ZMB,Zambia,0.8105,V-Dem
2006,ZMB,Zambia,0.8105,V-Dem
2007,ZMB,Zambia,0.8105,V-Dem
2008,ZMB,Zambia,0.8105,V-Dem
2009,ZMB,Zambia,0.8105,V-Dem
2010,ZMB,Zambia,1.0975000000000001,V-Dem
2011,ZMB,Zambia,1.0975000000000001,V-Dem
2012,ZMB,Zambia,1.0975000000000001,V-Dem
2013,ZMB,Zambia,1.061,V-Dem
2014,ZMB,Zambia,1.2615,V-Dem
2015,ZMB,Zambia,1.2615,V-Dem
2016,ZMB,Zambia,0.885,V-Dem
2017,ZMB,Zambia,0.9655,V-Dem
2018,ZMB,Zambia,1.4089999999999998,V-Dem
2019,ZMB,Zambia,1.456,V-Dem
2020,ZMB,Zambia,0.9744999999999999,V-Dem
2021,ZMB,Zambia,1.1705,V-Dem
2022,ZMB,Zambia,1.514,V-Dem
2023,ZMB,Zambia,1.514,V-Dem
2024,ZMB,Zambia,1.514,V-Dem
2025,ZMB,Zambia,1.098,V-Dem
1961,ZWE,Zimbabwe,-0.7589999999999999,V-Dem
1962,ZWE,Zimbabwe,-0.7589999999999999,V-Dem
1963,ZWE,Zimbabwe,-0.7589999999999999,V-Dem
1964,ZWE,Zimbabwe,-1.198,V-Dem
1965,ZWE,Zimbabwe,-1.549,V-Dem
1966,ZWE,Zimbabwe,-1.6345,V-Dem
1967,ZWE,Zimbabwe,-1.6345,V-Dem
1968,ZWE,Zimbabwe,-1.6345,V-Dem
1969,ZWE,Zimbabwe,-2.229,V-Dem
1970,ZWE,Zimbabwe,-2.229,V-Dem
1971,ZWE,Zimbabwe,-2.229,V-Dem
1972,ZWE,Zimbabwe,-2.229,V-Dem
1973,ZWE,Zimbabwe,-2.229,V-Dem
1974,ZWE,Zimbabwe,-2.229,V-Dem
1975,ZWE,Zimbabwe,-2.229,V-Dem
1976,ZWE,Zimbabwe,-2.229,V-Dem
1977,ZWE,Zimbabwe,-2.229,V-Dem
1978,ZWE,Zimbabwe,-2.229,V-Dem
1979,ZWE,Zimbabwe,-2.229,V-Dem
1980,ZWE,Zimbabwe,-1.267,V-Dem
1981,ZWE,Zimbabwe,-1.768,V-Dem
1982,ZWE,Zimbabwe,-1.768,V-Dem
1983,ZWE,Zimbabwe,-1.768,V-Dem
1984,ZWE,Zimbabwe,-1.768,V-Dem
1985,ZWE,Zimbabwe,-1.768,V-Dem
1986,ZWE,Zimbabwe,-1.768,V-Dem
1987,ZWE,Zimbabwe,-1.768,V-Dem
1988,ZWE,Zimbabwe,-0.8455,V-Dem
1989,ZWE,Zimbabwe,-0.8455,V-Dem
1990,ZWE,Zimbabwe,-0.8455,V-Dem
1991,ZWE,Zimbabwe,-0.8455,V-Dem
1992,ZWE,Zimbabwe,-0.8455,V-Dem
1993,ZWE,Zimbabwe,-0.8455,V-Dem
1994,ZWE,Zimbabwe,-0.8455,V-Dem
1995,ZWE,Zimbabwe,-0.8455,V-Dem
1996,ZWE,Zimbabwe,-0.8455,V-Dem
1997,ZWE,Zimbabwe,-0.8455,V-Dem
1998,ZWE,Zimbabwe,-0.8455,V-Dem
1999,ZWE,Zimbabwe,-0.8455,V-Dem
2000,ZWE,Zimbabwe,-1.4095,V-Dem
2001,ZWE,Zimbabwe,-2.3475,V-Dem
2002,ZWE,Zimbabwe,-2.3475,V-Dem
2003,ZWE,Zimbabwe,-2.3475,V-Dem
2004,ZWE,Zimbabwe,-2.3475,V-Dem
2005,ZWE,Zimbabwe,-2.3475,V-Dem
2006,ZWE,Zimbabwe,-2.3475,V-Dem
2007,ZWE,Zimbabwe,-2.3475,V-Dem
2008,ZWE,Zimbabwe,-2.6574999999999998,V-Dem
2009,ZWE,Zimbabwe,-2.2750000000000004,V-Dem
2010,ZWE,Zimbabwe,-1.6995,V-Dem
2011,ZWE,Zimbabwe,-1.6995,V-Dem
2012,ZWE,Zimbabwe,-1.6995,V-Dem
2013,ZWE,Zimbabwe,-1.3645,V-Dem
2014,ZWE,Zimbabwe,-1.702,V-Dem
2015,ZWE,Zimbabwe,-1.702,V-Dem
2016,ZWE,Zimbabwe,-1.933,V-Dem
2017,ZWE,Zimbabwe,-1.561,V-Dem
2018,ZWE,Zimbabwe,-1.807,V-Dem
2019,ZWE,Zimbabwe,-2.18,V-Dem
2020,ZWE,Zimbabwe,-1.469,V-Dem
2021,ZWE,Zimbabwe,-1.502,V-Dem
2022,ZWE,Zimbabwe,-1.5285000000000002,V-Dem
2023,ZWE,Zimbabwe,-1.383,V-Dem
2024,ZWE,Zimbabwe,-1.5394999999999999,V-Dem
2025,ZWE,Zimbabwe,-1.3995,V-Dem
1961,GIN,Guinea,-1.9084999999999999,V-Dem
1962,GIN,Guinea,-1.9084999999999999,V-Dem
1963,GIN,Guinea,-2.122,V-Dem
1964,GIN,Guinea,-2.122,V-Dem
1965,GIN,Guinea,-2.122,V-Dem
1966,GIN,Guinea,-2.122,V-Dem
1967,GIN,Guinea,-2.122,V-Dem
1968,GIN,Guinea,-2.122,V-Dem
1969,GIN,Guinea,-2.314,V-Dem
1970,GIN,Guinea,-2.314,V-Dem
1971,GIN,Guinea,-2.314,V-Dem
1972,GIN,Guinea,-2.314,V-Dem
1973,GIN,Guinea,-2.314,V-Dem
1974,GIN,Guinea,-2.314,V-Dem
1975,GIN,Guinea,-2.314,V-Dem
1976,GIN,Guinea,-2.314,V-Dem
1977,GIN,Guinea,-2.314,V-Dem
1978,GIN,Guinea,-2.314,V-Dem
1979,GIN,Guinea,-2.314,V-Dem
1980,GIN,Guinea,-2.314,V-Dem
1981,GIN,Guinea,-2.314,V-Dem
1982,GIN,Guinea,-2.314,V-Dem
1983,GIN,Guinea,-2.2115,V-Dem
1984,GIN,Guinea,-1.6464999999999999,V-Dem
1985,GIN,Guinea,-0.716,V-Dem
1986,GIN,Guinea,-0.716,V-Dem
1987,GIN,Guinea,-1.159,V-Dem
1988,GIN,Guinea,-1.159,V-Dem
1989,GIN,Guinea,-1.159,V-Dem
1990,GIN,Guinea,-1.069,V-Dem
1991,GIN,Guinea,-0.639,V-Dem
1992,GIN,Guinea,-0.639,V-Dem
1993,GIN,Guinea,-0.4965,V-Dem
1994,GIN,Guinea,-0.4965,V-Dem
1995,GIN,Guinea,-0.4965,V-Dem
1996,GIN,Guinea,-0.4965,V-Dem
1997,GIN,Guinea,-0.8625,V-Dem
1998,GIN,Guinea,-0.5245,V-Dem
1999,GIN,Guinea,-0.5245,V-Dem
2000,GIN,Guinea,-0.5245,V-Dem
2001,GIN,Guinea,-0.5245,V-Dem
2002,GIN,Guinea,-0.5245,V-Dem
2003,GIN,Guinea,-0.5245,V-Dem
2004,GIN,Guinea,-0.5245,V-Dem
2005,GIN,Guinea,-0.5245,V-Dem
2006,GIN,Guinea,-0.5245,V-Dem
2007,GIN,Guinea,-0.5245,V-Dem
2008,GIN,Guinea,-0.8420000000000001,V-Dem
2009,GIN,Guinea,-0.8035000000000001,V-Dem
2010,GIN,Guinea,0.1755,V-Dem
2011,GIN,Guinea,0.0885,V-Dem
2012,GIN,Guinea,0.0885,V-Dem
2013,GIN,Guinea,0.079,V-Dem
2014,GIN,Guinea,0.079,V-Dem
2015,GIN,Guinea,0.079,V-Dem
2016,GIN,Guinea,0.079,V-Dem
2017,GIN,Guinea,0.009999999999999995,V-Dem
2018,GIN,Guinea,-0.0375,V-Dem
2019,GIN,Guinea,-0.0975,V-Dem
2020,GIN,Guinea,-0.6519999999999999,V-Dem
2021,GIN,Guinea,-0.6519999999999999,V-Dem
2022,GIN,Guinea,-0.6519999999999999,V-Dem
2023,GIN,Guinea,-0.6519999999999999,V-Dem
2024,GIN,Guinea,-0.9555,V-Dem
2025,GIN,Guinea,-0.9555,V-Dem
1961,CIV,Ivory Coast,0.1555,V-Dem
1962,CIV,Ivory Coast,0.008500000000000008,V-Dem
1963,CIV,Ivory Coast,-0.021999999999999992,V-Dem
1964,CIV,Ivory Coast,-0.021999999999999992,V-Dem
1965,CIV,Ivory Coast,-0.021999999999999992,V-Dem
1966,CIV,Ivory Coast,-0.021999999999999992,V-Dem
1967,CIV,Ivory Coast,-0.021999999999999992,V-Dem
1968,CIV,Ivory Coast,-0.021999999999999992,V-Dem
1969,CIV,Ivory Coast,-0.021999999999999992,V-Dem
1970,CIV,Ivory Coast,0.02750000000000001,V-Dem
1971,CIV,Ivory Coast,0.08700000000000001,V-Dem
1972,CIV,Ivory Coast,0.08700000000000001,V-Dem
1973,CIV,Ivory Coast,0.08700000000000001,V-Dem
1974,CIV,Ivory Coast,0.08700000000000001,V-Dem
1975,CIV,Ivory Coast,0.08700000000000001,V-Dem
1976,CIV,Ivory Coast,0.08700000000000001,V-Dem
1977,CIV,Ivory Coast,0.08700000000000001,V-Dem
1978,CIV,Ivory Coast,0.08700000000000001,V-Dem
1979,CIV,Ivory Coast,0.08700000000000001,V-Dem
1980,CIV,Ivory Coast,0.08700000000000001,V-Dem
1981,CIV,Ivory Coast,0.08700000000000001,V-Dem
1982,CIV,Ivory Coast,0.08700000000000001,V-Dem
1983,CIV,Ivory Coast,0.08700000000000001,V-Dem
1984,CIV,Ivory Coast,0.08700000000000001,V-Dem
1985,CIV,Ivory Coast,0.08700000000000001,V-Dem
1986,CIV,Ivory Coast,0.08700000000000001,V-Dem
1987,CIV,Ivory Coast,0.08700000000000001,V-Dem
1988,CIV,Ivory Coast,0.08700000000000001,V-Dem
1989,CIV,Ivory Coast,0.08700000000000001,V-Dem
1990,CIV,Ivory Coast,0.3025,V-Dem
1991,CIV,Ivory Coast,0.3025,V-Dem
1992,CIV,Ivory Coast,0.3025,V-Dem
1993,CIV,Ivory Coast,0.3025,V-Dem
1994,CIV,Ivory Coast,0.3025,V-Dem
1995,CIV,Ivory Coast,0.3025,V-Dem
1996,CIV,Ivory Coast,0.415,V-Dem
1997,CIV,Ivory Coast,0.415,V-Dem
1998,CIV,Ivory Coast,0.415,V-Dem
1999,CIV,Ivory Coast,0.27499999999999997,V-Dem
2000,CIV,Ivory Coast,0.118,V-Dem
2001,CIV,Ivory Coast,0.048000000000000015,V-Dem
2002,CIV,Ivory Coast,0.24100000000000002,V-Dem
2003,CIV,Ivory Coast,0.263,V-Dem
2004,CIV,Ivory Coast,0.17600000000000002,V-Dem
2005,CIV,Ivory Coast,0.33,V-Dem
2006,CIV,Ivory Coast,0.35500000000000004,V-Dem
2007,CIV,Ivory Coast,0.36000000000000004,V-Dem
2008,CIV,Ivory Coast,0.331,V-Dem
2009,CIV,Ivory Coast,0.3655,V-Dem
2010,CIV,Ivory Coast,0.2775,V-Dem
2011,CIV,Ivory Coast,0.335,V-Dem
2012,CIV,Ivory Coast,0.5845,V-Dem
2013,CIV,Ivory Coast,1.193,V-Dem
2014,CIV,Ivory Coast,1.2229999999999999,V-Dem
2015,CIV,Ivory Coast,1.248,V-Dem
2016,CIV,Ivory Coast,1.248,V-Dem
2017,CIV,Ivory Coast,1.117,V-Dem
2018,CIV,Ivory Coast,1.1655,V-Dem
2019,CIV,Ivory Coast,1.1175,V-Dem
2020,CIV,Ivory Coast,0.5985,V-Dem
2021,CIV,Ivory Coast,0.585,V-Dem
2022,CIV,Ivory Coast,0.7989999999999999,V-Dem
2023,CIV,Ivory Coast,0.9065,V-Dem
2024,CIV,Ivory Coast,0.738,V-Dem
2025,CIV,Ivory Coast,0.738,V-Dem
1961,MRT,Mauritania,0.503,V-Dem
1962,MRT,Mauritania,0.503,V-Dem
1963,MRT,Mauritania,0.503,V-Dem
1964,MRT,Mauritania,0.503,V-Dem
1965,MRT,Mauritania,0.503,V-Dem
1966,MRT,Mauritania,0.503,V-Dem
1967,MRT,Mauritania,0.503,V-Dem
1968,MRT,Mauritania,0.503,V-Dem
1969,MRT,Mauritania,0.503,V-Dem
1970,MRT,Mauritania,0.686,V-Dem
1971,MRT,Mauritania,0.686,V-Dem
1972,MRT,Mauritania,0.686,V-Dem
1973,MRT,Mauritania,0.686,V-Dem
1974,MRT,Mauritania,0.686,V-Dem
1975,MRT,Mauritania,0.686,V-Dem
1976,MRT,Mauritania,0.686,V-Dem
1977,MRT,Mauritania,0.686,V-Dem
1978,MRT,Mauritania,0.686,V-Dem
1979,MRT,Mauritania,-0.5065,V-Dem
1980,MRT,Mauritania,-0.5065,V-Dem
1981,MRT,Mauritania,-0.5065,V-Dem
1982,MRT,Mauritania,-0.5065,V-Dem
1983,MRT,Mauritania,-0.5065,V-Dem
1984,MRT,Mauritania,-0.5065,V-Dem
1985,MRT,Mauritania,-0.921,V-Dem
1986,MRT,Mauritania,-0.921,V-Dem
1987,MRT,Mauritania,-0.921,V-Dem
1988,MRT,Mauritania,-0.921,V-Dem
1989,MRT,Mauritania,-1.2255,V-Dem
1990,MRT,Mauritania,-1.2255,V-Dem
1991,MRT,Mauritania,-0.924,V-Dem
1992,MRT,Mauritania,-0.092,V-Dem
1993,MRT,Mauritania,0.14850000000000002,V-Dem
1994,MRT,Mauritania,0.14850000000000002,V-Dem
1995,MRT,Mauritania,0.14850000000000002,V-Dem
1996,MRT,Mauritania,0.14850000000000002,V-Dem
1997,MRT,Mauritania,0.14850000000000002,V-Dem
1998,MRT,Mauritania,0.14850000000000002,V-Dem
1999,MRT,Mauritania,0.14850000000000002,V-Dem
2000,MRT,Mauritania,0.14850000000000002,V-Dem
2001,MRT,Mauritania,0.14850000000000002,V-Dem
2002,MRT,Mauritania,0.14850000000000002,V-Dem
2003,MRT,Mauritania,0.14850000000000002,V-Dem
2004,MRT,Mauritania,0.6535,V-Dem
2005,MRT,Mauritania,0.6535,V-Dem
2006,MRT,Mauritania,1.225,V-Dem
2007,MRT,Mauritania,1.434,V-Dem
2008,MRT,Mauritania,1.3995,V-Dem
2009,MRT,Mauritania,1.2475,V-Dem
2010,MRT,Mauritania,1.2475,V-Dem
2011,MRT,Mauritania,1.2475,V-Dem
2012,MRT,Mauritania,1.2475,V-Dem
2013,MRT,Mauritania,0.592,V-Dem
2014,MRT,Mauritania,0.592,V-Dem
2015,MRT,Mauritania,0.592,V-Dem
2016,MRT,Mauritania,0.592,V-Dem
2017,MRT,Mauritania,0.4010000000000001,V-Dem
2018,MRT,Mauritania,0.3605,V-Dem
2019,MRT,Mauritania,1.0074999999999998,V-Dem
2020,MRT,Mauritania,0.733,V-Dem
2021,MRT,Mauritania,0.41250000000000003,V-Dem
2022,MRT,Mauritania,0.7030000000000001,V-Dem
2023,MRT,Mauritania,1.1275,V-Dem
2024,MRT,Mauritania,0.5249999999999999,V-Dem
2025,MRT,Mauritania,0.5249999999999999,V-Dem
1961,CAN,Canada,2.234,V-Dem
1962,CAN,Canada,2.234,V-Dem
1963,CAN,Canada,2.234,V-Dem
1964,CAN,Canada,2.234,V-Dem
1965,CAN,Canada,2.234,V-Dem
1966,CAN,Canada,2.234,V-Dem
1967,CAN,Canada,2.234,V-Dem
1968,CAN,Canada,2.234,V-Dem
1969,CAN,Canada,2.234,V-Dem
1970,CAN,Canada,2.5265,V-Dem
1971,CAN,Canada,2.5265,V-Dem
1972,CAN,Canada,2.5265,V-Dem
1973,CAN,Canada,2.5265,V-Dem
1974,CAN,Canada,2.5265,V-Dem
1975,CAN,Canada,2.5265,V-Dem
1976,CAN,Canada,2.5265,V-Dem
1977,CAN,Canada,2.5265,V-Dem
1978,CAN,Canada,2.5265,V-Dem
1979,CAN,Canada,2.5265,V-Dem
1980,CAN,Canada,2.5105,V-Dem
1981,CAN,Canada,2.5105,V-Dem
1982,CAN,Canada,2.5105,V-Dem
1983,CAN,Canada,2.5105,V-Dem
1984,CAN,Canada,2.5105,V-Dem
1985,CAN,Canada,2.5105,V-Dem
1986,CAN,Canada,2.5105,V-Dem
1987,CAN,Canada,2.5105,V-Dem
1988,CAN,Canada,2.5105,V-Dem
1989,CAN,Canada,2.5105,V-Dem
1990,CAN,Canada,2.5105,V-Dem
1991,CAN,Canada,2.5105,V-Dem
1992,CAN,Canada,2.5105,V-Dem
1993,CAN,Canada,2.5105,V-Dem
1994,CAN,Canada,2.5105,V-Dem
1995,CAN,Canada,2.5105,V-Dem
1996,CAN,Canada,2.5105,V-Dem
1997,CAN,Canada,2.5105,V-Dem
1998,CAN,Canada,2.5105,V-Dem
1999,CAN,Canada,2.5105,V-Dem
2000,CAN,Canada,2.5105,V-Dem
2001,CAN,Canada,2.5105,V-Dem
2002,CAN,Canada,2.5105,V-Dem
2003,CAN,Canada,2.5105,V-Dem
2004,CAN,Canada,2.5105,V-Dem
2005,CAN,Canada,2.5105,V-Dem
2006,CAN,Canada,2.5105,V-Dem
2007,CAN,Canada,2.5105,V-Dem
2008,CAN,Canada,2.5105,V-Dem
2009,CAN,Canada,2.5105,V-Dem
2010,CAN,Canada,2.5105,V-Dem
2011,CAN,Canada,2.5105,V-Dem
2012,CAN,Canada,2.5105,V-Dem
2013,CAN,Canada,2.819,V-Dem
2014,CAN,Canada,2.819,V-Dem
2015,CAN,Canada,2.819,V-Dem
2016,CAN,Canada,2.819,V-Dem
2017,CAN,Canada,2.7175000000000002,V-Dem
2018,CAN,Canada,2.7175000000000002,V-Dem
2019,CAN,Canada,2.7175000000000002,V-Dem
2020,CAN,Canada,2.7175000000000002,V-Dem
2021,CAN,Canada,2.7175000000000002,V-Dem
2022,CAN,Canada,2.7175000000000002,V-Dem
2023,CAN,Canada,2.0655,V-Dem
2024,CAN,Canada,2.3635,V-Dem
2025,CAN,Canada,2.3635,V-Dem
1961,AUS,Australia,3.051,V-Dem
1962,AUS,Australia,3.051,V-Dem
1963,AUS,Australia,3.051,V-Dem
1964,AUS,Australia,3.051,V-Dem
1965,AUS,Australia,3.051,V-Dem
1966,AUS,Australia,3.051,V-Dem
1967,AUS,Australia,3.051,V-Dem
1968,AUS,Australia,3.051,V-Dem
1969,AUS,Australia,3.051,V-Dem
1970,AUS,Australia,3.051,V-Dem
1971,AUS,Australia,3.051,V-Dem
1972,AUS,Australia,3.051,V-Dem
1973,AUS,Australia,3.051,V-Dem
1974,AUS,Australia,3.051,V-Dem
1975,AUS,Australia,3.051,V-Dem
1976,AUS,Australia,3.051,V-Dem
1977,AUS,Australia,3.051,V-Dem
1978,AUS,Australia,3.051,V-Dem
1979,AUS,Australia,3.051,V-Dem
1980,AUS,Australia,3.051,V-Dem
1981,AUS,Australia,3.051,V-Dem
1982,AUS,Australia,3.051,V-Dem
1983,AUS,Australia,3.051,V-Dem
1984,AUS,Australia,3.051,V-Dem
1985,AUS,Australia,3.051,V-Dem
1986,AUS,Australia,3.051,V-Dem
1987,AUS,Australia,3.051,V-Dem
1988,AUS,Australia,3.051,V-Dem
1989,AUS,Australia,3.051,V-Dem
1990,AUS,Australia,3.051,V-Dem
1991,AUS,Australia,3.051,V-Dem
1992,AUS,Australia,3.051,V-Dem
1993,AUS,Australia,3.051,V-Dem
1994,AUS,Australia,3.051,V-Dem
1995,AUS,Australia,3.051,V-Dem
1996,AUS,Australia,3.051,V-Dem
1997,AUS,Australia,3.051,V-Dem
1998,AUS,Australia,3.051,V-Dem
1999,AUS,Australia,3.051,V-Dem
2000,AUS,Australia,3.051,V-Dem
2001,AUS,Australia,3.051,V-Dem
2002,AUS,Australia,3.051,V-Dem
2003,AUS,Australia,3.051,V-Dem
2004,AUS,Australia,3.051,V-Dem
2005,AUS,Australia,3.051,V-Dem
2006,AUS,Australia,3.051,V-Dem
2007,AUS,Australia,3.051,V-Dem
2008,AUS,Australia,3.051,V-Dem
2009,AUS,Australia,3.051,V-Dem
2010,AUS,Australia,3.051,V-Dem
2011,AUS,Australia,3.051,V-Dem
2012,AUS,Australia,3.051,V-Dem
2013,AUS,Australia,3.051,V-Dem
2014,AUS,Australia,3.051,V-Dem
2015,AUS,Australia,3.051,V-Dem
2016,AUS,Australia,2.9565,V-Dem
2017,AUS,Australia,2.6455,V-Dem
2018,AUS,Australia,2.6455,V-Dem
2019,AUS,Australia,2.505,V-Dem
2020,AUS,Australia,2.505,V-Dem
2021,AUS,Australia,2.505,V-Dem
2022,AUS,Australia,2.505,V-Dem
2023,AUS,Australia,2.505,V-Dem
2024,AUS,Australia,2.505,V-Dem
2025,AUS,Australia,2.505,V-Dem
1961,BWA,Botswana,0.5965,V-Dem
1962,BWA,Botswana,0.5965,V-Dem
1963,BWA,Botswana,0.5965,V-Dem
1964,BWA,Botswana,0.5965,V-Dem
1965,BWA,Botswana,0.5965,V-Dem
1966,BWA,Botswana,1.6364999999999998,V-Dem
1967,BWA,Botswana,1.6364999999999998,V-Dem
1968,BWA,Botswana,1.6364999999999998,V-Dem
1969,BWA,Botswana,1.6364999999999998,V-Dem
1970,BWA,Botswana,1.6364999999999998,V-Dem
1971,BWA,Botswana,1.6364999999999998,V-Dem
1972,BWA,Botswana,1.6364999999999998,V-Dem
1973,BWA,Botswana,1.6364999999999998,V-Dem
1974,BWA,Botswana,1.6364999999999998,V-Dem
1975,BWA,Botswana,1.6364999999999998,V-Dem
1976,BWA,Botswana,1.6364999999999998,V-Dem
1977,BWA,Botswana,1.6364999999999998,V-Dem
1978,BWA,Botswana,1.6364999999999998,V-Dem
1979,BWA,Botswana,1.6364999999999998,V-Dem
1980,BWA,Botswana,1.6364999999999998,V-Dem
1981,BWA,Botswana,1.883,V-Dem
1982,BWA,Botswana,1.883,V-Dem
1983,BWA,Botswana,1.883,V-Dem
1984,BWA,Botswana,1.883,V-Dem
1985,BWA,Botswana,1.883,V-Dem
1986,BWA,Botswana,1.883,V-Dem
1987,BWA,Botswana,1.883,V-Dem
1988,BWA,Botswana,1.883,V-Dem
1989,BWA,Botswana,1.883,V-Dem
1990,BWA,Botswana,1.883,V-Dem
1991,BWA,Botswana,1.883,V-Dem
1992,BWA,Botswana,1.883,V-Dem
1993,BWA,Botswana,1.883,V-Dem
1994,BWA,Botswana,1.883,V-Dem
1995,BWA,Botswana,1.883,V-Dem
1996,BWA,Botswana,1.883,V-Dem
1997,BWA,Botswana,1.883,V-Dem
1998,BWA,Botswana,1.883,V-Dem
1999,BWA,Botswana,1.883,V-Dem
2000,BWA,Botswana,1.883,V-Dem
2001,BWA,Botswana,1.883,V-Dem
2002,BWA,Botswana,1.883,V-Dem
2003,BWA,Botswana,1.883,V-Dem
2004,BWA,Botswana,1.883,V-Dem
2005,BWA,Botswana,1.883,V-Dem
2006,BWA,Botswana,1.883,V-Dem
2007,BWA,Botswana,1.8125,V-Dem
2008,BWA,Botswana,1.8125,V-Dem
2009,BWA,Botswana,1.8125,V-Dem
2010,BWA,Botswana,1.673,V-Dem
2011,BWA,Botswana,1.673,V-Dem
2012,BWA,Botswana,1.58,V-Dem
2013,BWA,Botswana,1.4465,V-Dem
2014,BWA,Botswana,1.6585,V-Dem
2015,BWA,Botswana,1.9164999999999999,V-Dem
2016,BWA,Botswana,1.746,V-Dem
2017,BWA,Botswana,1.746,V-Dem
2018,BWA,Botswana,1.746,V-Dem
2019,BWA,Botswana,2.041,V-Dem
2020,BWA,Botswana,2.041,V-Dem
2021,BWA,Botswana,1.3505,V-Dem
2022,BWA,Botswana,1.459,V-Dem
2023,BWA,Botswana,1.459,V-Dem
2024,BWA,Botswana,1.6835,V-Dem
2025,BWA,Botswana,1.6835,V-Dem
1961,BDI,Burundi,-1.887,V-Dem
1962,BDI,Burundi,-0.982,V-Dem
1963,BDI,Burundi,-0.8985000000000001,V-Dem
1964,BDI,Burundi,-0.8985000000000001,V-Dem
1965,BDI,Burundi,-0.8985000000000001,V-Dem
1966,BDI,Burundi,-0.8985000000000001,V-Dem
1967,BDI,Burundi,-0.8985000000000001,V-Dem
1968,BDI,Burundi,-0.8985000000000001,V-Dem
1969,BDI,Burundi,-0.8985000000000001,V-Dem
1970,BDI,Burundi,-0.8985000000000001,V-Dem
1971,BDI,Burundi,-1.0825,V-Dem
1972,BDI,Burundi,-1.0825,V-Dem
1973,BDI,Burundi,-1.0825,V-Dem
1974,BDI,Burundi,-0.788,V-Dem
1975,BDI,Burundi,-0.436,V-Dem
1976,BDI,Burundi,-0.436,V-Dem
1977,BDI,Burundi,-0.436,V-Dem
1978,BDI,Burundi,-0.436,V-Dem
1979,BDI,Burundi,-0.436,V-Dem
1980,BDI,Burundi,-0.436,V-Dem
1981,BDI,Burundi,-0.436,V-Dem
1982,BDI,Burundi,-0.436,V-Dem
1983,BDI,Burundi,-0.436,V-Dem
1984,BDI,Burundi,-0.436,V-Dem
1985,BDI,Burundi,-0.436,V-Dem
1986,BDI,Burundi,-0.436,V-Dem
1987,BDI,Burundi,-0.436,V-Dem
1988,BDI,Burundi,-0.9159999999999999,V-Dem
1989,BDI,Burundi,-0.9159999999999999,V-Dem
1990,BDI,Burundi,-0.7655,V-Dem
1991,BDI,Burundi,-1.089,V-Dem
1992,BDI,Burundi,-1.089,V-Dem
1993,BDI,Burundi,-1.113,V-Dem
1994,BDI,Burundi,-1.113,V-Dem
1995,BDI,Burundi,-1.113,V-Dem
1996,BDI,Burundi,-1.113,V-Dem
1997,BDI,Burundi,-1.113,V-Dem
1998,BDI,Burundi,-1.113,V-Dem
1999,BDI,Burundi,-1.113,V-Dem
2000,BDI,Burundi,-0.8420000000000001,V-Dem
2001,BDI,Burundi,-1.012,V-Dem
2002,BDI,Burundi,-1.3820000000000001,V-Dem
2003,BDI,Burundi,-1.3820000000000001,V-Dem
2004,BDI,Burundi,-1.2915,V-Dem
2005,BDI,Burundi,-1.169,V-Dem
2006,BDI,Burundi,-1.306,V-Dem
2007,BDI,Burundi,-1.3745,V-Dem
2008,BDI,Burundi,-1.3745,V-Dem
2009,BDI,Burundi,-1.4225,V-Dem
2010,BDI,Burundi,-1.5499999999999998,V-Dem
2011,BDI,Burundi,-1.4355,V-Dem
2012,BDI,Burundi,-1.4355,V-Dem
2013,BDI,Burundi,-1.5945,V-Dem
2014,BDI,Burundi,-2.0345,V-Dem
2015,BDI,Burundi,-2.609,V-Dem
2016,BDI,Burundi,-2.841,V-Dem
2017,BDI,Burundi,-2.724,V-Dem
2018,BDI,Burundi,-2.857,V-Dem
2019,BDI,Burundi,-2.857,V-Dem
2020,BDI,Burundi,-2.857,V-Dem
2021,BDI,Burundi,-2.208,V-Dem
2022,BDI,Burundi,-1.6615,V-Dem
2023,BDI,Burundi,-1.8085,V-Dem
2024,BDI,Burundi,-1.8085,V-Dem
2025,BDI,Burundi,-1.8085,V-Dem
1961,CPV,Cape Verde,-0.6885,V-Dem
1962,CPV,Cape Verde,-0.6885,V-Dem
1963,CPV,Cape Verde,-0.6885,V-Dem
1964,CPV,Cape Verde,-0.6885,V-Dem
1965,CPV,Cape Verde,-0.6885,V-Dem
1966,CPV,Cape Verde,-0.6885,V-Dem
1967,CPV,Cape Verde,-0.6885,V-Dem
1968,CPV,Cape Verde,-0.6885,V-Dem
1969,CPV,Cape Verde,-0.6885,V-Dem
1970,CPV,Cape Verde,-0.6885,V-Dem
1971,CPV,Cape Verde,-0.6885,V-Dem
1972,CPV,Cape Verde,-0.6885,V-Dem
1973,CPV,Cape Verde,-0.6885,V-Dem
1974,CPV,Cape Verde,-0.6885,V-Dem
1975,CPV,Cape Verde,0.525,V-Dem
1976,CPV,Cape Verde,1.2135,V-Dem
1977,CPV,Cape Verde,1.2135,V-Dem
1978,CPV,Cape Verde,1.2135,V-Dem
1979,CPV,Cape Verde,1.2135,V-Dem
1980,CPV,Cape Verde,1.2135,V-Dem
1981,CPV,Cape Verde,1.2135,V-Dem
1982,CPV,Cape Verde,1.2135,V-Dem
1983,CPV,Cape Verde,1.2135,V-Dem
1984,CPV,Cape Verde,1.2135,V-Dem
1985,CPV,Cape Verde,1.2135,V-Dem
1986,CPV,Cape Verde,1.2135,V-Dem
1987,CPV,Cape Verde,1.4105,V-Dem
1988,CPV,Cape Verde,1.661,V-Dem
1989,CPV,Cape Verde,1.661,V-Dem
1990,CPV,Cape Verde,2.0575,V-Dem
1991,CPV,Cape Verde,2.327,V-Dem
1992,CPV,Cape Verde,2.327,V-Dem
1993,CPV,Cape Verde,2.327,V-Dem
1994,CPV,Cape Verde,2.327,V-Dem
1995,CPV,Cape Verde,2.327,V-Dem
1996,CPV,Cape Verde,2.327,V-Dem
1997,CPV,Cape Verde,2.327,V-Dem
1998,CPV,Cape Verde,2.327,V-Dem
1999,CPV,Cape Verde,2.327,V-Dem
2000,CPV,Cape Verde,2.327,V-Dem
2001,CPV,Cape Verde,2.327,V-Dem
2002,CPV,Cape Verde,2.327,V-Dem
2003,CPV,Cape Verde,2.327,V-Dem
2004,CPV,Cape Verde,2.327,V-Dem
2005,CPV,Cape Verde,2.327,V-Dem
2006,CPV,Cape Verde,2.327,V-Dem
2007,CPV,Cape Verde,2.327,V-Dem
2008,CPV,Cape Verde,2.327,V-Dem
2009,CPV,Cape Verde,2.327,V-Dem
2010,CPV,Cape Verde,2.327,V-Dem
2011,CPV,Cape Verde,2.327,V-Dem
2012,CPV,Cape Verde,2.327,V-Dem
2013,CPV,Cape Verde,2.327,V-Dem
2014,CPV,Cape Verde,2.327,V-Dem
2015,CPV,Cape Verde,2.327,V-Dem
2016,CPV,Cape Verde,2.327,V-Dem
2017,CPV,Cape Verde,2.5004999999999997,V-Dem
2018,CPV,Cape Verde,2.5004999999999997,V-Dem
2019,CPV,Cape Verde,2.5004999999999997,V-Dem
2020,CPV,Cape Verde,2.1025,V-Dem
2021,CPV,Cape Verde,2.1025,V-Dem
2022,CPV,Cape Verde,2.267,V-Dem
2023,CPV,Cape Verde,2.267,V-Dem
2024,CPV,Cape Verde,2.267,V-Dem
2025,CPV,Cape Verde,2.267,V-Dem
1961,CAF,Central African Republic,0.5295,V-Dem
1962,CAF,Central African Republic,0.5295,V-Dem
1963,CAF,Central African Republic,0.5295,V-Dem
1964,CAF,Central African Republic,0.5295,V-Dem
1965,CAF,Central African Republic,0.095,V-Dem
1966,CAF,Central African Republic,-1.5315,V-Dem
1967,CAF,Central African Republic,-1.5315,V-Dem
1968,CAF,Central African Republic,-1.5315,V-Dem
1969,CAF,Central African Republic,-1.86,V-Dem
1970,CAF,Central African Republic,-1.86,V-Dem
1971,CAF,Central African Republic,-1.86,V-Dem
1972,CAF,Central African Republic,-1.976,V-Dem
1973,CAF,Central African Republic,-1.976,V-Dem
1974,CAF,Central African Republic,-1.976,V-Dem
1975,CAF,Central African Republic,-1.976,V-Dem
1976,CAF,Central African Republic,-1.976,V-Dem
1977,CAF,Central African Republic,-1.976,V-Dem
1978,CAF,Central African Republic,-1.976,V-Dem
1979,CAF,Central African Republic,-1.358,V-Dem
1980,CAF,Central African Republic,0.139,V-Dem
1981,CAF,Central African Republic,0.41800000000000004,V-Dem
1982,CAF,Central African Republic,0.18149999999999997,V-Dem
1983,CAF,Central African Republic,0.18149999999999997,V-Dem
1984,CAF,Central African Republic,0.18149999999999997,V-Dem
1985,CAF,Central African Republic,0.18149999999999997,V-Dem
1986,CAF,Central African Republic,0.18149999999999997,V-Dem
1987,CAF,Central African Republic,0.18149999999999997,V-Dem
1988,CAF,Central African Republic,0.18149999999999997,V-Dem
1989,CAF,Central African Republic,0.18149999999999997,V-Dem
1990,CAF,Central African Republic,0.18149999999999997,V-Dem
1991,CAF,Central African Republic,0.32649999999999996,V-Dem
1992,CAF,Central African Republic,0.7344999999999999,V-Dem
1993,CAF,Central African Republic,0.16299999999999998,V-Dem
1994,CAF,Central African Republic,0.2605,V-Dem
1995,CAF,Central African Republic,-0.030999999999999972,V-Dem
1996,CAF,Central African Republic,-0.030999999999999972,V-Dem
1997,CAF,Central African Republic,-0.030999999999999972,V-Dem
1998,CAF,Central African Republic,-0.030999999999999972,V-Dem
1999,CAF,Central African Republic,-0.030999999999999972,V-Dem
2000,CAF,Central African Republic,-0.030999999999999972,V-Dem
2001,CAF,Central African Republic,-0.030999999999999972,V-Dem
2002,CAF,Central African Republic,-0.030999999999999972,V-Dem
2003,CAF,Central African Republic,-0.030999999999999972,V-Dem
2004,CAF,Central African Republic,-0.631,V-Dem
2005,CAF,Central African Republic,-0.631,V-Dem
2006,CAF,Central African Republic,-0.631,V-Dem
2007,CAF,Central African Republic,-0.631,V-Dem
2008,CAF,Central African Republic,-0.631,V-Dem
2009,CAF,Central African Republic,-0.631,V-Dem
2010,CAF,Central African Republic,-0.61,V-Dem
2011,CAF,Central African Republic,-0.61,V-Dem
2012,CAF,Central African Republic,-0.6575,V-Dem
2013,CAF,Central African Republic,-1.2715,V-Dem
2014,CAF,Central African Republic,-0.9495,V-Dem
2015,CAF,Central African Republic,-0.6275,V-Dem
2016,CAF,Central African Republic,-0.6275,V-Dem
2017,CAF,Central African Republic,-0.5485,V-Dem
2018,CAF,Central African Republic,-0.639,V-Dem
2019,CAF,Central African Republic,-0.7705,V-Dem
2020,CAF,Central African Republic,-0.368,V-Dem
2021,CAF,Central African Republic,-0.16799999999999998,V-Dem
2022,CAF,Central African Republic,-0.235,V-Dem
2023,CAF,Central African Republic,-0.376,V-Dem
2024,CAF,Central African Republic,-0.376,V-Dem
2025,CAF,Central African Republic,-0.376,V-Dem
1961,CHL,Chile,1.5844999999999998,V-Dem
1962,CHL,Chile,1.5844999999999998,V-Dem
1963,CHL,Chile,1.5844999999999998,V-Dem
1964,CHL,Chile,1.7675,V-Dem
1965,CHL,Chile,1.7675,V-Dem
1966,CHL,Chile,1.7675,V-Dem
1967,CHL,Chile,1.7675,V-Dem
1968,CHL,Chile,1.7675,V-Dem
1969,CHL,Chile,1.58,V-Dem
1970,CHL,Chile,1.3559999999999999,V-Dem
1971,CHL,Chile,1.3559999999999999,V-Dem
1972,CHL,Chile,1.3559999999999999,V-Dem
1973,CHL,Chile,-2.2575,V-Dem
1974,CHL,Chile,-3.085,V-Dem
1975,CHL,Chile,-3.085,V-Dem
1976,CHL,Chile,-3.085,V-Dem
1977,CHL,Chile,-3.085,V-Dem
1978,CHL,Chile,-3.085,V-Dem
1979,CHL,Chile,-3.085,V-Dem
1980,CHL,Chile,-2.7425,V-Dem
1981,CHL,Chile,-2.7425,V-Dem
1982,CHL,Chile,-2.5705,V-Dem
1983,CHL,Chile,-2.5705,V-Dem
1984,CHL,Chile,-2.5705,V-Dem
1985,CHL,Chile,-2.5705,V-Dem
1986,CHL,Chile,-2.5705,V-Dem
1987,CHL,Chile,-1.7334999999999998,V-Dem
1988,CHL,Chile,-1.1245,V-Dem
1989,CHL,Chile,-0.38599999999999995,V-Dem
1990,CHL,Chile,1.5875,V-Dem
1991,CHL,Chile,2.305,V-Dem
1992,CHL,Chile,2.305,V-Dem
1993,CHL,Chile,2.305,V-Dem
1994,CHL,Chile,2.305,V-Dem
1995,CHL,Chile,2.305,V-Dem
1996,CHL,Chile,2.305,V-Dem
1997,CHL,Chile,2.305,V-Dem
1998,CHL,Chile,2.305,V-Dem
1999,CHL,Chile,2.305,V-Dem
2000,CHL,Chile,2.1335,V-Dem
2001,CHL,Chile,2.1335,V-Dem
2002,CHL,Chile,2.1335,V-Dem
2003,CHL,Chile,2.1335,V-Dem
2004,CHL,Chile,2.1335,V-Dem
2005,CHL,Chile,2.1335,V-Dem
2006,CHL,Chile,2.1335,V-Dem
2007,CHL,Chile,2.1335,V-Dem
2008,CHL,Chile,2.1335,V-Dem
2009,CHL,Chile,2.1335,V-Dem
2010,CHL,Chile,2.1335,V-Dem
2011,CHL,Chile,2.1335,V-Dem
2012,CHL,Chile,2.1335,V-Dem
2013,CHL,Chile,2.7744999999999997,V-Dem
2014,CHL,Chile,2.694,V-Dem
2015,CHL,Chile,2.397,V-Dem
2016,CHL,Chile,2.397,V-Dem
2017,CHL,Chile,2.397,V-Dem
2018,CHL,Chile,1.6915,V-Dem
2019,CHL,Chile,1.236,V-Dem
2020,CHL,Chile,1.424,V-Dem
2021,CHL,Chile,1.886,V-Dem
2022,CHL,Chile,2.2045000000000003,V-Dem
2023,CHL,Chile,2.2045000000000003,V-Dem
2024,CHL,Chile,2.2045000000000003,V-Dem
2025,CHL,Chile,2.2045000000000003,V-Dem
1961,CRI,Costa Rica,2.3025,V-Dem
1962,CRI,Costa Rica,2.3025,V-Dem
1963,CRI,Costa Rica,2.3025,V-Dem
1964,CRI,Costa Rica,2.3025,V-Dem
1965,CRI,Costa Rica,2.3025,V-Dem
1966,CRI,Costa Rica,2.3025,V-Dem
1967,CRI,Costa Rica,2.3025,V-Dem
1968,CRI,Costa Rica,2.3025,V-Dem
1969,CRI,Costa Rica,2.3025,V-Dem
1970,CRI,Costa Rica,2.3025,V-Dem
1971,CRI,Costa Rica,2.3025,V-Dem
1972,CRI,Costa Rica,2.3025,V-Dem
1973,CRI,Costa Rica,2.3025,V-Dem
1974,CRI,Costa Rica,2.3025,V-Dem
1975,CRI,Costa Rica,2.3025,V-Dem
1976,CRI,Costa Rica,2.3025,V-Dem
1977,CRI,Costa Rica,2.3025,V-Dem
1978,CRI,Costa Rica,2.3025,V-Dem
1979,CRI,Costa Rica,2.3025,V-Dem
1980,CRI,Costa Rica,2.0515,V-Dem
1981,CRI,Costa Rica,1.7505,V-Dem
1982,CRI,Costa Rica,1.7505,V-Dem
1983,CRI,Costa Rica,1.7505,V-Dem
1984,CRI,Costa Rica,1.7505,V-Dem
1985,CRI,Costa Rica,1.7505,V-Dem
1986,CRI,Costa Rica,2.3115,V-Dem
1987,CRI,Costa Rica,2.3115,V-Dem
1988,CRI,Costa Rica,2.3115,V-Dem
1989,CRI,Costa Rica,2.3115,V-Dem
1990,CRI,Costa Rica,2.5745,V-Dem
1991,CRI,Costa Rica,2.835,V-Dem
1992,CRI,Costa Rica,2.835,V-Dem
1993,CRI,Costa Rica,2.835,V-Dem
1994,CRI,Costa Rica,2.835,V-Dem
1995,CRI,Costa Rica,2.835,V-Dem
1996,CRI,Costa Rica,2.835,V-Dem
1997,CRI,Costa Rica,2.835,V-Dem
1998,CRI,Costa Rica,2.835,V-Dem
1999,CRI,Costa Rica,2.835,V-Dem
2000,CRI,Costa Rica,2.835,V-Dem
2001,CRI,Costa Rica,2.9175000000000004,V-Dem
2002,CRI,Costa Rica,2.9175000000000004,V-Dem
2003,CRI,Costa Rica,2.9175000000000004,V-Dem
2004,CRI,Costa Rica,2.9175000000000004,V-Dem
2005,CRI,Costa Rica,2.864,V-Dem
2006,CRI,Costa Rica,2.864,V-Dem
2007,CRI,Costa Rica,2.864,V-Dem
2008,CRI,Costa Rica,2.864,V-Dem
2009,CRI,Costa Rica,2.864,V-Dem
2010,CRI,Costa Rica,2.864,V-Dem
2011,CRI,Costa Rica,2.864,V-Dem
2012,CRI,Costa Rica,3.0245,V-Dem
2013,CRI,Costa Rica,2.9305000000000003,V-Dem
2014,CRI,Costa Rica,2.9305000000000003,V-Dem
2015,CRI,Costa Rica,2.9305000000000003,V-Dem
2016,CRI,Costa Rica,3.1435000000000004,V-Dem
2017,CRI,Costa Rica,3.1435000000000004,V-Dem
2018,CRI,Costa Rica,1.7765,V-Dem
2019,CRI,Costa Rica,2.6855,V-Dem
2020,CRI,Costa Rica,2.6855,V-Dem
2021,CRI,Costa Rica,2.6855,V-Dem
2022,CRI,Costa Rica,2.6855,V-Dem
2023,CRI,Costa Rica,2.6855,V-Dem
2024,CRI,Costa Rica,2.6855,V-Dem
2025,CRI,Costa Rica,2.6855,V-Dem
1961,TLS,Timor-Leste,-0.813,V-Dem
1962,TLS,Timor-Leste,-0.813,V-Dem
1963,TLS,Timor-Leste,-0.813,V-Dem
1964,TLS,Timor-Leste,-0.813,V-Dem
1965,TLS,Timor-Leste,-0.813,V-Dem
1966,TLS,Timor-Leste,-0.813,V-Dem
1967,TLS,Timor-Leste,-0.813,V-Dem
1968,TLS,Timor-Leste,-0.813,V-Dem
1969,TLS,Timor-Leste,-0.813,V-Dem
1970,TLS,Timor-Leste,-0.813,V-Dem
1971,TLS,Timor-Leste,-0.813,V-Dem
1972,TLS,Timor-Leste,-0.813,V-Dem
1973,TLS,Timor-Leste,-0.813,V-Dem
1974,TLS,Timor-Leste,-0.7024999999999999,V-Dem
1975,TLS,Timor-Leste,-0.7455,V-Dem
1976,TLS,Timor-Leste,-2.087,V-Dem
1977,TLS,Timor-Leste,-2.087,V-Dem
1978,TLS,Timor-Leste,-2.087,V-Dem
1979,TLS,Timor-Leste,-2.087,V-Dem
1980,TLS,Timor-Leste,-2.087,V-Dem
1981,TLS,Timor-Leste,-2.087,V-Dem
1982,TLS,Timor-Leste,-2.087,V-Dem
1983,TLS,Timor-Leste,-2.087,V-Dem
1984,TLS,Timor-Leste,-2.087,V-Dem
1985,TLS,Timor-Leste,-2.087,V-Dem
1986,TLS,Timor-Leste,-2.087,V-Dem
1987,TLS,Timor-Leste,-2.087,V-Dem
1988,TLS,Timor-Leste,-2.087,V-Dem
1989,TLS,Timor-Leste,-2.087,V-Dem
1990,TLS,Timor-Leste,-2.087,V-Dem
1991,TLS,Timor-Leste,-2.087,V-Dem
1992,TLS,Timor-Leste,-2.087,V-Dem
1993,TLS,Timor-Leste,-2.087,V-Dem
1994,TLS,Timor-Leste,-2.087,V-Dem
1995,TLS,Timor-Leste,-1.6975000000000002,V-Dem
1996,TLS,Timor-Leste,-1.6975000000000002,V-Dem
1997,TLS,Timor-Leste,-1.6975000000000002,V-Dem
1998,TLS,Timor-Leste,-1.6975000000000002,V-Dem
1999,TLS,Timor-Leste,-1.1225,V-Dem
2000,TLS,Timor-Leste,2.4155,V-Dem
2001,TLS,Timor-Leste,2.4155,V-Dem
2002,TLS,Timor-Leste,2.4155,V-Dem
2003,TLS,Timor-Leste,1.9325,V-Dem
2004,TLS,Timor-Leste,1.9325,V-Dem
2005,TLS,Timor-Leste,1.9325,V-Dem
2006,TLS,Timor-Leste,1.9009999999999998,V-Dem
2007,TLS,Timor-Leste,2.109,V-Dem
2008,TLS,Timor-Leste,2.0745,V-Dem
2009,TLS,Timor-Leste,2.4145000000000003,V-Dem
2010,TLS,Timor-Leste,2.334,V-Dem
2011,TLS,Timor-Leste,2.334,V-Dem
2012,TLS,Timor-Leste,2.334,V-Dem
2013,TLS,Timor-Leste,2.334,V-Dem
2014,TLS,Timor-Leste,1.9275,V-Dem
2015,TLS,Timor-Leste,1.8735,V-Dem
2016,TLS,Timor-Leste,2.3035,V-Dem
2017,TLS,Timor-Leste,2.0475,V-Dem
2018,TLS,Timor-Leste,2.1755,V-Dem
2019,TLS,Timor-Leste,2.26,V-Dem
2020,TLS,Timor-Leste,2.26,V-Dem
2021,TLS,Timor-Leste,2.4745,V-Dem
2022,TLS,Timor-Leste,2.2545,V-Dem
2023,TLS,Timor-Leste,2.4845,V-Dem
2024,TLS,Timor-Leste,2.4845,V-Dem
2025,TLS,Timor-Leste,2.4845,V-Dem
1961,ECU,Ecuador,0.673,V-Dem
1962,ECU,Ecuador,0.589,V-Dem
1963,ECU,Ecuador,-0.289,V-Dem
1964,ECU,Ecuador,-0.21299999999999997,V-Dem
1965,ECU,Ecuador,-0.21299999999999997,V-Dem
1966,ECU,Ecuador,-0.00399999999999999,V-Dem
1967,ECU,Ecuador,0.382,V-Dem
1968,ECU,Ecuador,0.382,V-Dem
1969,ECU,Ecuador,0.382,V-Dem
1970,ECU,Ecuador,0.382,V-Dem
1971,ECU,Ecuador,0.382,V-Dem
1972,ECU,Ecuador,0.034999999999999996,V-Dem
1973,ECU,Ecuador,-0.293,V-Dem
1974,ECU,Ecuador,-0.293,V-Dem
1975,ECU,Ecuador,-0.293,V-Dem
1976,ECU,Ecuador,-0.293,V-Dem
1977,ECU,Ecuador,-0.293,V-Dem
1978,ECU,Ecuador,-0.056999999999999995,V-Dem
1979,ECU,Ecuador,0.5815,V-Dem
1980,ECU,Ecuador,0.7845,V-Dem
1981,ECU,Ecuador,0.7845,V-Dem
1982,ECU,Ecuador,0.7845,V-Dem
1983,ECU,Ecuador,0.8939999999999999,V-Dem
1984,ECU,Ecuador,-0.602,V-Dem
1985,ECU,Ecuador,-0.6214999999999999,V-Dem
1986,ECU,Ecuador,-0.3865,V-Dem
1987,ECU,Ecuador,-0.3865,V-Dem
1988,ECU,Ecuador,0.4445,V-Dem
1989,ECU,Ecuador,1.49,V-Dem
1990,ECU,Ecuador,1.49,V-Dem
1991,ECU,Ecuador,1.49,V-Dem
1992,ECU,Ecuador,1.49,V-Dem
1993,ECU,Ecuador,1.49,V-Dem
1994,ECU,Ecuador,1.49,V-Dem
1995,ECU,Ecuador,1.49,V-Dem
1996,ECU,Ecuador,1.49,V-Dem
1997,ECU,Ecuador,1.49,V-Dem
1998,ECU,Ecuador,1.49,V-Dem
1999,ECU,Ecuador,1.49,V-Dem
2000,ECU,Ecuador,1.49,V-Dem
2001,ECU,Ecuador,1.49,V-Dem
2002,ECU,Ecuador,1.49,V-Dem
2003,ECU,Ecuador,1.49,V-Dem
2004,ECU,Ecuador,1.49,V-Dem
2005,ECU,Ecuador,1.49,V-Dem
2006,ECU,Ecuador,1.6455,V-Dem
2007,ECU,Ecuador,2.1295,V-Dem
2008,ECU,Ecuador,2.0715000000000003,V-Dem
2009,ECU,Ecuador,2.0715000000000003,V-Dem
2010,ECU,Ecuador,1.92,V-Dem
2011,ECU,Ecuador,1.92,V-Dem
2012,ECU,Ecuador,1.92,V-Dem
2013,ECU,Ecuador,1.7289999999999999,V-Dem
2014,ECU,Ecuador,1.7289999999999999,V-Dem
2015,ECU,Ecuador,1.859,V-Dem
2016,ECU,Ecuador,1.859,V-Dem
2017,ECU,Ecuador,2.135,V-Dem
2018,ECU,Ecuador,2.448,V-Dem
2019,ECU,Ecuador,2.5575,V-Dem
2020,ECU,Ecuador,2.6105,V-Dem
2021,ECU,Ecuador,2.4795,V-Dem
2022,ECU,Ecuador,2.3070000000000004,V-Dem
2023,ECU,Ecuador,1.443,V-Dem
2024,ECU,Ecuador,0.6990000000000001,V-Dem
2025,ECU,Ecuador,0.351,V-Dem
1961,FRA,France,0.7080000000000001,V-Dem
1962,FRA,France,0.7080000000000001,V-Dem
1963,FRA,France,1.849,V-Dem
1964,FRA,France,1.849,V-Dem
1965,FRA,France,1.849,V-Dem
1966,FRA,France,1.849,V-Dem
1967,FRA,France,1.849,V-Dem
1968,FRA,France,1.9635,V-Dem
1969,FRA,France,2.238,V-Dem
1970,FRA,France,2.238,V-Dem
1971,FRA,France,2.238,V-Dem
1972,FRA,France,2.238,V-Dem
1973,FRA,France,2.238,V-Dem
1974,FRA,France,2.238,V-Dem
1975,FRA,France,2.238,V-Dem
1976,FRA,France,2.238,V-Dem
1977,FRA,France,2.238,V-Dem
1978,FRA,France,2.238,V-Dem
1979,FRA,France,2.238,V-Dem
1980,FRA,France,2.238,V-Dem
1981,FRA,France,2.238,V-Dem
1982,FRA,France,2.6385,V-Dem
1983,FRA,France,2.6385,V-Dem
1984,FRA,France,2.6385,V-Dem
1985,FRA,France,2.6385,V-Dem
1986,FRA,France,2.6385,V-Dem
1987,FRA,France,2.6385,V-Dem
1988,FRA,France,2.6385,V-Dem
1989,FRA,France,2.6385,V-Dem
1990,FRA,France,2.6385,V-Dem
1991,FRA,France,2.6385,V-Dem
1992,FRA,France,2.6385,V-Dem
1993,FRA,France,2.6385,V-Dem
1994,FRA,France,2.6385,V-Dem
1995,FRA,France,2.6385,V-Dem
1996,FRA,France,2.6385,V-Dem
1997,FRA,France,2.6385,V-Dem
1998,FRA,France,2.6385,V-Dem
1999,FRA,France,2.6385,V-Dem
2000,FRA,France,2.6385,V-Dem
2001,FRA,France,2.6385,V-Dem
2002,FRA,France,2.6385,V-Dem
2003,FRA,France,2.6385,V-Dem
2004,FRA,France,2.6385,V-Dem
2005,FRA,France,2.6385,V-Dem
2006,FRA,France,2.6385,V-Dem
2007,FRA,France,2.6385,V-Dem
2008,FRA,France,2.6385,V-Dem
2009,FRA,France,2.6385,V-Dem
2010,FRA,France,2.6385,V-Dem
2011,FRA,France,2.6385,V-Dem
2012,FRA,France,2.6385,V-Dem
2013,FRA,France,2.6385,V-Dem
2014,FRA,France,2.6385,V-Dem
2015,FRA,France,2.6385,V-Dem
2016,FRA,France,2.6385,V-Dem
2017,FRA,France,2.6385,V-Dem
2018,FRA,France,2.6385,V-Dem
2019,FRA,France,2.6385,V-Dem
2020,FRA,France,2.2605,V-Dem
2021,FRA,France,2.2605,V-Dem
2022,FRA,France,2.34,V-Dem
2023,FRA,France,2.34,V-Dem
2024,FRA,France,2.34,V-Dem
2025,FRA,France,2.34,V-Dem
1961,DEU,Germany,2.6665,V-Dem
1962,DEU,Germany,2.6665,V-Dem
1963,DEU,Germany,2.6665,V-Dem
1964,DEU,Germany,2.6665,V-Dem
1965,DEU,Germany,2.6665,V-Dem
1966,DEU,Germany,2.6665,V-Dem
1967,DEU,Germany,2.6665,V-Dem
1968,DEU,Germany,2.6665,V-Dem
1969,DEU,Germany,2.6665,V-Dem
1970,DEU,Germany,2.6665,V-Dem
1971,DEU,Germany,2.6665,V-Dem
1972,DEU,Germany,2.6665,V-Dem
1973,DEU,Germany,2.6665,V-Dem
1974,DEU,Germany,2.6665,V-Dem
1975,DEU,Germany,2.6665,V-Dem
1976,DEU,Germany,2.6665,V-Dem
1977,DEU,Germany,2.6665,V-Dem
1978,DEU,Germany,2.6665,V-Dem
1979,DEU,Germany,2.6665,V-Dem
1980,DEU,Germany,2.776,V-Dem
1981,DEU,Germany,2.776,V-Dem
1982,DEU,Germany,2.776,V-Dem
1983,DEU,Germany,2.776,V-Dem
1984,DEU,Germany,2.776,V-Dem
1985,DEU,Germany,2.776,V-Dem
1986,DEU,Germany,2.776,V-Dem
1987,DEU,Germany,2.776,V-Dem
1988,DEU,Germany,2.776,V-Dem
1989,DEU,Germany,2.776,V-Dem
1990,DEU,Germany,3.2495000000000003,V-Dem
1991,DEU,Germany,3.2495000000000003,V-Dem
1992,DEU,Germany,3.2495000000000003,V-Dem
1993,DEU,Germany,3.2495000000000003,V-Dem
1994,DEU,Germany,3.2495000000000003,V-Dem
1995,DEU,Germany,3.2495000000000003,V-Dem
1996,DEU,Germany,3.2495000000000003,V-Dem
1997,DEU,Germany,3.2495000000000003,V-Dem
1998,DEU,Germany,3.2495000000000003,V-Dem
1999,DEU,Germany,3.2495000000000003,V-Dem
2000,DEU,Germany,3.2495000000000003,V-Dem
2001,DEU,Germany,3.2495000000000003,V-Dem
2002,DEU,Germany,3.2495000000000003,V-Dem
2003,DEU,Germany,3.2495000000000003,V-Dem
2004,DEU,Germany,3.2495000000000003,V-Dem
2005,DEU,Germany,3.2495000000000003,V-Dem
2006,DEU,Germany,3.2495000000000003,V-Dem
2007,DEU,Germany,3.2495000000000003,V-Dem
2008,DEU,Germany,3.2495000000000003,V-Dem
2009,DEU,Germany,3.2495000000000003,V-Dem
2010,DEU,Germany,3.2495000000000003,V-Dem
2011,DEU,Germany,3.2495000000000003,V-Dem
2012,DEU,Germany,3.2495000000000003,V-Dem
2013,DEU,Germany,2.875,V-Dem
2014,DEU,Germany,2.875,V-Dem
2015,DEU,Germany,2.875,V-Dem
2016,DEU,Germany,2.875,V-Dem
2017,DEU,Germany,2.875,V-Dem
2018,DEU,Germany,2.875,V-Dem
2019,DEU,Germany,2.875,V-Dem
2020,DEU,Germany,2.875,V-Dem
2021,DEU,Germany,2.875,V-Dem
2022,DEU,Germany,2.875,V-Dem
2023,DEU,Germany,2.875,V-Dem
2024,DEU,Germany,2.875,V-Dem
2025,DEU,Germany,3.17,V-Dem
1961,GTM,Guatemala,-1.7715,V-Dem
1962,GTM,Guatemala,-1.7715,V-Dem
1963,GTM,Guatemala,-2.2439999999999998,V-Dem
1964,GTM,Guatemala,-2.309,V-Dem
1965,GTM,Guatemala,-2.309,V-Dem
1966,GTM,Guatemala,-1.7695,V-Dem
1967,GTM,Guatemala,-1.5415,V-Dem
1968,GTM,Guatemala,-1.9295,V-Dem
1969,GTM,Guatemala,-2.2045,V-Dem
1970,GTM,Guatemala,-1.9975,V-Dem
1971,GTM,Guatemala,-1.9975,V-Dem
1972,GTM,Guatemala,-1.9975,V-Dem
1973,GTM,Guatemala,-1.9975,V-Dem
1974,GTM,Guatemala,-2.4265,V-Dem
1975,GTM,Guatemala,-2.1365,V-Dem
1976,GTM,Guatemala,-2.463,V-Dem
1977,GTM,Guatemala,-2.6945,V-Dem
1978,GTM,Guatemala,-2.7275,V-Dem
1979,GTM,Guatemala,-2.8840000000000003,V-Dem
1980,GTM,Guatemala,-2.8840000000000003,V-Dem
1981,GTM,Guatemala,-2.8840000000000003,V-Dem
1982,GTM,Guatemala,-2.8840000000000003,V-Dem
1983,GTM,Guatemala,-2.7805,V-Dem
1984,GTM,Guatemala,-2.4314999999999998,V-Dem
1985,GTM,Guatemala,-2.211,V-Dem
1986,GTM,Guatemala,-1.361,V-Dem
1987,GTM,Guatemala,-1.1855,V-Dem
1988,GTM,Guatemala,-1.1855,V-Dem
1989,GTM,Guatemala,-1.1855,V-Dem
1990,GTM,Guatemala,-1.1855,V-Dem
1991,GTM,Guatemala,-1.1855,V-Dem
1992,GTM,Guatemala,-1.1855,V-Dem
1993,GTM,Guatemala,-1.157,V-Dem
1994,GTM,Guatemala,-1.1355,V-Dem
1995,GTM,Guatemala,-1.0505,V-Dem
1996,GTM,Guatemala,-1.0505,V-Dem
1997,GTM,Guatemala,-0.5465,V-Dem
1998,GTM,Guatemala,-0.5465,V-Dem
1999,GTM,Guatemala,-0.6285000000000001,V-Dem
2000,GTM,Guatemala,0.306,V-Dem
2001,GTM,Guatemala,0.306,V-Dem
2002,GTM,Guatemala,0.306,V-Dem
2003,GTM,Guatemala,0.306,V-Dem
2004,GTM,Guatemala,0.4585,V-Dem
2005,GTM,Guatemala,0.4585,V-Dem
2006,GTM,Guatemala,0.4585,V-Dem
2007,GTM,Guatemala,0.4585,V-Dem
2008,GTM,Guatemala,0.46950000000000003,V-Dem
2009,GTM,Guatemala,0.46950000000000003,V-Dem
2010,GTM,Guatemala,0.46950000000000003,V-Dem
2011,GTM,Guatemala,0.46950000000000003,V-Dem
2012,GTM,Guatemala,0.46950000000000003,V-Dem
2013,GTM,Guatemala,0.46950000000000003,V-Dem
2014,GTM,Guatemala,0.46950000000000003,V-Dem
2015,GTM,Guatemala,0.46950000000000003,V-Dem
2016,GTM,Guatemala,0.499,V-Dem
2017,GTM,Guatemala,0.5660000000000001,V-Dem
2018,GTM,Guatemala,0.648,V-Dem
2019,GTM,Guatemala,0.7444999999999999,V-Dem
2020,GTM,Guatemala,0.7885,V-Dem
2021,GTM,Guatemala,0.7885,V-Dem
2022,GTM,Guatemala,0.7885,V-Dem
2023,GTM,Guatemala,0.8445,V-Dem
2024,GTM,Guatemala,0.784,V-Dem
2025,GTM,Guatemala,0.8734999999999999,V-Dem
1961,IRN,Iran,-1.798,V-Dem
1962,IRN,Iran,-1.798,V-Dem
1963,IRN,Iran,-1.9,V-Dem
1964,IRN,Iran,-1.9,V-Dem
1965,IRN,Iran,-1.9,V-Dem
1966,IRN,Iran,-1.9,V-Dem
1967,IRN,Iran,-1.9,V-Dem
1968,IRN,Iran,-1.9,V-Dem
1969,IRN,Iran,-1.9,V-Dem
1970,IRN,Iran,-1.9,V-Dem
1971,IRN,Iran,-1.9,V-Dem
1972,IRN,Iran,-1.9,V-Dem
1973,IRN,Iran,-1.9,V-Dem
1974,IRN,Iran,-1.9,V-Dem
1975,IRN,Iran,-2.0805000000000002,V-Dem
1976,IRN,Iran,-2.0805000000000002,V-Dem
1977,IRN,Iran,-2.0805000000000002,V-Dem
1978,IRN,Iran,-2.0805000000000002,V-Dem
1979,IRN,Iran,-1.838,V-Dem
1980,IRN,Iran,-2.077,V-Dem
1981,IRN,Iran,-2.077,V-Dem
1982,IRN,Iran,-2.1885,V-Dem
1983,IRN,Iran,-2.094,V-Dem
1984,IRN,Iran,-2.094,V-Dem
1985,IRN,Iran,-2.094,V-Dem
1986,IRN,Iran,-2.094,V-Dem
1987,IRN,Iran,-2.094,V-Dem
1988,IRN,Iran,-2.094,V-Dem
1989,IRN,Iran,-2.021,V-Dem
1990,IRN,Iran,-2.021,V-Dem
1991,IRN,Iran,-2.021,V-Dem
1992,IRN,Iran,-2.021,V-Dem
1993,IRN,Iran,-2.021,V-Dem
1994,IRN,Iran,-2.021,V-Dem
1995,IRN,Iran,-1.95,V-Dem
1996,IRN,Iran,-1.95,V-Dem
1997,IRN,Iran,-1.546,V-Dem
1998,IRN,Iran,-1.1345,V-Dem
1999,IRN,Iran,-1.1345,V-Dem
2000,IRN,Iran,-0.395,V-Dem
2001,IRN,Iran,-0.395,V-Dem
2002,IRN,Iran,-0.395,V-Dem
2003,IRN,Iran,-0.395,V-Dem
2004,IRN,Iran,-0.6155,V-Dem
2005,IRN,Iran,-1.056,V-Dem
2006,IRN,Iran,-1.298,V-Dem
2007,IRN,Iran,-1.35,V-Dem
2008,IRN,Iran,-1.3845,V-Dem
2009,IRN,Iran,-1.5665,V-Dem
2010,IRN,Iran,-1.772,V-Dem
2011,IRN,Iran,-1.758,V-Dem
2012,IRN,Iran,-1.758,V-Dem
2013,IRN,Iran,-1.1675,V-Dem
2014,IRN,Iran,-1.1675,V-Dem
2015,IRN,Iran,-0.988,V-Dem
2016,IRN,Iran,-0.988,V-Dem
2017,IRN,Iran,-1.0005,V-Dem
2018,IRN,Iran,-1.0135,V-Dem
2019,IRN,Iran,-1.0135,V-Dem
2020,IRN,Iran,-1.125,V-Dem
2021,IRN,Iran,-1.0885,V-Dem
2022,IRN,Iran,-1.395,V-Dem
2023,IRN,Iran,-1.3575,V-Dem
2024,IRN,Iran,-1.0855000000000001,V-Dem
2025,IRN,Iran,-1.033,V-Dem
1961,IRQ,Iraq,-1.001,V-Dem
1962,IRQ,Iraq,-1.001,V-Dem
1963,IRQ,Iraq,-2.716,V-Dem
1964,IRQ,Iraq,-1.374,V-Dem
1965,IRQ,Iraq,-1.2035,V-Dem
1966,IRQ,Iraq,-1.2035,V-Dem
1967,IRQ,Iraq,-1.2035,V-Dem
1968,IRQ,Iraq,-1.2035,V-Dem
1969,IRQ,Iraq,-1.8944999999999999,V-Dem
1970,IRQ,Iraq,-2.165,V-Dem
1971,IRQ,Iraq,-2.165,V-Dem
1972,IRQ,Iraq,-2.165,V-Dem
1973,IRQ,Iraq,-2.165,V-Dem
1974,IRQ,Iraq,-2.165,V-Dem
1975,IRQ,Iraq,-2.165,V-Dem
1976,IRQ,Iraq,-2.165,V-Dem
1977,IRQ,Iraq,-2.165,V-Dem
1978,IRQ,Iraq,-2.165,V-Dem
1979,IRQ,Iraq,-2.5540000000000003,V-Dem
1980,IRQ,Iraq,-2.5540000000000003,V-Dem
1981,IRQ,Iraq,-2.5540000000000003,V-Dem
1982,IRQ,Iraq,-2.5540000000000003,V-Dem
1983,IRQ,Iraq,-2.5540000000000003,V-Dem
1984,IRQ,Iraq,-2.5540000000000003,V-Dem
1985,IRQ,Iraq,-2.5540000000000003,V-Dem
1986,IRQ,Iraq,-2.5540000000000003,V-Dem
1987,IRQ,Iraq,-2.5540000000000003,V-Dem
1988,IRQ,Iraq,-2.5540000000000003,V-Dem
1989,IRQ,Iraq,-2.5540000000000003,V-Dem
1990,IRQ,Iraq,-2.3175,V-Dem
1991,IRQ,Iraq,-2.3175,V-Dem
1992,IRQ,Iraq,-2.3175,V-Dem
1993,IRQ,Iraq,-2.3175,V-Dem
1994,IRQ,Iraq,-2.3175,V-Dem
1995,IRQ,Iraq,-2.3175,V-Dem
1996,IRQ,Iraq,-2.3175,V-Dem
1997,IRQ,Iraq,-2.3175,V-Dem
1998,IRQ,Iraq,-2.3175,V-Dem
1999,IRQ,Iraq,-2.3175,V-Dem
2000,IRQ,Iraq,-2.542,V-Dem
2001,IRQ,Iraq,-2.542,V-Dem
2002,IRQ,Iraq,-2.0535,V-Dem
2003,IRQ,Iraq,0.041999999999999996,V-Dem
2004,IRQ,Iraq,-0.38249999999999995,V-Dem
2005,IRQ,Iraq,-0.7175,V-Dem
2006,IRQ,Iraq,-0.8375,V-Dem
2007,IRQ,Iraq,-0.8375,V-Dem
2008,IRQ,Iraq,-0.8375,V-Dem
2009,IRQ,Iraq,-0.8085,V-Dem
2010,IRQ,Iraq,-0.8865,V-Dem
2011,IRQ,Iraq,-0.8534999999999999,V-Dem
2012,IRQ,Iraq,-0.8534999999999999,V-Dem
2013,IRQ,Iraq,-0.9095,V-Dem
2014,IRQ,Iraq,-1.3045,V-Dem
2015,IRQ,Iraq,-1.254,V-Dem
2016,IRQ,Iraq,-0.9505,V-Dem
2017,IRQ,Iraq,-0.912,V-Dem
2018,IRQ,Iraq,-0.8420000000000001,V-Dem
2019,IRQ,Iraq,-1.4725000000000001,V-Dem
2020,IRQ,Iraq,-1.2885,V-Dem
2021,IRQ,Iraq,-0.7255,V-Dem
2022,IRQ,Iraq,-0.5205,V-Dem
2023,IRQ,Iraq,-0.41600000000000004,V-Dem
2024,IRQ,Iraq,-0.2685,V-Dem
2025,IRQ,Iraq,-0.2685,V-Dem
1961,IRL,Ireland,2.0475000000000003,V-Dem
1962,IRL,Ireland,2.0475000000000003,V-Dem
1963,IRL,Ireland,2.0475000000000003,V-Dem
1964,IRL,Ireland,2.0475000000000003,V-Dem
1965,IRL,Ireland,2.0475000000000003,V-Dem
1966,IRL,Ireland,2.0475000000000003,V-Dem
1967,IRL,Ireland,2.0475000000000003,V-Dem
1968,IRL,Ireland,2.0475000000000003,V-Dem
1969,IRL,Ireland,2.0475000000000003,V-Dem
1970,IRL,Ireland,2.0475000000000003,V-Dem
1971,IRL,Ireland,2.3405,V-Dem
1972,IRL,Ireland,2.3405,V-Dem
1973,IRL,Ireland,2.3405,V-Dem
1974,IRL,Ireland,2.3405,V-Dem
1975,IRL,Ireland,2.3405,V-Dem
1976,IRL,Ireland,2.3405,V-Dem
1977,IRL,Ireland,2.3405,V-Dem
1978,IRL,Ireland,2.3405,V-Dem
1979,IRL,Ireland,2.3405,V-Dem
1980,IRL,Ireland,2.3405,V-Dem
1981,IRL,Ireland,2.3405,V-Dem
1982,IRL,Ireland,2.3405,V-Dem
1983,IRL,Ireland,2.645,V-Dem
1984,IRL,Ireland,2.645,V-Dem
1985,IRL,Ireland,2.645,V-Dem
1986,IRL,Ireland,2.645,V-Dem
1987,IRL,Ireland,2.645,V-Dem
1988,IRL,Ireland,2.645,V-Dem
1989,IRL,Ireland,2.645,V-Dem
1990,IRL,Ireland,2.645,V-Dem
1991,IRL,Ireland,2.645,V-Dem
1992,IRL,Ireland,2.645,V-Dem
1993,IRL,Ireland,2.645,V-Dem
1994,IRL,Ireland,2.645,V-Dem
1995,IRL,Ireland,2.645,V-Dem
1996,IRL,Ireland,2.645,V-Dem
1997,IRL,Ireland,2.645,V-Dem
1998,IRL,Ireland,2.645,V-Dem
1999,IRL,Ireland,2.645,V-Dem
2000,IRL,Ireland,2.645,V-Dem
2001,IRL,Ireland,2.645,V-Dem
2002,IRL,Ireland,2.645,V-Dem
2003,IRL,Ireland,2.645,V-Dem
2004,IRL,Ireland,2.645,V-Dem
2005,IRL,Ireland,2.645,V-Dem
2006,IRL,Ireland,2.645,V-Dem
2007,IRL,Ireland,2.645,V-Dem
2008,IRL,Ireland,2.645,V-Dem
2009,IRL,Ireland,2.645,V-Dem
2010,IRL,Ireland,2.645,V-Dem
2011,IRL,Ireland,2.645,V-Dem
2012,IRL,Ireland,2.7104999999999997,V-Dem
2013,IRL,Ireland,2.7104999999999997,V-Dem
2014,IRL,Ireland,2.7104999999999997,V-Dem
2015,IRL,Ireland,2.7725,V-Dem
2016,IRL,Ireland,2.7725,V-Dem
2017,IRL,Ireland,2.7725,V-Dem
2018,IRL,Ireland,2.3225,V-Dem
2019,IRL,Ireland,2.901,V-Dem
2020,IRL,Ireland,2.901,V-Dem
2021,IRL,Ireland,2.901,V-Dem
2022,IRL,Ireland,2.901,V-Dem
2023,IRL,Ireland,2.901,V-Dem
2024,IRL,Ireland,2.901,V-Dem
2025,IRL,Ireland,2.901,V-Dem
1961,ITA,Italy,1.8544999999999998,V-Dem
1962,ITA,Italy,1.8544999999999998,V-Dem
1963,ITA,Italy,1.968,V-Dem
1964,ITA,Italy,1.968,V-Dem
1965,ITA,Italy,1.968,V-Dem
1966,ITA,Italy,1.968,V-Dem
1967,ITA,Italy,1.968,V-Dem
1968,ITA,Italy,2.0374999999999996,V-Dem
1969,ITA,Italy,2.0374999999999996,V-Dem
1970,ITA,Italy,2.0374999999999996,V-Dem
1971,ITA,Italy,2.154,V-Dem
1972,ITA,Italy,2.154,V-Dem
1973,ITA,Italy,2.154,V-Dem
1974,ITA,Italy,2.154,V-Dem
1975,ITA,Italy,2.154,V-Dem
1976,ITA,Italy,2.154,V-Dem
1977,ITA,Italy,2.154,V-Dem
1978,ITA,Italy,2.154,V-Dem
1979,ITA,Italy,2.154,V-Dem
1980,ITA,Italy,2.154,V-Dem
1981,ITA,Italy,2.154,V-Dem
1982,ITA,Italy,2.154,V-Dem
1983,ITA,Italy,2.154,V-Dem
1984,ITA,Italy,2.154,V-Dem
1985,ITA,Italy,2.154,V-Dem
1986,ITA,Italy,2.154,V-Dem
1987,ITA,Italy,2.154,V-Dem
1988,ITA,Italy,2.154,V-Dem
1989,ITA,Italy,2.154,V-Dem
1990,ITA,Italy,2.154,V-Dem
1991,ITA,Italy,2.154,V-Dem
1992,ITA,Italy,2.154,V-Dem
1993,ITA,Italy,2.154,V-Dem
1994,ITA,Italy,2.154,V-Dem
1995,ITA,Italy,2.154,V-Dem
1996,ITA,Italy,2.154,V-Dem
1997,ITA,Italy,2.154,V-Dem
1998,ITA,Italy,2.154,V-Dem
1999,ITA,Italy,2.154,V-Dem
2000,ITA,Italy,2.154,V-Dem
2001,ITA,Italy,2.154,V-Dem
2002,ITA,Italy,2.154,V-Dem
2003,ITA,Italy,2.154,V-Dem
2004,ITA,Italy,2.154,V-Dem
2005,ITA,Italy,2.154,V-Dem
2006,ITA,Italy,2.154,V-Dem
2007,ITA,Italy,2.154,V-Dem
2008,ITA,Italy,2.0244999999999997,V-Dem
2009,ITA,Italy,2.1505,V-Dem
2010,ITA,Italy,2.1505,V-Dem
2011,ITA,Italy,2.1505,V-Dem
2012,ITA,Italy,2.1505,V-Dem
2013,ITA,Italy,1.8399999999999999,V-Dem
2014,ITA,Italy,1.8399999999999999,V-Dem
2015,ITA,Italy,1.8399999999999999,V-Dem
2016,ITA,Italy,1.8399999999999999,V-Dem
2017,ITA,Italy,2.0615,V-Dem
2018,ITA,Italy,2.0615,V-Dem
2019,ITA,Italy,2.0615,V-Dem
2020,ITA,Italy,2.173,V-Dem
2021,ITA,Italy,2.173,V-Dem
2022,ITA,Italy,2.173,V-Dem
2023,ITA,Italy,2.173,V-Dem
2024,ITA,Italy,2.173,V-Dem
2025,ITA,Italy,2.173,V-Dem
1961,JOR,Jordan,0.9550000000000001,V-Dem
1962,JOR,Jordan,0.9550000000000001,V-Dem
1963,JOR,Jordan,0.9550000000000001,V-Dem
1964,JOR,Jordan,0.9550000000000001,V-Dem
1965,JOR,Jordan,0.9550000000000001,V-Dem
1966,JOR,Jordan,0.9550000000000001,V-Dem
1967,JOR,Jordan,0.9550000000000001,V-Dem
1968,JOR,Jordan,0.9550000000000001,V-Dem
1969,JOR,Jordan,0.9550000000000001,V-Dem
1970,JOR,Jordan,0.915,V-Dem
1971,JOR,Jordan,0.915,V-Dem
1972,JOR,Jordan,0.915,V-Dem
1973,JOR,Jordan,0.915,V-Dem
1974,JOR,Jordan,0.915,V-Dem
1975,JOR,Jordan,0.915,V-Dem
1976,JOR,Jordan,0.915,V-Dem
1977,JOR,Jordan,0.915,V-Dem
1978,JOR,Jordan,0.915,V-Dem
1979,JOR,Jordan,0.915,V-Dem
1980,JOR,Jordan,0.915,V-Dem
1981,JOR,Jordan,0.915,V-Dem
1982,JOR,Jordan,0.915,V-Dem
1983,JOR,Jordan,0.915,V-Dem
1984,JOR,Jordan,0.915,V-Dem
1985,JOR,Jordan,0.915,V-Dem
1986,JOR,Jordan,0.915,V-Dem
1987,JOR,Jordan,0.915,V-Dem
1988,JOR,Jordan,0.915,V-Dem
1989,JOR,Jordan,0.915,V-Dem
1990,JOR,Jordan,0.8414999999999999,V-Dem
1991,JOR,Jordan,0.8414999999999999,V-Dem
1992,JOR,Jordan,0.8414999999999999,V-Dem
1993,JOR,Jordan,0.8414999999999999,V-Dem
1994,JOR,Jordan,0.8414999999999999,V-Dem
1995,JOR,Jordan,0.8414999999999999,V-Dem
1996,JOR,Jordan,0.8414999999999999,V-Dem
1997,JOR,Jordan,0.8414999999999999,V-Dem
1998,JOR,Jordan,0.8414999999999999,V-Dem
1999,JOR,Jordan,0.8414999999999999,V-Dem
2000,JOR,Jordan,0.8414999999999999,V-Dem
2001,JOR,Jordan,0.8414999999999999,V-Dem
2002,JOR,Jordan,0.8414999999999999,V-Dem
2003,JOR,Jordan,0.8414999999999999,V-Dem
2004,JOR,Jordan,0.8414999999999999,V-Dem
2005,JOR,Jordan,0.8414999999999999,V-Dem
2006,JOR,Jordan,0.8414999999999999,V-Dem
2007,JOR,Jordan,0.8414999999999999,V-Dem
2008,JOR,Jordan,0.8414999999999999,V-Dem
2009,JOR,Jordan,0.8414999999999999,V-Dem
2010,JOR,Jordan,0.9209999999999999,V-Dem
2011,JOR,Jordan,0.9209999999999999,V-Dem
2012,JOR,Jordan,0.9209999999999999,V-Dem
2013,JOR,Jordan,1.0695,V-Dem
2014,JOR,Jordan,1.0695,V-Dem
2015,JOR,Jordan,1.0695,V-Dem
2016,JOR,Jordan,0.9550000000000001,V-Dem
2017,JOR,Jordan,0.9550000000000001,V-Dem
2018,JOR,Jordan,0.9045000000000001,V-Dem
2019,JOR,Jordan,0.9045000000000001,V-Dem
2020,JOR,Jordan,1.0655000000000001,V-Dem
2021,JOR,Jordan,1.1845,V-Dem
2022,JOR,Jordan,1.2385000000000002,V-Dem
2023,JOR,Jordan,1.2385000000000002,V-Dem
2024,JOR,Jordan,1.2385000000000002,V-Dem
2025,JOR,Jordan,1.2385000000000002,V-Dem
1990,LVA,Latvia,1.644,V-Dem
1991,LVA,Latvia,1.7134999999999998,V-Dem
1992,LVA,Latvia,1.908,V-Dem
1993,LVA,Latvia,1.908,V-Dem
1994,LVA,Latvia,2.0975,V-Dem
1995,LVA,Latvia,2.0975,V-Dem
1996,LVA,Latvia,2.0975,V-Dem
1997,LVA,Latvia,2.0975,V-Dem
1998,LVA,Latvia,2.0975,V-Dem
1999,LVA,Latvia,2.0975,V-Dem
2000,LVA,Latvia,2.0975,V-Dem
2001,LVA,Latvia,2.0975,V-Dem
2002,LVA,Latvia,2.0975,V-Dem
2003,LVA,Latvia,2.0975,V-Dem
2004,LVA,Latvia,2.0975,V-Dem
2005,LVA,Latvia,2.0975,V-Dem
2006,LVA,Latvia,2.167,V-Dem
2007,LVA,Latvia,2.3045,V-Dem
2008,LVA,Latvia,2.3615,V-Dem
2009,LVA,Latvia,2.3615,V-Dem
2010,LVA,Latvia,2.455,V-Dem
2011,LVA,Latvia,2.455,V-Dem
2012,LVA,Latvia,2.455,V-Dem
2013,LVA,Latvia,2.5665,V-Dem
2014,LVA,Latvia,2.5665,V-Dem
2015,LVA,Latvia,2.5665,V-Dem
2016,LVA,Latvia,2.2435,V-Dem
2017,LVA,Latvia,2.201,V-Dem
2018,LVA,Latvia,2.201,V-Dem
2019,LVA,Latvia,2.4305,V-Dem
2020,LVA,Latvia,2.7024999999999997,V-Dem
2021,LVA,Latvia,2.7024999999999997,V-Dem
2022,LVA,Latvia,2.7024999999999997,V-Dem
2023,LVA,Latvia,2.034,V-Dem
2024,LVA,Latvia,2.6705,V-Dem
2025,LVA,Latvia,2.6705,V-Dem
1961,LSO,Lesotho,-0.49450000000000005,V-Dem
1962,LSO,Lesotho,-0.49450000000000005,V-Dem
1963,LSO,Lesotho,-0.49450000000000005,V-Dem
1964,LSO,Lesotho,-0.49450000000000005,V-Dem
1965,LSO,Lesotho,-0.49450000000000005,V-Dem
1966,LSO,Lesotho,0.166,V-Dem
1967,LSO,Lesotho,0.166,V-Dem
1968,LSO,Lesotho,0.166,V-Dem
1969,LSO,Lesotho,0.166,V-Dem
1970,LSO,Lesotho,-0.8160000000000001,V-Dem
1971,LSO,Lesotho,-0.8160000000000001,V-Dem
1972,LSO,Lesotho,-0.8160000000000001,V-Dem
1973,LSO,Lesotho,-0.8160000000000001,V-Dem
1974,LSO,Lesotho,-0.8160000000000001,V-Dem
1975,LSO,Lesotho,-0.8160000000000001,V-Dem
1976,LSO,Lesotho,-0.8160000000000001,V-Dem
1977,LSO,Lesotho,-0.8160000000000001,V-Dem
1978,LSO,Lesotho,-0.8160000000000001,V-Dem
1979,LSO,Lesotho,-0.8160000000000001,V-Dem
1980,LSO,Lesotho,-0.8160000000000001,V-Dem
1981,LSO,Lesotho,-0.8160000000000001,V-Dem
1982,LSO,Lesotho,-0.8160000000000001,V-Dem
1983,LSO,Lesotho,-0.8160000000000001,V-Dem
1984,LSO,Lesotho,-0.8160000000000001,V-Dem
1985,LSO,Lesotho,-0.8160000000000001,V-Dem
1986,LSO,Lesotho,-0.735,V-Dem
1987,LSO,Lesotho,-0.16899999999999998,V-Dem
1988,LSO,Lesotho,-0.16899999999999998,V-Dem
1989,LSO,Lesotho,-0.16899999999999998,V-Dem
1990,LSO,Lesotho,-0.128,V-Dem
1991,LSO,Lesotho,-0.128,V-Dem
1992,LSO,Lesotho,0.27749999999999997,V-Dem
1993,LSO,Lesotho,0.6224999999999999,V-Dem
1994,LSO,Lesotho,0.6224999999999999,V-Dem
1995,LSO,Lesotho,0.7295,V-Dem
1996,LSO,Lesotho,0.7295,V-Dem
1997,LSO,Lesotho,0.7295,V-Dem
1998,LSO,Lesotho,0.632,V-Dem
1999,LSO,Lesotho,0.8674999999999999,V-Dem
2000,LSO,Lesotho,0.7645,V-Dem
2001,LSO,Lesotho,0.7645,V-Dem
2002,LSO,Lesotho,0.7645,V-Dem
2003,LSO,Lesotho,0.7645,V-Dem
2004,LSO,Lesotho,0.7645,V-Dem
2005,LSO,Lesotho,0.7645,V-Dem
2006,LSO,Lesotho,0.7645,V-Dem
2007,LSO,Lesotho,0.7645,V-Dem
2008,LSO,Lesotho,0.857,V-Dem
2009,LSO,Lesotho,0.8400000000000001,V-Dem
2010,LSO,Lesotho,0.8534999999999999,V-Dem
2011,LSO,Lesotho,0.8534999999999999,V-Dem
2012,LSO,Lesotho,0.8534999999999999,V-Dem
2013,LSO,Lesotho,0.8029999999999999,V-Dem
2014,LSO,Lesotho,0.901,V-Dem
2015,LSO,Lesotho,0.013999999999999985,V-Dem
2016,LSO,Lesotho,-0.2335,V-Dem
2017,LSO,Lesotho,0.008,V-Dem
2018,LSO,Lesotho,0.6485000000000001,V-Dem
2019,LSO,Lesotho,0.34750000000000003,V-Dem
2020,LSO,Lesotho,0.9195,V-Dem
2021,LSO,Lesotho,1.374,V-Dem
2022,LSO,Lesotho,1.4865,V-Dem
2023,LSO,Lesotho,1.0145,V-Dem
2024,LSO,Lesotho,0.832,V-Dem
2025,LSO,Lesotho,1.463,V-Dem
1961,LBR,Liberia,-1.229,V-Dem
1962,LBR,Liberia,-1.229,V-Dem
1963,LBR,Liberia,-1.229,V-Dem
1964,LBR,Liberia,-1.1465,V-Dem
1965,LBR,Liberia,-1.1465,V-Dem
1966,LBR,Liberia,-1.1465,V-Dem
1967,LBR,Liberia,-1.1465,V-Dem
1968,LBR,Liberia,-1.1465,V-Dem
1969,LBR,Liberia,-1.1465,V-Dem
1970,LBR,Liberia,-1.1465,V-Dem
1971,LBR,Liberia,-0.8200000000000001,V-Dem
1972,LBR,Liberia,-0.4215,V-Dem
1973,LBR,Liberia,-0.4215,V-Dem
1974,LBR,Liberia,-0.4215,V-Dem
1975,LBR,Liberia,-0.4215,V-Dem
1976,LBR,Liberia,-0.4215,V-Dem
1977,LBR,Liberia,-0.4215,V-Dem
1978,LBR,Liberia,-0.4215,V-Dem
1979,LBR,Liberia,-0.5295,V-Dem
1980,LBR,Liberia,-1.613,V-Dem
1981,LBR,Liberia,-2.3545,V-Dem
1982,LBR,Liberia,-2.3545,V-Dem
1983,LBR,Liberia,-2.3545,V-Dem
1984,LBR,Liberia,-2.3545,V-Dem
1985,LBR,Liberia,-2.3545,V-Dem
1986,LBR,Liberia,-2.3545,V-Dem
1987,LBR,Liberia,-2.3545,V-Dem
1988,LBR,Liberia,-2.3545,V-Dem
1989,LBR,Liberia,-2.3545,V-Dem
1990,LBR,Liberia,-0.9505,V-Dem
1991,LBR,Liberia,0.034,V-Dem
1992,LBR,Liberia,0.034,V-Dem
1993,LBR,Liberia,0.034,V-Dem
1994,LBR,Liberia,0.034,V-Dem
1995,LBR,Liberia,-0.10800000000000001,V-Dem
1996,LBR,Liberia,-0.1535,V-Dem
1997,LBR,Liberia,-1.881,V-Dem
1998,LBR,Liberia,-1.881,V-Dem
1999,LBR,Liberia,-1.881,V-Dem
2000,LBR,Liberia,-1.881,V-Dem
2001,LBR,Liberia,-1.881,V-Dem
2002,LBR,Liberia,-1.9874999999999998,V-Dem
2003,LBR,Liberia,-1.599,V-Dem
2004,LBR,Liberia,1.0425,V-Dem
2005,LBR,Liberia,1.0425,V-Dem
2006,LBR,Liberia,1.5060000000000002,V-Dem
2007,LBR,Liberia,1.5060000000000002,V-Dem
2008,LBR,Liberia,1.5060000000000002,V-Dem
2009,LBR,Liberia,1.5060000000000002,V-Dem
2010,LBR,Liberia,1.4805000000000001,V-Dem
2011,LBR,Liberia,1.4805000000000001,V-Dem
2012,LBR,Liberia,1.4805000000000001,V-Dem
2013,LBR,Liberia,1.1735,V-Dem
2014,LBR,Liberia,1.1735,V-Dem
2015,LBR,Liberia,1.1735,V-Dem
2016,LBR,Liberia,1.1,V-Dem
2017,LBR,Liberia,1.455,V-Dem
2018,LBR,Liberia,1.477,V-Dem
2019,LBR,Liberia,1.0995,V-Dem
2020,LBR,Liberia,1.3935,V-Dem
2021,LBR,Liberia,1.3935,V-Dem
2022,LBR,Liberia,1.3935,V-Dem
2023,LBR,Liberia,1.3935,V-Dem
2024,LBR,Liberia,1.3935,V-Dem
2025,LBR,Liberia,1.544,V-Dem
1961,MWI,Malawi,-1.7725,V-Dem
1962,MWI,Malawi,-1.7725,V-Dem
1963,MWI,Malawi,-1.7725,V-Dem
1964,MWI,Malawi,-2.2575000000000003,V-Dem
1965,MWI,Malawi,-2.2575000000000003,V-Dem
1966,MWI,Malawi,-2.7365,V-Dem
1967,MWI,Malawi,-2.7365,V-Dem
1968,MWI,Malawi,-2.7365,V-Dem
1969,MWI,Malawi,-2.7365,V-Dem
1970,MWI,Malawi,-2.7365,V-Dem
1971,MWI,Malawi,-2.7365,V-Dem
1972,MWI,Malawi,-2.7365,V-Dem
1973,MWI,Malawi,-2.7365,V-Dem
1974,MWI,Malawi,-2.7365,V-Dem
1975,MWI,Malawi,-2.7365,V-Dem
1976,MWI,Malawi,-2.7365,V-Dem
1977,MWI,Malawi,-2.7365,V-Dem
1978,MWI,Malawi,-2.7365,V-Dem
1979,MWI,Malawi,-2.7365,V-Dem
1980,MWI,Malawi,-2.7365,V-Dem
1981,MWI,Malawi,-2.7365,V-Dem
1982,MWI,Malawi,-2.7365,V-Dem
1983,MWI,Malawi,-2.7365,V-Dem
1984,MWI,Malawi,-2.7365,V-Dem
1985,MWI,Malawi,-2.7365,V-Dem
1986,MWI,Malawi,-2.7365,V-Dem
1987,MWI,Malawi,-2.7365,V-Dem
1988,MWI,Malawi,-2.7365,V-Dem
1989,MWI,Malawi,-2.7365,V-Dem
1990,MWI,Malawi,-2.7365,V-Dem
1991,MWI,Malawi,-2.7365,V-Dem
1992,MWI,Malawi,-2.6225,V-Dem
1993,MWI,Malawi,-2.042,V-Dem
1994,MWI,Malawi,-1.9405,V-Dem
1995,MWI,Malawi,-0.28850000000000003,V-Dem
1996,MWI,Malawi,-0.28850000000000003,V-Dem
1997,MWI,Malawi,-0.28850000000000003,V-Dem
1998,MWI,Malawi,-0.28850000000000003,V-Dem
1999,MWI,Malawi,-0.28850000000000003,V-Dem
2000,MWI,Malawi,-0.28850000000000003,V-Dem
2001,MWI,Malawi,-0.1875,V-Dem
2002,MWI,Malawi,-0.303,V-Dem
2003,MWI,Malawi,-0.303,V-Dem
2004,MWI,Malawi,-0.064,V-Dem
2005,MWI,Malawi,0.41250000000000003,V-Dem
2006,MWI,Malawi,0.424,V-Dem
2007,MWI,Malawi,0.424,V-Dem
2008,MWI,Malawi,0.3285,V-Dem
2009,MWI,Malawi,0.3285,V-Dem
2010,MWI,Malawi,0.4745,V-Dem
2011,MWI,Malawi,0.40549999999999997,V-Dem
2012,MWI,Malawi,0.405,V-Dem
2013,MWI,Malawi,0.5945,V-Dem
2014,MWI,Malawi,0.5945,V-Dem
2015,MWI,Malawi,1.0030000000000001,V-Dem
2016,MWI,Malawi,0.7835000000000001,V-Dem
2017,MWI,Malawi,1.0214999999999999,V-Dem
2018,MWI,Malawi,1.538,V-Dem
2019,MWI,Malawi,1.538,V-Dem
2020,MWI,Malawi,2.1715,V-Dem
2021,MWI,Malawi,2.0175,V-Dem
2022,MWI,Malawi,1.3565,V-Dem
2023,MWI,Malawi,1.1005,V-Dem
2024,MWI,Malawi,1.2945,V-Dem
2025,MWI,Malawi,1.577,V-Dem
1961,MDV,Maldives,0.5615,V-Dem
1962,MDV,Maldives,0.5615,V-Dem
1963,MDV,Maldives,0.055,V-Dem
1964,MDV,Maldives,0.5555,V-Dem
1965,MDV,Maldives,0.5555,V-Dem
1966,MDV,Maldives,0.30700000000000005,V-Dem
1967,MDV,Maldives,0.30700000000000005,V-Dem
1968,MDV,Maldives,0.30700000000000005,V-Dem
1969,MDV,Maldives,0.30700000000000005,V-Dem
1970,MDV,Maldives,0.30700000000000005,V-Dem
1971,MDV,Maldives,0.30700000000000005,V-Dem
1972,MDV,Maldives,0.30700000000000005,V-Dem
1973,MDV,Maldives,0.30700000000000005,V-Dem
1974,MDV,Maldives,0.30700000000000005,V-Dem
1975,MDV,Maldives,0.30700000000000005,V-Dem
1976,MDV,Maldives,0.30700000000000005,V-Dem
1977,MDV,Maldives,0.30700000000000005,V-Dem
1978,MDV,Maldives,0.09150000000000003,V-Dem
1979,MDV,Maldives,0.09150000000000003,V-Dem
1980,MDV,Maldives,0.09150000000000003,V-Dem
1981,MDV,Maldives,0.09150000000000003,V-Dem
1982,MDV,Maldives,0.09150000000000003,V-Dem
1983,MDV,Maldives,0.09150000000000003,V-Dem
1984,MDV,Maldives,0.09150000000000003,V-Dem
1985,MDV,Maldives,0.09150000000000003,V-Dem
1986,MDV,Maldives,0.09150000000000003,V-Dem
1987,MDV,Maldives,0.09150000000000003,V-Dem
1988,MDV,Maldives,0.09150000000000003,V-Dem
1989,MDV,Maldives,0.09150000000000003,V-Dem
1990,MDV,Maldives,0.0014999999999999458,V-Dem
1991,MDV,Maldives,0.0014999999999999458,V-Dem
1992,MDV,Maldives,0.0014999999999999458,V-Dem
1993,MDV,Maldives,0.0014999999999999458,V-Dem
1994,MDV,Maldives,0.0014999999999999458,V-Dem
1995,MDV,Maldives,0.0014999999999999458,V-Dem
1996,MDV,Maldives,0.0014999999999999458,V-Dem
1997,MDV,Maldives,0.0014999999999999458,V-Dem
1998,MDV,Maldives,0.0014999999999999458,V-Dem
1999,MDV,Maldives,0.0014999999999999458,V-Dem
2000,MDV,Maldives,0.0014999999999999458,V-Dem
2001,MDV,Maldives,0.0014999999999999458,V-Dem
2002,MDV,Maldives,-0.4615,V-Dem
2003,MDV,Maldives,-0.4615,V-Dem
2004,MDV,Maldives,-0.4615,V-Dem
2005,MDV,Maldives,-0.30300000000000005,V-Dem
2006,MDV,Maldives,-0.30300000000000005,V-Dem
2007,MDV,Maldives,-0.30300000000000005,V-Dem
2008,MDV,Maldives,0.7695000000000001,V-Dem
2009,MDV,Maldives,1.399,V-Dem
2010,MDV,Maldives,1.28,V-Dem
2011,MDV,Maldives,1.28,V-Dem
2012,MDV,Maldives,0.493,V-Dem
2013,MDV,Maldives,0.0895,V-Dem
2014,MDV,Maldives,0.1545,V-Dem
2015,MDV,Maldives,0.272,V-Dem
2016,MDV,Maldives,0.272,V-Dem
2017,MDV,Maldives,0.1965,V-Dem
2018,MDV,Maldives,0.22349999999999998,V-Dem
2019,MDV,Maldives,1.5305,V-Dem
2020,MDV,Maldives,1.6204999999999998,V-Dem
2021,MDV,Maldives,1.6204999999999998,V-Dem
2022,MDV,Maldives,1.7574999999999998,V-Dem
2023,MDV,Maldives,1.8820000000000001,V-Dem
2024,MDV,Maldives,1.8985,V-Dem
2025,MDV,Maldives,1.843,V-Dem
1961,MNG,Mongolia,-0.5609999999999999,V-Dem
1962,MNG,Mongolia,-0.5609999999999999,V-Dem
1963,MNG,Mongolia,-0.5609999999999999,V-Dem
1964,MNG,Mongolia,-0.5609999999999999,V-Dem
1965,MNG,Mongolia,-0.5609999999999999,V-Dem
1966,MNG,Mongolia,-0.5609999999999999,V-Dem
1967,MNG,Mongolia,-0.5609999999999999,V-Dem
1968,MNG,Mongolia,-0.5609999999999999,V-Dem
1969,MNG,Mongolia,-0.5609999999999999,V-Dem
1970,MNG,Mongolia,-0.5609999999999999,V-Dem
1971,MNG,Mongolia,-0.5609999999999999,V-Dem
1972,MNG,Mongolia,-0.5609999999999999,V-Dem
1973,MNG,Mongolia,-0.5609999999999999,V-Dem
1974,MNG,Mongolia,-0.5609999999999999,V-Dem
1975,MNG,Mongolia,-0.5609999999999999,V-Dem
1976,MNG,Mongolia,-0.5609999999999999,V-Dem
1977,MNG,Mongolia,-0.5609999999999999,V-Dem
1978,MNG,Mongolia,-0.5609999999999999,V-Dem
1979,MNG,Mongolia,-0.5609999999999999,V-Dem
1980,MNG,Mongolia,-0.5609999999999999,V-Dem
1981,MNG,Mongolia,-0.5609999999999999,V-Dem
1982,MNG,Mongolia,-0.5609999999999999,V-Dem
1983,MNG,Mongolia,-0.5609999999999999,V-Dem
1984,MNG,Mongolia,-0.5609999999999999,V-Dem
1985,MNG,Mongolia,-0.5609999999999999,V-Dem
1986,MNG,Mongolia,-0.5609999999999999,V-Dem
1987,MNG,Mongolia,-0.5609999999999999,V-Dem
1988,MNG,Mongolia,-0.5609999999999999,V-Dem
1989,MNG,Mongolia,-0.5609999999999999,V-Dem
1990,MNG,Mongolia,0.4915,V-Dem
1991,MNG,Mongolia,0.9855,V-Dem
1992,MNG,Mongolia,1.708,V-Dem
1993,MNG,Mongolia,1.708,V-Dem
1994,MNG,Mongolia,1.708,V-Dem
1995,MNG,Mongolia,1.708,V-Dem
1996,MNG,Mongolia,1.708,V-Dem
1997,MNG,Mongolia,1.708,V-Dem
1998,MNG,Mongolia,1.2395,V-Dem
1999,MNG,Mongolia,1.9535,V-Dem
2000,MNG,Mongolia,1.9765000000000001,V-Dem
2001,MNG,Mongolia,1.9765000000000001,V-Dem
2002,MNG,Mongolia,1.9765000000000001,V-Dem
2003,MNG,Mongolia,1.9765000000000001,V-Dem
2004,MNG,Mongolia,1.9765000000000001,V-Dem
2005,MNG,Mongolia,1.9765000000000001,V-Dem
2006,MNG,Mongolia,1.9765000000000001,V-Dem
2007,MNG,Mongolia,1.9765000000000001,V-Dem
2008,MNG,Mongolia,1.641,V-Dem
2009,MNG,Mongolia,1.9735,V-Dem
2010,MNG,Mongolia,1.9735,V-Dem
2011,MNG,Mongolia,1.9735,V-Dem
2012,MNG,Mongolia,1.9735,V-Dem
2013,MNG,Mongolia,1.8864999999999998,V-Dem
2014,MNG,Mongolia,1.8864999999999998,V-Dem
2015,MNG,Mongolia,1.8864999999999998,V-Dem
2016,MNG,Mongolia,1.8864999999999998,V-Dem
2017,MNG,Mongolia,1.8864999999999998,V-Dem
2018,MNG,Mongolia,1.879,V-Dem
2019,MNG,Mongolia,2.191,V-Dem
2020,MNG,Mongolia,2.1205,V-Dem
2021,MNG,Mongolia,2.1205,V-Dem
2022,MNG,Mongolia,2.1205,V-Dem
2023,MNG,Mongolia,2.1205,V-Dem
2024,MNG,Mongolia,1.093,V-Dem
2025,MNG,Mongolia,1.564,V-Dem
1961,MAR,Morocco,-0.8009999999999999,V-Dem
1962,MAR,Morocco,-0.8009999999999999,V-Dem
1963,MAR,Morocco,-1.2565,V-Dem
1964,MAR,Morocco,-1.2565,V-Dem
1965,MAR,Morocco,-1.2565,V-Dem
1966,MAR,Morocco,-1.2565,V-Dem
1967,MAR,Morocco,-1.2565,V-Dem
1968,MAR,Morocco,-1.2565,V-Dem
1969,MAR,Morocco,-1.2565,V-Dem
1970,MAR,Morocco,-1.219,V-Dem
1971,MAR,Morocco,-1.219,V-Dem
1972,MAR,Morocco,-1.219,V-Dem
1973,MAR,Morocco,-1.219,V-Dem
1974,MAR,Morocco,-1.219,V-Dem
1975,MAR,Morocco,-1.219,V-Dem
1976,MAR,Morocco,-0.794,V-Dem
1977,MAR,Morocco,-0.794,V-Dem
1978,MAR,Morocco,-0.794,V-Dem
1979,MAR,Morocco,-0.794,V-Dem
1980,MAR,Morocco,-0.794,V-Dem
1981,MAR,Morocco,-0.716,V-Dem
1982,MAR,Morocco,-0.716,V-Dem
1983,MAR,Morocco,-0.716,V-Dem
1984,MAR,Morocco,-0.716,V-Dem
1985,MAR,Morocco,-0.716,V-Dem
1986,MAR,Morocco,-0.716,V-Dem
1987,MAR,Morocco,-0.716,V-Dem
1988,MAR,Morocco,-0.716,V-Dem
1989,MAR,Morocco,-0.716,V-Dem
1990,MAR,Morocco,-0.716,V-Dem
1991,MAR,Morocco,-0.5855,V-Dem
1992,MAR,Morocco,-0.5855,V-Dem
1993,MAR,Morocco,-0.368,V-Dem
1994,MAR,Morocco,-0.4565,V-Dem
1995,MAR,Morocco,-0.4565,V-Dem
1996,MAR,Morocco,-0.4565,V-Dem
1997,MAR,Morocco,-0.4565,V-Dem
1998,MAR,Morocco,-0.4565,V-Dem
1999,MAR,Morocco,-0.4565,V-Dem
2000,MAR,Morocco,0.7065,V-Dem
2001,MAR,Morocco,0.7065,V-Dem
2002,MAR,Morocco,0.7065,V-Dem
2003,MAR,Morocco,0.7065,V-Dem
2004,MAR,Morocco,0.7065,V-Dem
2005,MAR,Morocco,0.7065,V-Dem
2006,MAR,Morocco,0.7065,V-Dem
2007,MAR,Morocco,0.7065,V-Dem
2008,MAR,Morocco,0.7065,V-Dem
2009,MAR,Morocco,0.7065,V-Dem
2010,MAR,Morocco,0.749,V-Dem
2011,MAR,Morocco,0.749,V-Dem
2012,MAR,Morocco,0.749,V-Dem
2013,MAR,Morocco,0.8405,V-Dem
2014,MAR,Morocco,0.8405,V-Dem
2015,MAR,Morocco,0.8405,V-Dem
2016,MAR,Morocco,0.8405,V-Dem
2017,MAR,Morocco,1.018,V-Dem
2018,MAR,Morocco,1.142,V-Dem
2019,MAR,Morocco,1.3815,V-Dem
2020,MAR,Morocco,1.3815,V-Dem
2021,MAR,Morocco,1.3815,V-Dem
2022,MAR,Morocco,1.3815,V-Dem
2023,MAR,Morocco,1.3815,V-Dem
2024,MAR,Morocco,1.3815,V-Dem
2025,MAR,Morocco,1.3815,V-Dem
1961,NLD,Netherlands,2.95,V-Dem
1962,NLD,Netherlands,2.95,V-Dem
1963,NLD,Netherlands,2.95,V-Dem
1964,NLD,Netherlands,2.95,V-Dem
1965,NLD,Netherlands,2.95,V-Dem
1966,NLD,Netherlands,2.95,V-Dem
1967,NLD,Netherlands,2.95,V-Dem
1968,NLD,Netherlands,2.95,V-Dem
1969,NLD,Netherlands,2.95,V-Dem
1970,NLD,Netherlands,2.95,V-Dem
1971,NLD,Netherlands,2.95,V-Dem
1972,NLD,Netherlands,2.95,V-Dem
1973,NLD,Netherlands,2.95,V-Dem
1974,NLD,Netherlands,2.95,V-Dem
1975,NLD,Netherlands,2.95,V-Dem
1976,NLD,Netherlands,2.95,V-Dem
1977,NLD,Netherlands,2.95,V-Dem
1978,NLD,Netherlands,2.95,V-Dem
1979,NLD,Netherlands,2.95,V-Dem
1980,NLD,Netherlands,2.95,V-Dem
1981,NLD,Netherlands,2.95,V-Dem
1982,NLD,Netherlands,2.95,V-Dem
1983,NLD,Netherlands,2.95,V-Dem
1984,NLD,Netherlands,2.95,V-Dem
1985,NLD,Netherlands,2.95,V-Dem
1986,NLD,Netherlands,2.95,V-Dem
1987,NLD,Netherlands,2.95,V-Dem
1988,NLD,Netherlands,2.95,V-Dem
1989,NLD,Netherlands,2.95,V-Dem
1990,NLD,Netherlands,2.95,V-Dem
1991,NLD,Netherlands,2.95,V-Dem
1992,NLD,Netherlands,2.95,V-Dem
1993,NLD,Netherlands,2.95,V-Dem
1994,NLD,Netherlands,2.95,V-Dem
1995,NLD,Netherlands,2.95,V-Dem
1996,NLD,Netherlands,2.95,V-Dem
1997,NLD,Netherlands,2.95,V-Dem
1998,NLD,Netherlands,2.95,V-Dem
1999,NLD,Netherlands,2.95,V-Dem
2000,NLD,Netherlands,2.95,V-Dem
2001,NLD,Netherlands,2.95,V-Dem
2002,NLD,Netherlands,2.95,V-Dem
2003,NLD,Netherlands,2.95,V-Dem
2004,NLD,Netherlands,2.95,V-Dem
2005,NLD,Netherlands,2.95,V-Dem
2006,NLD,Netherlands,2.95,V-Dem
2007,NLD,Netherlands,2.95,V-Dem
2008,NLD,Netherlands,2.95,V-Dem
2009,NLD,Netherlands,2.95,V-Dem
2010,NLD,Netherlands,2.95,V-Dem
2011,NLD,Netherlands,2.95,V-Dem
2012,NLD,Netherlands,2.95,V-Dem
2013,NLD,Netherlands,2.95,V-Dem
2014,NLD,Netherlands,2.95,V-Dem
2015,NLD,Netherlands,2.95,V-Dem
2016,NLD,Netherlands,2.95,V-Dem
2017,NLD,Netherlands,2.95,V-Dem
2018,NLD,Netherlands,2.95,V-Dem
2019,NLD,Netherlands,2.95,V-Dem
2020,NLD,Netherlands,2.95,V-Dem
2021,NLD,Netherlands,2.95,V-Dem
2022,NLD,Netherlands,2.95,V-Dem
2023,NLD,Netherlands,2.95,V-Dem
2024,NLD,Netherlands,2.95,V-Dem
2025,NLD,Netherlands,2.95,V-Dem
1961,PAN,Panama,0.37150000000000005,V-Dem
1962,PAN,Panama,0.37150000000000005,V-Dem
1963,PAN,Panama,0.37150000000000005,V-Dem
1964,PAN,Panama,0.37150000000000005,V-Dem
1965,PAN,Panama,0.37150000000000005,V-Dem
1966,PAN,Panama,0.37150000000000005,V-Dem
1967,PAN,Panama,0.37150000000000005,V-Dem
1968,PAN,Panama,-0.7655000000000001,V-Dem
1969,PAN,Panama,-1.1905,V-Dem
1970,PAN,Panama,-1.1905,V-Dem
1971,PAN,Panama,-1.1905,V-Dem
1972,PAN,Panama,-1.1905,V-Dem
1973,PAN,Panama,-1.1905,V-Dem
1974,PAN,Panama,-1.1905,V-Dem
1975,PAN,Panama,-1.1905,V-Dem
1976,PAN,Panama,-1.1905,V-Dem
1977,PAN,Panama,-1.1905,V-Dem
1978,PAN,Panama,-1.1905,V-Dem
1979,PAN,Panama,-1.1905,V-Dem
1980,PAN,Panama,-1.544,V-Dem
1981,PAN,Panama,-1.544,V-Dem
1982,PAN,Panama,-1.7440000000000002,V-Dem
1983,PAN,Panama,-1.7440000000000002,V-Dem
1984,PAN,Panama,-1.4609999999999999,V-Dem
1985,PAN,Panama,-1.4609999999999999,V-Dem
1986,PAN,Panama,-1.756,V-Dem
1987,PAN,Panama,-1.756,V-Dem
1988,PAN,Panama,-1.756,V-Dem
1989,PAN,Panama,-1.756,V-Dem
1990,PAN,Panama,1.673,V-Dem
1991,PAN,Panama,1.673,V-Dem
1992,PAN,Panama,1.673,V-Dem
1993,PAN,Panama,1.673,V-Dem
1994,PAN,Panama,2.232,V-Dem
1995,PAN,Panama,2.232,V-Dem
1996,PAN,Panama,2.232,V-Dem
1997,PAN,Panama,2.232,V-Dem
1998,PAN,Panama,2.232,V-Dem
1999,PAN,Panama,2.232,V-Dem
2000,PAN,Panama,2.232,V-Dem
2001,PAN,Panama,2.232,V-Dem
2002,PAN,Panama,2.232,V-Dem
2003,PAN,Panama,2.232,V-Dem
2004,PAN,Panama,2.232,V-Dem
2005,PAN,Panama,2.232,V-Dem
2006,PAN,Panama,2.232,V-Dem
2007,PAN,Panama,2.232,V-Dem
2008,PAN,Panama,2.232,V-Dem
2009,PAN,Panama,2.232,V-Dem
2010,PAN,Panama,2.232,V-Dem
2011,PAN,Panama,2.232,V-Dem
2012,PAN,Panama,2.232,V-Dem
2013,PAN,Panama,2.3834999999999997,V-Dem
2014,PAN,Panama,2.3834999999999997,V-Dem
2015,PAN,Panama,2.3834999999999997,V-Dem
2016,PAN,Panama,2.3834999999999997,V-Dem
2017,PAN,Panama,2.3834999999999997,V-Dem
2018,PAN,Panama,2.206,V-Dem
2019,PAN,Panama,2.04,V-Dem
2020,PAN,Panama,2.04,V-Dem
2021,PAN,Panama,2.144,V-Dem
2022,PAN,Panama,2.2889999999999997,V-Dem
2023,PAN,Panama,2.2889999999999997,V-Dem
2024,PAN,Panama,2.2889999999999997,V-Dem
2025,PAN,Panama,2.2889999999999997,V-Dem
1961,PNG,Papua New Guinea,0.837,V-Dem
1962,PNG,Papua New Guinea,0.837,V-Dem
1963,PNG,Papua New Guinea,0.837,V-Dem
1964,PNG,Papua New Guinea,0.837,V-Dem
1965,PNG,Papua New Guinea,0.837,V-Dem
1966,PNG,Papua New Guinea,0.837,V-Dem
1967,PNG,Papua New Guinea,0.837,V-Dem
1968,PNG,Papua New Guinea,0.837,V-Dem
1969,PNG,Papua New Guinea,0.837,V-Dem
1970,PNG,Papua New Guinea,0.837,V-Dem
1971,PNG,Papua New Guinea,0.837,V-Dem
1972,PNG,Papua New Guinea,0.837,V-Dem
1973,PNG,Papua New Guinea,0.837,V-Dem
1974,PNG,Papua New Guinea,0.837,V-Dem
1975,PNG,Papua New Guinea,1.3085,V-Dem
1976,PNG,Papua New Guinea,1.3085,V-Dem
1977,PNG,Papua New Guinea,1.3085,V-Dem
1978,PNG,Papua New Guinea,1.3085,V-Dem
1979,PNG,Papua New Guinea,1.3085,V-Dem
1980,PNG,Papua New Guinea,1.3085,V-Dem
1981,PNG,Papua New Guinea,1.3085,V-Dem
1982,PNG,Papua New Guinea,1.3085,V-Dem
1983,PNG,Papua New Guinea,1.3085,V-Dem
1984,PNG,Papua New Guinea,1.3085,V-Dem
1985,PNG,Papua New Guinea,1.3085,V-Dem
1986,PNG,Papua New Guinea,1.3085,V-Dem
1987,PNG,Papua New Guinea,1.3085,V-Dem
1988,PNG,Papua New Guinea,1.3085,V-Dem
1989,PNG,Papua New Guinea,1.3085,V-Dem
1990,PNG,Papua New Guinea,1.3085,V-Dem
1991,PNG,Papua New Guinea,1.3085,V-Dem
1992,PNG,Papua New Guinea,1.3085,V-Dem
1993,PNG,Papua New Guinea,1.3085,V-Dem
1994,PNG,Papua New Guinea,1.3085,V-Dem
1995,PNG,Papua New Guinea,1.3085,V-Dem
1996,PNG,Papua New Guinea,1.3085,V-Dem
1997,PNG,Papua New Guinea,1.3085,V-Dem
1998,PNG,Papua New Guinea,1.3085,V-Dem
1999,PNG,Papua New Guinea,1.3085,V-Dem
2000,PNG,Papua New Guinea,1.3085,V-Dem
2001,PNG,Papua New Guinea,1.3085,V-Dem
2002,PNG,Papua New Guinea,1.3085,V-Dem
2003,PNG,Papua New Guinea,1.3085,V-Dem
2004,PNG,Papua New Guinea,1.3085,V-Dem
2005,PNG,Papua New Guinea,1.3085,V-Dem
2006,PNG,Papua New Guinea,1.3085,V-Dem
2007,PNG,Papua New Guinea,1.3085,V-Dem
2008,PNG,Papua New Guinea,1.3085,V-Dem
2009,PNG,Papua New Guinea,1.3085,V-Dem
2010,PNG,Papua New Guinea,1.2595,V-Dem
2011,PNG,Papua New Guinea,1.214,V-Dem
2012,PNG,Papua New Guinea,1.1525,V-Dem
2013,PNG,Papua New Guinea,1.166,V-Dem
2014,PNG,Papua New Guinea,1.166,V-Dem
2015,PNG,Papua New Guinea,1.166,V-Dem
2016,PNG,Papua New Guinea,1.174,V-Dem
2017,PNG,Papua New Guinea,1.155,V-Dem
2018,PNG,Papua New Guinea,1.2135,V-Dem
2019,PNG,Papua New Guinea,1.2135,V-Dem
2020,PNG,Papua New Guinea,1.3784999999999998,V-Dem
2021,PNG,Papua New Guinea,1.3784999999999998,V-Dem
2022,PNG,Papua New Guinea,1.3784999999999998,V-Dem
2023,PNG,Papua New Guinea,1.163,V-Dem
2024,PNG,Papua New Guinea,1.163,V-Dem
2025,PNG,Papua New Guinea,1.163,V-Dem
1961,QAT,Qatar,0.7875,V-Dem
1962,QAT,Qatar,0.7875,V-Dem
1963,QAT,Qatar,0.7875,V-Dem
1964,QAT,Qatar,0.7875,V-Dem
1965,QAT,Qatar,0.7875,V-Dem
1966,QAT,Qatar,0.7875,V-Dem
1967,QAT,Qatar,0.7875,V-Dem
1968,QAT,Qatar,0.7875,V-Dem
1969,QAT,Qatar,0.7875,V-Dem
1970,QAT,Qatar,0.808,V-Dem
1971,QAT,Qatar,0.8395,V-Dem
1972,QAT,Qatar,0.8395,V-Dem
1973,QAT,Qatar,0.8395,V-Dem
1974,QAT,Qatar,0.8395,V-Dem
1975,QAT,Qatar,0.8395,V-Dem
1976,QAT,Qatar,0.8395,V-Dem
1977,QAT,Qatar,0.8395,V-Dem
1978,QAT,Qatar,0.8395,V-Dem
1979,QAT,Qatar,0.8395,V-Dem
1980,QAT,Qatar,0.8395,V-Dem
1981,QAT,Qatar,0.8395,V-Dem
1982,QAT,Qatar,0.8395,V-Dem
1983,QAT,Qatar,0.8395,V-Dem
1984,QAT,Qatar,0.8395,V-Dem
1985,QAT,Qatar,0.8395,V-Dem
1986,QAT,Qatar,0.8395,V-Dem
1987,QAT,Qatar,0.8395,V-Dem
1988,QAT,Qatar,0.8395,V-Dem
1989,QAT,Qatar,0.8395,V-Dem
1990,QAT,Qatar,1.1400000000000001,V-Dem
1991,QAT,Qatar,1.1400000000000001,V-Dem
1992,QAT,Qatar,1.1400000000000001,V-Dem
1993,QAT,Qatar,1.1400000000000001,V-Dem
1994,QAT,Qatar,1.1665,V-Dem
1995,QAT,Qatar,1.3835000000000002,V-Dem
1996,QAT,Qatar,1.4565000000000001,V-Dem
1997,QAT,Qatar,1.4565000000000001,V-Dem
1998,QAT,Qatar,1.4565000000000001,V-Dem
1999,QAT,Qatar,1.4565000000000001,V-Dem
2000,QAT,Qatar,1.5830000000000002,V-Dem
2001,QAT,Qatar,1.5830000000000002,V-Dem
2002,QAT,Qatar,1.5830000000000002,V-Dem
2003,QAT,Qatar,1.5830000000000002,V-Dem
2004,QAT,Qatar,1.5830000000000002,V-Dem
2005,QAT,Qatar,1.5830000000000002,V-Dem
2006,QAT,Qatar,1.5830000000000002,V-Dem
2007,QAT,Qatar,1.5830000000000002,V-Dem
2008,QAT,Qatar,1.6260000000000001,V-Dem
2009,QAT,Qatar,1.6260000000000001,V-Dem
2010,QAT,Qatar,1.578,V-Dem
2011,QAT,Qatar,1.578,V-Dem
2012,QAT,Qatar,1.578,V-Dem
2013,QAT,Qatar,1.484,V-Dem
2014,QAT,Qatar,1.484,V-Dem
2015,QAT,Qatar,1.484,V-Dem
2016,QAT,Qatar,1.484,V-Dem
2017,QAT,Qatar,1.583,V-Dem
2018,QAT,Qatar,1.8035,V-Dem
2019,QAT,Qatar,1.7105,V-Dem
2020,QAT,Qatar,1.577,V-Dem
2021,QAT,Qatar,1.435,V-Dem
2022,QAT,Qatar,1.435,V-Dem
2023,QAT,Qatar,1.2885,V-Dem
2024,QAT,Qatar,1.2885,V-Dem
2025,QAT,Qatar,1.2885,V-Dem
1961,SLE,Sierra Leone,-0.2465,V-Dem
1962,SLE,Sierra Leone,0.056,V-Dem
1963,SLE,Sierra Leone,0.056,V-Dem
1964,SLE,Sierra Leone,-0.2295,V-Dem
1965,SLE,Sierra Leone,-0.41200000000000003,V-Dem
1966,SLE,Sierra Leone,-0.41200000000000003,V-Dem
1967,SLE,Sierra Leone,-0.506,V-Dem
1968,SLE,Sierra Leone,-0.927,V-Dem
1969,SLE,Sierra Leone,-0.7835000000000001,V-Dem
1970,SLE,Sierra Leone,-0.7835000000000001,V-Dem
1971,SLE,Sierra Leone,-0.7835000000000001,V-Dem
1972,SLE,Sierra Leone,-0.9915,V-Dem
1973,SLE,Sierra Leone,-0.9915,V-Dem
1974,SLE,Sierra Leone,-0.9915,V-Dem
1975,SLE,Sierra Leone,-0.9915,V-Dem
1976,SLE,Sierra Leone,-0.9915,V-Dem
1977,SLE,Sierra Leone,-0.9915,V-Dem
1978,SLE,Sierra Leone,-0.9915,V-Dem
1979,SLE,Sierra Leone,-0.9915,V-Dem
1980,SLE,Sierra Leone,-0.9915,V-Dem
1981,SLE,Sierra Leone,-0.9915,V-Dem
1982,SLE,Sierra Leone,-0.9915,V-Dem
1983,SLE,Sierra Leone,-0.9915,V-Dem
1984,SLE,Sierra Leone,-0.9915,V-Dem
1985,SLE,Sierra Leone,-0.9915,V-Dem
1986,SLE,Sierra Leone,-0.9915,V-Dem
1987,SLE,Sierra Leone,-0.9915,V-Dem
1988,SLE,Sierra Leone,-0.9915,V-Dem
1989,SLE,Sierra Leone,-0.9915,V-Dem
1990,SLE,Sierra Leone,-1.089,V-Dem
1991,SLE,Sierra Leone,-1.7089999999999999,V-Dem
1992,SLE,Sierra Leone,-2.3225,V-Dem
1993,SLE,Sierra Leone,-2.3225,V-Dem
1994,SLE,Sierra Leone,-2.3225,V-Dem
1995,SLE,Sierra Leone,-2.3225,V-Dem
1996,SLE,Sierra Leone,-1.9055,V-Dem
1997,SLE,Sierra Leone,-1.2495,V-Dem
1998,SLE,Sierra Leone,-1.407,V-Dem
1999,SLE,Sierra Leone,-1.06,V-Dem
2000,SLE,Sierra Leone,-0.7395,V-Dem
2001,SLE,Sierra Leone,-0.7395,V-Dem
2002,SLE,Sierra Leone,0.9119999999999999,V-Dem
2003,SLE,Sierra Leone,1.2189999999999999,V-Dem
2004,SLE,Sierra Leone,1.2189999999999999,V-Dem
2005,SLE,Sierra Leone,1.1415,V-Dem
2006,SLE,Sierra Leone,1.1415,V-Dem
2007,SLE,Sierra Leone,1.1415,V-Dem
2008,SLE,Sierra Leone,1.1415,V-Dem
2009,SLE,Sierra Leone,1.1415,V-Dem
2010,SLE,Sierra Leone,1.299,V-Dem
2011,SLE,Sierra Leone,1.299,V-Dem
2012,SLE,Sierra Leone,1.299,V-Dem
2013,SLE,Sierra Leone,1.016,V-Dem
2014,SLE,Sierra Leone,1.016,V-Dem
2015,SLE,Sierra Leone,1.016,V-Dem
2016,SLE,Sierra Leone,1.016,V-Dem
2017,SLE,Sierra Leone,1.15,V-Dem
2018,SLE,Sierra Leone,1.2715,V-Dem
2019,SLE,Sierra Leone,1.1615,V-Dem
2020,SLE,Sierra Leone,1.1585,V-Dem
2021,SLE,Sierra Leone,1.571,V-Dem
2022,SLE,Sierra Leone,0.9279999999999999,V-Dem
2023,SLE,Sierra Leone,1.0405,V-Dem
2024,SLE,Sierra Leone,1.0405,V-Dem
2025,SLE,Sierra Leone,0.7975000000000001,V-Dem
1961,ESP,Spain,-1.149,V-Dem
1962,ESP,Spain,-1.149,V-Dem
1963,ESP,Spain,-1.149,V-Dem
1964,ESP,Spain,-1.149,V-Dem
1965,ESP,Spain,-1.149,V-Dem
1966,ESP,Spain,-1.149,V-Dem
1967,ESP,Spain,-1.149,V-Dem
1968,ESP,Spain,-1.149,V-Dem
1969,ESP,Spain,-1.149,V-Dem
1970,ESP,Spain,-1.149,V-Dem
1971,ESP,Spain,-1.149,V-Dem
1972,ESP,Spain,-1.149,V-Dem
1973,ESP,Spain,-1.149,V-Dem
1974,ESP,Spain,-1.149,V-Dem
1975,ESP,Spain,-0.9735,V-Dem
1976,ESP,Spain,-0.513,V-Dem
1977,ESP,Spain,0.6265000000000001,V-Dem
1978,ESP,Spain,0.8275,V-Dem
1979,ESP,Spain,0.8275,V-Dem
1980,ESP,Spain,0.8275,V-Dem
1981,ESP,Spain,0.8275,V-Dem
1982,ESP,Spain,0.8275,V-Dem
1983,ESP,Spain,1.0775000000000001,V-Dem
1984,ESP,Spain,1.0775000000000001,V-Dem
1985,ESP,Spain,1.0775000000000001,V-Dem
1986,ESP,Spain,1.1644999999999999,V-Dem
1987,ESP,Spain,2.3785,V-Dem
1988,ESP,Spain,2.3785,V-Dem
1989,ESP,Spain,2.3785,V-Dem
1990,ESP,Spain,2.3785,V-Dem
1991,ESP,Spain,2.3785,V-Dem
1992,ESP,Spain,2.3785,V-Dem
1993,ESP,Spain,2.3785,V-Dem
1994,ESP,Spain,2.3785,V-Dem
1995,ESP,Spain,2.3785,V-Dem
1996,ESP,Spain,2.8085,V-Dem
1997,ESP,Spain,2.8085,V-Dem
1998,ESP,Spain,2.8085,V-Dem
1999,ESP,Spain,2.8085,V-Dem
2000,ESP,Spain,2.8085,V-Dem
2001,ESP,Spain,2.8085,V-Dem
2002,ESP,Spain,2.8085,V-Dem
2003,ESP,Spain,2.8085,V-Dem
2004,ESP,Spain,2.8085,V-Dem
2005,ESP,Spain,2.8085,V-Dem
2006,ESP,Spain,2.8085,V-Dem
2007,ESP,Spain,2.8085,V-Dem
2008,ESP,Spain,2.8085,V-Dem
2009,ESP,Spain,2.8085,V-Dem
2010,ESP,Spain,2.8085,V-Dem
2011,ESP,Spain,2.8085,V-Dem
2012,ESP,Spain,2.6879999999999997,V-Dem
2013,ESP,Spain,2.811,V-Dem
2014,ESP,Spain,2.811,V-Dem
2015,ESP,Spain,2.811,V-Dem
2016,ESP,Spain,2.811,V-Dem
2017,ESP,Spain,2.811,V-Dem
2018,ESP,Spain,2.811,V-Dem
2019,ESP,Spain,2.963,V-Dem
2020,ESP,Spain,2.963,V-Dem
2021,ESP,Spain,2.963,V-Dem
2022,ESP,Spain,2.963,V-Dem
2023,ESP,Spain,2.963,V-Dem
2024,ESP,Spain,2.963,V-Dem
2025,ESP,Spain,2.963,V-Dem
1961,SYR,Syria,-0.43,V-Dem
1962,SYR,Syria,-0.037000000000000005,V-Dem
1963,SYR,Syria,-0.6635,V-Dem
1964,SYR,Syria,-0.7144999999999999,V-Dem
1965,SYR,Syria,-0.7144999999999999,V-Dem
1966,SYR,Syria,-0.7144999999999999,V-Dem
1967,SYR,Syria,-0.7144999999999999,V-Dem
1968,SYR,Syria,-0.7144999999999999,V-Dem
1969,SYR,Syria,-0.7144999999999999,V-Dem
1970,SYR,Syria,-1.3225,V-Dem
1971,SYR,Syria,-1.843,V-Dem
1972,SYR,Syria,-1.843,V-Dem
1973,SYR,Syria,-2.1390000000000002,V-Dem
1974,SYR,Syria,-2.1390000000000002,V-Dem
1975,SYR,Syria,-2.284,V-Dem
1976,SYR,Syria,-2.237,V-Dem
1977,SYR,Syria,-2.237,V-Dem
1978,SYR,Syria,-2.4074999999999998,V-Dem
1979,SYR,Syria,-2.4074999999999998,V-Dem
1980,SYR,Syria,-2.4074999999999998,V-Dem
1981,SYR,Syria,-2.4074999999999998,V-Dem
1982,SYR,Syria,-2.4074999999999998,V-Dem
1983,SYR,Syria,-2.2175000000000002,V-Dem
1984,SYR,Syria,-2.1470000000000002,V-Dem
1985,SYR,Syria,-2.1470000000000002,V-Dem
1986,SYR,Syria,-2.1470000000000002,V-Dem
1987,SYR,Syria,-2.1470000000000002,V-Dem
1988,SYR,Syria,-2.1470000000000002,V-Dem
1989,SYR,Syria,-2.1470000000000002,V-Dem
1990,SYR,Syria,-2.0575,V-Dem
1991,SYR,Syria,-2.0575,V-Dem
1992,SYR,Syria,-2.0575,V-Dem
1993,SYR,Syria,-1.9224999999999999,V-Dem
1994,SYR,Syria,-1.9224999999999999,V-Dem
1995,SYR,Syria,-1.9224999999999999,V-Dem
1996,SYR,Syria,-1.9224999999999999,V-Dem
1997,SYR,Syria,-1.9224999999999999,V-Dem
1998,SYR,Syria,-1.9224999999999999,V-Dem
1999,SYR,Syria,-1.8165,V-Dem
2000,SYR,Syria,-1.1955,V-Dem
2001,SYR,Syria,-1.1955,V-Dem
2002,SYR,Syria,-1.1955,V-Dem
2003,SYR,Syria,-1.1955,V-Dem
2004,SYR,Syria,-1.3505,V-Dem
2005,SYR,Syria,-1.3505,V-Dem
2006,SYR,Syria,-1.3505,V-Dem
2007,SYR,Syria,-1.3505,V-Dem
2008,SYR,Syria,-1.3505,V-Dem
2009,SYR,Syria,-1.3505,V-Dem
2010,SYR,Syria,-1.3505,V-Dem
2011,SYR,Syria,-2.657,V-Dem
2012,SYR,Syria,-2.657,V-Dem
2013,SYR,Syria,-3.3045,V-Dem
2014,SYR,Syria,-3.3045,V-Dem
2015,SYR,Syria,-3.3045,V-Dem
2016,SYR,Syria,-3.3045,V-Dem
2017,SYR,Syria,-3.3045,V-Dem
2018,SYR,Syria,-3.3045,V-Dem
2019,SYR,Syria,-3.3045,V-Dem
2020,SYR,Syria,-2.9975,V-Dem
2021,SYR,Syria,-2.348,V-Dem
2022,SYR,Syria,-2.348,V-Dem
2023,SYR,Syria,-1.8199999999999998,V-Dem
2024,SYR,Syria,-1.735,V-Dem
2025,SYR,Syria,-0.288,V-Dem
1961,TUN,Tunisia,-0.6485,V-Dem
1962,TUN,Tunisia,-0.21750000000000003,V-Dem
1963,TUN,Tunisia,-0.126,V-Dem
1964,TUN,Tunisia,0.10249999999999998,V-Dem
1965,TUN,Tunisia,0.10249999999999998,V-Dem
1966,TUN,Tunisia,0.10249999999999998,V-Dem
1967,TUN,Tunisia,0.10249999999999998,V-Dem
1968,TUN,Tunisia,0.10249999999999998,V-Dem
1969,TUN,Tunisia,0.10249999999999998,V-Dem
1970,TUN,Tunisia,0.10249999999999998,V-Dem
1971,TUN,Tunisia,0.10249999999999998,V-Dem
1972,TUN,Tunisia,0.10249999999999998,V-Dem
1973,TUN,Tunisia,0.10249999999999998,V-Dem
1974,TUN,Tunisia,0.10249999999999998,V-Dem
1975,TUN,Tunisia,0.10249999999999998,V-Dem
1976,TUN,Tunisia,0.10249999999999998,V-Dem
1977,TUN,Tunisia,0.10249999999999998,V-Dem
1978,TUN,Tunisia,0.10249999999999998,V-Dem
1979,TUN,Tunisia,0.10249999999999998,V-Dem
1980,TUN,Tunisia,0.10249999999999998,V-Dem
1981,TUN,Tunisia,0.10249999999999998,V-Dem
1982,TUN,Tunisia,0.10249999999999998,V-Dem
1983,TUN,Tunisia,0.10249999999999998,V-Dem
1984,TUN,Tunisia,0.10249999999999998,V-Dem
1985,TUN,Tunisia,0.10249999999999998,V-Dem
1986,TUN,Tunisia,0.10249999999999998,V-Dem
1987,TUN,Tunisia,0.10249999999999998,V-Dem
1988,TUN,Tunisia,-0.9365,V-Dem
1989,TUN,Tunisia,-0.9365,V-Dem
1990,TUN,Tunisia,-0.9365,V-Dem
1991,TUN,Tunisia,-0.9365,V-Dem
1992,TUN,Tunisia,-0.9365,V-Dem
1993,TUN,Tunisia,-0.9365,V-Dem
1994,TUN,Tunisia,-0.9365,V-Dem
1995,TUN,Tunisia,-0.9365,V-Dem
1996,TUN,Tunisia,-0.9365,V-Dem
1997,TUN,Tunisia,-0.9365,V-Dem
1998,TUN,Tunisia,-0.9365,V-Dem
1999,TUN,Tunisia,-0.9365,V-Dem
2000,TUN,Tunisia,-0.9365,V-Dem
2001,TUN,Tunisia,-0.9365,V-Dem
2002,TUN,Tunisia,-0.9365,V-Dem
2003,TUN,Tunisia,-0.9365,V-Dem
2004,TUN,Tunisia,-0.9365,V-Dem
2005,TUN,Tunisia,-0.9365,V-Dem
2006,TUN,Tunisia,-0.9365,V-Dem
2007,TUN,Tunisia,-0.9365,V-Dem
2008,TUN,Tunisia,-0.9365,V-Dem
2009,TUN,Tunisia,-0.9365,V-Dem
2010,TUN,Tunisia,-0.9540000000000001,V-Dem
2011,TUN,Tunisia,0.5155000000000001,V-Dem
2012,TUN,Tunisia,0.595,V-Dem
2013,TUN,Tunisia,0.4765,V-Dem
2014,TUN,Tunisia,0.6154999999999999,V-Dem
2015,TUN,Tunisia,0.9595,V-Dem
2016,TUN,Tunisia,1.0154999999999998,V-Dem
2017,TUN,Tunisia,1.2245,V-Dem
2018,TUN,Tunisia,1.0175,V-Dem
2019,TUN,Tunisia,0.9285,V-Dem
2020,TUN,Tunisia,1.0575,V-Dem
2021,TUN,Tunisia,1.154,V-Dem
2022,TUN,Tunisia,1.154,V-Dem
2023,TUN,Tunisia,0.998,V-Dem
2024,TUN,Tunisia,1.406,V-Dem
2025,TUN,Tunisia,1.384,V-Dem
1961,TUR,Türkiye,-1.1295,V-Dem
1962,TUR,Türkiye,-0.598,V-Dem
1963,TUR,Türkiye,-0.598,V-Dem
1964,TUR,Türkiye,-0.598,V-Dem
1965,TUR,Türkiye,-0.598,V-Dem
1966,TUR,Türkiye,-0.48850000000000005,V-Dem
1967,TUR,Türkiye,-0.48850000000000005,V-Dem
1968,TUR,Türkiye,-0.48850000000000005,V-Dem
1969,TUR,Türkiye,-0.48850000000000005,V-Dem
1970,TUR,Türkiye,-0.5820000000000001,V-Dem
1971,TUR,Türkiye,-0.835,V-Dem
1972,TUR,Türkiye,-0.835,V-Dem
1973,TUR,Türkiye,-0.835,V-Dem
1974,TUR,Türkiye,-0.861,V-Dem
1975,TUR,Türkiye,-0.861,V-Dem
1976,TUR,Türkiye,-0.861,V-Dem
1977,TUR,Türkiye,-0.861,V-Dem
1978,TUR,Türkiye,-0.861,V-Dem
1979,TUR,Türkiye,-0.861,V-Dem
1980,TUR,Türkiye,-2.3415,V-Dem
1981,TUR,Türkiye,-2.2995,V-Dem
1982,TUR,Türkiye,-2.2995,V-Dem
1983,TUR,Türkiye,-1.4595,V-Dem
1984,TUR,Türkiye,-1.4595,V-Dem
1985,TUR,Türkiye,-1.4595,V-Dem
1986,TUR,Türkiye,-1.4595,V-Dem
1987,TUR,Türkiye,-1.288,V-Dem
1988,TUR,Türkiye,-1.288,V-Dem
1989,TUR,Türkiye,-1.288,V-Dem
1990,TUR,Türkiye,-0.729,V-Dem
1991,TUR,Türkiye,-0.729,V-Dem
1992,TUR,Türkiye,-0.729,V-Dem
1993,TUR,Türkiye,-0.729,V-Dem
1994,TUR,Türkiye,-0.729,V-Dem
1995,TUR,Türkiye,-0.729,V-Dem
1996,TUR,Türkiye,-0.6695,V-Dem
1997,TUR,Türkiye,-0.501,V-Dem
1998,TUR,Türkiye,-0.501,V-Dem
1999,TUR,Türkiye,-0.401,V-Dem
2000,TUR,Türkiye,-0.14950000000000002,V-Dem
2001,TUR,Türkiye,-0.07750000000000001,V-Dem
2002,TUR,Türkiye,0.6255,V-Dem
2003,TUR,Türkiye,0.906,V-Dem
2004,TUR,Türkiye,0.906,V-Dem
2005,TUR,Türkiye,0.906,V-Dem
2006,TUR,Türkiye,0.906,V-Dem
2007,TUR,Türkiye,0.802,V-Dem
2008,TUR,Türkiye,0.7224999999999999,V-Dem
2009,TUR,Türkiye,0.76,V-Dem
2010,TUR,Türkiye,0.578,V-Dem
2011,TUR,Türkiye,0.578,V-Dem
2012,TUR,Türkiye,0.5695,V-Dem
2013,TUR,Türkiye,0.013000000000000001,V-Dem
2014,TUR,Türkiye,0.269,V-Dem
2015,TUR,Türkiye,0.009500000000000008,V-Dem
2016,TUR,Türkiye,-0.7230000000000001,V-Dem
2017,TUR,Türkiye,-0.563,V-Dem
2018,TUR,Türkiye,-0.473,V-Dem
2019,TUR,Türkiye,-0.26250000000000007,V-Dem
2020,TUR,Türkiye,-0.3465,V-Dem
2021,TUR,Türkiye,-0.4175,V-Dem
2022,TUR,Türkiye,-0.36350000000000005,V-Dem
2023,TUR,Türkiye,-0.10349999999999998,V-Dem
2024,TUR,Türkiye,0.01699999999999996,V-Dem
2025,TUR,Türkiye,0.01699999999999996,V-Dem
1990,UKR,Ukraine,0.695,V-Dem
1991,UKR,Ukraine,0.921,V-Dem
1992,UKR,Ukraine,0.9969999999999999,V-Dem
1993,UKR,Ukraine,0.7335,V-Dem
1994,UKR,Ukraine,0.7335,V-Dem
1995,UKR,Ukraine,0.574,V-Dem
1996,UKR,Ukraine,0.19749999999999998,V-Dem
1997,UKR,Ukraine,0.19749999999999998,V-Dem
1998,UKR,Ukraine,0.148,V-Dem
1999,UKR,Ukraine,-0.1245,V-Dem
2000,UKR,Ukraine,-0.012499999999999997,V-Dem
2001,UKR,Ukraine,0.1555,V-Dem
2002,UKR,Ukraine,0.38649999999999995,V-Dem
2003,UKR,Ukraine,0.302,V-Dem
2004,UKR,Ukraine,0.392,V-Dem
2005,UKR,Ukraine,0.6655,V-Dem
2006,UKR,Ukraine,1.0110000000000001,V-Dem
2007,UKR,Ukraine,1.0110000000000001,V-Dem
2008,UKR,Ukraine,1.115,V-Dem
2009,UKR,Ukraine,1.115,V-Dem
2010,UKR,Ukraine,0.5545,V-Dem
2011,UKR,Ukraine,0.732,V-Dem
2012,UKR,Ukraine,0.732,V-Dem
2013,UKR,Ukraine,0.2875,V-Dem
2014,UKR,Ukraine,-0.2905,V-Dem
2015,UKR,Ukraine,-0.152,V-Dem
2016,UKR,Ukraine,0.08700000000000002,V-Dem
2017,UKR,Ukraine,0.16649999999999998,V-Dem
2018,UKR,Ukraine,0.3155,V-Dem
2019,UKR,Ukraine,0.741,V-Dem
2020,UKR,Ukraine,0.9025000000000001,V-Dem
2021,UKR,Ukraine,0.8755,V-Dem
2022,UKR,Ukraine,0.46499999999999997,V-Dem
2023,UKR,Ukraine,0.477,V-Dem
2024,UKR,Ukraine,0.468,V-Dem
2025,UKR,Ukraine,0.733,V-Dem
1961,GBR,United Kingdom,1.4125,V-Dem
1962,GBR,United Kingdom,1.4125,V-Dem
1963,GBR,United Kingdom,1.4125,V-Dem
1964,GBR,United Kingdom,1.4125,V-Dem
1965,GBR,United Kingdom,1.4125,V-Dem
1966,GBR,United Kingdom,1.4125,V-Dem
1967,GBR,United Kingdom,1.4125,V-Dem
1968,GBR,United Kingdom,1.124,V-Dem
1969,GBR,United Kingdom,1.124,V-Dem
1970,GBR,United Kingdom,0.9410000000000001,V-Dem
1971,GBR,United Kingdom,0.9410000000000001,V-Dem
1972,GBR,United Kingdom,0.9410000000000001,V-Dem
1973,GBR,United Kingdom,0.9410000000000001,V-Dem
1974,GBR,United Kingdom,0.9410000000000001,V-Dem
1975,GBR,United Kingdom,0.9410000000000001,V-Dem
1976,GBR,United Kingdom,0.9410000000000001,V-Dem
1977,GBR,United Kingdom,0.9410000000000001,V-Dem
1978,GBR,United Kingdom,0.9410000000000001,V-Dem
1979,GBR,United Kingdom,0.9410000000000001,V-Dem
1980,GBR,United Kingdom,0.9410000000000001,V-Dem
1981,GBR,United Kingdom,0.9410000000000001,V-Dem
1982,GBR,United Kingdom,0.9410000000000001,V-Dem
1983,GBR,United Kingdom,0.9410000000000001,V-Dem
1984,GBR,United Kingdom,0.9410000000000001,V-Dem
1985,GBR,United Kingdom,0.9410000000000001,V-Dem
1986,GBR,United Kingdom,0.9410000000000001,V-Dem
1987,GBR,United Kingdom,0.9410000000000001,V-Dem
1988,GBR,United Kingdom,0.9410000000000001,V-Dem
1989,GBR,United Kingdom,0.9410000000000001,V-Dem
1990,GBR,United Kingdom,1.4135,V-Dem
1991,GBR,United Kingdom,1.4135,V-Dem
1992,GBR,United Kingdom,1.4135,V-Dem
1993,GBR,United Kingdom,1.4135,V-Dem
1994,GBR,United Kingdom,1.816,V-Dem
1995,GBR,United Kingdom,1.816,V-Dem
1996,GBR,United Kingdom,1.816,V-Dem
1997,GBR,United Kingdom,1.816,V-Dem
1998,GBR,United Kingdom,2.4859999999999998,V-Dem
1999,GBR,United Kingdom,3.008,V-Dem
2000,GBR,United Kingdom,3.008,V-Dem
2001,GBR,United Kingdom,2.6185,V-Dem
2002,GBR,United Kingdom,2.6425,V-Dem
2003,GBR,United Kingdom,2.6425,V-Dem
2004,GBR,United Kingdom,2.6425,V-Dem
2005,GBR,United Kingdom,2.6425,V-Dem
2006,GBR,United Kingdom,2.6425,V-Dem
2007,GBR,United Kingdom,2.6425,V-Dem
2008,GBR,United Kingdom,2.6425,V-Dem
2009,GBR,United Kingdom,2.6425,V-Dem
2010,GBR,United Kingdom,2.6425,V-Dem
2011,GBR,United Kingdom,2.6425,V-Dem
2012,GBR,United Kingdom,2.411,V-Dem
2013,GBR,United Kingdom,2.1585,V-Dem
2014,GBR,United Kingdom,2.1585,V-Dem
2015,GBR,United Kingdom,2.1585,V-Dem
2016,GBR,United Kingdom,2.1585,V-Dem
2017,GBR,United Kingdom,2.1585,V-Dem
2018,GBR,United Kingdom,2.1585,V-Dem
2019,GBR,United Kingdom,2.0535,V-Dem
2020,GBR,United Kingdom,2.1125,V-Dem
2021,GBR,United Kingdom,1.892,V-Dem
2022,GBR,United Kingdom,1.892,V-Dem
2023,GBR,United Kingdom,1.892,V-Dem
2024,GBR,United Kingdom,1.892,V-Dem
2025,GBR,United Kingdom,1.892,V-Dem
1961,URY,Uruguay,1.9835,V-Dem
1962,URY,Uruguay,1.9835,V-Dem
1963,URY,Uruguay,1.9835,V-Dem
1964,URY,Uruguay,1.9835,V-Dem
1965,URY,Uruguay,1.9545,V-Dem
1966,URY,Uruguay,1.99,V-Dem
1967,URY,Uruguay,2.047,V-Dem
1968,URY,Uruguay,0.567,V-Dem
1969,URY,Uruguay,0.567,V-Dem
1970,URY,Uruguay,-0.27599999999999997,V-Dem
1971,URY,Uruguay,-0.8775,V-Dem
1972,URY,Uruguay,-1.919,V-Dem
1973,URY,Uruguay,-2.707,V-Dem
1974,URY,Uruguay,-2.707,V-Dem
1975,URY,Uruguay,-2.707,V-Dem
1976,URY,Uruguay,-2.707,V-Dem
1977,URY,Uruguay,-2.707,V-Dem
1978,URY,Uruguay,-2.707,V-Dem
1979,URY,Uruguay,-2.707,V-Dem
1980,URY,Uruguay,-2.3615,V-Dem
1981,URY,Uruguay,-2.3615,V-Dem
1982,URY,Uruguay,-2.3615,V-Dem
1983,URY,Uruguay,-2.3615,V-Dem
1984,URY,Uruguay,-1.3375000000000001,V-Dem
1985,URY,Uruguay,0.8165,V-Dem
1986,URY,Uruguay,2.6435000000000004,V-Dem
1987,URY,Uruguay,2.6565000000000003,V-Dem
1988,URY,Uruguay,2.6565000000000003,V-Dem
1989,URY,Uruguay,2.6565000000000003,V-Dem
1990,URY,Uruguay,2.6565000000000003,V-Dem
1991,URY,Uruguay,2.6565000000000003,V-Dem
1992,URY,Uruguay,2.6565000000000003,V-Dem
1993,URY,Uruguay,2.6565000000000003,V-Dem
1994,URY,Uruguay,2.207,V-Dem
1995,URY,Uruguay,2.207,V-Dem
1996,URY,Uruguay,2.95,V-Dem
1997,URY,Uruguay,2.95,V-Dem
1998,URY,Uruguay,2.95,V-Dem
1999,URY,Uruguay,2.95,V-Dem
2000,URY,Uruguay,2.95,V-Dem
2001,URY,Uruguay,2.95,V-Dem
2002,URY,Uruguay,2.95,V-Dem
2003,URY,Uruguay,2.95,V-Dem
2004,URY,Uruguay,2.95,V-Dem
2005,URY,Uruguay,2.95,V-Dem
2006,URY,Uruguay,2.95,V-Dem
2007,URY,Uruguay,2.95,V-Dem
2008,URY,Uruguay,2.95,V-Dem
2009,URY,Uruguay,2.95,V-Dem
2010,URY,Uruguay,2.95,V-Dem
2011,URY,Uruguay,2.95,V-Dem
2012,URY,Uruguay,2.95,V-Dem
2013,URY,Uruguay,2.399,V-Dem
2014,URY,Uruguay,2.399,V-Dem
2015,URY,Uruguay,2.399,V-Dem
2016,URY,Uruguay,2.399,V-Dem
2017,URY,Uruguay,3.0475,V-Dem
2018,URY,Uruguay,3.0475,V-Dem
2019,URY,Uruguay,3.0475,V-Dem
2020,URY,Uruguay,3.0475,V-Dem
2021,URY,Uruguay,2.6870000000000003,V-Dem
2022,URY,Uruguay,2.682,V-Dem
2023,URY,Uruguay,2.682,V-Dem
2024,URY,Uruguay,2.6109999999999998,V-Dem
2025,URY,Uruguay,2.964,V-Dem
1961,DZA,Algeria,-1.5965,V-Dem
1962,DZA,Algeria,-1.5965,V-Dem
1963,DZA,Algeria,-0.052500000000000005,V-Dem
1964,DZA,Algeria,-0.052500000000000005,V-Dem
1965,DZA,Algeria,-0.10450000000000001,V-Dem
1966,DZA,Algeria,-0.10450000000000001,V-Dem
1967,DZA,Algeria,-0.10450000000000001,V-Dem
1968,DZA,Algeria,-0.10450000000000001,V-Dem
1969,DZA,Algeria,-0.10450000000000001,V-Dem
1970,DZA,Algeria,-0.10450000000000001,V-Dem
1971,DZA,Algeria,-0.10450000000000001,V-Dem
1972,DZA,Algeria,-0.10450000000000001,V-Dem
1973,DZA,Algeria,-0.10450000000000001,V-Dem
1974,DZA,Algeria,-0.10450000000000001,V-Dem
1975,DZA,Algeria,-0.10450000000000001,V-Dem
1976,DZA,Algeria,-0.10450000000000001,V-Dem
1977,DZA,Algeria,-0.10450000000000001,V-Dem
1978,DZA,Algeria,-0.10450000000000001,V-Dem
1979,DZA,Algeria,0.245,V-Dem
1980,DZA,Algeria,0.245,V-Dem
1981,DZA,Algeria,0.245,V-Dem
1982,DZA,Algeria,0.245,V-Dem
1983,DZA,Algeria,0.245,V-Dem
1984,DZA,Algeria,0.245,V-Dem
1985,DZA,Algeria,0.245,V-Dem
1986,DZA,Algeria,0.245,V-Dem
1987,DZA,Algeria,0.245,V-Dem
1988,DZA,Algeria,0.245,V-Dem
1989,DZA,Algeria,0.056499999999999995,V-Dem
1990,DZA,Algeria,-0.423,V-Dem
1991,DZA,Algeria,-0.3175,V-Dem
1992,DZA,Algeria,-0.3175,V-Dem
1993,DZA,Algeria,-0.3175,V-Dem
1994,DZA,Algeria,-0.3175,V-Dem
1995,DZA,Algeria,-0.3175,V-Dem
1996,DZA,Algeria,-0.3175,V-Dem
1997,DZA,Algeria,-0.3175,V-Dem
1998,DZA,Algeria,-0.3175,V-Dem
1999,DZA,Algeria,0.923,V-Dem
2000,DZA,Algeria,0.923,V-Dem
2001,DZA,Algeria,0.923,V-Dem
2002,DZA,Algeria,0.923,V-Dem
2003,DZA,Algeria,0.923,V-Dem
2004,DZA,Algeria,0.923,V-Dem
2005,DZA,Algeria,0.8960000000000001,V-Dem
2006,DZA,Algeria,0.8960000000000001,V-Dem
2007,DZA,Algeria,0.8960000000000001,V-Dem
2008,DZA,Algeria,0.8960000000000001,V-Dem
2009,DZA,Algeria,0.8960000000000001,V-Dem
2010,DZA,Algeria,0.8960000000000001,V-Dem
2011,DZA,Algeria,0.9655,V-Dem
2012,DZA,Algeria,1.0105,V-Dem
2013,DZA,Algeria,1.0105,V-Dem
2014,DZA,Algeria,1.0105,V-Dem
2015,DZA,Algeria,1.0105,V-Dem
2016,DZA,Algeria,0.3265,V-Dem
2017,DZA,Algeria,0.6065,V-Dem
2018,DZA,Algeria,0.6065,V-Dem
2019,DZA,Algeria,0.839,V-Dem
2020,DZA,Algeria,0.486,V-Dem
2021,DZA,Algeria,0.2745,V-Dem
2022,DZA,Algeria,-0.219,V-Dem
2023,DZA,Algeria,-0.124,V-Dem
2024,DZA,Algeria,-0.035,V-Dem
2025,DZA,Algeria,-0.035,V-Dem
1961,AGO,Angola,-2.561,V-Dem
1962,AGO,Angola,-2.561,V-Dem
1963,AGO,Angola,-2.561,V-Dem
1964,AGO,Angola,-2.561,V-Dem
1965,AGO,Angola,-2.561,V-Dem
1966,AGO,Angola,-2.561,V-Dem
1967,AGO,Angola,-2.561,V-Dem
1968,AGO,Angola,-2.287,V-Dem
1969,AGO,Angola,-2.287,V-Dem
1970,AGO,Angola,-2.287,V-Dem
1971,AGO,Angola,-2.287,V-Dem
1972,AGO,Angola,-2.287,V-Dem
1973,AGO,Angola,-2.287,V-Dem
1974,AGO,Angola,-2.287,V-Dem
1975,AGO,Angola,-1.5655000000000001,V-Dem
1976,AGO,Angola,-2.0445,V-Dem
1977,AGO,Angola,-2.0445,V-Dem
1978,AGO,Angola,-2.0445,V-Dem
1979,AGO,Angola,-2.0445,V-Dem
1980,AGO,Angola,-2.0445,V-Dem
1981,AGO,Angola,-2.0445,V-Dem
1982,AGO,Angola,-2.0445,V-Dem
1983,AGO,Angola,-2.0445,V-Dem
1984,AGO,Angola,-2.0445,V-Dem
1985,AGO,Angola,-2.0445,V-Dem
1986,AGO,Angola,-2.0445,V-Dem
1987,AGO,Angola,-2.0445,V-Dem
1988,AGO,Angola,-2.0445,V-Dem
1989,AGO,Angola,-2.0445,V-Dem
1990,AGO,Angola,-1.466,V-Dem
1991,AGO,Angola,-1.5505,V-Dem
1992,AGO,Angola,-1.464,V-Dem
1993,AGO,Angola,-1.3765,V-Dem
1994,AGO,Angola,-1.3765,V-Dem
1995,AGO,Angola,-1.3765,V-Dem
1996,AGO,Angola,-1.3765,V-Dem
1997,AGO,Angola,-1.3765,V-Dem
1998,AGO,Angola,-1.3765,V-Dem
1999,AGO,Angola,-1.3765,V-Dem
2000,AGO,Angola,-1.3765,V-Dem
2001,AGO,Angola,-1.3765,V-Dem
2002,AGO,Angola,-1.466,V-Dem
2003,AGO,Angola,-0.6819999999999999,V-Dem
2004,AGO,Angola,-0.5365,V-Dem
2005,AGO,Angola,-0.3795,V-Dem
2006,AGO,Angola,-0.3795,V-Dem
2007,AGO,Angola,-0.247,V-Dem
2008,AGO,Angola,-0.247,V-Dem
2009,AGO,Angola,-0.247,V-Dem
2010,AGO,Angola,-0.247,V-Dem
2011,AGO,Angola,-0.247,V-Dem
2012,AGO,Angola,-0.247,V-Dem
2013,AGO,Angola,-0.2525,V-Dem
2014,AGO,Angola,-0.2525,V-Dem
2015,AGO,Angola,-0.2525,V-Dem
2016,AGO,Angola,-0.2525,V-Dem
2017,AGO,Angola,-0.005999999999999978,V-Dem
2018,AGO,Angola,0.4335,V-Dem
2019,AGO,Angola,0.5005000000000001,V-Dem
2020,AGO,Angola,0.5005000000000001,V-Dem
2021,AGO,Angola,0.47200000000000003,V-Dem
2022,AGO,Angola,0.5990000000000001,V-Dem
2023,AGO,Angola,0.5990000000000001,V-Dem
2024,AGO,Angola,0.806,V-Dem
2025,AGO,Angola,0.7415,V-Dem
1990,ARM,Armenia,0.4905,V-Dem
1991,ARM,Armenia,0.597,V-Dem
1992,ARM,Armenia,0.2545,V-Dem
1993,ARM,Armenia,-0.10600000000000001,V-Dem
1994,ARM,Armenia,-0.10100000000000003,V-Dem
1995,ARM,Armenia,-0.09900000000000003,V-Dem
1996,ARM,Armenia,-0.015000000000000013,V-Dem
1997,ARM,Armenia,-0.07550000000000001,V-Dem
1998,ARM,Armenia,-0.199,V-Dem
1999,ARM,Armenia,-0.2635,V-Dem
2000,ARM,Armenia,-0.13349999999999995,V-Dem
2001,ARM,Armenia,0.1305,V-Dem
2002,ARM,Armenia,0.1285,V-Dem
2003,ARM,Armenia,0.1235,V-Dem
2004,ARM,Armenia,-0.15150000000000002,V-Dem
2005,ARM,Armenia,0.391,V-Dem
2006,ARM,Armenia,0.391,V-Dem
2007,ARM,Armenia,0.391,V-Dem
2008,ARM,Armenia,-0.20400000000000001,V-Dem
2009,ARM,Armenia,0.887,V-Dem
2010,ARM,Armenia,1.094,V-Dem
2011,ARM,Armenia,1.094,V-Dem
2012,ARM,Armenia,1.094,V-Dem
2013,ARM,Armenia,1.1975,V-Dem
2014,ARM,Armenia,1.1975,V-Dem
2015,ARM,Armenia,1.1975,V-Dem
2016,ARM,Armenia,1.1840000000000002,V-Dem
2017,ARM,Armenia,1.2065000000000001,V-Dem
2018,ARM,Armenia,2.09,V-Dem
2019,ARM,Armenia,2.152,V-Dem
2020,ARM,Armenia,2.152,V-Dem
2021,ARM,Armenia,1.83,V-Dem
2022,ARM,Armenia,2.0085,V-Dem
2023,ARM,Armenia,1.428,V-Dem
2024,ARM,Armenia,1.3375,V-Dem
2025,ARM,Armenia,1.209,V-Dem
1990,AZE,Azerbaijan,-1.1055000000000001,V-Dem
1991,AZE,Azerbaijan,0.11249999999999999,V-Dem
1992,AZE,Azerbaijan,0.188,V-Dem
1993,AZE,Azerbaijan,0.2395,V-Dem
1994,AZE,Azerbaijan,-1.1395,V-Dem
1995,AZE,Azerbaijan,-1.1395,V-Dem
1996,AZE,Azerbaijan,-0.6164999999999999,V-Dem
1997,AZE,Azerbaijan,-0.6164999999999999,V-Dem
1998,AZE,Azerbaijan,-0.6164999999999999,V-Dem
1999,AZE,Azerbaijan,-0.6164999999999999,V-Dem
2000,AZE,Azerbaijan,-0.6164999999999999,V-Dem
2001,AZE,Azerbaijan,-0.6164999999999999,V-Dem
2002,AZE,Azerbaijan,-0.6164999999999999,V-Dem
2003,AZE,Azerbaijan,-0.9259999999999999,V-Dem
2004,AZE,Azerbaijan,-0.20199999999999996,V-Dem
2005,AZE,Azerbaijan,-0.39849999999999997,V-Dem
2006,AZE,Azerbaijan,-0.539,V-Dem
2007,AZE,Azerbaijan,-0.539,V-Dem
2008,AZE,Azerbaijan,-0.539,V-Dem
2009,AZE,Azerbaijan,-0.4255,V-Dem
2010,AZE,Azerbaijan,-0.4255,V-Dem
2011,AZE,Azerbaijan,-0.5405,V-Dem
2012,AZE,Azerbaijan,-0.5405,V-Dem
2013,AZE,Azerbaijan,-0.025000000000000022,V-Dem
2014,AZE,Azerbaijan,-0.025000000000000022,V-Dem
2015,AZE,Azerbaijan,-0.0605,V-Dem
2016,AZE,Azerbaijan,-0.2685,V-Dem
2017,AZE,Azerbaijan,0.045999999999999985,V-Dem
2018,AZE,Azerbaijan,-0.28400000000000003,V-Dem
2019,AZE,Azerbaijan,-0.04400000000000004,V-Dem
2020,AZE,Azerbaijan,-0.09550000000000003,V-Dem
2021,AZE,Azerbaijan,-0.09850000000000003,V-Dem
2022,AZE,Azerbaijan,-0.5265,V-Dem
2023,AZE,Azerbaijan,-0.38199999999999995,V-Dem
2024,AZE,Azerbaijan,-0.372,V-Dem
2025,AZE,Azerbaijan,-0.424,V-Dem
1990,BLR,Belarus,1.0755000000000001,V-Dem
1991,BLR,Belarus,1.2650000000000001,V-Dem
1992,BLR,Belarus,1.4400000000000002,V-Dem
1993,BLR,Belarus,1.4400000000000002,V-Dem
1994,BLR,Belarus,1.2765000000000002,V-Dem
1995,BLR,Belarus,0.9049999999999999,V-Dem
1996,BLR,Belarus,-0.1895,V-Dem
1997,BLR,Belarus,0.47250000000000003,V-Dem
1998,BLR,Belarus,0.47250000000000003,V-Dem
1999,BLR,Belarus,-1.479,V-Dem
2000,BLR,Belarus,-0.7290000000000001,V-Dem
2001,BLR,Belarus,0.665,V-Dem
2002,BLR,Belarus,0.665,V-Dem
2003,BLR,Belarus,0.665,V-Dem
2004,BLR,Belarus,0.665,V-Dem
2005,BLR,Belarus,0.665,V-Dem
2006,BLR,Belarus,0.665,V-Dem
2007,BLR,Belarus,0.665,V-Dem
2008,BLR,Belarus,0.665,V-Dem
2009,BLR,Belarus,0.665,V-Dem
2010,BLR,Belarus,0.453,V-Dem
2011,BLR,Belarus,0.6345000000000001,V-Dem
2012,BLR,Belarus,0.6119999999999999,V-Dem
2013,BLR,Belarus,0.732,V-Dem
2014,BLR,Belarus,0.732,V-Dem
2015,BLR,Belarus,0.732,V-Dem
2016,BLR,Belarus,0.8029999999999999,V-Dem
2017,BLR,Belarus,0.9239999999999999,V-Dem
2018,BLR,Belarus,1.1364999999999998,V-Dem
2019,BLR,Belarus,1.1364999999999998,V-Dem
2020,BLR,Belarus,-2.001,V-Dem
2021,BLR,Belarus,-1.6225,V-Dem
2022,BLR,Belarus,-1.586,V-Dem
2023,BLR,Belarus,-1.586,V-Dem
2024,BLR,Belarus,-1.586,V-Dem
2025,BLR,Belarus,-1.4525000000000001,V-Dem
1961,CMR,Cameroon,-2.07,V-Dem
1962,CMR,Cameroon,-2.07,V-Dem
1963,CMR,Cameroon,-2.07,V-Dem
1964,CMR,Cameroon,-2.07,V-Dem
1965,CMR,Cameroon,-2.07,V-Dem
1966,CMR,Cameroon,-2.07,V-Dem
1967,CMR,Cameroon,-2.07,V-Dem
1968,CMR,Cameroon,-2.07,V-Dem
1969,CMR,Cameroon,-2.07,V-Dem
1970,CMR,Cameroon,-2.07,V-Dem
1971,CMR,Cameroon,-2.1414999999999997,V-Dem
1972,CMR,Cameroon,-2.081,V-Dem
1973,CMR,Cameroon,-2.146,V-Dem
1974,CMR,Cameroon,-2.146,V-Dem
1975,CMR,Cameroon,-2.0745,V-Dem
1976,CMR,Cameroon,-2.0745,V-Dem
1977,CMR,Cameroon,-2.136,V-Dem
1978,CMR,Cameroon,-2.136,V-Dem
1979,CMR,Cameroon,-2.136,V-Dem
1980,CMR,Cameroon,-1.45,V-Dem
1981,CMR,Cameroon,-1.45,V-Dem
1982,CMR,Cameroon,-0.4525,V-Dem
1983,CMR,Cameroon,-0.009500000000000008,V-Dem
1984,CMR,Cameroon,-0.027999999999999997,V-Dem
1985,CMR,Cameroon,-0.027999999999999997,V-Dem
1986,CMR,Cameroon,-0.027999999999999997,V-Dem
1987,CMR,Cameroon,-0.027999999999999997,V-Dem
1988,CMR,Cameroon,-0.027999999999999997,V-Dem
1989,CMR,Cameroon,-0.027999999999999997,V-Dem
1990,CMR,Cameroon,-0.1735,V-Dem
1991,CMR,Cameroon,-0.1735,V-Dem
1992,CMR,Cameroon,-0.1735,V-Dem
1993,CMR,Cameroon,0.195,V-Dem
1994,CMR,Cameroon,0.1755,V-Dem
1995,CMR,Cameroon,0.191,V-Dem
1996,CMR,Cameroon,0.191,V-Dem
1997,CMR,Cameroon,-0.057499999999999996,V-Dem
1998,CMR,Cameroon,0.1935,V-Dem
1999,CMR,Cameroon,0.1935,V-Dem
2000,CMR,Cameroon,0.3195,V-Dem
2001,CMR,Cameroon,0.34750000000000003,V-Dem
2002,CMR,Cameroon,0.10099999999999998,V-Dem
2003,CMR,Cameroon,0.10099999999999998,V-Dem
2004,CMR,Cameroon,0.1175,V-Dem
2005,CMR,Cameroon,0.352,V-Dem
2006,CMR,Cameroon,0.352,V-Dem
2007,CMR,Cameroon,0.34299999999999997,V-Dem
2008,CMR,Cameroon,0.203,V-Dem
2009,CMR,Cameroon,0.3465,V-Dem
2010,CMR,Cameroon,0.21549999999999997,V-Dem
2011,CMR,Cameroon,0.22349999999999998,V-Dem
2012,CMR,Cameroon,0.22349999999999998,V-Dem
2013,CMR,Cameroon,0.20600000000000002,V-Dem
2014,CMR,Cameroon,0.20600000000000002,V-Dem
2015,CMR,Cameroon,0.191,V-Dem
2016,CMR,Cameroon,0.019500000000000017,V-Dem
2017,CMR,Cameroon,-0.18499999999999994,V-Dem
2018,CMR,Cameroon,-0.22449999999999998,V-Dem
2019,CMR,Cameroon,-0.19149999999999995,V-Dem
2020,CMR,Cameroon,-0.22400000000000003,V-Dem
2021,CMR,Cameroon,-0.16349999999999998,V-Dem
2022,CMR,Cameroon,-0.1935,V-Dem
2023,CMR,Cameroon,-0.259,V-Dem
2024,CMR,Cameroon,-0.28,V-Dem
2025,CMR,Cameroon,-0.218,V-Dem
1961,TCD,Chad,-1.2069999999999999,V-Dem
1962,TCD,Chad,-1.2069999999999999,V-Dem
1963,TCD,Chad,-1.2069999999999999,V-Dem
1964,TCD,Chad,-1.415,V-Dem
1965,TCD,Chad,-1.415,V-Dem
1966,TCD,Chad,-1.415,V-Dem
1967,TCD,Chad,-1.415,V-Dem
1968,TCD,Chad,-1.415,V-Dem
1969,TCD,Chad,-1.415,V-Dem
1970,TCD,Chad,-1.5305,V-Dem
1971,TCD,Chad,-1.5305,V-Dem
1972,TCD,Chad,-1.5305,V-Dem
1973,TCD,Chad,-1.5305,V-Dem
1974,TCD,Chad,-1.5305,V-Dem
1975,TCD,Chad,-1.5305,V-Dem
1976,TCD,Chad,-1.5305,V-Dem
1977,TCD,Chad,-1.5305,V-Dem
1978,TCD,Chad,-1.5305,V-Dem
1979,TCD,Chad,-1.7654999999999998,V-Dem
1980,TCD,Chad,-2.1315,V-Dem
1981,TCD,Chad,-2.4764999999999997,V-Dem
1982,TCD,Chad,-2.7664999999999997,V-Dem
1983,TCD,Chad,-2.7664999999999997,V-Dem
1984,TCD,Chad,-2.7664999999999997,V-Dem
1985,TCD,Chad,-2.7664999999999997,V-Dem
1986,TCD,Chad,-2.7664999999999997,V-Dem
1987,TCD,Chad,-2.7664999999999997,V-Dem
1988,TCD,Chad,-2.7664999999999997,V-Dem
1989,TCD,Chad,-2.7664999999999997,V-Dem
1990,TCD,Chad,-2.2945,V-Dem
1991,TCD,Chad,-1.49,V-Dem
1992,TCD,Chad,-1.49,V-Dem
1993,TCD,Chad,-1.49,V-Dem
1994,TCD,Chad,-1.49,V-Dem
1995,TCD,Chad,-1.49,V-Dem
1996,TCD,Chad,-1.49,V-Dem
1997,TCD,Chad,-1.49,V-Dem
1998,TCD,Chad,-1.49,V-Dem
1999,TCD,Chad,-1.49,V-Dem
2000,TCD,Chad,-1.49,V-Dem
2001,TCD,Chad,-1.49,V-Dem
2002,TCD,Chad,-1.49,V-Dem
2003,TCD,Chad,-1.49,V-Dem
2004,TCD,Chad,-1.49,V-Dem
2005,TCD,Chad,-1.49,V-Dem
2006,TCD,Chad,-1.49,V-Dem
2007,TCD,Chad,-1.596,V-Dem
2008,TCD,Chad,-1.596,V-Dem
2009,TCD,Chad,-1.556,V-Dem
2010,TCD,Chad,-1.3765,V-Dem
2011,TCD,Chad,-1.3445,V-Dem
2012,TCD,Chad,-1.3445,V-Dem
2013,TCD,Chad,-1.3445,V-Dem
2014,TCD,Chad,-1.4585,V-Dem
2015,TCD,Chad,-1.4585,V-Dem
2016,TCD,Chad,-1.4585,V-Dem
2017,TCD,Chad,-1.4585,V-Dem
2018,TCD,Chad,-1.397,V-Dem
2019,TCD,Chad,-1.3535,V-Dem
2020,TCD,Chad,-1.517,V-Dem
2021,TCD,Chad,-1.517,V-Dem
2022,TCD,Chad,-2.0725,V-Dem
2023,TCD,Chad,-2.0725,V-Dem
2024,TCD,Chad,-2.0725,V-Dem
2025,TCD,Chad,-2.0725,V-Dem
1961,CHN,China,-1.423,V-Dem
1962,CHN,China,-1.423,V-Dem
1963,CHN,China,-1.423,V-Dem
1964,CHN,China,-1.423,V-Dem
1965,CHN,China,-1.423,V-Dem
1966,CHN,China,-2.0905,V-Dem
1967,CHN,China,-2.0905,V-Dem
1968,CHN,China,-2.0905,V-Dem
1969,CHN,China,-2.0905,V-Dem
1970,CHN,China,-1.9725,V-Dem
1971,CHN,China,-1.9725,V-Dem
1972,CHN,China,-1.8365,V-Dem
1973,CHN,China,-1.8365,V-Dem
1974,CHN,China,-1.8365,V-Dem
1975,CHN,China,-1.8365,V-Dem
1976,CHN,China,-1.8365,V-Dem
1977,CHN,China,-1.4615,V-Dem
1978,CHN,China,-0.9155,V-Dem
1979,CHN,China,-0.22150000000000003,V-Dem
1980,CHN,China,-0.22150000000000003,V-Dem
1981,CHN,China,-0.21550000000000002,V-Dem
1982,CHN,China,-0.21550000000000002,V-Dem
1983,CHN,China,-0.21550000000000002,V-Dem
1984,CHN,China,-0.21550000000000002,V-Dem
1985,CHN,China,-0.21550000000000002,V-Dem
1986,CHN,China,-0.21550000000000002,V-Dem
1987,CHN,China,-0.21550000000000002,V-Dem
1988,CHN,China,-0.21550000000000002,V-Dem
1989,CHN,China,-0.47650000000000003,V-Dem
1990,CHN,China,-0.425,V-Dem
1991,CHN,China,-0.425,V-Dem
1992,CHN,China,-0.2975,V-Dem
1993,CHN,China,-0.2975,V-Dem
1994,CHN,China,-0.2975,V-Dem
1995,CHN,China,-0.2975,V-Dem
1996,CHN,China,-0.2505,V-Dem
1997,CHN,China,-0.2505,V-Dem
1998,CHN,China,-0.2505,V-Dem
1999,CHN,China,-0.2505,V-Dem
2000,CHN,China,-0.2505,V-Dem
2001,CHN,China,-0.243,V-Dem
2002,CHN,China,-0.243,V-Dem
2003,CHN,China,-0.065,V-Dem
2004,CHN,China,-0.065,V-Dem
2005,CHN,China,-0.056999999999999995,V-Dem
2006,CHN,China,-0.056999999999999995,V-Dem
2007,CHN,China,-0.056999999999999995,V-Dem
2008,CHN,China,-0.056999999999999995,V-Dem
2009,CHN,China,-0.11699999999999999,V-Dem
2010,CHN,China,-0.11699999999999999,V-Dem
2011,CHN,China,-0.17149999999999999,V-Dem
2012,CHN,China,-0.11249999999999999,V-Dem
2013,CHN,China,-0.1865,V-Dem
2014,CHN,China,-0.3085,V-Dem
2015,CHN,China,-0.059,V-Dem
2016,CHN,China,-0.059,V-Dem
2017,CHN,China,-0.059,V-Dem
2018,CHN,China,-0.2905,V-Dem
2019,CHN,China,-0.247,V-Dem
2020,CHN,China,-0.39449999999999996,V-Dem
2021,CHN,China,-0.39449999999999996,V-Dem
2022,CHN,China,-0.5519999999999999,V-Dem
2023,CHN,China,-0.5825,V-Dem
2024,CHN,China,-0.6275,V-Dem
2025,CHN,China,-0.575,V-Dem
1961,COD,Democratic Republic of the Congo,-1.8475000000000001,V-Dem
1962,COD,Democratic Republic of the Congo,-1.8475000000000001,V-Dem
1963,COD,Democratic Republic of the Congo,-1.8475000000000001,V-Dem
1964,COD,Democratic Republic of the Congo,-1.8475000000000001,V-Dem
1965,COD,Democratic Republic of the Congo,-1.8475000000000001,V-Dem
1966,COD,Democratic Republic of the Congo,-2.157,V-Dem
1967,COD,Democratic Republic of the Congo,-2.157,V-Dem
1968,COD,Democratic Republic of the Congo,-2.0425,V-Dem
1969,COD,Democratic Republic of the Congo,-2.0425,V-Dem
1970,COD,Democratic Republic of the Congo,-2.1385,V-Dem
1971,COD,Democratic Republic of the Congo,-2.1385,V-Dem
1972,COD,Democratic Republic of the Congo,-2.1385,V-Dem
1973,COD,Democratic Republic of the Congo,-2.1385,V-Dem
1974,COD,Democratic Republic of the Congo,-2.1385,V-Dem
1975,COD,Democratic Republic of the Congo,-2.1385,V-Dem
1976,COD,Democratic Republic of the Congo,-2.1385,V-Dem
1977,COD,Democratic Republic of the Congo,-2.1385,V-Dem
1978,COD,Democratic Republic of the Congo,-2.1385,V-Dem
1979,COD,Democratic Republic of the Congo,-2.1385,V-Dem
1980,COD,Democratic Republic of the Congo,-2.4055,V-Dem
1981,COD,Democratic Republic of the Congo,-2.4055,V-Dem
1982,COD,Democratic Republic of the Congo,-2.4055,V-Dem
1983,COD,Democratic Republic of the Congo,-2.4055,V-Dem
1984,COD,Democratic Republic of the Congo,-2.4055,V-Dem
1985,COD,Democratic Republic of the Congo,-2.4055,V-Dem
1986,COD,Democratic Republic of the Congo,-2.4055,V-Dem
1987,COD,Democratic Republic of the Congo,-2.4055,V-Dem
1988,COD,Democratic Republic of the Congo,-2.1464999999999996,V-Dem
1989,COD,Democratic Republic of the Congo,-2.1464999999999996,V-Dem
1990,COD,Democratic Republic of the Congo,-1.9204999999999999,V-Dem
1991,COD,Democratic Republic of the Congo,-1.9204999999999999,V-Dem
1992,COD,Democratic Republic of the Congo,-1.9204999999999999,V-Dem
1993,COD,Democratic Republic of the Congo,-1.9204999999999999,V-Dem
1994,COD,Democratic Republic of the Congo,-1.9204999999999999,V-Dem
1995,COD,Democratic Republic of the Congo,-1.745,V-Dem
1996,COD,Democratic Republic of the Congo,-1.6305,V-Dem
1997,COD,Democratic Republic of the Congo,-1.6305,V-Dem
1998,COD,Democratic Republic of the Congo,-1.357,V-Dem
1999,COD,Democratic Republic of the Congo,-1.357,V-Dem
2000,COD,Democratic Republic of the Congo,-1.1905000000000001,V-Dem
2001,COD,Democratic Republic of the Congo,-1.1905000000000001,V-Dem
2002,COD,Democratic Republic of the Congo,-1.1905000000000001,V-Dem
2003,COD,Democratic Republic of the Congo,-1.1905000000000001,V-Dem
2004,COD,Democratic Republic of the Congo,-0.9135,V-Dem
2005,COD,Democratic Republic of the Congo,-0.9135,V-Dem
2006,COD,Democratic Republic of the Congo,-0.9135,V-Dem
2007,COD,Democratic Republic of the Congo,-0.9135,V-Dem
2008,COD,Democratic Republic of the Congo,-0.9135,V-Dem
2009,COD,Democratic Republic of the Congo,-0.6185,V-Dem
2010,COD,Democratic Republic of the Congo,-0.499,V-Dem
2011,COD,Democratic Republic of the Congo,-0.499,V-Dem
2012,COD,Democratic Republic of the Congo,-0.499,V-Dem
2013,COD,Democratic Republic of the Congo,-0.645,V-Dem
2014,COD,Democratic Republic of the Congo,-0.645,V-Dem
2015,COD,Democratic Republic of the Congo,-0.645,V-Dem
2016,COD,Democratic Republic of the Congo,-0.7195,V-Dem
2017,COD,Democratic Republic of the Congo,-0.869,V-Dem
2018,COD,Democratic Republic of the Congo,-0.7995,V-Dem
2019,COD,Democratic Republic of the Congo,0.16149999999999998,V-Dem
2020,COD,Democratic Republic of the Congo,-0.11850000000000002,V-Dem
2021,COD,Democratic Republic of the Congo,0.03849999999999998,V-Dem
2022,COD,Democratic Republic of the Congo,0.21250000000000002,V-Dem
2023,COD,Democratic Republic of the Congo,-0.203,V-Dem
2024,COD,Democratic Republic of the Congo,-0.6935,V-Dem
2025,COD,Democratic Republic of the Congo,-0.6719999999999999,V-Dem
1961,COG,Republic of the Congo,-0.107,V-Dem
1962,COG,Republic of the Congo,-0.107,V-Dem
1963,COG,Republic of the Congo,-0.107,V-Dem
1964,COG,Republic of the Congo,-0.393,V-Dem
1965,COG,Republic of the Congo,-0.393,V-Dem
1966,COG,Republic of the Congo,-0.393,V-Dem
1967,COG,Republic of the Congo,-0.393,V-Dem
1968,COG,Republic of the Congo,-0.97,V-Dem
1969,COG,Republic of the Congo,-1.3279999999999998,V-Dem
1970,COG,Republic of the Congo,-1.3279999999999998,V-Dem
1971,COG,Republic of the Congo,-1.3279999999999998,V-Dem
1972,COG,Republic of the Congo,-1.3279999999999998,V-Dem
1973,COG,Republic of the Congo,-1.3279999999999998,V-Dem
1974,COG,Republic of the Congo,-1.3279999999999998,V-Dem
1975,COG,Republic of the Congo,-1.3279999999999998,V-Dem
1976,COG,Republic of the Congo,-1.3279999999999998,V-Dem
1977,COG,Republic of the Congo,-1.3279999999999998,V-Dem
1978,COG,Republic of the Congo,-1.385,V-Dem
1979,COG,Republic of the Congo,-1.385,V-Dem
1980,COG,Republic of the Congo,-1.385,V-Dem
1981,COG,Republic of the Congo,-1.385,V-Dem
1982,COG,Republic of the Congo,-1.385,V-Dem
1983,COG,Republic of the Congo,-1.385,V-Dem
1984,COG,Republic of the Congo,-1.385,V-Dem
1985,COG,Republic of the Congo,-1.385,V-Dem
1986,COG,Republic of the Congo,-1.385,V-Dem
1987,COG,Republic of the Congo,-1.385,V-Dem
1988,COG,Republic of the Congo,-1.385,V-Dem
1989,COG,Republic of the Congo,-1.385,V-Dem
1990,COG,Republic of the Congo,-0.6779999999999999,V-Dem
1991,COG,Republic of the Congo,-0.059,V-Dem
1992,COG,Republic of the Congo,-0.059,V-Dem
1993,COG,Republic of the Congo,0.009499999999999998,V-Dem
1994,COG,Republic of the Congo,0.009499999999999998,V-Dem
1995,COG,Republic of the Congo,0.009499999999999998,V-Dem
1996,COG,Republic of the Congo,0.009499999999999998,V-Dem
1997,COG,Republic of the Congo,-1.1275,V-Dem
1998,COG,Republic of the Congo,-1.1844999999999999,V-Dem
1999,COG,Republic of the Congo,-1.1844999999999999,V-Dem
2000,COG,Republic of the Congo,-1.1844999999999999,V-Dem
2001,COG,Republic of the Congo,-1.1844999999999999,V-Dem
2002,COG,Republic of the Congo,-1.1844999999999999,V-Dem
2003,COG,Republic of the Congo,-1.1844999999999999,V-Dem
2004,COG,Republic of the Congo,-1.1844999999999999,V-Dem
2005,COG,Republic of the Congo,-1.1844999999999999,V-Dem
2006,COG,Republic of the Congo,-1.1844999999999999,V-Dem
2007,COG,Republic of the Congo,-1.1844999999999999,V-Dem
2008,COG,Republic of the Congo,-1.1844999999999999,V-Dem
2009,COG,Republic of the Congo,-1.1844999999999999,V-Dem
2010,COG,Republic of the Congo,-1.1844999999999999,V-Dem
2011,COG,Republic of the Congo,-1.1844999999999999,V-Dem
2012,COG,Republic of the Congo,-1.1844999999999999,V-Dem
2013,COG,Republic of the Congo,-1.236,V-Dem
2014,COG,Republic of the Congo,-1.236,V-Dem
2015,COG,Republic of the Congo,-1.236,V-Dem
2016,COG,Republic of the Congo,-1.3439999999999999,V-Dem
2017,COG,Republic of the Congo,-1.5179999999999998,V-Dem
2018,COG,Republic of the Congo,-1.283,V-Dem
2019,COG,Republic of the Congo,-1.5735000000000001,V-Dem
2020,COG,Republic of the Congo,-1.1480000000000001,V-Dem
2021,COG,Republic of the Congo,-1.1480000000000001,V-Dem
2022,COG,Republic of the Congo,-1.1844999999999999,V-Dem
2023,COG,Republic of the Congo,-1.167,V-Dem
2024,COG,Republic of the Congo,-1.283,V-Dem
2025,COG,Republic of the Congo,-1.1625,V-Dem
1961,DJI,Djibouti,-0.7615000000000001,V-Dem
1962,DJI,Djibouti,-0.7615000000000001,V-Dem
1963,DJI,Djibouti,-0.7615000000000001,V-Dem
1964,DJI,Djibouti,-0.7615000000000001,V-Dem
1965,DJI,Djibouti,-0.7615000000000001,V-Dem
1966,DJI,Djibouti,-0.7615000000000001,V-Dem
1967,DJI,Djibouti,-1.2975,V-Dem
1968,DJI,Djibouti,-0.34099999999999997,V-Dem
1969,DJI,Djibouti,-0.34099999999999997,V-Dem
1970,DJI,Djibouti,-0.34099999999999997,V-Dem
1971,DJI,Djibouti,-0.975,V-Dem
1972,DJI,Djibouti,-0.975,V-Dem
1973,DJI,Djibouti,-0.975,V-Dem
1974,DJI,Djibouti,-0.975,V-Dem
1975,DJI,Djibouti,-0.975,V-Dem
1976,DJI,Djibouti,-0.975,V-Dem
1977,DJI,Djibouti,-1.012,V-Dem
1978,DJI,Djibouti,-0.031,V-Dem
1979,DJI,Djibouti,0.3665,V-Dem
1980,DJI,Djibouti,0.3665,V-Dem
1981,DJI,Djibouti,0.3665,V-Dem
1982,DJI,Djibouti,0.3665,V-Dem
1983,DJI,Djibouti,0.3665,V-Dem
1984,DJI,Djibouti,0.3665,V-Dem
1985,DJI,Djibouti,0.3665,V-Dem
1986,DJI,Djibouti,0.3665,V-Dem
1987,DJI,Djibouti,0.3665,V-Dem
1988,DJI,Djibouti,0.3665,V-Dem
1989,DJI,Djibouti,0.3665,V-Dem
1990,DJI,Djibouti,0.46649999999999997,V-Dem
1991,DJI,Djibouti,0.3205,V-Dem
1992,DJI,Djibouti,0.633,V-Dem
1993,DJI,Djibouti,0.761,V-Dem
1994,DJI,Djibouti,0.7215,V-Dem
1995,DJI,Djibouti,0.7215,V-Dem
1996,DJI,Djibouti,0.7215,V-Dem
1997,DJI,Djibouti,0.7215,V-Dem
1998,DJI,Djibouti,0.7215,V-Dem
1999,DJI,Djibouti,0.7215,V-Dem
2000,DJI,Djibouti,0.7215,V-Dem
2001,DJI,Djibouti,0.7215,V-Dem
2002,DJI,Djibouti,-0.07250000000000001,V-Dem
2003,DJI,Djibouti,-0.07250000000000001,V-Dem
2004,DJI,Djibouti,-0.07250000000000001,V-Dem
2005,DJI,Djibouti,-0.07250000000000001,V-Dem
2006,DJI,Djibouti,-0.07250000000000001,V-Dem
2007,DJI,Djibouti,-0.07250000000000001,V-Dem
2008,DJI,Djibouti,-0.07250000000000001,V-Dem
2009,DJI,Djibouti,-0.1445,V-Dem
2010,DJI,Djibouti,-0.1445,V-Dem
2011,DJI,Djibouti,-0.1445,V-Dem
2012,DJI,Djibouti,-0.1445,V-Dem
2013,DJI,Djibouti,-0.1445,V-Dem
2014,DJI,Djibouti,-0.1445,V-Dem
2015,DJI,Djibouti,-0.1445,V-Dem
2016,DJI,Djibouti,-0.1445,V-Dem
2017,DJI,Djibouti,-0.48050000000000004,V-Dem
2018,DJI,Djibouti,-0.4155,V-Dem
2019,DJI,Djibouti,-0.356,V-Dem
2020,DJI,Djibouti,-0.317,V-Dem
2021,DJI,Djibouti,-0.317,V-Dem
2022,DJI,Djibouti,-0.317,V-Dem
2023,DJI,Djibouti,-0.317,V-Dem
2024,DJI,Djibouti,-0.317,V-Dem
2025,DJI,Djibouti,-0.317,V-Dem
1961,DOM,Dominican Republic,-2.769,V-Dem
1962,DOM,Dominican Republic,-1.4945,V-Dem
1963,DOM,Dominican Republic,0.8135,V-Dem
1964,DOM,Dominican Republic,-1.2469999999999999,V-Dem
1965,DOM,Dominican Republic,-1.2469999999999999,V-Dem
1966,DOM,Dominican Republic,-2.1475,V-Dem
1967,DOM,Dominican Republic,-2.1475,V-Dem
1968,DOM,Dominican Republic,-1.6725,V-Dem
1969,DOM,Dominican Republic,-1.6725,V-Dem
1970,DOM,Dominican Republic,-1.6725,V-Dem
1971,DOM,Dominican Republic,-1.6725,V-Dem
1972,DOM,Dominican Republic,-1.6725,V-Dem
1973,DOM,Dominican Republic,-1.6725,V-Dem
1974,DOM,Dominican Republic,-1.6725,V-Dem
1975,DOM,Dominican Republic,-1.6725,V-Dem
1976,DOM,Dominican Republic,-1.6725,V-Dem
1977,DOM,Dominican Republic,-1.6725,V-Dem
1978,DOM,Dominican Republic,-1.6725,V-Dem
1979,DOM,Dominican Republic,1.3325,V-Dem
1980,DOM,Dominican Republic,1.3325,V-Dem
1981,DOM,Dominican Republic,1.3325,V-Dem
1982,DOM,Dominican Republic,1.3325,V-Dem
1983,DOM,Dominican Republic,1.3325,V-Dem
1984,DOM,Dominican Republic,0.7995000000000001,V-Dem
1985,DOM,Dominican Republic,0.7995000000000001,V-Dem
1986,DOM,Dominican Republic,0.7995000000000001,V-Dem
1987,DOM,Dominican Republic,0.511,V-Dem
1988,DOM,Dominican Republic,0.401,V-Dem
1989,DOM,Dominican Republic,0.401,V-Dem
1990,DOM,Dominican Republic,0.401,V-Dem
1991,DOM,Dominican Republic,0.401,V-Dem
1992,DOM,Dominican Republic,0.401,V-Dem
1993,DOM,Dominican Republic,0.401,V-Dem
1994,DOM,Dominican Republic,0.026499999999999996,V-Dem
1995,DOM,Dominican Republic,0.6779999999999999,V-Dem
1996,DOM,Dominican Republic,0.8,V-Dem
1997,DOM,Dominican Republic,1.526,V-Dem
1998,DOM,Dominican Republic,1.526,V-Dem
1999,DOM,Dominican Republic,1.526,V-Dem
2000,DOM,Dominican Republic,1.526,V-Dem
2001,DOM,Dominican Republic,1.526,V-Dem
2002,DOM,Dominican Republic,1.526,V-Dem
2003,DOM,Dominican Republic,1.526,V-Dem
2004,DOM,Dominican Republic,1.526,V-Dem
2005,DOM,Dominican Republic,1.526,V-Dem
2006,DOM,Dominican Republic,1.526,V-Dem
2007,DOM,Dominican Republic,1.526,V-Dem
2008,DOM,Dominican Republic,1.526,V-Dem
2009,DOM,Dominican Republic,1.526,V-Dem
2010,DOM,Dominican Republic,1.526,V-Dem
2011,DOM,Dominican Republic,1.526,V-Dem
2012,DOM,Dominican Republic,1.526,V-Dem
2013,DOM,Dominican Republic,1.526,V-Dem
2014,DOM,Dominican Republic,1.526,V-Dem
2015,DOM,Dominican Republic,1.526,V-Dem
2016,DOM,Dominican Republic,1.526,V-Dem
2017,DOM,Dominican Republic,1.526,V-Dem
2018,DOM,Dominican Republic,1.682,V-Dem
2019,DOM,Dominican Republic,1.482,V-Dem
2020,DOM,Dominican Republic,1.6545,V-Dem
2021,DOM,Dominican Republic,1.6869999999999998,V-Dem
2022,DOM,Dominican Republic,1.6869999999999998,V-Dem
2023,DOM,Dominican Republic,1.6869999999999998,V-Dem
2024,DOM,Dominican Republic,1.8405,V-Dem
2025,DOM,Dominican Republic,1.8405,V-Dem
1961,ERI,Eritrea,-1.5105,V-Dem
1962,ERI,Eritrea,-1.5105,V-Dem
1963,ERI,Eritrea,-1.9989999999999999,V-Dem
1964,ERI,Eritrea,-1.9989999999999999,V-Dem
1965,ERI,Eritrea,-1.9989999999999999,V-Dem
1966,ERI,Eritrea,-1.9989999999999999,V-Dem
1967,ERI,Eritrea,-1.9989999999999999,V-Dem
1968,ERI,Eritrea,-1.9989999999999999,V-Dem
1969,ERI,Eritrea,-1.9989999999999999,V-Dem
1970,ERI,Eritrea,-1.9500000000000002,V-Dem
1971,ERI,Eritrea,-1.9500000000000002,V-Dem
1972,ERI,Eritrea,-1.9500000000000002,V-Dem
1973,ERI,Eritrea,-2.0605,V-Dem
1974,ERI,Eritrea,-2.0605,V-Dem
1975,ERI,Eritrea,-2.0605,V-Dem
1976,ERI,Eritrea,-2.274,V-Dem
1977,ERI,Eritrea,-2.274,V-Dem
1978,ERI,Eritrea,-2.274,V-Dem
1979,ERI,Eritrea,-2.274,V-Dem
1980,ERI,Eritrea,-2.5315,V-Dem
1981,ERI,Eritrea,-2.5315,V-Dem
1982,ERI,Eritrea,-2.5315,V-Dem
1983,ERI,Eritrea,-2.5315,V-Dem
1984,ERI,Eritrea,-2.5315,V-Dem
1985,ERI,Eritrea,-2.5315,V-Dem
1986,ERI,Eritrea,-2.5315,V-Dem
1987,ERI,Eritrea,-2.5315,V-Dem
1988,ERI,Eritrea,-2.5315,V-Dem
1989,ERI,Eritrea,-2.384,V-Dem
1990,ERI,Eritrea,-2.114,V-Dem
1991,ERI,Eritrea,-1.0075,V-Dem
1992,ERI,Eritrea,-0.8905000000000001,V-Dem
1993,ERI,Eritrea,-0.8905000000000001,V-Dem
1994,ERI,Eritrea,-0.8905000000000001,V-Dem
1995,ERI,Eritrea,-0.8905000000000001,V-Dem
1996,ERI,Eritrea,-0.9475,V-Dem
1997,ERI,Eritrea,-0.9475,V-Dem
1998,ERI,Eritrea,-0.9475,V-Dem
1999,ERI,Eritrea,-1.2865,V-Dem
2000,ERI,Eritrea,-1.4115,V-Dem
2001,ERI,Eritrea,-2.358,V-Dem
2002,ERI,Eritrea,-2.358,V-Dem
2003,ERI,Eritrea,-2.358,V-Dem
2004,ERI,Eritrea,-2.358,V-Dem
2005,ERI,Eritrea,-2.358,V-Dem
2006,ERI,Eritrea,-2.358,V-Dem
2007,ERI,Eritrea,-2.358,V-Dem
2008,ERI,Eritrea,-2.358,V-Dem
2009,ERI,Eritrea,-2.358,V-Dem
2010,ERI,Eritrea,-2.358,V-Dem
2011,ERI,Eritrea,-2.358,V-Dem
2012,ERI,Eritrea,-2.358,V-Dem
2013,ERI,Eritrea,-1.9935,V-Dem
2014,ERI,Eritrea,-1.9935,V-Dem
2015,ERI,Eritrea,-1.9935,V-Dem
2016,ERI,Eritrea,-1.8199999999999998,V-Dem
2017,ERI,Eritrea,-1.6484999999999999,V-Dem
2018,ERI,Eritrea,-1.5995,V-Dem
2019,ERI,Eritrea,-1.633,V-Dem
2020,ERI,Eritrea,-1.834,V-Dem
2021,ERI,Eritrea,-1.678,V-Dem
2022,ERI,Eritrea,-1.6825,V-Dem
2023,ERI,Eritrea,-1.8094999999999999,V-Dem
2024,ERI,Eritrea,-1.8655,V-Dem
2025,ERI,Eritrea,-1.8655,V-Dem
1961,GAB,Gabon,-0.375,V-Dem
1962,GAB,Gabon,-0.375,V-Dem
1963,GAB,Gabon,-0.375,V-Dem
1964,GAB,Gabon,-0.375,V-Dem
1965,GAB,Gabon,-0.375,V-Dem
1966,GAB,Gabon,-0.375,V-Dem
1967,GAB,Gabon,-0.0030000000000000027,V-Dem
1968,GAB,Gabon,-0.0030000000000000027,V-Dem
1969,GAB,Gabon,-0.0030000000000000027,V-Dem
1970,GAB,Gabon,-0.0030000000000000027,V-Dem
1971,GAB,Gabon,-0.0030000000000000027,V-Dem
1972,GAB,Gabon,-0.0030000000000000027,V-Dem
1973,GAB,Gabon,-0.0030000000000000027,V-Dem
1974,GAB,Gabon,-0.0030000000000000027,V-Dem
1975,GAB,Gabon,-0.0030000000000000027,V-Dem
1976,GAB,Gabon,-0.0030000000000000027,V-Dem
1977,GAB,Gabon,-0.0030000000000000027,V-Dem
1978,GAB,Gabon,-0.0030000000000000027,V-Dem
1979,GAB,Gabon,-0.0030000000000000027,V-Dem
1980,GAB,Gabon,-0.0030000000000000027,V-Dem
1981,GAB,Gabon,-0.0030000000000000027,V-Dem
1982,GAB,Gabon,-0.0030000000000000027,V-Dem
1983,GAB,Gabon,-0.0030000000000000027,V-Dem
1984,GAB,Gabon,-0.0030000000000000027,V-Dem
1985,GAB,Gabon,-0.0030000000000000027,V-Dem
1986,GAB,Gabon,-0.0030000000000000027,V-Dem
1987,GAB,Gabon,-0.0030000000000000027,V-Dem
1988,GAB,Gabon,-0.0030000000000000027,V-Dem
1989,GAB,Gabon,-0.0030000000000000027,V-Dem
1990,GAB,Gabon,1.186,V-Dem
1991,GAB,Gabon,1.5085,V-Dem
1992,GAB,Gabon,1.5085,V-Dem
1993,GAB,Gabon,1.5085,V-Dem
1994,GAB,Gabon,1.5085,V-Dem
1995,GAB,Gabon,1.5085,V-Dem
1996,GAB,Gabon,1.5085,V-Dem
1997,GAB,Gabon,1.5085,V-Dem
1998,GAB,Gabon,1.5085,V-Dem
1999,GAB,Gabon,1.5085,V-Dem
2000,GAB,Gabon,1.5085,V-Dem
2001,GAB,Gabon,1.5085,V-Dem
2002,GAB,Gabon,1.5085,V-Dem
2003,GAB,Gabon,1.5085,V-Dem
2004,GAB,Gabon,1.5085,V-Dem
2005,GAB,Gabon,1.5085,V-Dem
2006,GAB,Gabon,1.5085,V-Dem
2007,GAB,Gabon,1.5085,V-Dem
2008,GAB,Gabon,1.5085,V-Dem
2009,GAB,Gabon,1.5085,V-Dem
2010,GAB,Gabon,1.984,V-Dem
2011,GAB,Gabon,1.984,V-Dem
2012,GAB,Gabon,1.7805,V-Dem
2013,GAB,Gabon,2.319,V-Dem
2014,GAB,Gabon,2.319,V-Dem
2015,GAB,Gabon,2.319,V-Dem
2016,GAB,Gabon,2.319,V-Dem
2017,GAB,Gabon,2.021,V-Dem
2018,GAB,Gabon,2.021,V-Dem
2019,GAB,Gabon,2.125,V-Dem
2020,GAB,Gabon,2.125,V-Dem
2021,GAB,Gabon,2.125,V-Dem
2022,GAB,Gabon,2.4445,V-Dem
2023,GAB,Gabon,1.188,V-Dem
2024,GAB,Gabon,1.188,V-Dem
2025,GAB,Gabon,1.188,V-Dem
1961,GMB,The Gambia,1.308,V-Dem
1962,GMB,The Gambia,1.308,V-Dem
1963,GMB,The Gambia,1.308,V-Dem
1964,GMB,The Gambia,1.308,V-Dem
1965,GMB,The Gambia,1.4409999999999998,V-Dem
1966,GMB,The Gambia,1.4409999999999998,V-Dem
1967,GMB,The Gambia,1.4409999999999998,V-Dem
1968,GMB,The Gambia,1.4409999999999998,V-Dem
1969,GMB,The Gambia,1.4409999999999998,V-Dem
1970,GMB,The Gambia,1.4409999999999998,V-Dem
1971,GMB,The Gambia,1.4409999999999998,V-Dem
1972,GMB,The Gambia,1.4409999999999998,V-Dem
1973,GMB,The Gambia,1.4409999999999998,V-Dem
1974,GMB,The Gambia,1.4409999999999998,V-Dem
1975,GMB,The Gambia,1.4409999999999998,V-Dem
1976,GMB,The Gambia,1.4409999999999998,V-Dem
1977,GMB,The Gambia,1.4409999999999998,V-Dem
1978,GMB,The Gambia,1.4409999999999998,V-Dem
1979,GMB,The Gambia,1.4409999999999998,V-Dem
1980,GMB,The Gambia,1.4409999999999998,V-Dem
1981,GMB,The Gambia,1.089,V-Dem
1982,GMB,The Gambia,1.089,V-Dem
1983,GMB,The Gambia,1.3415,V-Dem
1984,GMB,The Gambia,1.3415,V-Dem
1985,GMB,The Gambia,1.4315,V-Dem
1986,GMB,The Gambia,1.4315,V-Dem
1987,GMB,The Gambia,1.4315,V-Dem
1988,GMB,The Gambia,1.4315,V-Dem
1989,GMB,The Gambia,1.4315,V-Dem
1990,GMB,The Gambia,1.514,V-Dem
1991,GMB,The Gambia,1.514,V-Dem
1992,GMB,The Gambia,1.514,V-Dem
1993,GMB,The Gambia,1.514,V-Dem
1994,GMB,The Gambia,-0.5529999999999999,V-Dem
1995,GMB,The Gambia,-1.266,V-Dem
1996,GMB,The Gambia,-1.266,V-Dem
1997,GMB,The Gambia,-1.266,V-Dem
1998,GMB,The Gambia,-1.266,V-Dem
1999,GMB,The Gambia,-1.5715000000000001,V-Dem
2000,GMB,The Gambia,-1.5715000000000001,V-Dem
2001,GMB,The Gambia,-1.5715000000000001,V-Dem
2002,GMB,The Gambia,-1.5715000000000001,V-Dem
2003,GMB,The Gambia,-1.5715000000000001,V-Dem
2004,GMB,The Gambia,-1.5715000000000001,V-Dem
2005,GMB,The Gambia,-1.5715000000000001,V-Dem
2006,GMB,The Gambia,-1.686,V-Dem
2007,GMB,The Gambia,-1.5705,V-Dem
2008,GMB,The Gambia,-1.5705,V-Dem
2009,GMB,The Gambia,-1.5705,V-Dem
2010,GMB,The Gambia,-1.5705,V-Dem
2011,GMB,The Gambia,-1.5705,V-Dem
2012,GMB,The Gambia,-1.5705,V-Dem
2013,GMB,The Gambia,-1.887,V-Dem
2014,GMB,The Gambia,-1.7475,V-Dem
2015,GMB,The Gambia,-1.7280000000000002,V-Dem
2016,GMB,The Gambia,-1.7280000000000002,V-Dem
2017,GMB,The Gambia,1.2854999999999999,V-Dem
2018,GMB,The Gambia,1.4289999999999998,V-Dem
2019,GMB,The Gambia,1.564,V-Dem
2020,GMB,The Gambia,1.564,V-Dem
2021,GMB,The Gambia,2.0385,V-Dem
2022,GMB,The Gambia,2.2445,V-Dem
2023,GMB,The Gambia,2.2445,V-Dem
2024,GMB,The Gambia,2.2445,V-Dem
2025,GMB,The Gambia,2.2445,V-Dem
1990,GEO,Georgia,-1.2145,V-Dem
1991,GEO,Georgia,-1.2145,V-Dem
1992,GEO,Georgia,-0.9490000000000001,V-Dem
1993,GEO,Georgia,-0.9490000000000001,V-Dem
1994,GEO,Georgia,-0.8915,V-Dem
1995,GEO,Georgia,-0.6295,V-Dem
1996,GEO,Georgia,-0.19949999999999996,V-Dem
1997,GEO,Georgia,-0.19949999999999996,V-Dem
1998,GEO,Georgia,-0.19949999999999996,V-Dem
1999,GEO,Georgia,-0.19949999999999996,V-Dem
2000,GEO,Georgia,-0.19949999999999996,V-Dem
2001,GEO,Georgia,-0.19949999999999996,V-Dem
2002,GEO,Georgia,-0.19949999999999996,V-Dem
2003,GEO,Georgia,-0.19949999999999996,V-Dem
2004,GEO,Georgia,0.5015000000000001,V-Dem
2005,GEO,Georgia,0.5015000000000001,V-Dem
2006,GEO,Georgia,0.435,V-Dem
2007,GEO,Georgia,0.33599999999999997,V-Dem
2008,GEO,Georgia,0.2835,V-Dem
2009,GEO,Georgia,0.20450000000000002,V-Dem
2010,GEO,Georgia,0.29600000000000004,V-Dem
2011,GEO,Georgia,0.2005,V-Dem
2012,GEO,Georgia,0.47000000000000003,V-Dem
2013,GEO,Georgia,1.0495,V-Dem
2014,GEO,Georgia,0.683,V-Dem
2015,GEO,Georgia,1.6004999999999998,V-Dem
2016,GEO,Georgia,1.818,V-Dem
2017,GEO,Georgia,1.6595,V-Dem
2018,GEO,Georgia,2.101,V-Dem
2019,GEO,Georgia,1.943,V-Dem
2020,GEO,Georgia,2.234,V-Dem
2021,GEO,Georgia,1.8875000000000002,V-Dem
2022,GEO,Georgia,1.8980000000000001,V-Dem
2023,GEO,Georgia,2.1195,V-Dem
2024,GEO,Georgia,1.1325,V-Dem
2025,GEO,Georgia,0.5745,V-Dem
1961,GNB,Guinea-Bissau,-2.8200000000000003,V-Dem
1962,GNB,Guinea-Bissau,-2.8200000000000003,V-Dem
1963,GNB,Guinea-Bissau,-2.8200000000000003,V-Dem
1964,GNB,Guinea-Bissau,-2.649,V-Dem
1965,GNB,Guinea-Bissau,-2.649,V-Dem
1966,GNB,Guinea-Bissau,-2.649,V-Dem
1967,GNB,Guinea-Bissau,-2.649,V-Dem
1968,GNB,Guinea-Bissau,-2.649,V-Dem
1969,GNB,Guinea-Bissau,-2.649,V-Dem
1970,GNB,Guinea-Bissau,-2.649,V-Dem
1971,GNB,Guinea-Bissau,-2.649,V-Dem
1972,GNB,Guinea-Bissau,-2.649,V-Dem
1973,GNB,Guinea-Bissau,-1.8559999999999999,V-Dem
1974,GNB,Guinea-Bissau,-1.2385,V-Dem
1975,GNB,Guinea-Bissau,-1.2385,V-Dem
1976,GNB,Guinea-Bissau,-1.2385,V-Dem
1977,GNB,Guinea-Bissau,-1.2385,V-Dem
1978,GNB,Guinea-Bissau,-1.2385,V-Dem
1979,GNB,Guinea-Bissau,-1.2385,V-Dem
1980,GNB,Guinea-Bissau,-1.258,V-Dem
1981,GNB,Guinea-Bissau,-1.718,V-Dem
1982,GNB,Guinea-Bissau,-1.718,V-Dem
1983,GNB,Guinea-Bissau,-1.718,V-Dem
1984,GNB,Guinea-Bissau,-1.718,V-Dem
1985,GNB,Guinea-Bissau,-1.718,V-Dem
1986,GNB,Guinea-Bissau,-1.718,V-Dem
1987,GNB,Guinea-Bissau,-1.718,V-Dem
1988,GNB,Guinea-Bissau,-1.718,V-Dem
1989,GNB,Guinea-Bissau,-1.718,V-Dem
1990,GNB,Guinea-Bissau,-1.593,V-Dem
1991,GNB,Guinea-Bissau,-1.593,V-Dem
1992,GNB,Guinea-Bissau,-1.593,V-Dem
1993,GNB,Guinea-Bissau,-0.5549999999999999,V-Dem
1994,GNB,Guinea-Bissau,-0.249,V-Dem
1995,GNB,Guinea-Bissau,-0.249,V-Dem
1996,GNB,Guinea-Bissau,-0.249,V-Dem
1997,GNB,Guinea-Bissau,-0.249,V-Dem
1998,GNB,Guinea-Bissau,-0.23049999999999998,V-Dem
1999,GNB,Guinea-Bissau,-0.2945,V-Dem
2000,GNB,Guinea-Bissau,-0.1745,V-Dem
2001,GNB,Guinea-Bissau,-0.011,V-Dem
2002,GNB,Guinea-Bissau,0.21850000000000003,V-Dem
2003,GNB,Guinea-Bissau,0.21850000000000003,V-Dem
2004,GNB,Guinea-Bissau,0.21850000000000003,V-Dem
2005,GNB,Guinea-Bissau,0.21850000000000003,V-Dem
2006,GNB,Guinea-Bissau,0.24100000000000002,V-Dem
2007,GNB,Guinea-Bissau,0.24100000000000002,V-Dem
2008,GNB,Guinea-Bissau,0.22,V-Dem
2009,GNB,Guinea-Bissau,-0.008500000000000008,V-Dem
2010,GNB,Guinea-Bissau,0.2545,V-Dem
2011,GNB,Guinea-Bissau,0.209,V-Dem
2012,GNB,Guinea-Bissau,-0.1225,V-Dem
2013,GNB,Guinea-Bissau,0.39649999999999996,V-Dem
2014,GNB,Guinea-Bissau,0.39649999999999996,V-Dem
2015,GNB,Guinea-Bissau,0.5725,V-Dem
2016,GNB,Guinea-Bissau,0.6115,V-Dem
2017,GNB,Guinea-Bissau,0.6115,V-Dem
2018,GNB,Guinea-Bissau,0.6224999999999999,V-Dem
2019,GNB,Guinea-Bissau,1.6675,V-Dem
2020,GNB,Guinea-Bissau,1.657,V-Dem
2021,GNB,Guinea-Bissau,1.657,V-Dem
2022,GNB,Guinea-Bissau,1.0899999999999999,V-Dem
2023,GNB,Guinea-Bissau,1.192,V-Dem
2024,GNB,Guinea-Bissau,0.765,V-Dem
2025,GNB,Guinea-Bissau,0.0755,V-Dem
1961,JAM,Jamaica,1.3695,V-Dem
1962,JAM,Jamaica,1.043,V-Dem
1963,JAM,Jamaica,1.043,V-Dem
1964,JAM,Jamaica,1.043,V-Dem
1965,JAM,Jamaica,1.043,V-Dem
1966,JAM,Jamaica,1.043,V-Dem
1967,JAM,Jamaica,1.043,V-Dem
1968,JAM,Jamaica,1.043,V-Dem
1969,JAM,Jamaica,1.043,V-Dem
1970,JAM,Jamaica,1.116,V-Dem
1971,JAM,Jamaica,1.116,V-Dem
1972,JAM,Jamaica,1.116,V-Dem
1973,JAM,Jamaica,1.005,V-Dem
1974,JAM,Jamaica,1.005,V-Dem
1975,JAM,Jamaica,1.005,V-Dem
1976,JAM,Jamaica,1.005,V-Dem
1977,JAM,Jamaica,1.005,V-Dem
1978,JAM,Jamaica,1.005,V-Dem
1979,JAM,Jamaica,1.005,V-Dem
1980,JAM,Jamaica,1.005,V-Dem
1981,JAM,Jamaica,1.0655000000000001,V-Dem
1982,JAM,Jamaica,1.0655000000000001,V-Dem
1983,JAM,Jamaica,1.0655000000000001,V-Dem
1984,JAM,Jamaica,1.0655000000000001,V-Dem
1985,JAM,Jamaica,1.0655000000000001,V-Dem
1986,JAM,Jamaica,1.0655000000000001,V-Dem
1987,JAM,Jamaica,1.0655000000000001,V-Dem
1988,JAM,Jamaica,1.5550000000000002,V-Dem
1989,JAM,Jamaica,1.5550000000000002,V-Dem
1990,JAM,Jamaica,1.5550000000000002,V-Dem
1991,JAM,Jamaica,1.5550000000000002,V-Dem
1992,JAM,Jamaica,1.5550000000000002,V-Dem
1993,JAM,Jamaica,1.5550000000000002,V-Dem
1994,JAM,Jamaica,1.5550000000000002,V-Dem
1995,JAM,Jamaica,1.5550000000000002,V-Dem
1996,JAM,Jamaica,1.5550000000000002,V-Dem
1997,JAM,Jamaica,1.5550000000000002,V-Dem
1998,JAM,Jamaica,1.5550000000000002,V-Dem
1999,JAM,Jamaica,1.5550000000000002,V-Dem
2000,JAM,Jamaica,1.5550000000000002,V-Dem
2001,JAM,Jamaica,1.5550000000000002,V-Dem
2002,JAM,Jamaica,1.5550000000000002,V-Dem
2003,JAM,Jamaica,1.5550000000000002,V-Dem
2004,JAM,Jamaica,1.5550000000000002,V-Dem
2005,JAM,Jamaica,1.5550000000000002,V-Dem
2006,JAM,Jamaica,1.5550000000000002,V-Dem
2007,JAM,Jamaica,1.5550000000000002,V-Dem
2008,JAM,Jamaica,1.5550000000000002,V-Dem
2009,JAM,Jamaica,1.5550000000000002,V-Dem
2010,JAM,Jamaica,1.6085,V-Dem
2011,JAM,Jamaica,1.6085,V-Dem
2012,JAM,Jamaica,1.6085,V-Dem
2013,JAM,Jamaica,1.5630000000000002,V-Dem
2014,JAM,Jamaica,1.5630000000000002,V-Dem
2015,JAM,Jamaica,1.5630000000000002,V-Dem
2016,JAM,Jamaica,1.5630000000000002,V-Dem
2017,JAM,Jamaica,1.5939999999999999,V-Dem
2018,JAM,Jamaica,1.5939999999999999,V-Dem
2019,JAM,Jamaica,1.7930000000000001,V-Dem
2020,JAM,Jamaica,1.7930000000000001,V-Dem
2021,JAM,Jamaica,1.5935000000000001,V-Dem
2022,JAM,Jamaica,1.7599999999999998,V-Dem
2023,JAM,Jamaica,1.3159999999999998,V-Dem
2024,JAM,Jamaica,1.3159999999999998,V-Dem
2025,JAM,Jamaica,1.3159999999999998,V-Dem
1990,KAZ,Kazakhstan,0.34600000000000003,V-Dem
1991,KAZ,Kazakhstan,0.34600000000000003,V-Dem
1992,KAZ,Kazakhstan,0.34600000000000003,V-Dem
1993,KAZ,Kazakhstan,0.34600000000000003,V-Dem
1994,KAZ,Kazakhstan,0.34600000000000003,V-Dem
1995,KAZ,Kazakhstan,0.21650000000000003,V-Dem
1996,KAZ,Kazakhstan,0.21650000000000003,V-Dem
1997,KAZ,Kazakhstan,0.21650000000000003,V-Dem
1998,KAZ,Kazakhstan,0.21650000000000003,V-Dem
1999,KAZ,Kazakhstan,0.21650000000000003,V-Dem
2000,KAZ,Kazakhstan,0.21650000000000003,V-Dem
2001,KAZ,Kazakhstan,0.21650000000000003,V-Dem
2002,KAZ,Kazakhstan,0.15300000000000002,V-Dem
2003,KAZ,Kazakhstan,0.15300000000000002,V-Dem
2004,KAZ,Kazakhstan,0.019500000000000017,V-Dem
2005,KAZ,Kazakhstan,-0.208,V-Dem
2006,KAZ,Kazakhstan,-0.22649999999999998,V-Dem
2007,KAZ,Kazakhstan,0.07300000000000001,V-Dem
2008,KAZ,Kazakhstan,0.10699999999999998,V-Dem
2009,KAZ,Kazakhstan,0.10699999999999998,V-Dem
2010,KAZ,Kazakhstan,0.10899999999999999,V-Dem
2011,KAZ,Kazakhstan,0.07700000000000001,V-Dem
2012,KAZ,Kazakhstan,0.10849999999999999,V-Dem
2013,KAZ,Kazakhstan,0.07400000000000001,V-Dem
2014,KAZ,Kazakhstan,0.08700000000000002,V-Dem
2015,KAZ,Kazakhstan,0.05099999999999999,V-Dem
2016,KAZ,Kazakhstan,0.14999999999999997,V-Dem
2017,KAZ,Kazakhstan,0.13649999999999995,V-Dem
2018,KAZ,Kazakhstan,-0.01050000000000001,V-Dem
2019,KAZ,Kazakhstan,0.121,V-Dem
2020,KAZ,Kazakhstan,0.20749999999999996,V-Dem
2021,KAZ,Kazakhstan,0.20749999999999996,V-Dem
2022,KAZ,Kazakhstan,0.14600000000000002,V-Dem
2023,KAZ,Kazakhstan,0.2725,V-Dem
2024,KAZ,Kazakhstan,0.14599999999999996,V-Dem
2025,KAZ,Kazakhstan,0.14599999999999996,V-Dem
1990,KGZ,Kyrgyzstan,0.7975,V-Dem
1991,KGZ,Kyrgyzstan,0.18800000000000003,V-Dem
1992,KGZ,Kyrgyzstan,0.18800000000000003,V-Dem
1993,KGZ,Kyrgyzstan,0.18800000000000003,V-Dem
1994,KGZ,Kyrgyzstan,0.2605,V-Dem
1995,KGZ,Kyrgyzstan,0.2605,V-Dem
1996,KGZ,Kyrgyzstan,0.2605,V-Dem
1997,KGZ,Kyrgyzstan,0.2605,V-Dem
1998,KGZ,Kyrgyzstan,0.2605,V-Dem
1999,KGZ,Kyrgyzstan,0.2605,V-Dem
2000,KGZ,Kyrgyzstan,0.2605,V-Dem
2001,KGZ,Kyrgyzstan,0.23,V-Dem
2002,KGZ,Kyrgyzstan,0.23,V-Dem
2003,KGZ,Kyrgyzstan,0.04850000000000004,V-Dem
2004,KGZ,Kyrgyzstan,0.04850000000000004,V-Dem
2005,KGZ,Kyrgyzstan,0.04850000000000004,V-Dem
2006,KGZ,Kyrgyzstan,0.03650000000000003,V-Dem
2007,KGZ,Kyrgyzstan,-0.07350000000000001,V-Dem
2008,KGZ,Kyrgyzstan,-0.16999999999999998,V-Dem
2009,KGZ,Kyrgyzstan,-0.2675,V-Dem
2010,KGZ,Kyrgyzstan,-0.12550000000000003,V-Dem
2011,KGZ,Kyrgyzstan,0.42850000000000005,V-Dem
2012,KGZ,Kyrgyzstan,0.25150000000000006,V-Dem
2013,KGZ,Kyrgyzstan,0.4775,V-Dem
2014,KGZ,Kyrgyzstan,0.437,V-Dem
2015,KGZ,Kyrgyzstan,0.2895,V-Dem
2016,KGZ,Kyrgyzstan,0.41400000000000003,V-Dem
2017,KGZ,Kyrgyzstan,0.20550000000000002,V-Dem
2018,KGZ,Kyrgyzstan,0.8365,V-Dem
2019,KGZ,Kyrgyzstan,0.5355000000000001,V-Dem
2020,KGZ,Kyrgyzstan,0.4159999999999999,V-Dem
2021,KGZ,Kyrgyzstan,0.408,V-Dem
2022,KGZ,Kyrgyzstan,0.3465,V-Dem
2023,KGZ,Kyrgyzstan,0.009500000000000008,V-Dem
2024,KGZ,Kyrgyzstan,-0.057499999999999996,V-Dem
2025,KGZ,Kyrgyzstan,-0.7344999999999999,V-Dem
1961,LAO,Laos,-0.659,V-Dem
1962,LAO,Laos,-0.659,V-Dem
1963,LAO,Laos,-0.659,V-Dem
1964,LAO,Laos,-0.659,V-Dem
1965,LAO,Laos,-0.659,V-Dem
1966,LAO,Laos,-0.659,V-Dem
1967,LAO,Laos,-0.659,V-Dem
1968,LAO,Laos,-0.659,V-Dem
1969,LAO,Laos,-0.659,V-Dem
1970,LAO,Laos,-0.659,V-Dem
1971,LAO,Laos,-0.659,V-Dem
1972,LAO,Laos,-0.659,V-Dem
1973,LAO,Laos,-0.659,V-Dem
1974,LAO,Laos,-0.659,V-Dem
1975,LAO,Laos,-1.476,V-Dem
1976,LAO,Laos,-1.8875,V-Dem
1977,LAO,Laos,-1.8875,V-Dem
1978,LAO,Laos,-1.8875,V-Dem
1979,LAO,Laos,-1.8875,V-Dem
1980,LAO,Laos,-1.8875,V-Dem
1981,LAO,Laos,-1.8875,V-Dem
1982,LAO,Laos,-1.8875,V-Dem
1983,LAO,Laos,-1.8875,V-Dem
1984,LAO,Laos,-1.8875,V-Dem
1985,LAO,Laos,-1.8875,V-Dem
1986,LAO,Laos,-1.8875,V-Dem
1987,LAO,Laos,-1.8875,V-Dem
1988,LAO,Laos,-1.8875,V-Dem
1989,LAO,Laos,-1.8875,V-Dem
1990,LAO,Laos,-1.8875,V-Dem
1991,LAO,Laos,-1.943,V-Dem
1992,LAO,Laos,-1.943,V-Dem
1993,LAO,Laos,-1.943,V-Dem
1994,LAO,Laos,-1.943,V-Dem
1995,LAO,Laos,-1.943,V-Dem
1996,LAO,Laos,-1.749,V-Dem
1997,LAO,Laos,-1.749,V-Dem
1998,LAO,Laos,-1.749,V-Dem
1999,LAO,Laos,-1.749,V-Dem
2000,LAO,Laos,-1.749,V-Dem
2001,LAO,Laos,-1.749,V-Dem
2002,LAO,Laos,-1.8245,V-Dem
2003,LAO,Laos,-1.8245,V-Dem
2004,LAO,Laos,-1.8245,V-Dem
2005,LAO,Laos,-1.8245,V-Dem
2006,LAO,Laos,-1.798,V-Dem
2007,LAO,Laos,-1.798,V-Dem
2008,LAO,Laos,-1.798,V-Dem
2009,LAO,Laos,-1.798,V-Dem
2010,LAO,Laos,-1.798,V-Dem
2011,LAO,Laos,-1.798,V-Dem
2012,LAO,Laos,-1.798,V-Dem
2013,LAO,Laos,-1.597,V-Dem
2014,LAO,Laos,-1.597,V-Dem
2015,LAO,Laos,-1.597,V-Dem
2016,LAO,Laos,-1.528,V-Dem
2017,LAO,Laos,-1.4525000000000001,V-Dem
2018,LAO,Laos,-1.4849999999999999,V-Dem
2019,LAO,Laos,-1.5725,V-Dem
2020,LAO,Laos,-1.3965,V-Dem
2021,LAO,Laos,-1.6,V-Dem
2022,LAO,Laos,-1.3395,V-Dem
2023,LAO,Laos,-1.3395,V-Dem
2024,LAO,Laos,-1.435,V-Dem
2025,LAO,Laos,-1.435,V-Dem
1961,LBY,Libya,-0.2015,V-Dem
1962,LBY,Libya,-0.2015,V-Dem
1963,LBY,Libya,-0.2015,V-Dem
1964,LBY,Libya,-0.3585,V-Dem
1965,LBY,Libya,-0.288,V-Dem
1966,LBY,Libya,-0.288,V-Dem
1967,LBY,Libya,-0.288,V-Dem
1968,LBY,Libya,-0.4365,V-Dem
1969,LBY,Libya,-1.158,V-Dem
1970,LBY,Libya,-1.852,V-Dem
1971,LBY,Libya,-1.852,V-Dem
1972,LBY,Libya,-1.852,V-Dem
1973,LBY,Libya,-1.852,V-Dem
1974,LBY,Libya,-1.852,V-Dem
1975,LBY,Libya,-1.852,V-Dem
1976,LBY,Libya,-1.852,V-Dem
1977,LBY,Libya,-1.852,V-Dem
1978,LBY,Libya,-1.852,V-Dem
1979,LBY,Libya,-1.852,V-Dem
1980,LBY,Libya,-1.852,V-Dem
1981,LBY,Libya,-1.852,V-Dem
1982,LBY,Libya,-1.852,V-Dem
1983,LBY,Libya,-1.852,V-Dem
1984,LBY,Libya,-1.852,V-Dem
1985,LBY,Libya,-1.852,V-Dem
1986,LBY,Libya,-1.852,V-Dem
1987,LBY,Libya,-1.852,V-Dem
1988,LBY,Libya,-1.852,V-Dem
1989,LBY,Libya,-1.852,V-Dem
1990,LBY,Libya,-1.852,V-Dem
1991,LBY,Libya,-1.852,V-Dem
1992,LBY,Libya,-1.852,V-Dem
1993,LBY,Libya,-1.852,V-Dem
1994,LBY,Libya,-1.852,V-Dem
1995,LBY,Libya,-1.852,V-Dem
1996,LBY,Libya,-1.852,V-Dem
1997,LBY,Libya,-1.852,V-Dem
1998,LBY,Libya,-1.852,V-Dem
1999,LBY,Libya,-1.852,V-Dem
2000,LBY,Libya,-1.852,V-Dem
2001,LBY,Libya,-1.852,V-Dem
2002,LBY,Libya,-1.852,V-Dem
2003,LBY,Libya,-1.852,V-Dem
2004,LBY,Libya,-1.852,V-Dem
2005,LBY,Libya,-1.852,V-Dem
2006,LBY,Libya,-1.852,V-Dem
2007,LBY,Libya,-1.852,V-Dem
2008,LBY,Libya,-1.852,V-Dem
2009,LBY,Libya,-1.852,V-Dem
2010,LBY,Libya,-1.852,V-Dem
2011,LBY,Libya,-1.685,V-Dem
2012,LBY,Libya,-1.0205,V-Dem
2013,LBY,Libya,-1.3184999999999998,V-Dem
2014,LBY,Libya,-1.4689999999999999,V-Dem
2015,LBY,Libya,-1.5465,V-Dem
2016,LBY,Libya,-1.5465,V-Dem
2017,LBY,Libya,-1.916,V-Dem
2018,LBY,Libya,-1.923,V-Dem
2019,LBY,Libya,-1.7730000000000001,V-Dem
2020,LBY,Libya,-1.7730000000000001,V-Dem
2021,LBY,Libya,-1.69,V-Dem
2022,LBY,Libya,-1.4929999999999999,V-Dem
2023,LBY,Libya,-1.6105,V-Dem
2024,LBY,Libya,-1.4905,V-Dem
2025,LBY,Libya,-1.4905,V-Dem
1961,MDG,Madagascar,0.0885,V-Dem
1962,MDG,Madagascar,0.0885,V-Dem
1963,MDG,Madagascar,0.0885,V-Dem
1964,MDG,Madagascar,0.0885,V-Dem
1965,MDG,Madagascar,0.0885,V-Dem
1966,MDG,Madagascar,0.0885,V-Dem
1967,MDG,Madagascar,0.0885,V-Dem
1968,MDG,Madagascar,0.0885,V-Dem
1969,MDG,Madagascar,0.0885,V-Dem
1970,MDG,Madagascar,0.0885,V-Dem
1971,MDG,Madagascar,0.0885,V-Dem
1972,MDG,Madagascar,-0.47050000000000003,V-Dem
1973,MDG,Madagascar,-0.003500000000000003,V-Dem
1974,MDG,Madagascar,-0.21000000000000002,V-Dem
1975,MDG,Madagascar,-0.6825,V-Dem
1976,MDG,Madagascar,-0.161,V-Dem
1977,MDG,Madagascar,-0.161,V-Dem
1978,MDG,Madagascar,-0.161,V-Dem
1979,MDG,Madagascar,-0.161,V-Dem
1980,MDG,Madagascar,-0.161,V-Dem
1981,MDG,Madagascar,-0.161,V-Dem
1982,MDG,Madagascar,-0.161,V-Dem
1983,MDG,Madagascar,-0.161,V-Dem
1984,MDG,Madagascar,-0.161,V-Dem
1985,MDG,Madagascar,-0.161,V-Dem
1986,MDG,Madagascar,0.03899999999999999,V-Dem
1987,MDG,Madagascar,0.03899999999999999,V-Dem
1988,MDG,Madagascar,0.03899999999999999,V-Dem
1989,MDG,Madagascar,0.03899999999999999,V-Dem
1990,MDG,Madagascar,0.03899999999999999,V-Dem
1991,MDG,Madagascar,-0.434,V-Dem
1992,MDG,Madagascar,0.581,V-Dem
1993,MDG,Madagascar,0.581,V-Dem
1994,MDG,Madagascar,0.581,V-Dem
1995,MDG,Madagascar,0.724,V-Dem
1996,MDG,Madagascar,0.6345000000000001,V-Dem
1997,MDG,Madagascar,0.3825,V-Dem
1998,MDG,Madagascar,0.3825,V-Dem
1999,MDG,Madagascar,0.3825,V-Dem
2000,MDG,Madagascar,0.463,V-Dem
2001,MDG,Madagascar,0.463,V-Dem
2002,MDG,Madagascar,-0.30750000000000005,V-Dem
2003,MDG,Madagascar,0.624,V-Dem
2004,MDG,Madagascar,0.9510000000000001,V-Dem
2005,MDG,Madagascar,0.9810000000000001,V-Dem
2006,MDG,Madagascar,0.9810000000000001,V-Dem
2007,MDG,Madagascar,0.9810000000000001,V-Dem
2008,MDG,Madagascar,1.063,V-Dem
2009,MDG,Madagascar,-0.092,V-Dem
2010,MDG,Madagascar,0.05750000000000001,V-Dem
2011,MDG,Madagascar,0.05750000000000001,V-Dem
2012,MDG,Madagascar,-0.033999999999999996,V-Dem
2013,MDG,Madagascar,0.3165,V-Dem
2014,MDG,Madagascar,0.8795,V-Dem
2015,MDG,Madagascar,0.8795,V-Dem
2016,MDG,Madagascar,0.8795,V-Dem
2017,MDG,Madagascar,0.8795,V-Dem
2018,MDG,Madagascar,0.8795,V-Dem
2019,MDG,Madagascar,0.7655,V-Dem
2020,MDG,Madagascar,0.7655,V-Dem
2021,MDG,Madagascar,0.7655,V-Dem
2022,MDG,Madagascar,0.7655,V-Dem
2023,MDG,Madagascar,0.482,V-Dem
2024,MDG,Madagascar,0.317,V-Dem
2025,MDG,Madagascar,-0.03,V-Dem
1990,MDA,Moldova,0.493,V-Dem
1991,MDA,Moldova,0.5509999999999999,V-Dem
1992,MDA,Moldova,0.5509999999999999,V-Dem
1993,MDA,Moldova,0.5509999999999999,V-Dem
1994,MDA,Moldova,0.5509999999999999,V-Dem
1995,MDA,Moldova,0.942,V-Dem
1996,MDA,Moldova,0.942,V-Dem
1997,MDA,Moldova,0.942,V-Dem
1998,MDA,Moldova,0.942,V-Dem
1999,MDA,Moldova,0.942,V-Dem
2000,MDA,Moldova,0.8205,V-Dem
2001,MDA,Moldova,1.0010000000000001,V-Dem
2002,MDA,Moldova,1.0010000000000001,V-Dem
2003,MDA,Moldova,1.0010000000000001,V-Dem
2004,MDA,Moldova,1.0010000000000001,V-Dem
2005,MDA,Moldova,1.0010000000000001,V-Dem
2006,MDA,Moldova,1.0010000000000001,V-Dem
2007,MDA,Moldova,1.0010000000000001,V-Dem
2008,MDA,Moldova,1.048,V-Dem
2009,MDA,Moldova,0.5934999999999999,V-Dem
2010,MDA,Moldova,1.7265000000000001,V-Dem
2011,MDA,Moldova,1.7265000000000001,V-Dem
2012,MDA,Moldova,1.5554999999999999,V-Dem
2013,MDA,Moldova,1.564,V-Dem
2014,MDA,Moldova,1.12,V-Dem
2015,MDA,Moldova,1.438,V-Dem
2016,MDA,Moldova,1.438,V-Dem
2017,MDA,Moldova,1.1815,V-Dem
2018,MDA,Moldova,1.4529999999999998,V-Dem
2019,MDA,Moldova,1.4529999999999998,V-Dem
2020,MDA,Moldova,1.4529999999999998,V-Dem
2021,MDA,Moldova,1.6265,V-Dem
2022,MDA,Moldova,2.239,V-Dem
2023,MDA,Moldova,2.239,V-Dem
2024,MDA,Moldova,1.8,V-Dem
2025,MDA,Moldova,1.8,V-Dem
1961,NAM,Namibia,-1.557,V-Dem
1962,NAM,Namibia,-1.557,V-Dem
1963,NAM,Namibia,-1.557,V-Dem
1964,NAM,Namibia,-1.6105,V-Dem
1965,NAM,Namibia,-1.568,V-Dem
1966,NAM,Namibia,-1.67,V-Dem
1967,NAM,Namibia,-1.815,V-Dem
1968,NAM,Namibia,-1.815,V-Dem
1969,NAM,Namibia,-1.7355,V-Dem
1970,NAM,Namibia,-1.7355,V-Dem
1971,NAM,Namibia,-1.7355,V-Dem
1972,NAM,Namibia,-1.7355,V-Dem
1973,NAM,Namibia,-1.7355,V-Dem
1974,NAM,Namibia,-1.7355,V-Dem
1975,NAM,Namibia,-1.7355,V-Dem
1976,NAM,Namibia,-1.7355,V-Dem
1977,NAM,Namibia,-1.584,V-Dem
1978,NAM,Namibia,-1.657,V-Dem
1979,NAM,Namibia,-1.657,V-Dem
1980,NAM,Namibia,-1.1515,V-Dem
1981,NAM,Namibia,-1.1515,V-Dem
1982,NAM,Namibia,-1.1515,V-Dem
1983,NAM,Namibia,-1.1515,V-Dem
1984,NAM,Namibia,-1.1515,V-Dem
1985,NAM,Namibia,-1.1515,V-Dem
1986,NAM,Namibia,-1.1515,V-Dem
1987,NAM,Namibia,-1.1515,V-Dem
1988,NAM,Namibia,-1.1515,V-Dem
1989,NAM,Namibia,-0.6725,V-Dem
1990,NAM,Namibia,1.222,V-Dem
1991,NAM,Namibia,1.8439999999999999,V-Dem
1992,NAM,Namibia,1.8439999999999999,V-Dem
1993,NAM,Namibia,1.8439999999999999,V-Dem
1994,NAM,Namibia,1.8439999999999999,V-Dem
1995,NAM,Namibia,1.8439999999999999,V-Dem
1996,NAM,Namibia,1.8439999999999999,V-Dem
1997,NAM,Namibia,1.8439999999999999,V-Dem
1998,NAM,Namibia,1.8439999999999999,V-Dem
1999,NAM,Namibia,1.6829999999999998,V-Dem
2000,NAM,Namibia,1.6829999999999998,V-Dem
2001,NAM,Namibia,1.845,V-Dem
2002,NAM,Namibia,1.845,V-Dem
2003,NAM,Namibia,1.845,V-Dem
2004,NAM,Namibia,1.845,V-Dem
2005,NAM,Namibia,1.845,V-Dem
2006,NAM,Namibia,1.845,V-Dem
2007,NAM,Namibia,1.845,V-Dem
2008,NAM,Namibia,1.845,V-Dem
2009,NAM,Namibia,1.8780000000000001,V-Dem
2010,NAM,Namibia,1.8780000000000001,V-Dem
2011,NAM,Namibia,1.8780000000000001,V-Dem
2012,NAM,Namibia,1.8780000000000001,V-Dem
2013,NAM,Namibia,1.8780000000000001,V-Dem
2014,NAM,Namibia,1.8780000000000001,V-Dem
2015,NAM,Namibia,1.8780000000000001,V-Dem
2016,NAM,Namibia,1.8780000000000001,V-Dem
2017,NAM,Namibia,1.8780000000000001,V-Dem
2018,NAM,Namibia,1.8780000000000001,V-Dem
2019,NAM,Namibia,1.9425,V-Dem
2020,NAM,Namibia,1.9425,V-Dem
2021,NAM,Namibia,1.9425,V-Dem
2022,NAM,Namibia,1.9425,V-Dem
2023,NAM,Namibia,1.9425,V-Dem
2024,NAM,Namibia,1.7295,V-Dem
2025,NAM,Namibia,1.7295,V-Dem
1967,PSE,Palestine/West Bank,-1.557,V-Dem
1968,PSE,Palestine/West Bank,-1.717,V-Dem
1969,PSE,Palestine/West Bank,-1.717,V-Dem
1970,PSE,Palestine/West Bank,-1.2215,V-Dem
1971,PSE,Palestine/West Bank,-1.2215,V-Dem
1972,PSE,Palestine/West Bank,-1.2215,V-Dem
1973,PSE,Palestine/West Bank,-1.2215,V-Dem
1974,PSE,Palestine/West Bank,-1.2215,V-Dem
1975,PSE,Palestine/West Bank,-1.2215,V-Dem
1976,PSE,Palestine/West Bank,-1.2215,V-Dem
1977,PSE,Palestine/West Bank,-1.2215,V-Dem
1978,PSE,Palestine/West Bank,-1.2215,V-Dem
1979,PSE,Palestine/West Bank,-1.2215,V-Dem
1980,PSE,Palestine/West Bank,-1.7015,V-Dem
1981,PSE,Palestine/West Bank,-1.7015,V-Dem
1982,PSE,Palestine/West Bank,-1.7015,V-Dem
1983,PSE,Palestine/West Bank,-1.7015,V-Dem
1984,PSE,Palestine/West Bank,-1.7015,V-Dem
1985,PSE,Palestine/West Bank,-1.7015,V-Dem
1986,PSE,Palestine/West Bank,-1.7015,V-Dem
1987,PSE,Palestine/West Bank,-1.7015,V-Dem
1988,PSE,Palestine/West Bank,-1.7015,V-Dem
1989,PSE,Palestine/West Bank,-1.7015,V-Dem
1990,PSE,Palestine/West Bank,-1.7015,V-Dem
1991,PSE,Palestine/West Bank,-1.7015,V-Dem
1992,PSE,Palestine/West Bank,-1.7015,V-Dem
1993,PSE,Palestine/West Bank,-1.3784999999999998,V-Dem
1994,PSE,Palestine/West Bank,0.2795,V-Dem
1995,PSE,Palestine/West Bank,0.597,V-Dem
1996,PSE,Palestine/West Bank,0.597,V-Dem
1997,PSE,Palestine/West Bank,0.597,V-Dem
1998,PSE,Palestine/West Bank,0.711,V-Dem
1999,PSE,Palestine/West Bank,0.711,V-Dem
2000,PSE,Palestine/West Bank,0.711,V-Dem
2001,PSE,Palestine/West Bank,0.711,V-Dem
2002,PSE,Palestine/West Bank,0.711,V-Dem
2003,PSE,Palestine/West Bank,0.711,V-Dem
2004,PSE,Palestine/West Bank,0.711,V-Dem
2005,PSE,Palestine/West Bank,0.711,V-Dem
2006,PSE,Palestine/West Bank,0.6839999999999999,V-Dem
2007,PSE,Palestine/West Bank,0.596,V-Dem
2008,PSE,Palestine/West Bank,0.596,V-Dem
2009,PSE,Palestine/West Bank,0.689,V-Dem
2010,PSE,Palestine/West Bank,0.8305,V-Dem
2011,PSE,Palestine/West Bank,0.8425,V-Dem
2012,PSE,Palestine/West Bank,0.8425,V-Dem
2013,PSE,Palestine/West Bank,1.009,V-Dem
2014,PSE,Palestine/West Bank,0.99,V-Dem
2015,PSE,Palestine/West Bank,0.64,V-Dem
2016,PSE,Palestine/West Bank,0.64,V-Dem
2017,PSE,Palestine/West Bank,0.485,V-Dem
2018,PSE,Palestine/West Bank,0.6945,V-Dem
2019,PSE,Palestine/West Bank,0.956,V-Dem
2020,PSE,Palestine/West Bank,0.956,V-Dem
2021,PSE,Palestine/West Bank,0.1985,V-Dem
2022,PSE,Palestine/West Bank,0.08249999999999999,V-Dem
2023,PSE,Palestine/West Bank,0.08249999999999999,V-Dem
2024,PSE,Palestine/West Bank,-0.12450000000000001,V-Dem
2025,PSE,Palestine/West Bank,-0.0505,V-Dem
1961,RWA,Rwanda,-1.439,V-Dem
1962,RWA,Rwanda,-1.3665,V-Dem
1963,RWA,Rwanda,-0.8405,V-Dem
1964,RWA,Rwanda,-0.8405,V-Dem
1965,RWA,Rwanda,-0.8405,V-Dem
1966,RWA,Rwanda,-0.8405,V-Dem
1967,RWA,Rwanda,-0.7005,V-Dem
1968,RWA,Rwanda,-0.7005,V-Dem
1969,RWA,Rwanda,-0.8300000000000001,V-Dem
1970,RWA,Rwanda,-0.8595,V-Dem
1971,RWA,Rwanda,-0.8595,V-Dem
1972,RWA,Rwanda,-0.8595,V-Dem
1973,RWA,Rwanda,-0.6875,V-Dem
1974,RWA,Rwanda,-1.074,V-Dem
1975,RWA,Rwanda,-1.074,V-Dem
1976,RWA,Rwanda,-1.074,V-Dem
1977,RWA,Rwanda,-1.074,V-Dem
1978,RWA,Rwanda,-0.826,V-Dem
1979,RWA,Rwanda,-0.826,V-Dem
1980,RWA,Rwanda,-0.826,V-Dem
1981,RWA,Rwanda,-0.826,V-Dem
1982,RWA,Rwanda,-0.826,V-Dem
1983,RWA,Rwanda,-0.826,V-Dem
1984,RWA,Rwanda,-0.826,V-Dem
1985,RWA,Rwanda,-0.826,V-Dem
1986,RWA,Rwanda,-0.826,V-Dem
1987,RWA,Rwanda,-0.826,V-Dem
1988,RWA,Rwanda,-0.826,V-Dem
1989,RWA,Rwanda,-0.826,V-Dem
1990,RWA,Rwanda,-1.0385,V-Dem
1991,RWA,Rwanda,-1.0385,V-Dem
1992,RWA,Rwanda,-0.9075000000000001,V-Dem
1993,RWA,Rwanda,-1.1515,V-Dem
1994,RWA,Rwanda,-1.554,V-Dem
1995,RWA,Rwanda,-1.1535,V-Dem
1996,RWA,Rwanda,-1.093,V-Dem
1997,RWA,Rwanda,-1.1059999999999999,V-Dem
1998,RWA,Rwanda,-1.1059999999999999,V-Dem
1999,RWA,Rwanda,-0.8584999999999999,V-Dem
2000,RWA,Rwanda,-0.7235,V-Dem
2001,RWA,Rwanda,-0.849,V-Dem
2002,RWA,Rwanda,-0.8260000000000001,V-Dem
2003,RWA,Rwanda,-0.8260000000000001,V-Dem
2004,RWA,Rwanda,-0.8260000000000001,V-Dem
2005,RWA,Rwanda,-0.8260000000000001,V-Dem
2006,RWA,Rwanda,-0.808,V-Dem
2007,RWA,Rwanda,-0.808,V-Dem
2008,RWA,Rwanda,-0.808,V-Dem
2009,RWA,Rwanda,-0.808,V-Dem
2010,RWA,Rwanda,-0.933,V-Dem
2011,RWA,Rwanda,-0.8725,V-Dem
2012,RWA,Rwanda,-0.7945,V-Dem
2013,RWA,Rwanda,-0.7945,V-Dem
2014,RWA,Rwanda,-0.767,V-Dem
2015,RWA,Rwanda,-0.767,V-Dem
2016,RWA,Rwanda,-1.667,V-Dem
2017,RWA,Rwanda,-1.9665000000000001,V-Dem
2018,RWA,Rwanda,-1.377,V-Dem
2019,RWA,Rwanda,-1.0085,V-Dem
2020,RWA,Rwanda,-1.775,V-Dem
2021,RWA,Rwanda,-1.775,V-Dem
2022,RWA,Rwanda,-1.267,V-Dem
2023,RWA,Rwanda,-1.267,V-Dem
2024,RWA,Rwanda,-1.267,V-Dem
2025,RWA,Rwanda,-1.267,V-Dem
1961,SOM,Somalia,0.7155,V-Dem
1962,SOM,Somalia,0.7155,V-Dem
1963,SOM,Somalia,0.7155,V-Dem
1964,SOM,Somalia,0.7155,V-Dem
1965,SOM,Somalia,0.7155,V-Dem
1966,SOM,Somalia,0.19749999999999995,V-Dem
1967,SOM,Somalia,0.19749999999999995,V-Dem
1968,SOM,Somalia,0.19749999999999995,V-Dem
1969,SOM,Somalia,0.1265,V-Dem
1970,SOM,Somalia,-2.5324999999999998,V-Dem
1971,SOM,Somalia,-2.5324999999999998,V-Dem
1972,SOM,Somalia,-2.5324999999999998,V-Dem
1973,SOM,Somalia,-2.5324999999999998,V-Dem
1974,SOM,Somalia,-2.5324999999999998,V-Dem
1975,SOM,Somalia,-2.5324999999999998,V-Dem
1976,SOM,Somalia,-2.5324999999999998,V-Dem
1977,SOM,Somalia,-2.5324999999999998,V-Dem
1978,SOM,Somalia,-2.5324999999999998,V-Dem
1979,SOM,Somalia,-2.5324999999999998,V-Dem
1980,SOM,Somalia,-2.5324999999999998,V-Dem
1981,SOM,Somalia,-2.5324999999999998,V-Dem
1982,SOM,Somalia,-2.5324999999999998,V-Dem
1983,SOM,Somalia,-2.5324999999999998,V-Dem
1984,SOM,Somalia,-2.5324999999999998,V-Dem
1985,SOM,Somalia,-2.5324999999999998,V-Dem
1986,SOM,Somalia,-2.5324999999999998,V-Dem
1987,SOM,Somalia,-2.5324999999999998,V-Dem
1988,SOM,Somalia,-2.5324999999999998,V-Dem
1989,SOM,Somalia,-2.5324999999999998,V-Dem
1990,SOM,Somalia,-2.5324999999999998,V-Dem
1991,SOM,Somalia,-2.691,V-Dem
1992,SOM,Somalia,-1.6460000000000001,V-Dem
1993,SOM,Somalia,-1.6460000000000001,V-Dem
1994,SOM,Somalia,-1.6460000000000001,V-Dem
1995,SOM,Somalia,-1.6460000000000001,V-Dem
1996,SOM,Somalia,-1.6460000000000001,V-Dem
1997,SOM,Somalia,-1.6460000000000001,V-Dem
1998,SOM,Somalia,-1.6460000000000001,V-Dem
1999,SOM,Somalia,-1.6460000000000001,V-Dem
2000,SOM,Somalia,-1.6460000000000001,V-Dem
2001,SOM,Somalia,-1.6460000000000001,V-Dem
2002,SOM,Somalia,-1.6460000000000001,V-Dem
2003,SOM,Somalia,-1.6460000000000001,V-Dem
2004,SOM,Somalia,-1.6460000000000001,V-Dem
2005,SOM,Somalia,-1.6460000000000001,V-Dem
2006,SOM,Somalia,-1.8405,V-Dem
2007,SOM,Somalia,-1.6825,V-Dem
2008,SOM,Somalia,-1.796,V-Dem
2009,SOM,Somalia,-1.796,V-Dem
2010,SOM,Somalia,-1.4129999999999998,V-Dem
2011,SOM,Somalia,-1.4129999999999998,V-Dem
2012,SOM,Somalia,-1.1225,V-Dem
2013,SOM,Somalia,-0.9915,V-Dem
2014,SOM,Somalia,-0.9915,V-Dem
2015,SOM,Somalia,-0.9915,V-Dem
2016,SOM,Somalia,-0.5995,V-Dem
2017,SOM,Somalia,-0.5205,V-Dem
2018,SOM,Somalia,-0.628,V-Dem
2019,SOM,Somalia,-0.7975,V-Dem
2020,SOM,Somalia,-1.0514999999999999,V-Dem
2021,SOM,Somalia,-1.004,V-Dem
2022,SOM,Somalia,-0.8240000000000001,V-Dem
2023,SOM,Somalia,-0.1545,V-Dem
2024,SOM,Somalia,-0.1545,V-Dem
2025,SOM,Somalia,0.206,V-Dem
1961,LKA,Sri Lanka,1.71,V-Dem
1962,LKA,Sri Lanka,1.71,V-Dem
1963,LKA,Sri Lanka,1.71,V-Dem
1964,LKA,Sri Lanka,1.71,V-Dem
1965,LKA,Sri Lanka,1.71,V-Dem
1966,LKA,Sri Lanka,1.71,V-Dem
1967,LKA,Sri Lanka,1.71,V-Dem
1968,LKA,Sri Lanka,1.71,V-Dem
1969,LKA,Sri Lanka,1.71,V-Dem
1970,LKA,Sri Lanka,1.35,V-Dem
1971,LKA,Sri Lanka,0.11999999999999998,V-Dem
1972,LKA,Sri Lanka,0.6305,V-Dem
1973,LKA,Sri Lanka,0.8105,V-Dem
1974,LKA,Sri Lanka,0.8105,V-Dem
1975,LKA,Sri Lanka,0.8105,V-Dem
1976,LKA,Sri Lanka,0.8105,V-Dem
1977,LKA,Sri Lanka,0.609,V-Dem
1978,LKA,Sri Lanka,0.5725,V-Dem
1979,LKA,Sri Lanka,0.6885,V-Dem
1980,LKA,Sri Lanka,0.276,V-Dem
1981,LKA,Sri Lanka,0.276,V-Dem
1982,LKA,Sri Lanka,0.276,V-Dem
1983,LKA,Sri Lanka,-0.11549999999999999,V-Dem
1984,LKA,Sri Lanka,-0.11549999999999999,V-Dem
1985,LKA,Sri Lanka,-0.11549999999999999,V-Dem
1986,LKA,Sri Lanka,-0.11549999999999999,V-Dem
1987,LKA,Sri Lanka,-0.671,V-Dem
1988,LKA,Sri Lanka,-0.928,V-Dem
1989,LKA,Sri Lanka,-1.0510000000000002,V-Dem
1990,LKA,Sri Lanka,-1.2335,V-Dem
1991,LKA,Sri Lanka,-1.2335,V-Dem
1992,LKA,Sri Lanka,-0.5235,V-Dem
1993,LKA,Sri Lanka,-0.5235,V-Dem
1994,LKA,Sri Lanka,0.0995,V-Dem
1995,LKA,Sri Lanka,0.0995,V-Dem
1996,LKA,Sri Lanka,0.0995,V-Dem
1997,LKA,Sri Lanka,0.0995,V-Dem
1998,LKA,Sri Lanka,0.0995,V-Dem
1999,LKA,Sri Lanka,0.0995,V-Dem
2000,LKA,Sri Lanka,0.0995,V-Dem
2001,LKA,Sri Lanka,0.0995,V-Dem
2002,LKA,Sri Lanka,0.0995,V-Dem
2003,LKA,Sri Lanka,0.0995,V-Dem
2004,LKA,Sri Lanka,0.0995,V-Dem
2005,LKA,Sri Lanka,0.0995,V-Dem
2006,LKA,Sri Lanka,-0.11599999999999999,V-Dem
2007,LKA,Sri Lanka,-0.615,V-Dem
2008,LKA,Sri Lanka,-0.615,V-Dem
2009,LKA,Sri Lanka,-0.756,V-Dem
2010,LKA,Sri Lanka,-0.057499999999999996,V-Dem
2011,LKA,Sri Lanka,-0.057499999999999996,V-Dem
2012,LKA,Sri Lanka,0.08050000000000002,V-Dem
2013,LKA,Sri Lanka,0.125,V-Dem
2014,LKA,Sri Lanka,0.20450000000000002,V-Dem
2015,LKA,Sri Lanka,0.76,V-Dem
2016,LKA,Sri Lanka,1.056,V-Dem
2017,LKA,Sri Lanka,1.004,V-Dem
2018,LKA,Sri Lanka,1.2959999999999998,V-Dem
2019,LKA,Sri Lanka,1.104,V-Dem
2020,LKA,Sri Lanka,0.253,V-Dem
2021,LKA,Sri Lanka,0.1845,V-Dem
2022,LKA,Sri Lanka,0.5275000000000001,V-Dem
2023,LKA,Sri Lanka,0.7175,V-Dem
2024,LKA,Sri Lanka,1.3205,V-Dem
2025,LKA,Sri Lanka,1.2530000000000001,V-Dem
1961,SWZ,Eswatini,-0.3855,V-Dem
1962,SWZ,Eswatini,-0.3855,V-Dem
1963,SWZ,Eswatini,-0.3855,V-Dem
1964,SWZ,Eswatini,-0.3855,V-Dem
1965,SWZ,Eswatini,-0.3855,V-Dem
1966,SWZ,Eswatini,-0.3855,V-Dem
1967,SWZ,Eswatini,-0.3855,V-Dem
1968,SWZ,Eswatini,-0.3855,V-Dem
1969,SWZ,Eswatini,-0.3855,V-Dem
1970,SWZ,Eswatini,-0.3855,V-Dem
1971,SWZ,Eswatini,-0.3855,V-Dem
1972,SWZ,Eswatini,-0.3855,V-Dem
1973,SWZ,Eswatini,-0.3855,V-Dem
1974,SWZ,Eswatini,-0.3855,V-Dem
1975,SWZ,Eswatini,-0.3855,V-Dem
1976,SWZ,Eswatini,-0.3855,V-Dem
1977,SWZ,Eswatini,-0.3855,V-Dem
1978,SWZ,Eswatini,-0.3855,V-Dem
1979,SWZ,Eswatini,-0.3855,V-Dem
1980,SWZ,Eswatini,-0.3855,V-Dem
1981,SWZ,Eswatini,-0.3855,V-Dem
1982,SWZ,Eswatini,-0.3855,V-Dem
1983,SWZ,Eswatini,-0.3855,V-Dem
1984,SWZ,Eswatini,-0.3855,V-Dem
1985,SWZ,Eswatini,-0.3855,V-Dem
1986,SWZ,Eswatini,-0.3855,V-Dem
1987,SWZ,Eswatini,-0.3855,V-Dem
1988,SWZ,Eswatini,-0.3855,V-Dem
1989,SWZ,Eswatini,-0.3855,V-Dem
1990,SWZ,Eswatini,-0.371,V-Dem
1991,SWZ,Eswatini,-0.371,V-Dem
1992,SWZ,Eswatini,-0.371,V-Dem
1993,SWZ,Eswatini,-0.371,V-Dem
1994,SWZ,Eswatini,-0.371,V-Dem
1995,SWZ,Eswatini,-0.371,V-Dem
1996,SWZ,Eswatini,-0.371,V-Dem
1997,SWZ,Eswatini,-0.371,V-Dem
1998,SWZ,Eswatini,-0.371,V-Dem
1999,SWZ,Eswatini,-0.371,V-Dem
2000,SWZ,Eswatini,0.13650000000000007,V-Dem
2001,SWZ,Eswatini,0.13650000000000007,V-Dem
2002,SWZ,Eswatini,0.13650000000000007,V-Dem
2003,SWZ,Eswatini,0.13650000000000007,V-Dem
2004,SWZ,Eswatini,0.13650000000000007,V-Dem
2005,SWZ,Eswatini,0.13650000000000007,V-Dem
2006,SWZ,Eswatini,-0.0685,V-Dem
2007,SWZ,Eswatini,-0.23850000000000005,V-Dem
2008,SWZ,Eswatini,-0.06400000000000006,V-Dem
2009,SWZ,Eswatini,-0.06400000000000006,V-Dem
2010,SWZ,Eswatini,-0.21400000000000008,V-Dem
2011,SWZ,Eswatini,-0.02400000000000002,V-Dem
2012,SWZ,Eswatini,-0.02400000000000002,V-Dem
2013,SWZ,Eswatini,0.07100000000000006,V-Dem
2014,SWZ,Eswatini,0.07100000000000006,V-Dem
2015,SWZ,Eswatini,0.07100000000000006,V-Dem
2016,SWZ,Eswatini,0.07100000000000006,V-Dem
2017,SWZ,Eswatini,0.01100000000000001,V-Dem
2018,SWZ,Eswatini,-0.035499999999999976,V-Dem
2019,SWZ,Eswatini,-0.32299999999999995,V-Dem
2020,SWZ,Eswatini,-0.32299999999999995,V-Dem
2021,SWZ,Eswatini,-1.5259999999999998,V-Dem
2022,SWZ,Eswatini,-1.7874999999999999,V-Dem
2023,SWZ,Eswatini,-1.7874999999999999,V-Dem
2024,SWZ,Eswatini,-1.6109999999999998,V-Dem
2025,SWZ,Eswatini,-1.6109999999999998,V-Dem
1990,TJK,Tajikistan,-0.18750000000000003,V-Dem
1991,TJK,Tajikistan,-0.18750000000000003,V-Dem
1992,TJK,Tajikistan,-1.3925,V-Dem
1993,TJK,Tajikistan,-1.3925,V-Dem
1994,TJK,Tajikistan,-1.3925,V-Dem
1995,TJK,Tajikistan,-0.899,V-Dem
1996,TJK,Tajikistan,-0.899,V-Dem
1997,TJK,Tajikistan,-0.899,V-Dem
1998,TJK,Tajikistan,-0.651,V-Dem
1999,TJK,Tajikistan,-0.651,V-Dem
2000,TJK,Tajikistan,-0.812,V-Dem
2001,TJK,Tajikistan,-0.7785,V-Dem
2002,TJK,Tajikistan,-0.7785,V-Dem
2003,TJK,Tajikistan,-0.7785,V-Dem
2004,TJK,Tajikistan,-0.642,V-Dem
2005,TJK,Tajikistan,-0.642,V-Dem
2006,TJK,Tajikistan,-0.642,V-Dem
2007,TJK,Tajikistan,-0.6605,V-Dem
2008,TJK,Tajikistan,-0.6145,V-Dem
2009,TJK,Tajikistan,-0.591,V-Dem
2010,TJK,Tajikistan,-0.901,V-Dem
2011,TJK,Tajikistan,-0.876,V-Dem
2012,TJK,Tajikistan,-1.0405,V-Dem
2013,TJK,Tajikistan,-1.074,V-Dem
2014,TJK,Tajikistan,-1.074,V-Dem
2015,TJK,Tajikistan,-1.4115,V-Dem
2016,TJK,Tajikistan,-1.8395000000000001,V-Dem
2017,TJK,Tajikistan,-1.5735000000000001,V-Dem
2018,TJK,Tajikistan,-1.488,V-Dem
2019,TJK,Tajikistan,-1.2225,V-Dem
2020,TJK,Tajikistan,-1.3795,V-Dem
2021,TJK,Tajikistan,-1.412,V-Dem
2022,TJK,Tajikistan,-2.0025,V-Dem
2023,TJK,Tajikistan,-1.6495,V-Dem
2024,TJK,Tajikistan,-1.6625,V-Dem
2025,TJK,Tajikistan,-1.695,V-Dem
1961,TGO,Togo,-1.09,V-Dem
1962,TGO,Togo,-1.09,V-Dem
1963,TGO,Togo,-1.6645,V-Dem
1964,TGO,Togo,-1.516,V-Dem
1965,TGO,Togo,-1.516,V-Dem
1966,TGO,Togo,-1.516,V-Dem
1967,TGO,Togo,-1.9000000000000001,V-Dem
1968,TGO,Togo,-1.9000000000000001,V-Dem
1969,TGO,Togo,-1.9000000000000001,V-Dem
1970,TGO,Togo,-1.9000000000000001,V-Dem
1971,TGO,Togo,-1.9000000000000001,V-Dem
1972,TGO,Togo,-1.9000000000000001,V-Dem
1973,TGO,Togo,-1.9000000000000001,V-Dem
1974,TGO,Togo,-1.9000000000000001,V-Dem
1975,TGO,Togo,-1.9000000000000001,V-Dem
1976,TGO,Togo,-1.9000000000000001,V-Dem
1977,TGO,Togo,-1.9000000000000001,V-Dem
1978,TGO,Togo,-1.9000000000000001,V-Dem
1979,TGO,Togo,-1.9000000000000001,V-Dem
1980,TGO,Togo,-1.9000000000000001,V-Dem
1981,TGO,Togo,-1.9000000000000001,V-Dem
1982,TGO,Togo,-1.9000000000000001,V-Dem
1983,TGO,Togo,-1.9000000000000001,V-Dem
1984,TGO,Togo,-1.9000000000000001,V-Dem
1985,TGO,Togo,-1.9000000000000001,V-Dem
1986,TGO,Togo,-1.9000000000000001,V-Dem
1987,TGO,Togo,-1.9000000000000001,V-Dem
1988,TGO,Togo,-1.9000000000000001,V-Dem
1989,TGO,Togo,-1.9000000000000001,V-Dem
1990,TGO,Togo,-1.7555,V-Dem
1991,TGO,Togo,-1.1015000000000001,V-Dem
1992,TGO,Togo,-1.1015000000000001,V-Dem
1993,TGO,Togo,-1.1015000000000001,V-Dem
1994,TGO,Togo,-1.1015000000000001,V-Dem
1995,TGO,Togo,-1.1015000000000001,V-Dem
1996,TGO,Togo,-1.1015000000000001,V-Dem
1997,TGO,Togo,-1.1015000000000001,V-Dem
1998,TGO,Togo,-1.1015000000000001,V-Dem
1999,TGO,Togo,-1.1015000000000001,V-Dem
2000,TGO,Togo,-1.0230000000000001,V-Dem
2001,TGO,Togo,-1.0230000000000001,V-Dem
2002,TGO,Togo,-1.0230000000000001,V-Dem
2003,TGO,Togo,-1.0230000000000001,V-Dem
2004,TGO,Togo,-1.0230000000000001,V-Dem
2005,TGO,Togo,-0.617,V-Dem
2006,TGO,Togo,-0.3345,V-Dem
2007,TGO,Togo,-0.21500000000000002,V-Dem
2008,TGO,Togo,-0.21500000000000002,V-Dem
2009,TGO,Togo,-0.21500000000000002,V-Dem
2010,TGO,Togo,-0.15949999999999998,V-Dem
2011,TGO,Togo,-0.15949999999999998,V-Dem
2012,TGO,Togo,-0.15949999999999998,V-Dem
2013,TGO,Togo,-0.1815,V-Dem
2014,TGO,Togo,-0.14,V-Dem
2015,TGO,Togo,-0.14,V-Dem
2016,TGO,Togo,-0.043999999999999984,V-Dem
2017,TGO,Togo,-0.043999999999999984,V-Dem
2018,TGO,Togo,0.03899999999999998,V-Dem
2019,TGO,Togo,0.03899999999999998,V-Dem
2020,TGO,Togo,0.8805000000000001,V-Dem
2021,TGO,Togo,0.8805000000000001,V-Dem
2022,TGO,Togo,0.8805000000000001,V-Dem
2023,TGO,Togo,-0.1505,V-Dem
2024,TGO,Togo,-0.07849999999999999,V-Dem
2025,TGO,Togo,0.2845,V-Dem
1961,TTO,Trinidad and Tobago,1.8925,V-Dem
1962,TTO,Trinidad and Tobago,2.34,V-Dem
1963,TTO,Trinidad and Tobago,2.34,V-Dem
1964,TTO,Trinidad and Tobago,2.34,V-Dem
1965,TTO,Trinidad and Tobago,2.34,V-Dem
1966,TTO,Trinidad and Tobago,2.34,V-Dem
1967,TTO,Trinidad and Tobago,2.34,V-Dem
1968,TTO,Trinidad and Tobago,2.34,V-Dem
1969,TTO,Trinidad and Tobago,2.34,V-Dem
1970,TTO,Trinidad and Tobago,2.34,V-Dem
1971,TTO,Trinidad and Tobago,2.34,V-Dem
1972,TTO,Trinidad and Tobago,2.34,V-Dem
1973,TTO,Trinidad and Tobago,2.34,V-Dem
1974,TTO,Trinidad and Tobago,2.34,V-Dem
1975,TTO,Trinidad and Tobago,2.34,V-Dem
1976,TTO,Trinidad and Tobago,2.34,V-Dem
1977,TTO,Trinidad and Tobago,2.34,V-Dem
1978,TTO,Trinidad and Tobago,2.34,V-Dem
1979,TTO,Trinidad and Tobago,2.34,V-Dem
1980,TTO,Trinidad and Tobago,2.34,V-Dem
1981,TTO,Trinidad and Tobago,2.34,V-Dem
1982,TTO,Trinidad and Tobago,2.34,V-Dem
1983,TTO,Trinidad and Tobago,2.34,V-Dem
1984,TTO,Trinidad and Tobago,2.34,V-Dem
1985,TTO,Trinidad and Tobago,2.34,V-Dem
1986,TTO,Trinidad and Tobago,2.34,V-Dem
1987,TTO,Trinidad and Tobago,2.34,V-Dem
1988,TTO,Trinidad and Tobago,2.34,V-Dem
1989,TTO,Trinidad and Tobago,2.34,V-Dem
1990,TTO,Trinidad and Tobago,2.34,V-Dem
1991,TTO,Trinidad and Tobago,2.34,V-Dem
1992,TTO,Trinidad and Tobago,2.34,V-Dem
1993,TTO,Trinidad and Tobago,2.34,V-Dem
1994,TTO,Trinidad and Tobago,2.34,V-Dem
1995,TTO,Trinidad and Tobago,2.34,V-Dem
1996,TTO,Trinidad and Tobago,2.34,V-Dem
1997,TTO,Trinidad and Tobago,2.34,V-Dem
1998,TTO,Trinidad and Tobago,2.34,V-Dem
1999,TTO,Trinidad and Tobago,2.34,V-Dem
2000,TTO,Trinidad and Tobago,2.34,V-Dem
2001,TTO,Trinidad and Tobago,2.34,V-Dem
2002,TTO,Trinidad and Tobago,2.34,V-Dem
2003,TTO,Trinidad and Tobago,2.34,V-Dem
2004,TTO,Trinidad and Tobago,2.34,V-Dem
2005,TTO,Trinidad and Tobago,2.34,V-Dem
2006,TTO,Trinidad and Tobago,2.34,V-Dem
2007,TTO,Trinidad and Tobago,2.34,V-Dem
2008,TTO,Trinidad and Tobago,2.34,V-Dem
2009,TTO,Trinidad and Tobago,2.34,V-Dem
2010,TTO,Trinidad and Tobago,2.401,V-Dem
2011,TTO,Trinidad and Tobago,2.401,V-Dem
2012,TTO,Trinidad and Tobago,2.401,V-Dem
2013,TTO,Trinidad and Tobago,2.656,V-Dem
2014,TTO,Trinidad and Tobago,2.656,V-Dem
2015,TTO,Trinidad and Tobago,2.656,V-Dem
2016,TTO,Trinidad and Tobago,2.656,V-Dem
2017,TTO,Trinidad and Tobago,2.426,V-Dem
2018,TTO,Trinidad and Tobago,2.426,V-Dem
2019,TTO,Trinidad and Tobago,2.426,V-Dem
2020,TTO,Trinidad and Tobago,2.1215,V-Dem
2021,TTO,Trinidad and Tobago,2.1215,V-Dem
2022,TTO,Trinidad and Tobago,1.8864999999999998,V-Dem
2023,TTO,Trinidad and Tobago,1.8864999999999998,V-Dem
2024,TTO,Trinidad and Tobago,1.8864999999999998,V-Dem
2025,TTO,Trinidad and Tobago,1.8864999999999998,V-Dem
1990,TKM,Turkmenistan,-0.881,V-Dem
1991,TKM,Turkmenistan,-0.881,V-Dem
1992,TKM,Turkmenistan,-1.633,V-Dem
1993,TKM,Turkmenistan,-1.633,V-Dem
1994,TKM,Turkmenistan,-1.633,V-Dem
1995,TKM,Turkmenistan,-1.633,V-Dem
1996,TKM,Turkmenistan,-1.633,V-Dem
1997,TKM,Turkmenistan,-2.04,V-Dem
1998,TKM,Turkmenistan,-2.04,V-Dem
1999,TKM,Turkmenistan,-2.04,V-Dem
2000,TKM,Turkmenistan,-2.04,V-Dem
2001,TKM,Turkmenistan,-2.04,V-Dem
2002,TKM,Turkmenistan,-2.04,V-Dem
2003,TKM,Turkmenistan,-2.04,V-Dem
2004,TKM,Turkmenistan,-2.04,V-Dem
2005,TKM,Turkmenistan,-2.04,V-Dem
2006,TKM,Turkmenistan,-1.911,V-Dem
2007,TKM,Turkmenistan,-1.3395,V-Dem
2008,TKM,Turkmenistan,-1.3395,V-Dem
2009,TKM,Turkmenistan,-1.444,V-Dem
2010,TKM,Turkmenistan,-1.444,V-Dem
2011,TKM,Turkmenistan,-1.444,V-Dem
2012,TKM,Turkmenistan,-1.444,V-Dem
2013,TKM,Turkmenistan,-1.3595000000000002,V-Dem
2014,TKM,Turkmenistan,-1.3595000000000002,V-Dem
2015,TKM,Turkmenistan,-1.3595000000000002,V-Dem
2016,TKM,Turkmenistan,-1.3595000000000002,V-Dem
2017,TKM,Turkmenistan,-1.1115,V-Dem
2018,TKM,Turkmenistan,-1.1495,V-Dem
2019,TKM,Turkmenistan,-0.982,V-Dem
2020,TKM,Turkmenistan,-1.3675,V-Dem
2021,TKM,Turkmenistan,-1.28,V-Dem
2022,TKM,Turkmenistan,-1.28,V-Dem
2023,TKM,Turkmenistan,-1.28,V-Dem
2024,TKM,Turkmenistan,-1.28,V-Dem
2025,TKM,Turkmenistan,-1.28,V-Dem
1961,DDR,German Democratic Republic,-0.808,V-Dem
1962,DDR,German Democratic Republic,-0.808,V-Dem
1963,DDR,German Democratic Republic,-0.808,V-Dem
1964,DDR,German Democratic Republic,-0.808,V-Dem
1965,DDR,German Democratic Republic,-0.808,V-Dem
1966,DDR,German Democratic Republic,-0.808,V-Dem
1967,DDR,German Democratic Republic,-0.808,V-Dem
1968,DDR,German Democratic Republic,-0.808,V-Dem
1969,DDR,German Democratic Republic,-0.808,V-Dem
1970,DDR,German Democratic Republic,-0.808,V-Dem
1971,DDR,German Democratic Republic,-0.808,V-Dem
1972,DDR,German Democratic Republic,-0.808,V-Dem
1973,DDR,German Democratic Republic,-0.808,V-Dem
1974,DDR,German Democratic Republic,-0.808,V-Dem
1975,DDR,German Democratic Republic,-0.808,V-Dem
1976,DDR,German Democratic Republic,-0.808,V-Dem
1977,DDR,German Democratic Republic,-0.808,V-Dem
1978,DDR,German Democratic Republic,-0.808,V-Dem
1979,DDR,German Democratic Republic,-0.808,V-Dem
1980,DDR,German Democratic Republic,-0.808,V-Dem
1981,DDR,German Democratic Republic,-0.808,V-Dem
1982,DDR,German Democratic Republic,-0.808,V-Dem
1983,DDR,German Democratic Republic,-0.808,V-Dem
1984,DDR,German Democratic Republic,-0.808,V-Dem
1985,DDR,German Democratic Republic,-0.808,V-Dem
1986,DDR,German Democratic Republic,-0.808,V-Dem
1987,DDR,German Democratic Republic,-0.808,V-Dem
1988,DDR,German Democratic Republic,-0.808,V-Dem
1989,DDR,German Democratic Republic,-0.808,V-Dem
1990,DDR,German Democratic Republic,2.1445,V-Dem
1961,PSG,Palestine/Gaza,-0.944,V-Dem
1962,PSG,Palestine/Gaza,-0.944,V-Dem
1963,PSG,Palestine/Gaza,-0.944,V-Dem
1964,PSG,Palestine/Gaza,-0.944,V-Dem
1965,PSG,Palestine/Gaza,-0.944,V-Dem
1966,PSG,Palestine/Gaza,-0.944,V-Dem
2007,PSG,Palestine/Gaza,-0.29850000000000004,V-Dem
2008,PSG,Palestine/Gaza,-0.28300000000000003,V-Dem
2009,PSG,Palestine/Gaza,-0.2615,V-Dem
2010,PSG,Palestine/Gaza,-0.22850000000000004,V-Dem
2011,PSG,Palestine/Gaza,-0.22850000000000004,V-Dem
2012,PSG,Palestine/Gaza,-0.28500000000000003,V-Dem
2013,PSG,Palestine/Gaza,-0.8855,V-Dem
2014,PSG,Palestine/Gaza,-0.7344999999999999,V-Dem
2015,PSG,Palestine/Gaza,-1.2105000000000001,V-Dem
2016,PSG,Palestine/Gaza,-0.857,V-Dem
2017,PSG,Palestine/Gaza,-1.19,V-Dem
2018,PSG,Palestine/Gaza,-1.6709999999999998,V-Dem
2019,PSG,Palestine/Gaza,-1.2875,V-Dem
2020,PSG,Palestine/Gaza,-1.2545,V-Dem
2021,PSG,Palestine/Gaza,-1.0234999999999999,V-Dem
2022,PSG,Palestine/Gaza,-1.3145,V-Dem
2023,PSG,Palestine/Gaza,-1.4725000000000001,V-Dem
2024,PSG,Palestine/Gaza,-1.646,V-Dem
2025,PSG,Palestine/Gaza,-1.646,V-Dem
1991,SML,Somaliland,0.74,V-Dem
1992,SML,Somaliland,0.74,V-Dem
1993,SML,Somaliland,0.74,V-Dem
1994,SML,Somaliland,0.74,V-Dem
1995,SML,Somaliland,0.74,V-Dem
1996,SML,Somaliland,0.74,V-Dem
1997,SML,Somaliland,1.2015,V-Dem
1998,SML,Somaliland,1.2015,V-Dem
1999,SML,Somaliland,1.2015,V-Dem
2000,SML,Somaliland,1.2015,V-Dem
2001,SML,Somaliland,1.2015,V-Dem
2002,SML,Somaliland,1.2015,V-Dem
2003,SML,Somaliland,1.2015,V-Dem
2004,SML,Somaliland,1.2015,V-Dem
2005,SML,Somaliland,1.2015,V-Dem
2006,SML,Somaliland,1.2015,V-Dem
2007,SML,Somaliland,1.2015,V-Dem
2008,SML,Somaliland,1.2015,V-Dem
2009,SML,Somaliland,1.2015,V-Dem
2010,SML,Somaliland,1.2015,V-Dem
2011,SML,Somaliland,1.2015,V-Dem
2012,SML,Somaliland,1.2015,V-Dem
2013,SML,Somaliland,1.5625,V-Dem
2014,SML,Somaliland,1.5625,V-Dem
2015,SML,Somaliland,1.5625,V-Dem
2016,SML,Somaliland,1.411,V-Dem
2017,SML,Somaliland,1.396,V-Dem
2018,SML,Somaliland,1.5095,V-Dem
2019,SML,Somaliland,1.428,V-Dem
2020,SML,Somaliland,1.428,V-Dem
2021,SML,Somaliland,1.397,V-Dem
2022,SML,Somaliland,1.287,V-Dem
2023,SML,Somaliland,0.935,V-Dem
2024,SML,Somaliland,0.577,V-Dem
2025,SML,Somaliland,0.577,V-Dem
1990,UZB,Uzbekistan,0.40549999999999997,V-Dem
1991,UZB,Uzbekistan,0.40549999999999997,V-Dem
1992,UZB,Uzbekistan,0.08450000000000002,V-Dem
1993,UZB,Uzbekistan,-0.13450000000000004,V-Dem
1994,UZB,Uzbekistan,-0.02350000000000002,V-Dem
1995,UZB,Uzbekistan,-0.02350000000000002,V-Dem
1996,UZB,Uzbekistan,-0.02350000000000002,V-Dem
1997,UZB,Uzbekistan,-0.02350000000000002,V-Dem
1998,UZB,Uzbekistan,-0.6385,V-Dem
1999,UZB,Uzbekistan,-0.6385,V-Dem
2000,UZB,Uzbekistan,-0.7144999999999999,V-Dem
2001,UZB,Uzbekistan,-1.1504999999999999,V-Dem
2002,UZB,Uzbekistan,-0.8959999999999999,V-Dem
2003,UZB,Uzbekistan,-0.7255,V-Dem
2004,UZB,Uzbekistan,-0.7255,V-Dem
2005,UZB,Uzbekistan,-1.827,V-Dem
2006,UZB,Uzbekistan,-1.5305,V-Dem
2007,UZB,Uzbekistan,-1.404,V-Dem
2008,UZB,Uzbekistan,-1.3155000000000001,V-Dem
2009,UZB,Uzbekistan,-1.3155000000000001,V-Dem
2010,UZB,Uzbekistan,-1.3155000000000001,V-Dem
2011,UZB,Uzbekistan,-1.3155000000000001,V-Dem
2012,UZB,Uzbekistan,-1.3155000000000001,V-Dem
2013,UZB,Uzbekistan,-1.3155000000000001,V-Dem
2014,UZB,Uzbekistan,-1.3155000000000001,V-Dem
2015,UZB,Uzbekistan,-1.4155,V-Dem
2016,UZB,Uzbekistan,-1.503,V-Dem
2017,UZB,Uzbekistan,-0.366,V-Dem
2018,UZB,Uzbekistan,-0.10149999999999998,V-Dem
2019,UZB,Uzbekistan,-0.01849999999999999,V-Dem
2020,UZB,Uzbekistan,0.049000000000000016,V-Dem
2021,UZB,Uzbekistan,0.049000000000000016,V-Dem
2022,UZB,Uzbekistan,0.049000000000000016,V-Dem
2023,UZB,Uzbekistan,0.049000000000000016,V-Dem
2024,UZB,Uzbekistan,0.049000000000000016,V-Dem
2025,UZB,Uzbekistan,0.049000000000000016,V-Dem
1961,AUT,Austria,2.1765,V-Dem
1962,AUT,Austria,2.1765,V-Dem
1963,AUT,Austria,2.1765,V-Dem
1964,AUT,Austria,2.1765,V-Dem
1965,AUT,Austria,1.874,V-Dem
1966,AUT,Austria,2.1935000000000002,V-Dem
1967,AUT,Austria,2.1935000000000002,V-Dem
1968,AUT,Austria,2.1935000000000002,V-Dem
1969,AUT,Austria,2.1935000000000002,V-Dem
1970,AUT,Austria,2.4405,V-Dem
1971,AUT,Austria,2.4405,V-Dem
1972,AUT,Austria,2.4405,V-Dem
1973,AUT,Austria,2.4405,V-Dem
1974,AUT,Austria,2.4405,V-Dem
1975,AUT,Austria,2.4405,V-Dem
1976,AUT,Austria,2.4405,V-Dem
1977,AUT,Austria,2.4405,V-Dem
1978,AUT,Austria,2.4405,V-Dem
1979,AUT,Austria,2.4405,V-Dem
1980,AUT,Austria,2.1185,V-Dem
1981,AUT,Austria,2.4225,V-Dem
1982,AUT,Austria,2.4225,V-Dem
1983,AUT,Austria,2.4225,V-Dem
1984,AUT,Austria,2.4225,V-Dem
1985,AUT,Austria,2.4225,V-Dem
1986,AUT,Austria,2.4225,V-Dem
1987,AUT,Austria,2.4225,V-Dem
1988,AUT,Austria,2.4225,V-Dem
1989,AUT,Austria,2.4225,V-Dem
1990,AUT,Austria,2.4225,V-Dem
1991,AUT,Austria,2.4225,V-Dem
1992,AUT,Austria,2.4225,V-Dem
1993,AUT,Austria,2.4225,V-Dem
1994,AUT,Austria,2.4225,V-Dem
1995,AUT,Austria,2.118,V-Dem
1996,AUT,Austria,2.53,V-Dem
1997,AUT,Austria,2.53,V-Dem
1998,AUT,Austria,2.53,V-Dem
1999,AUT,Austria,2.53,V-Dem
2000,AUT,Austria,2.53,V-Dem
2001,AUT,Austria,2.53,V-Dem
2002,AUT,Austria,2.53,V-Dem
2003,AUT,Austria,2.53,V-Dem
2004,AUT,Austria,2.53,V-Dem
2005,AUT,Austria,2.53,V-Dem
2006,AUT,Austria,2.53,V-Dem
2007,AUT,Austria,2.53,V-Dem
2008,AUT,Austria,2.53,V-Dem
2009,AUT,Austria,2.53,V-Dem
2010,AUT,Austria,2.53,V-Dem
2011,AUT,Austria,2.53,V-Dem
2012,AUT,Austria,2.53,V-Dem
2013,AUT,Austria,2.6769999999999996,V-Dem
2014,AUT,Austria,2.6769999999999996,V-Dem
2015,AUT,Austria,2.6769999999999996,V-Dem
2016,AUT,Austria,2.6769999999999996,V-Dem
2017,AUT,Austria,2.6769999999999996,V-Dem
2018,AUT,Austria,2.6535,V-Dem
2019,AUT,Austria,2.7565,V-Dem
2020,AUT,Austria,2.9875,V-Dem
2021,AUT,Austria,2.9875,V-Dem
2022,AUT,Austria,2.758,V-Dem
2023,AUT,Austria,2.758,V-Dem
2024,AUT,Austria,2.159,V-Dem
2025,AUT,Austria,2.159,V-Dem
1961,BHR,Bahrain,0.006999999999999992,V-Dem
1962,BHR,Bahrain,0.006999999999999992,V-Dem
1963,BHR,Bahrain,0.006999999999999992,V-Dem
1964,BHR,Bahrain,0.006999999999999992,V-Dem
1965,BHR,Bahrain,0.006999999999999992,V-Dem
1966,BHR,Bahrain,0.006999999999999992,V-Dem
1967,BHR,Bahrain,0.006999999999999992,V-Dem
1968,BHR,Bahrain,0.006999999999999992,V-Dem
1969,BHR,Bahrain,0.006999999999999992,V-Dem
1970,BHR,Bahrain,0.006999999999999992,V-Dem
1971,BHR,Bahrain,0.006999999999999992,V-Dem
1972,BHR,Bahrain,0.006999999999999992,V-Dem
1973,BHR,Bahrain,0.006999999999999992,V-Dem
1974,BHR,Bahrain,-1.296,V-Dem
1975,BHR,Bahrain,-0.5715,V-Dem
1976,BHR,Bahrain,-0.5715,V-Dem
1977,BHR,Bahrain,-0.5715,V-Dem
1978,BHR,Bahrain,-0.5715,V-Dem
1979,BHR,Bahrain,-0.5715,V-Dem
1980,BHR,Bahrain,-0.5715,V-Dem
1981,BHR,Bahrain,-0.5715,V-Dem
1982,BHR,Bahrain,-0.5715,V-Dem
1983,BHR,Bahrain,-0.5715,V-Dem
1984,BHR,Bahrain,-0.5715,V-Dem
1985,BHR,Bahrain,-0.5715,V-Dem
1986,BHR,Bahrain,-0.5715,V-Dem
1987,BHR,Bahrain,-0.5715,V-Dem
1988,BHR,Bahrain,-0.5715,V-Dem
1989,BHR,Bahrain,-0.5715,V-Dem
1990,BHR,Bahrain,-0.5715,V-Dem
1991,BHR,Bahrain,-0.5715,V-Dem
1992,BHR,Bahrain,-0.5715,V-Dem
1993,BHR,Bahrain,-0.5715,V-Dem
1994,BHR,Bahrain,-0.5715,V-Dem
1995,BHR,Bahrain,-0.5715,V-Dem
1996,BHR,Bahrain,-0.5715,V-Dem
1997,BHR,Bahrain,-0.5715,V-Dem
1998,BHR,Bahrain,-0.5715,V-Dem
1999,BHR,Bahrain,-0.5715,V-Dem
2000,BHR,Bahrain,0.5575000000000001,V-Dem
2001,BHR,Bahrain,0.769,V-Dem
2002,BHR,Bahrain,0.769,V-Dem
2003,BHR,Bahrain,0.769,V-Dem
2004,BHR,Bahrain,0.07549999999999996,V-Dem
2005,BHR,Bahrain,-0.019500000000000017,V-Dem
2006,BHR,Bahrain,-0.019500000000000017,V-Dem
2007,BHR,Bahrain,-0.235,V-Dem
2008,BHR,Bahrain,-0.235,V-Dem
2009,BHR,Bahrain,-0.235,V-Dem
2010,BHR,Bahrain,-0.33399999999999996,V-Dem
2011,BHR,Bahrain,-1.685,V-Dem
2012,BHR,Bahrain,-1.3495,V-Dem
2013,BHR,Bahrain,-1.3094999999999999,V-Dem
2014,BHR,Bahrain,-1.2165,V-Dem
2015,BHR,Bahrain,-0.887,V-Dem
2016,BHR,Bahrain,-0.887,V-Dem
2017,BHR,Bahrain,-0.9935,V-Dem
2018,BHR,Bahrain,-0.8505,V-Dem
2019,BHR,Bahrain,-0.5525,V-Dem
2020,BHR,Bahrain,-0.43,V-Dem
2021,BHR,Bahrain,-0.43,V-Dem
2022,BHR,Bahrain,-0.43,V-Dem
2023,BHR,Bahrain,-0.43,V-Dem
2024,BHR,Bahrain,-0.43,V-Dem
2025,BHR,Bahrain,-0.43,V-Dem
1961,BRB,Barbados,2.0875,V-Dem
1962,BRB,Barbados,2.0875,V-Dem
1963,BRB,Barbados,2.0875,V-Dem
1964,BRB,Barbados,2.0875,V-Dem
1965,BRB,Barbados,2.0875,V-Dem
1966,BRB,Barbados,2.0875,V-Dem
1967,BRB,Barbados,2.0875,V-Dem
1968,BRB,Barbados,2.0875,V-Dem
1969,BRB,Barbados,2.0875,V-Dem
1970,BRB,Barbados,2.0875,V-Dem
1971,BRB,Barbados,2.0875,V-Dem
1972,BRB,Barbados,2.0875,V-Dem
1973,BRB,Barbados,2.0875,V-Dem
1974,BRB,Barbados,2.0875,V-Dem
1975,BRB,Barbados,2.0875,V-Dem
1976,BRB,Barbados,2.0875,V-Dem
1977,BRB,Barbados,2.0875,V-Dem
1978,BRB,Barbados,2.0875,V-Dem
1979,BRB,Barbados,2.0875,V-Dem
1980,BRB,Barbados,2.0875,V-Dem
1981,BRB,Barbados,2.0875,V-Dem
1982,BRB,Barbados,2.0875,V-Dem
1983,BRB,Barbados,2.0875,V-Dem
1984,BRB,Barbados,2.0875,V-Dem
1985,BRB,Barbados,2.0875,V-Dem
1986,BRB,Barbados,2.0875,V-Dem
1987,BRB,Barbados,2.0875,V-Dem
1988,BRB,Barbados,2.0875,V-Dem
1989,BRB,Barbados,2.0875,V-Dem
1990,BRB,Barbados,2.0875,V-Dem
1991,BRB,Barbados,2.0875,V-Dem
1992,BRB,Barbados,2.0875,V-Dem
1993,BRB,Barbados,2.0875,V-Dem
1994,BRB,Barbados,2.0875,V-Dem
1995,BRB,Barbados,2.0875,V-Dem
1996,BRB,Barbados,2.0875,V-Dem
1997,BRB,Barbados,2.0875,V-Dem
1998,BRB,Barbados,2.0875,V-Dem
1999,BRB,Barbados,2.0875,V-Dem
2000,BRB,Barbados,2.0875,V-Dem
2001,BRB,Barbados,2.0875,V-Dem
2002,BRB,Barbados,2.0875,V-Dem
2003,BRB,Barbados,2.0875,V-Dem
2004,BRB,Barbados,2.0875,V-Dem
2005,BRB,Barbados,2.0875,V-Dem
2006,BRB,Barbados,1.8570000000000002,V-Dem
2007,BRB,Barbados,2.08,V-Dem
2008,BRB,Barbados,2.08,V-Dem
2009,BRB,Barbados,2.08,V-Dem
2010,BRB,Barbados,2.08,V-Dem
2011,BRB,Barbados,2.08,V-Dem
2012,BRB,Barbados,2.08,V-Dem
2013,BRB,Barbados,2.08,V-Dem
2014,BRB,Barbados,1.8475000000000001,V-Dem
2015,BRB,Barbados,2.333,V-Dem
2016,BRB,Barbados,2.333,V-Dem
2017,BRB,Barbados,2.333,V-Dem
2018,BRB,Barbados,1.9335,V-Dem
2019,BRB,Barbados,1.9335,V-Dem
2020,BRB,Barbados,2.2910000000000004,V-Dem
2021,BRB,Barbados,2.2910000000000004,V-Dem
2022,BRB,Barbados,2.2910000000000004,V-Dem
2023,BRB,Barbados,2.2910000000000004,V-Dem
2024,BRB,Barbados,2.2910000000000004,V-Dem
2025,BRB,Barbados,2.2910000000000004,V-Dem
1961,BEL,Belgium,2.4645,V-Dem
1962,BEL,Belgium,2.8165,V-Dem
1963,BEL,Belgium,2.8165,V-Dem
1964,BEL,Belgium,2.8165,V-Dem
1965,BEL,Belgium,2.8165,V-Dem
1966,BEL,Belgium,2.8165,V-Dem
1967,BEL,Belgium,2.8165,V-Dem
1968,BEL,Belgium,2.8165,V-Dem
1969,BEL,Belgium,2.8165,V-Dem
1970,BEL,Belgium,2.8165,V-Dem
1971,BEL,Belgium,2.8165,V-Dem
1972,BEL,Belgium,2.8165,V-Dem
1973,BEL,Belgium,2.8165,V-Dem
1974,BEL,Belgium,2.8165,V-Dem
1975,BEL,Belgium,2.8165,V-Dem
1976,BEL,Belgium,2.8165,V-Dem
1977,BEL,Belgium,2.8165,V-Dem
1978,BEL,Belgium,2.8165,V-Dem
1979,BEL,Belgium,2.8165,V-Dem
1980,BEL,Belgium,2.8165,V-Dem
1981,BEL,Belgium,2.8165,V-Dem
1982,BEL,Belgium,2.8165,V-Dem
1983,BEL,Belgium,2.8165,V-Dem
1984,BEL,Belgium,2.8165,V-Dem
1985,BEL,Belgium,2.8165,V-Dem
1986,BEL,Belgium,2.8165,V-Dem
1987,BEL,Belgium,2.8165,V-Dem
1988,BEL,Belgium,2.8165,V-Dem
1989,BEL,Belgium,2.8165,V-Dem
1990,BEL,Belgium,2.8165,V-Dem
1991,BEL,Belgium,2.4575,V-Dem
1992,BEL,Belgium,3.0895,V-Dem
1993,BEL,Belgium,3.0895,V-Dem
1994,BEL,Belgium,3.0895,V-Dem
1995,BEL,Belgium,3.0895,V-Dem
1996,BEL,Belgium,3.0895,V-Dem
1997,BEL,Belgium,3.0895,V-Dem
1998,BEL,Belgium,3.0895,V-Dem
1999,BEL,Belgium,3.0895,V-Dem
2000,BEL,Belgium,3.0895,V-Dem
2001,BEL,Belgium,3.0895,V-Dem
2002,BEL,Belgium,3.0895,V-Dem
2003,BEL,Belgium,3.0895,V-Dem
2004,BEL,Belgium,3.0895,V-Dem
2005,BEL,Belgium,3.0895,V-Dem
2006,BEL,Belgium,3.0895,V-Dem
2007,BEL,Belgium,3.0895,V-Dem
2008,BEL,Belgium,3.0895,V-Dem
2009,BEL,Belgium,3.0895,V-Dem
2010,BEL,Belgium,3.0895,V-Dem
2011,BEL,Belgium,3.0895,V-Dem
2012,BEL,Belgium,3.0895,V-Dem
2013,BEL,Belgium,3.0895,V-Dem
2014,BEL,Belgium,3.0895,V-Dem
2015,BEL,Belgium,3.0895,V-Dem
2016,BEL,Belgium,3.0895,V-Dem
2017,BEL,Belgium,3.0895,V-Dem
2018,BEL,Belgium,3.0895,V-Dem
2019,BEL,Belgium,3.0895,V-Dem
2020,BEL,Belgium,3.0895,V-Dem
2021,BEL,Belgium,3.0895,V-Dem
2022,BEL,Belgium,3.0895,V-Dem
2023,BEL,Belgium,3.0895,V-Dem
2024,BEL,Belgium,3.0895,V-Dem
2025,BEL,Belgium,3.0895,V-Dem
1992,BIH,Bosnia and Herzegovina,-0.5195,V-Dem
1993,BIH,Bosnia and Herzegovina,-0.5195,V-Dem
1994,BIH,Bosnia and Herzegovina,-0.5195,V-Dem
1995,BIH,Bosnia and Herzegovina,0.0955,V-Dem
1996,BIH,Bosnia and Herzegovina,1.0514999999999999,V-Dem
1997,BIH,Bosnia and Herzegovina,1.1595,V-Dem
1998,BIH,Bosnia and Herzegovina,1.3795,V-Dem
1999,BIH,Bosnia and Herzegovina,1.3795,V-Dem
2000,BIH,Bosnia and Herzegovina,1.9335,V-Dem
2001,BIH,Bosnia and Herzegovina,1.9335,V-Dem
2002,BIH,Bosnia and Herzegovina,1.4715,V-Dem
2003,BIH,Bosnia and Herzegovina,1.8490000000000002,V-Dem
2004,BIH,Bosnia and Herzegovina,1.554,V-Dem
2005,BIH,Bosnia and Herzegovina,1.7389999999999999,V-Dem
2006,BIH,Bosnia and Herzegovina,1.7389999999999999,V-Dem
2007,BIH,Bosnia and Herzegovina,1.518,V-Dem
2008,BIH,Bosnia and Herzegovina,1.7309999999999999,V-Dem
2009,BIH,Bosnia and Herzegovina,1.7309999999999999,V-Dem
2010,BIH,Bosnia and Herzegovina,1.7309999999999999,V-Dem
2011,BIH,Bosnia and Herzegovina,1.7309999999999999,V-Dem
2012,BIH,Bosnia and Herzegovina,1.7309999999999999,V-Dem
2013,BIH,Bosnia and Herzegovina,1.7309999999999999,V-Dem
2014,BIH,Bosnia and Herzegovina,1.7309999999999999,V-Dem
2015,BIH,Bosnia and Herzegovina,1.7309999999999999,V-Dem
2016,BIH,Bosnia and Herzegovina,1.785,V-Dem
2017,BIH,Bosnia and Herzegovina,1.902,V-Dem
2018,BIH,Bosnia and Herzegovina,1.3305,V-Dem
2019,BIH,Bosnia and Herzegovina,1.5235,V-Dem
2020,BIH,Bosnia and Herzegovina,1.447,V-Dem
2021,BIH,Bosnia and Herzegovina,1.611,V-Dem
2022,BIH,Bosnia and Herzegovina,1.611,V-Dem
2023,BIH,Bosnia and Herzegovina,1.8975,V-Dem
2024,BIH,Bosnia and Herzegovina,2.0035,V-Dem
2025,BIH,Bosnia and Herzegovina,2.0035,V-Dem
1961,BGR,Bulgaria,-0.37,V-Dem
1962,BGR,Bulgaria,-0.37,V-Dem
1963,BGR,Bulgaria,-0.37,V-Dem
1964,BGR,Bulgaria,-0.37,V-Dem
1965,BGR,Bulgaria,-0.3105,V-Dem
1966,BGR,Bulgaria,-0.3105,V-Dem
1967,BGR,Bulgaria,-0.3105,V-Dem
1968,BGR,Bulgaria,-0.3105,V-Dem
1969,BGR,Bulgaria,-0.3105,V-Dem
1970,BGR,Bulgaria,-0.3105,V-Dem
1971,BGR,Bulgaria,-0.3105,V-Dem
1972,BGR,Bulgaria,-0.3105,V-Dem
1973,BGR,Bulgaria,-0.3105,V-Dem
1974,BGR,Bulgaria,-0.3105,V-Dem
1975,BGR,Bulgaria,-0.3105,V-Dem
1976,BGR,Bulgaria,-0.3105,V-Dem
1977,BGR,Bulgaria,-0.3105,V-Dem
1978,BGR,Bulgaria,-0.3105,V-Dem
1979,BGR,Bulgaria,-0.3105,V-Dem
1980,BGR,Bulgaria,-0.22449999999999998,V-Dem
1981,BGR,Bulgaria,-0.22449999999999998,V-Dem
1982,BGR,Bulgaria,-0.22449999999999998,V-Dem
1983,BGR,Bulgaria,-0.22449999999999998,V-Dem
1984,BGR,Bulgaria,-0.22449999999999998,V-Dem
1985,BGR,Bulgaria,-0.22449999999999998,V-Dem
1986,BGR,Bulgaria,-0.22449999999999998,V-Dem
1987,BGR,Bulgaria,-0.22449999999999998,V-Dem
1988,BGR,Bulgaria,-0.22449999999999998,V-Dem
1989,BGR,Bulgaria,-0.22449999999999998,V-Dem
1990,BGR,Bulgaria,2.1025,V-Dem
1991,BGR,Bulgaria,2.1025,V-Dem
1992,BGR,Bulgaria,2.1025,V-Dem
1993,BGR,Bulgaria,2.1025,V-Dem
1994,BGR,Bulgaria,2.1025,V-Dem
1995,BGR,Bulgaria,2.1025,V-Dem
1996,BGR,Bulgaria,2.1025,V-Dem
1997,BGR,Bulgaria,2.1025,V-Dem
1998,BGR,Bulgaria,2.1025,V-Dem
1999,BGR,Bulgaria,2.1025,V-Dem
2000,BGR,Bulgaria,2.1025,V-Dem
2001,BGR,Bulgaria,2.1025,V-Dem
2002,BGR,Bulgaria,2.1025,V-Dem
2003,BGR,Bulgaria,2.1025,V-Dem
2004,BGR,Bulgaria,2.1215,V-Dem
2005,BGR,Bulgaria,2.1215,V-Dem
2006,BGR,Bulgaria,2.1215,V-Dem
2007,BGR,Bulgaria,2.1215,V-Dem
2008,BGR,Bulgaria,2.3455,V-Dem
2009,BGR,Bulgaria,2.315,V-Dem
2010,BGR,Bulgaria,2.2625,V-Dem
2011,BGR,Bulgaria,2.2625,V-Dem
2012,BGR,Bulgaria,1.8519999999999999,V-Dem
2013,BGR,Bulgaria,1.877,V-Dem
2014,BGR,Bulgaria,2.0564999999999998,V-Dem
2015,BGR,Bulgaria,1.9235,V-Dem
2016,BGR,Bulgaria,1.8904999999999998,V-Dem
2017,BGR,Bulgaria,1.8704999999999998,V-Dem
2018,BGR,Bulgaria,1.8704999999999998,V-Dem
2019,BGR,Bulgaria,1.8704999999999998,V-Dem
2020,BGR,Bulgaria,1.8704999999999998,V-Dem
2021,BGR,Bulgaria,1.8704999999999998,V-Dem
2022,BGR,Bulgaria,2.319,V-Dem
2023,BGR,Bulgaria,2.079,V-Dem
2024,BGR,Bulgaria,1.9385,V-Dem
2025,BGR,Bulgaria,1.6949999999999998,V-Dem
1961,COM,Comoros,-1.2525,V-Dem
1962,COM,Comoros,-1.2525,V-Dem
1963,COM,Comoros,-1.2525,V-Dem
1964,COM,Comoros,-1.2525,V-Dem
1965,COM,Comoros,-1.2525,V-Dem
1966,COM,Comoros,-1.2525,V-Dem
1967,COM,Comoros,-1.2525,V-Dem
1968,COM,Comoros,-1.2525,V-Dem
1969,COM,Comoros,-1.2525,V-Dem
1970,COM,Comoros,-1.2525,V-Dem
1971,COM,Comoros,-1.2525,V-Dem
1972,COM,Comoros,-1.1195,V-Dem
1973,COM,Comoros,-1.1195,V-Dem
1974,COM,Comoros,-1.1195,V-Dem
1975,COM,Comoros,-0.8979999999999999,V-Dem
1976,COM,Comoros,-0.8979999999999999,V-Dem
1977,COM,Comoros,-0.8979999999999999,V-Dem
1978,COM,Comoros,-0.8979999999999999,V-Dem
1979,COM,Comoros,-0.8979999999999999,V-Dem
1980,COM,Comoros,-0.8979999999999999,V-Dem
1981,COM,Comoros,-0.8979999999999999,V-Dem
1982,COM,Comoros,-0.8979999999999999,V-Dem
1983,COM,Comoros,-0.8979999999999999,V-Dem
1984,COM,Comoros,-0.8979999999999999,V-Dem
1985,COM,Comoros,-0.8979999999999999,V-Dem
1986,COM,Comoros,-0.8979999999999999,V-Dem
1987,COM,Comoros,-0.8979999999999999,V-Dem
1988,COM,Comoros,-0.8979999999999999,V-Dem
1989,COM,Comoros,-0.8979999999999999,V-Dem
1990,COM,Comoros,-0.40399999999999997,V-Dem
1991,COM,Comoros,-0.193,V-Dem
1992,COM,Comoros,-0.193,V-Dem
1993,COM,Comoros,-0.193,V-Dem
1994,COM,Comoros,-0.193,V-Dem
1995,COM,Comoros,-0.193,V-Dem
1996,COM,Comoros,-0.193,V-Dem
1997,COM,Comoros,-0.193,V-Dem
1998,COM,Comoros,-0.193,V-Dem
1999,COM,Comoros,0.11549999999999999,V-Dem
2000,COM,Comoros,0.1995,V-Dem
2001,COM,Comoros,0.1995,V-Dem
2002,COM,Comoros,0.1995,V-Dem
2003,COM,Comoros,0.1995,V-Dem
2004,COM,Comoros,0.1995,V-Dem
2005,COM,Comoros,0.308,V-Dem
2006,COM,Comoros,0.308,V-Dem
2007,COM,Comoros,0.308,V-Dem
2008,COM,Comoros,0.308,V-Dem
2009,COM,Comoros,0.308,V-Dem
2010,COM,Comoros,0.308,V-Dem
2011,COM,Comoros,0.308,V-Dem
2012,COM,Comoros,0.308,V-Dem
2013,COM,Comoros,0.7635000000000001,V-Dem
2014,COM,Comoros,0.7635000000000001,V-Dem
2015,COM,Comoros,0.7635000000000001,V-Dem
2016,COM,Comoros,0.68,V-Dem
2017,COM,Comoros,0.6735,V-Dem
2018,COM,Comoros,0.48450000000000004,V-Dem
2019,COM,Comoros,-0.153,V-Dem
2020,COM,Comoros,-0.153,V-Dem
2021,COM,Comoros,-0.3525,V-Dem
2022,COM,Comoros,-0.3525,V-Dem
2023,COM,Comoros,-0.3525,V-Dem
2024,COM,Comoros,-0.4555,V-Dem
2025,COM,Comoros,-0.39749999999999996,V-Dem
1991,HRV,Croatia,0.1595,V-Dem
1992,HRV,Croatia,0.10300000000000001,V-Dem
1993,HRV,Croatia,0.6525,V-Dem
1994,HRV,Croatia,0.6659999999999999,V-Dem
1995,HRV,Croatia,0.607,V-Dem
1996,HRV,Croatia,1.4925000000000002,V-Dem
1997,HRV,Croatia,1.847,V-Dem
1998,HRV,Croatia,1.5135,V-Dem
1999,HRV,Croatia,1.955,V-Dem
2000,HRV,Croatia,2.4285,V-Dem
2001,HRV,Croatia,2.4285,V-Dem
2002,HRV,Croatia,2.4285,V-Dem
2003,HRV,Croatia,2.4285,V-Dem
2004,HRV,Croatia,2.4285,V-Dem
2005,HRV,Croatia,2.4285,V-Dem
2006,HRV,Croatia,2.4285,V-Dem
2007,HRV,Croatia,2.4285,V-Dem
2008,HRV,Croatia,2.4285,V-Dem
2009,HRV,Croatia,2.4285,V-Dem
2010,HRV,Croatia,2.825,V-Dem
2011,HRV,Croatia,2.825,V-Dem
2012,HRV,Croatia,2.825,V-Dem
2013,HRV,Croatia,2.825,V-Dem
2014,HRV,Croatia,2.825,V-Dem
2015,HRV,Croatia,2.825,V-Dem
2016,HRV,Croatia,2.388,V-Dem
2017,HRV,Croatia,2.6435,V-Dem
2018,HRV,Croatia,2.2745,V-Dem
2019,HRV,Croatia,2.2745,V-Dem
2020,HRV,Croatia,2.4165,V-Dem
2021,HRV,Croatia,2.2725,V-Dem
2022,HRV,Croatia,2.664,V-Dem
2023,HRV,Croatia,2.664,V-Dem
2024,HRV,Croatia,2.664,V-Dem
2025,HRV,Croatia,2.664,V-Dem
1961,CUB,Cuba,0.30950000000000005,V-Dem
1962,CUB,Cuba,0.30950000000000005,V-Dem
1963,CUB,Cuba,0.30950000000000005,V-Dem
1964,CUB,Cuba,0.30950000000000005,V-Dem
1965,CUB,Cuba,0.30950000000000005,V-Dem
1966,CUB,Cuba,0.3565,V-Dem
1967,CUB,Cuba,0.3565,V-Dem
1968,CUB,Cuba,0.3565,V-Dem
1969,CUB,Cuba,0.3565,V-Dem
1970,CUB,Cuba,0.43750000000000006,V-Dem
1971,CUB,Cuba,0.43750000000000006,V-Dem
1972,CUB,Cuba,0.43750000000000006,V-Dem
1973,CUB,Cuba,0.43750000000000006,V-Dem
1974,CUB,Cuba,0.43750000000000006,V-Dem
1975,CUB,Cuba,0.43750000000000006,V-Dem
1976,CUB,Cuba,0.43750000000000006,V-Dem
1977,CUB,Cuba,0.43750000000000006,V-Dem
1978,CUB,Cuba,0.43750000000000006,V-Dem
1979,CUB,Cuba,0.7125,V-Dem
1980,CUB,Cuba,0.19650000000000006,V-Dem
1981,CUB,Cuba,0.19650000000000006,V-Dem
1982,CUB,Cuba,0.19650000000000006,V-Dem
1983,CUB,Cuba,0.19650000000000006,V-Dem
1984,CUB,Cuba,0.19650000000000006,V-Dem
1985,CUB,Cuba,0.19650000000000006,V-Dem
1986,CUB,Cuba,0.19650000000000006,V-Dem
1987,CUB,Cuba,0.19650000000000006,V-Dem
1988,CUB,Cuba,0.19650000000000006,V-Dem
1989,CUB,Cuba,0.19650000000000006,V-Dem
1990,CUB,Cuba,0.19650000000000006,V-Dem
1991,CUB,Cuba,0.19650000000000006,V-Dem
1992,CUB,Cuba,0.19650000000000006,V-Dem
1993,CUB,Cuba,0.19650000000000006,V-Dem
1994,CUB,Cuba,0.19650000000000006,V-Dem
1995,CUB,Cuba,0.19650000000000006,V-Dem
1996,CUB,Cuba,0.19650000000000006,V-Dem
1997,CUB,Cuba,0.19650000000000006,V-Dem
1998,CUB,Cuba,0.19650000000000006,V-Dem
1999,CUB,Cuba,0.19650000000000006,V-Dem
2000,CUB,Cuba,0.19650000000000006,V-Dem
2001,CUB,Cuba,0.19650000000000006,V-Dem
2002,CUB,Cuba,0.19650000000000006,V-Dem
2003,CUB,Cuba,0.19650000000000006,V-Dem
2004,CUB,Cuba,0.19650000000000006,V-Dem
2005,CUB,Cuba,0.24800000000000005,V-Dem
2006,CUB,Cuba,0.24800000000000005,V-Dem
2007,CUB,Cuba,0.24800000000000005,V-Dem
2008,CUB,Cuba,0.10500000000000004,V-Dem
2009,CUB,Cuba,0.24200000000000005,V-Dem
2010,CUB,Cuba,0.3835,V-Dem
2011,CUB,Cuba,0.33249999999999996,V-Dem
2012,CUB,Cuba,0.38800000000000007,V-Dem
2013,CUB,Cuba,0.42450000000000004,V-Dem
2014,CUB,Cuba,0.42450000000000004,V-Dem
2015,CUB,Cuba,0.42450000000000004,V-Dem
2016,CUB,Cuba,0.12200000000000005,V-Dem
2017,CUB,Cuba,0.46649999999999997,V-Dem
2018,CUB,Cuba,0.173,V-Dem
2019,CUB,Cuba,0.09699999999999998,V-Dem
2020,CUB,Cuba,0.17999999999999994,V-Dem
2021,CUB,Cuba,-0.20099999999999996,V-Dem
2022,CUB,Cuba,-0.20100000000000007,V-Dem
2023,CUB,Cuba,0.0625,V-Dem
2024,CUB,Cuba,0.0625,V-Dem
2025,CUB,Cuba,0.0625,V-Dem
1961,CYP,Cyprus,0.192,V-Dem
1962,CYP,Cyprus,0.192,V-Dem
1963,CYP,Cyprus,0.192,V-Dem
1964,CYP,Cyprus,0.192,V-Dem
1965,CYP,Cyprus,0.192,V-Dem
1966,CYP,Cyprus,0.192,V-Dem
1967,CYP,Cyprus,0.192,V-Dem
1968,CYP,Cyprus,0.192,V-Dem
1969,CYP,Cyprus,0.192,V-Dem
1970,CYP,Cyprus,0.192,V-Dem
1971,CYP,Cyprus,0.192,V-Dem
1972,CYP,Cyprus,0.192,V-Dem
1973,CYP,Cyprus,0.192,V-Dem
1974,CYP,Cyprus,0.06500000000000003,V-Dem
1975,CYP,Cyprus,1.2985000000000002,V-Dem
1976,CYP,Cyprus,1.375,V-Dem
1977,CYP,Cyprus,1.375,V-Dem
1978,CYP,Cyprus,1.375,V-Dem
1979,CYP,Cyprus,1.375,V-Dem
1980,CYP,Cyprus,1.82,V-Dem
1981,CYP,Cyprus,1.82,V-Dem
1982,CYP,Cyprus,1.82,V-Dem
1983,CYP,Cyprus,1.82,V-Dem
1984,CYP,Cyprus,1.82,V-Dem
1985,CYP,Cyprus,1.82,V-Dem
1986,CYP,Cyprus,1.82,V-Dem
1987,CYP,Cyprus,1.82,V-Dem
1988,CYP,Cyprus,1.82,V-Dem
1989,CYP,Cyprus,1.82,V-Dem
1990,CYP,Cyprus,1.82,V-Dem
1991,CYP,Cyprus,1.82,V-Dem
1992,CYP,Cyprus,1.82,V-Dem
1993,CYP,Cyprus,1.82,V-Dem
1994,CYP,Cyprus,1.82,V-Dem
1995,CYP,Cyprus,1.82,V-Dem
1996,CYP,Cyprus,1.82,V-Dem
1997,CYP,Cyprus,1.82,V-Dem
1998,CYP,Cyprus,1.82,V-Dem
1999,CYP,Cyprus,1.82,V-Dem
2000,CYP,Cyprus,2.019,V-Dem
2001,CYP,Cyprus,2.019,V-Dem
2002,CYP,Cyprus,2.019,V-Dem
2003,CYP,Cyprus,2.019,V-Dem
2004,CYP,Cyprus,2.019,V-Dem
2005,CYP,Cyprus,2.019,V-Dem
2006,CYP,Cyprus,2.019,V-Dem
2007,CYP,Cyprus,2.019,V-Dem
2008,CYP,Cyprus,2.1310000000000002,V-Dem
2009,CYP,Cyprus,2.2145,V-Dem
2010,CYP,Cyprus,2.2145,V-Dem
2011,CYP,Cyprus,2.2145,V-Dem
2012,CYP,Cyprus,2.2145,V-Dem
2013,CYP,Cyprus,2.8075,V-Dem
2014,CYP,Cyprus,2.8075,V-Dem
2015,CYP,Cyprus,2.8075,V-Dem
2016,CYP,Cyprus,2.8075,V-Dem
2017,CYP,Cyprus,2.8075,V-Dem
2018,CYP,Cyprus,2.8075,V-Dem
2019,CYP,Cyprus,2.677,V-Dem
2020,CYP,Cyprus,2.677,V-Dem
2021,CYP,Cyprus,2.6335,V-Dem
2022,CYP,Cyprus,2.8129999999999997,V-Dem
2023,CYP,Cyprus,2.8129999999999997,V-Dem
2024,CYP,Cyprus,2.9924999999999997,V-Dem
2025,CYP,Cyprus,3.1065,V-Dem
1961,CZE,Czechia,-0.213,V-Dem
1962,CZE,Czechia,-0.213,V-Dem
1963,CZE,Czechia,-0.11149999999999999,V-Dem
1964,CZE,Czechia,-0.11149999999999999,V-Dem
1965,CZE,Czechia,-0.11149999999999999,V-Dem
1966,CZE,Czechia,-0.11149999999999999,V-Dem
1967,CZE,Czechia,-0.0695,V-Dem
1968,CZE,Czechia,0.2595,V-Dem
1969,CZE,Czechia,0.04100000000000001,V-Dem
1970,CZE,Czechia,-0.005499999999999977,V-Dem
1971,CZE,Czechia,-0.005499999999999977,V-Dem
1972,CZE,Czechia,-0.005499999999999977,V-Dem
1973,CZE,Czechia,-0.005499999999999977,V-Dem
1974,CZE,Czechia,-0.005499999999999977,V-Dem
1975,CZE,Czechia,-0.005499999999999977,V-Dem
1976,CZE,Czechia,-0.005499999999999977,V-Dem
1977,CZE,Czechia,-0.005499999999999977,V-Dem
1978,CZE,Czechia,-0.005499999999999977,V-Dem
1979,CZE,Czechia,-0.005499999999999977,V-Dem
1980,CZE,Czechia,-0.005499999999999977,V-Dem
1981,CZE,Czechia,-0.005499999999999977,V-Dem
1982,CZE,Czechia,-0.005499999999999977,V-Dem
1983,CZE,Czechia,-0.005499999999999977,V-Dem
1984,CZE,Czechia,-0.005499999999999977,V-Dem
1985,CZE,Czechia,-0.005499999999999977,V-Dem
1986,CZE,Czechia,-0.005499999999999977,V-Dem
1987,CZE,Czechia,-0.005499999999999977,V-Dem
1988,CZE,Czechia,-0.005499999999999977,V-Dem
1989,CZE,Czechia,0.11400000000000002,V-Dem
1990,CZE,Czechia,3.029,V-Dem
1991,CZE,Czechia,3.029,V-Dem
1992,CZE,Czechia,3.029,V-Dem
1993,CZE,Czechia,3.029,V-Dem
1994,CZE,Czechia,3.029,V-Dem
1995,CZE,Czechia,3.029,V-Dem
1996,CZE,Czechia,3.029,V-Dem
1997,CZE,Czechia,3.029,V-Dem
1998,CZE,Czechia,3.029,V-Dem
1999,CZE,Czechia,3.029,V-Dem
2000,CZE,Czechia,3.029,V-Dem
2001,CZE,Czechia,3.029,V-Dem
2002,CZE,Czechia,3.029,V-Dem
2003,CZE,Czechia,3.029,V-Dem
2004,CZE,Czechia,3.029,V-Dem
2005,CZE,Czechia,3.029,V-Dem
2006,CZE,Czechia,3.2455,V-Dem
2007,CZE,Czechia,3.2455,V-Dem
2008,CZE,Czechia,3.2455,V-Dem
2009,CZE,Czechia,3.2455,V-Dem
2010,CZE,Czechia,3.2455,V-Dem
2011,CZE,Czechia,3.2455,V-Dem
2012,CZE,Czechia,3.2455,V-Dem
2013,CZE,Czechia,3.2455,V-Dem
2014,CZE,Czechia,3.2455,V-Dem
2015,CZE,Czechia,3.2455,V-Dem
2016,CZE,Czechia,2.9345,V-Dem
2017,CZE,Czechia,2.9345,V-Dem
2018,CZE,Czechia,2.9985,V-Dem
2019,CZE,Czechia,2.9985,V-Dem
2020,CZE,Czechia,3.211,V-Dem
2021,CZE,Czechia,2.79,V-Dem
2022,CZE,Czechia,3.2199999999999998,V-Dem
2023,CZE,Czechia,3.2199999999999998,V-Dem
2024,CZE,Czechia,3.2199999999999998,V-Dem
2025,CZE,Czechia,3.2199999999999998,V-Dem
1961,DNK,Denmark,3.3564999999999996,V-Dem
1962,DNK,Denmark,3.3564999999999996,V-Dem
1963,DNK,Denmark,3.3564999999999996,V-Dem
1964,DNK,Denmark,3.3564999999999996,V-Dem
1965,DNK,Denmark,3.3564999999999996,V-Dem
1966,DNK,Denmark,3.3564999999999996,V-Dem
1967,DNK,Denmark,3.3564999999999996,V-Dem
1968,DNK,Denmark,3.3564999999999996,V-Dem
1969,DNK,Denmark,3.3564999999999996,V-Dem
1970,DNK,Denmark,3.3564999999999996,V-Dem
1971,DNK,Denmark,3.3564999999999996,V-Dem
1972,DNK,Denmark,3.3564999999999996,V-Dem
1973,DNK,Denmark,3.3564999999999996,V-Dem
1974,DNK,Denmark,3.3564999999999996,V-Dem
1975,DNK,Denmark,3.3564999999999996,V-Dem
1976,DNK,Denmark,3.3564999999999996,V-Dem
1977,DNK,Denmark,3.3564999999999996,V-Dem
1978,DNK,Denmark,3.3564999999999996,V-Dem
1979,DNK,Denmark,3.3564999999999996,V-Dem
1980,DNK,Denmark,3.3564999999999996,V-Dem
1981,DNK,Denmark,3.3564999999999996,V-Dem
1982,DNK,Denmark,3.3564999999999996,V-Dem
1983,DNK,Denmark,3.3564999999999996,V-Dem
1984,DNK,Denmark,3.3564999999999996,V-Dem
1985,DNK,Denmark,3.3564999999999996,V-Dem
1986,DNK,Denmark,3.3564999999999996,V-Dem
1987,DNK,Denmark,3.3564999999999996,V-Dem
1988,DNK,Denmark,3.3564999999999996,V-Dem
1989,DNK,Denmark,3.3564999999999996,V-Dem
1990,DNK,Denmark,3.3564999999999996,V-Dem
1991,DNK,Denmark,3.3564999999999996,V-Dem
1992,DNK,Denmark,3.3564999999999996,V-Dem
1993,DNK,Denmark,3.3564999999999996,V-Dem
1994,DNK,Denmark,3.3564999999999996,V-Dem
1995,DNK,Denmark,3.3564999999999996,V-Dem
1996,DNK,Denmark,3.3564999999999996,V-Dem
1997,DNK,Denmark,3.3564999999999996,V-Dem
1998,DNK,Denmark,3.3564999999999996,V-Dem
1999,DNK,Denmark,3.3564999999999996,V-Dem
2000,DNK,Denmark,3.3564999999999996,V-Dem
2001,DNK,Denmark,3.3564999999999996,V-Dem
2002,DNK,Denmark,3.3564999999999996,V-Dem
2003,DNK,Denmark,3.3564999999999996,V-Dem
2004,DNK,Denmark,3.3564999999999996,V-Dem
2005,DNK,Denmark,3.3564999999999996,V-Dem
2006,DNK,Denmark,3.3564999999999996,V-Dem
2007,DNK,Denmark,3.3564999999999996,V-Dem
2008,DNK,Denmark,3.3564999999999996,V-Dem
2009,DNK,Denmark,3.3564999999999996,V-Dem
2010,DNK,Denmark,3.3564999999999996,V-Dem
2011,DNK,Denmark,3.3564999999999996,V-Dem
2012,DNK,Denmark,3.3564999999999996,V-Dem
2013,DNK,Denmark,2.7975,V-Dem
2014,DNK,Denmark,2.7975,V-Dem
2015,DNK,Denmark,2.7975,V-Dem
2016,DNK,Denmark,2.7975,V-Dem
2017,DNK,Denmark,2.7975,V-Dem
2018,DNK,Denmark,2.7975,V-Dem
2019,DNK,Denmark,2.7975,V-Dem
2020,DNK,Denmark,2.7975,V-Dem
2021,DNK,Denmark,2.7975,V-Dem
2022,DNK,Denmark,2.7975,V-Dem
2023,DNK,Denmark,2.7975,V-Dem
2024,DNK,Denmark,2.7975,V-Dem
2025,DNK,Denmark,2.7975,V-Dem
1961,GNQ,Equatorial Guinea,-0.35550000000000004,V-Dem
1962,GNQ,Equatorial Guinea,-0.35550000000000004,V-Dem
1963,GNQ,Equatorial Guinea,-0.21600000000000003,V-Dem
1964,GNQ,Equatorial Guinea,-0.09550000000000002,V-Dem
1965,GNQ,Equatorial Guinea,-0.09550000000000002,V-Dem
1966,GNQ,Equatorial Guinea,-0.09550000000000002,V-Dem
1967,GNQ,Equatorial Guinea,-0.09550000000000002,V-Dem
1968,GNQ,Equatorial Guinea,-0.19,V-Dem
1969,GNQ,Equatorial Guinea,-1.518,V-Dem
1970,GNQ,Equatorial Guinea,-3.233,V-Dem
1971,GNQ,Equatorial Guinea,-3.233,V-Dem
1972,GNQ,Equatorial Guinea,-3.233,V-Dem
1973,GNQ,Equatorial Guinea,-3.233,V-Dem
1974,GNQ,Equatorial Guinea,-3.233,V-Dem
1975,GNQ,Equatorial Guinea,-3.233,V-Dem
1976,GNQ,Equatorial Guinea,-3.233,V-Dem
1977,GNQ,Equatorial Guinea,-3.233,V-Dem
1978,GNQ,Equatorial Guinea,-3.233,V-Dem
1979,GNQ,Equatorial Guinea,-2.8735,V-Dem
1980,GNQ,Equatorial Guinea,-1.202,V-Dem
1981,GNQ,Equatorial Guinea,-0.9625000000000001,V-Dem
1982,GNQ,Equatorial Guinea,-0.9625000000000001,V-Dem
1983,GNQ,Equatorial Guinea,-0.9625000000000001,V-Dem
1984,GNQ,Equatorial Guinea,-0.9625000000000001,V-Dem
1985,GNQ,Equatorial Guinea,-0.9625000000000001,V-Dem
1986,GNQ,Equatorial Guinea,-0.9625000000000001,V-Dem
1987,GNQ,Equatorial Guinea,-1.202,V-Dem
1988,GNQ,Equatorial Guinea,-1.202,V-Dem
1989,GNQ,Equatorial Guinea,-1.202,V-Dem
1990,GNQ,Equatorial Guinea,-0.9625000000000001,V-Dem
1991,GNQ,Equatorial Guinea,-0.9625000000000001,V-Dem
1992,GNQ,Equatorial Guinea,-1.2015,V-Dem
1993,GNQ,Equatorial Guinea,-0.9705,V-Dem
1994,GNQ,Equatorial Guinea,-0.9705,V-Dem
1995,GNQ,Equatorial Guinea,-1.2505,V-Dem
1996,GNQ,Equatorial Guinea,-1.2505,V-Dem
1997,GNQ,Equatorial Guinea,-1.4809999999999999,V-Dem
1998,GNQ,Equatorial Guinea,-1.4809999999999999,V-Dem
1999,GNQ,Equatorial Guinea,-1.373,V-Dem
2000,GNQ,Equatorial Guinea,-1.373,V-Dem
2001,GNQ,Equatorial Guinea,-1.373,V-Dem
2002,GNQ,Equatorial Guinea,-1.373,V-Dem
2003,GNQ,Equatorial Guinea,-1.373,V-Dem
2004,GNQ,Equatorial Guinea,-1.373,V-Dem
2005,GNQ,Equatorial Guinea,-1.373,V-Dem
2006,GNQ,Equatorial Guinea,-1.373,V-Dem
2007,GNQ,Equatorial Guinea,-1.373,V-Dem
2008,GNQ,Equatorial Guinea,-1.373,V-Dem
2009,GNQ,Equatorial Guinea,-1.4845,V-Dem
2010,GNQ,Equatorial Guinea,-1.5394999999999999,V-Dem
2011,GNQ,Equatorial Guinea,-1.544,V-Dem
2012,GNQ,Equatorial Guinea,-1.544,V-Dem
2013,GNQ,Equatorial Guinea,-1.502,V-Dem
2014,GNQ,Equatorial Guinea,-1.502,V-Dem
2015,GNQ,Equatorial Guinea,-1.502,V-Dem
2016,GNQ,Equatorial Guinea,-1.393,V-Dem
2017,GNQ,Equatorial Guinea,-1.35,V-Dem
2018,GNQ,Equatorial Guinea,-1.2854999999999999,V-Dem
2019,GNQ,Equatorial Guinea,-1.2854999999999999,V-Dem
2020,GNQ,Equatorial Guinea,-1.2854999999999999,V-Dem
2021,GNQ,Equatorial Guinea,-1.2854999999999999,V-Dem
2022,GNQ,Equatorial Guinea,-1.4315,V-Dem
2023,GNQ,Equatorial Guinea,-1.0715000000000001,V-Dem
2024,GNQ,Equatorial Guinea,-1.5995,V-Dem
2025,GNQ,Equatorial Guinea,-1.728,V-Dem
1990,EST,Estonia,2.4125,V-Dem
1991,EST,Estonia,2.4125,V-Dem
1992,EST,Estonia,2.4125,V-Dem
1993,EST,Estonia,2.4125,V-Dem
1994,EST,Estonia,2.4125,V-Dem
1995,EST,Estonia,2.4125,V-Dem
1996,EST,Estonia,2.9000000000000004,V-Dem
1997,EST,Estonia,2.9000000000000004,V-Dem
1998,EST,Estonia,2.9000000000000004,V-Dem
1999,EST,Estonia,2.9000000000000004,V-Dem
2000,EST,Estonia,2.9000000000000004,V-Dem
2001,EST,Estonia,2.9000000000000004,V-Dem
2002,EST,Estonia,2.9000000000000004,V-Dem
2003,EST,Estonia,2.9000000000000004,V-Dem
2004,EST,Estonia,2.9000000000000004,V-Dem
2005,EST,Estonia,2.9000000000000004,V-Dem
2006,EST,Estonia,2.9000000000000004,V-Dem
2007,EST,Estonia,2.9000000000000004,V-Dem
2008,EST,Estonia,2.9000000000000004,V-Dem
2009,EST,Estonia,2.9000000000000004,V-Dem
2010,EST,Estonia,2.9000000000000004,V-Dem
2011,EST,Estonia,2.9000000000000004,V-Dem
2012,EST,Estonia,2.9000000000000004,V-Dem
2013,EST,Estonia,2.9000000000000004,V-Dem
2014,EST,Estonia,2.9000000000000004,V-Dem
2015,EST,Estonia,2.9000000000000004,V-Dem
2016,EST,Estonia,2.9000000000000004,V-Dem
2017,EST,Estonia,2.9000000000000004,V-Dem
2018,EST,Estonia,2.9000000000000004,V-Dem
2019,EST,Estonia,2.9000000000000004,V-Dem
2020,EST,Estonia,2.9000000000000004,V-Dem
2021,EST,Estonia,2.9000000000000004,V-Dem
2022,EST,Estonia,3.0555000000000003,V-Dem
2023,EST,Estonia,3.0555000000000003,V-Dem
2024,EST,Estonia,3.0555000000000003,V-Dem
2025,EST,Estonia,3.0555000000000003,V-Dem
1961,FJI,Fiji,1.208,V-Dem
1962,FJI,Fiji,1.208,V-Dem
1963,FJI,Fiji,1.208,V-Dem
1964,FJI,Fiji,1.208,V-Dem
1965,FJI,Fiji,1.208,V-Dem
1966,FJI,Fiji,1.208,V-Dem
1967,FJI,Fiji,1.208,V-Dem
1968,FJI,Fiji,1.208,V-Dem
1969,FJI,Fiji,1.208,V-Dem
1970,FJI,Fiji,2.0035,V-Dem
1971,FJI,Fiji,2.0035,V-Dem
1972,FJI,Fiji,2.0035,V-Dem
1973,FJI,Fiji,2.0035,V-Dem
1974,FJI,Fiji,2.0035,V-Dem
1975,FJI,Fiji,2.0035,V-Dem
1976,FJI,Fiji,2.0035,V-Dem
1977,FJI,Fiji,2.0035,V-Dem
1978,FJI,Fiji,2.0035,V-Dem
1979,FJI,Fiji,2.0035,V-Dem
1980,FJI,Fiji,2.0035,V-Dem
1981,FJI,Fiji,2.0035,V-Dem
1982,FJI,Fiji,2.0035,V-Dem
1983,FJI,Fiji,2.0035,V-Dem
1984,FJI,Fiji,2.0035,V-Dem
1985,FJI,Fiji,2.0035,V-Dem
1986,FJI,Fiji,2.0035,V-Dem
1987,FJI,Fiji,0.983,V-Dem
1988,FJI,Fiji,1.4815,V-Dem
1989,FJI,Fiji,1.4815,V-Dem
1990,FJI,Fiji,1.6505,V-Dem
1991,FJI,Fiji,1.6505,V-Dem
1992,FJI,Fiji,1.6505,V-Dem
1993,FJI,Fiji,1.6505,V-Dem
1994,FJI,Fiji,1.6505,V-Dem
1995,FJI,Fiji,1.7974999999999999,V-Dem
1996,FJI,Fiji,1.7974999999999999,V-Dem
1997,FJI,Fiji,2.0065,V-Dem
1998,FJI,Fiji,2.0065,V-Dem
1999,FJI,Fiji,2.0065,V-Dem
2000,FJI,Fiji,0.908,V-Dem
2001,FJI,Fiji,1.741,V-Dem
2002,FJI,Fiji,1.741,V-Dem
2003,FJI,Fiji,1.741,V-Dem
2004,FJI,Fiji,1.741,V-Dem
2005,FJI,Fiji,1.741,V-Dem
2006,FJI,Fiji,1.1035,V-Dem
2007,FJI,Fiji,0.7454999999999999,V-Dem
2008,FJI,Fiji,0.7645,V-Dem
2009,FJI,Fiji,0.857,V-Dem
2010,FJI,Fiji,1.018,V-Dem
2011,FJI,Fiji,1.018,V-Dem
2012,FJI,Fiji,1.018,V-Dem
2013,FJI,Fiji,1.095,V-Dem
2014,FJI,Fiji,1.252,V-Dem
2015,FJI,Fiji,1.46,V-Dem
2016,FJI,Fiji,1.5855,V-Dem
2017,FJI,Fiji,1.5999999999999999,V-Dem
2018,FJI,Fiji,1.559,V-Dem
2019,FJI,Fiji,1.2229999999999999,V-Dem
2020,FJI,Fiji,1.178,V-Dem
2021,FJI,Fiji,1.178,V-Dem
2022,FJI,Fiji,1.178,V-Dem
2023,FJI,Fiji,1.6265,V-Dem
2024,FJI,Fiji,1.6265,V-Dem
2025,FJI,Fiji,1.6265,V-Dem
1961,FIN,Finland,3.309,V-Dem
1962,FIN,Finland,3.309,V-Dem
1963,FIN,Finland,3.309,V-Dem
1964,FIN,Finland,3.309,V-Dem
1965,FIN,Finland,3.309,V-Dem
1966,FIN,Finland,3.309,V-Dem
1967,FIN,Finland,3.309,V-Dem
1968,FIN,Finland,3.309,V-Dem
1969,FIN,Finland,3.309,V-Dem
1970,FIN,Finland,3.309,V-Dem
1971,FIN,Finland,3.309,V-Dem
1972,FIN,Finland,3.309,V-Dem
1973,FIN,Finland,3.309,V-Dem
1974,FIN,Finland,3.309,V-Dem
1975,FIN,Finland,3.309,V-Dem
1976,FIN,Finland,3.309,V-Dem
1977,FIN,Finland,3.309,V-Dem
1978,FIN,Finland,3.309,V-Dem
1979,FIN,Finland,3.309,V-Dem
1980,FIN,Finland,3.309,V-Dem
1981,FIN,Finland,3.309,V-Dem
1982,FIN,Finland,3.309,V-Dem
1983,FIN,Finland,3.309,V-Dem
1984,FIN,Finland,3.309,V-Dem
1985,FIN,Finland,3.309,V-Dem
1986,FIN,Finland,3.309,V-Dem
1987,FIN,Finland,3.309,V-Dem
1988,FIN,Finland,3.309,V-Dem
1989,FIN,Finland,3.309,V-Dem
1990,FIN,Finland,3.309,V-Dem
1991,FIN,Finland,3.309,V-Dem
1992,FIN,Finland,3.309,V-Dem
1993,FIN,Finland,3.309,V-Dem
1994,FIN,Finland,3.309,V-Dem
1995,FIN,Finland,3.309,V-Dem
1996,FIN,Finland,3.309,V-Dem
1997,FIN,Finland,3.309,V-Dem
1998,FIN,Finland,3.309,V-Dem
1999,FIN,Finland,3.309,V-Dem
2000,FIN,Finland,3.309,V-Dem
2001,FIN,Finland,3.309,V-Dem
2002,FIN,Finland,3.309,V-Dem
2003,FIN,Finland,3.309,V-Dem
2004,FIN,Finland,3.309,V-Dem
2005,FIN,Finland,3.309,V-Dem
2006,FIN,Finland,3.309,V-Dem
2007,FIN,Finland,3.309,V-Dem
2008,FIN,Finland,3.309,V-Dem
2009,FIN,Finland,3.309,V-Dem
2010,FIN,Finland,3.309,V-Dem
2011,FIN,Finland,3.309,V-Dem
2012,FIN,Finland,3.309,V-Dem
2013,FIN,Finland,3.309,V-Dem
2014,FIN,Finland,3.309,V-Dem
2015,FIN,Finland,3.309,V-Dem
2016,FIN,Finland,3.309,V-Dem
2017,FIN,Finland,3.309,V-Dem
2018,FIN,Finland,3.309,V-Dem
2019,FIN,Finland,3.309,V-Dem
2020,FIN,Finland,3.309,V-Dem
2021,FIN,Finland,3.309,V-Dem
2022,FIN,Finland,3.309,V-Dem
2023,FIN,Finland,3.309,V-Dem
2024,FIN,Finland,3.309,V-Dem
2025,FIN,Finland,3.309,V-Dem
1961,GRC,Greece,0.5309999999999999,V-Dem
1962,GRC,Greece,0.5309999999999999,V-Dem
1963,GRC,Greece,0.5495,V-Dem
1964,GRC,Greece,0.5820000000000001,V-Dem
1965,GRC,Greece,0.5820000000000001,V-Dem
1966,GRC,Greece,0.5820000000000001,V-Dem
1967,GRC,Greece,-0.8655,V-Dem
1968,GRC,Greece,-0.914,V-Dem
1969,GRC,Greece,-0.914,V-Dem
1970,GRC,Greece,-0.914,V-Dem
1971,GRC,Greece,-0.914,V-Dem
1972,GRC,Greece,-0.914,V-Dem
1973,GRC,Greece,-0.914,V-Dem
1974,GRC,Greece,-0.42900000000000005,V-Dem
1975,GRC,Greece,2.0845000000000002,V-Dem
1976,GRC,Greece,2.0845000000000002,V-Dem
1977,GRC,Greece,2.499,V-Dem
1978,GRC,Greece,2.499,V-Dem
1979,GRC,Greece,2.499,V-Dem
1980,GRC,Greece,2.499,V-Dem
1981,GRC,Greece,2.499,V-Dem
1982,GRC,Greece,2.6635,V-Dem
1983,GRC,Greece,2.6635,V-Dem
1984,GRC,Greece,2.6635,V-Dem
1985,GRC,Greece,2.596,V-Dem
1986,GRC,Greece,2.596,V-Dem
1987,GRC,Greece,2.596,V-Dem
1988,GRC,Greece,2.596,V-Dem
1989,GRC,Greece,2.596,V-Dem
1990,GRC,Greece,2.596,V-Dem
1991,GRC,Greece,2.596,V-Dem
1992,GRC,Greece,2.596,V-Dem
1993,GRC,Greece,2.664,V-Dem
1994,GRC,Greece,2.664,V-Dem
1995,GRC,Greece,2.882,V-Dem
1996,GRC,Greece,2.882,V-Dem
1997,GRC,Greece,2.882,V-Dem
1998,GRC,Greece,2.882,V-Dem
1999,GRC,Greece,2.882,V-Dem
2000,GRC,Greece,3.019,V-Dem
2001,GRC,Greece,3.019,V-Dem
2002,GRC,Greece,3.019,V-Dem
2003,GRC,Greece,3.019,V-Dem
2004,GRC,Greece,3.019,V-Dem
2005,GRC,Greece,3.019,V-Dem
2006,GRC,Greece,3.019,V-Dem
2007,GRC,Greece,3.019,V-Dem
2008,GRC,Greece,3.019,V-Dem
2009,GRC,Greece,3.019,V-Dem
2010,GRC,Greece,2.831,V-Dem
2011,GRC,Greece,2.614,V-Dem
2012,GRC,Greece,2.6785,V-Dem
2013,GRC,Greece,2.0695,V-Dem
2014,GRC,Greece,2.518,V-Dem
2015,GRC,Greece,2.518,V-Dem
2016,GRC,Greece,2.518,V-Dem
2017,GRC,Greece,2.518,V-Dem
2018,GRC,Greece,2.518,V-Dem
2019,GRC,Greece,2.6959999999999997,V-Dem
2020,GRC,Greece,2.5355,V-Dem
2021,GRC,Greece,1.9285,V-Dem
2022,GRC,Greece,2.2055,V-Dem
2023,GRC,Greece,2.2055,V-Dem
2024,GRC,Greece,2.062,V-Dem
2025,GRC,Greece,2.216,V-Dem
1961,GUY,Guyana,0.552,V-Dem
1962,GUY,Guyana,0.257,V-Dem
1963,GUY,Guyana,0.257,V-Dem
1964,GUY,Guyana,0.257,V-Dem
1965,GUY,Guyana,0.257,V-Dem
1966,GUY,Guyana,0.11349999999999999,V-Dem
1967,GUY,Guyana,0.7995,V-Dem
1968,GUY,Guyana,0.7995,V-Dem
1969,GUY,Guyana,0.7995,V-Dem
1970,GUY,Guyana,0.7995,V-Dem
1971,GUY,Guyana,0.7995,V-Dem
1972,GUY,Guyana,0.7995,V-Dem
1973,GUY,Guyana,0.7995,V-Dem
1974,GUY,Guyana,0.5209999999999999,V-Dem
1975,GUY,Guyana,0.5209999999999999,V-Dem
1976,GUY,Guyana,0.5209999999999999,V-Dem
1977,GUY,Guyana,0.7949999999999999,V-Dem
1978,GUY,Guyana,0.7949999999999999,V-Dem
1979,GUY,Guyana,0.7949999999999999,V-Dem
1980,GUY,Guyana,-0.389,V-Dem
1981,GUY,Guyana,-0.1105,V-Dem
1982,GUY,Guyana,-0.1105,V-Dem
1983,GUY,Guyana,-0.1105,V-Dem
1984,GUY,Guyana,-0.1105,V-Dem
1985,GUY,Guyana,-0.1105,V-Dem
1986,GUY,Guyana,0.8554999999999999,V-Dem
1987,GUY,Guyana,0.8554999999999999,V-Dem
1988,GUY,Guyana,0.8554999999999999,V-Dem
1989,GUY,Guyana,0.8554999999999999,V-Dem
1990,GUY,Guyana,0.8554999999999999,V-Dem
1991,GUY,Guyana,0.8554999999999999,V-Dem
1992,GUY,Guyana,0.8554999999999999,V-Dem
1993,GUY,Guyana,0.8554999999999999,V-Dem
1994,GUY,Guyana,0.8554999999999999,V-Dem
1995,GUY,Guyana,0.8554999999999999,V-Dem
1996,GUY,Guyana,0.8554999999999999,V-Dem
1997,GUY,Guyana,0.8554999999999999,V-Dem
1998,GUY,Guyana,0.8554999999999999,V-Dem
1999,GUY,Guyana,0.8554999999999999,V-Dem
2000,GUY,Guyana,0.254,V-Dem
2001,GUY,Guyana,0.044500000000000005,V-Dem
2002,GUY,Guyana,0.28300000000000003,V-Dem
2003,GUY,Guyana,0.28300000000000003,V-Dem
2004,GUY,Guyana,0.28300000000000003,V-Dem
2005,GUY,Guyana,0.28300000000000003,V-Dem
2006,GUY,Guyana,0.336,V-Dem
2007,GUY,Guyana,0.336,V-Dem
2008,GUY,Guyana,0.336,V-Dem
2009,GUY,Guyana,0.31,V-Dem
2010,GUY,Guyana,0.49,V-Dem
2011,GUY,Guyana,0.5509999999999999,V-Dem
2012,GUY,Guyana,0.5509999999999999,V-Dem
2013,GUY,Guyana,0.5509999999999999,V-Dem
2014,GUY,Guyana,0.5509999999999999,V-Dem
2015,GUY,Guyana,1.509,V-Dem
2016,GUY,Guyana,1.7725,V-Dem
2017,GUY,Guyana,1.7725,V-Dem
2018,GUY,Guyana,1.7725,V-Dem
2019,GUY,Guyana,1.5165,V-Dem
2020,GUY,Guyana,2.54,V-Dem
2021,GUY,Guyana,2.3725,V-Dem
2022,GUY,Guyana,1.8535,V-Dem
2023,GUY,Guyana,1.8695,V-Dem
2024,GUY,Guyana,1.8695,V-Dem
2025,GUY,Guyana,1.8695,V-Dem
1961,HKG,Hong Kong,1.2125,V-Dem
1962,HKG,Hong Kong,1.2125,V-Dem
1963,HKG,Hong Kong,1.2125,V-Dem
1964,HKG,Hong Kong,1.2125,V-Dem
1965,HKG,Hong Kong,1.2125,V-Dem
1966,HKG,Hong Kong,1.2125,V-Dem
1967,HKG,Hong Kong,1.2125,V-Dem
1968,HKG,Hong Kong,1.287,V-Dem
1969,HKG,Hong Kong,1.287,V-Dem
1970,HKG,Hong Kong,1.475,V-Dem
1971,HKG,Hong Kong,1.475,V-Dem
1972,HKG,Hong Kong,1.475,V-Dem
1973,HKG,Hong Kong,1.475,V-Dem
1974,HKG,Hong Kong,1.475,V-Dem
1975,HKG,Hong Kong,1.475,V-Dem
1976,HKG,Hong Kong,1.475,V-Dem
1977,HKG,Hong Kong,1.475,V-Dem
1978,HKG,Hong Kong,1.737,V-Dem
1979,HKG,Hong Kong,1.737,V-Dem
1980,HKG,Hong Kong,2.09,V-Dem
1981,HKG,Hong Kong,2.09,V-Dem
1982,HKG,Hong Kong,2.09,V-Dem
1983,HKG,Hong Kong,2.09,V-Dem
1984,HKG,Hong Kong,2.09,V-Dem
1985,HKG,Hong Kong,2.09,V-Dem
1986,HKG,Hong Kong,2.09,V-Dem
1987,HKG,Hong Kong,2.09,V-Dem
1988,HKG,Hong Kong,2.09,V-Dem
1989,HKG,Hong Kong,2.09,V-Dem
1990,HKG,Hong Kong,2.4815,V-Dem
1991,HKG,Hong Kong,2.4815,V-Dem
1992,HKG,Hong Kong,2.4815,V-Dem
1993,HKG,Hong Kong,2.4815,V-Dem
1994,HKG,Hong Kong,2.4815,V-Dem
1995,HKG,Hong Kong,2.4815,V-Dem
1996,HKG,Hong Kong,2.4815,V-Dem
1997,HKG,Hong Kong,2.5940000000000003,V-Dem
1998,HKG,Hong Kong,2.5940000000000003,V-Dem
1999,HKG,Hong Kong,2.5940000000000003,V-Dem
2000,HKG,Hong Kong,2.5940000000000003,V-Dem
2001,HKG,Hong Kong,2.5940000000000003,V-Dem
2002,HKG,Hong Kong,2.5940000000000003,V-Dem
2003,HKG,Hong Kong,2.5940000000000003,V-Dem
2004,HKG,Hong Kong,2.5940000000000003,V-Dem
2005,HKG,Hong Kong,2.5940000000000003,V-Dem
2006,HKG,Hong Kong,2.5940000000000003,V-Dem
2007,HKG,Hong Kong,2.5940000000000003,V-Dem
2008,HKG,Hong Kong,2.5940000000000003,V-Dem
2009,HKG,Hong Kong,2.5940000000000003,V-Dem
2010,HKG,Hong Kong,2.5940000000000003,V-Dem
2011,HKG,Hong Kong,2.5940000000000003,V-Dem
2012,HKG,Hong Kong,2.5940000000000003,V-Dem
2013,HKG,Hong Kong,2.5940000000000003,V-Dem
2014,HKG,Hong Kong,2.4875,V-Dem
2015,HKG,Hong Kong,2.4875,V-Dem
2016,HKG,Hong Kong,2.4875,V-Dem
2017,HKG,Hong Kong,2.4875,V-Dem
2018,HKG,Hong Kong,2.4875,V-Dem
2019,HKG,Hong Kong,1.1275,V-Dem
2020,HKG,Hong Kong,1.6045,V-Dem
2021,HKG,Hong Kong,1.7845,V-Dem
2022,HKG,Hong Kong,1.935,V-Dem
2023,HKG,Hong Kong,1.8304999999999998,V-Dem
2024,HKG,Hong Kong,1.9364999999999999,V-Dem
2025,HKG,Hong Kong,1.9364999999999999,V-Dem
1961,ISL,Iceland,2.6310000000000002,V-Dem
1962,ISL,Iceland,2.6310000000000002,V-Dem
1963,ISL,Iceland,2.6310000000000002,V-Dem
1964,ISL,Iceland,2.6310000000000002,V-Dem
1965,ISL,Iceland,2.6310000000000002,V-Dem
1966,ISL,Iceland,2.6310000000000002,V-Dem
1967,ISL,Iceland,2.6310000000000002,V-Dem
1968,ISL,Iceland,2.6310000000000002,V-Dem
1969,ISL,Iceland,2.6310000000000002,V-Dem
1970,ISL,Iceland,2.6310000000000002,V-Dem
1971,ISL,Iceland,2.6310000000000002,V-Dem
1972,ISL,Iceland,2.6310000000000002,V-Dem
1973,ISL,Iceland,2.6310000000000002,V-Dem
1974,ISL,Iceland,2.6310000000000002,V-Dem
1975,ISL,Iceland,2.6310000000000002,V-Dem
1976,ISL,Iceland,2.6310000000000002,V-Dem
1977,ISL,Iceland,2.6310000000000002,V-Dem
1978,ISL,Iceland,2.8785,V-Dem
1979,ISL,Iceland,2.8785,V-Dem
1980,ISL,Iceland,2.8785,V-Dem
1981,ISL,Iceland,2.8785,V-Dem
1982,ISL,Iceland,2.8785,V-Dem
1983,ISL,Iceland,2.8785,V-Dem
1984,ISL,Iceland,2.8785,V-Dem
1985,ISL,Iceland,2.8785,V-Dem
1986,ISL,Iceland,2.8785,V-Dem
1987,ISL,Iceland,2.8785,V-Dem
1988,ISL,Iceland,2.8785,V-Dem
1989,ISL,Iceland,2.8785,V-Dem
1990,ISL,Iceland,3.38,V-Dem
1991,ISL,Iceland,3.38,V-Dem
1992,ISL,Iceland,3.38,V-Dem
1993,ISL,Iceland,3.38,V-Dem
1994,ISL,Iceland,3.38,V-Dem
1995,ISL,Iceland,3.38,V-Dem
1996,ISL,Iceland,3.38,V-Dem
1997,ISL,Iceland,3.38,V-Dem
1998,ISL,Iceland,3.38,V-Dem
1999,ISL,Iceland,3.38,V-Dem
2000,ISL,Iceland,3.38,V-Dem
2001,ISL,Iceland,3.38,V-Dem
2002,ISL,Iceland,3.38,V-Dem
2003,ISL,Iceland,3.38,V-Dem
2004,ISL,Iceland,3.38,V-Dem
2005,ISL,Iceland,3.38,V-Dem
2006,ISL,Iceland,3.38,V-Dem
2007,ISL,Iceland,3.38,V-Dem
2008,ISL,Iceland,3.38,V-Dem
2009,ISL,Iceland,3.38,V-Dem
2010,ISL,Iceland,3.38,V-Dem
2011,ISL,Iceland,3.38,V-Dem
2012,ISL,Iceland,3.38,V-Dem
2013,ISL,Iceland,3.38,V-Dem
2014,ISL,Iceland,3.38,V-Dem
2015,ISL,Iceland,3.38,V-Dem
2016,ISL,Iceland,3.38,V-Dem
2017,ISL,Iceland,3.38,V-Dem
2018,ISL,Iceland,3.38,V-Dem
2019,ISL,Iceland,3.38,V-Dem
2020,ISL,Iceland,3.38,V-Dem
2021,ISL,Iceland,3.38,V-Dem
2022,ISL,Iceland,3.38,V-Dem
2023,ISL,Iceland,3.38,V-Dem
2024,ISL,Iceland,3.38,V-Dem
2025,ISL,Iceland,3.38,V-Dem
1961,ISR,Israel,0.9365,V-Dem
1962,ISR,Israel,0.9365,V-Dem
1963,ISR,Israel,0.9365,V-Dem
1964,ISR,Israel,0.9365,V-Dem
1965,ISR,Israel,0.9365,V-Dem
1966,ISR,Israel,0.9365,V-Dem
1967,ISR,Israel,1.1265,V-Dem
1968,ISR,Israel,1.1265,V-Dem
1969,ISR,Israel,1.1265,V-Dem
1970,ISR,Israel,1.1265,V-Dem
1971,ISR,Israel,1.1265,V-Dem
1972,ISR,Israel,1.1265,V-Dem
1973,ISR,Israel,1.1265,V-Dem
1974,ISR,Israel,1.1265,V-Dem
1975,ISR,Israel,1.1265,V-Dem
1976,ISR,Israel,1.1265,V-Dem
1977,ISR,Israel,1.1265,V-Dem
1978,ISR,Israel,1.1265,V-Dem
1979,ISR,Israel,1.1265,V-Dem
1980,ISR,Israel,1.1265,V-Dem
1981,ISR,Israel,1.1265,V-Dem
1982,ISR,Israel,1.1265,V-Dem
1983,ISR,Israel,1.1265,V-Dem
1984,ISR,Israel,1.1265,V-Dem
1985,ISR,Israel,1.1265,V-Dem
1986,ISR,Israel,1.1265,V-Dem
1987,ISR,Israel,1.1265,V-Dem
1988,ISR,Israel,1.1265,V-Dem
1989,ISR,Israel,1.1265,V-Dem
1990,ISR,Israel,1.1265,V-Dem
1991,ISR,Israel,1.1265,V-Dem
1992,ISR,Israel,1.1265,V-Dem
1993,ISR,Israel,1.411,V-Dem
1994,ISR,Israel,1.411,V-Dem
1995,ISR,Israel,1.411,V-Dem
1996,ISR,Israel,1.411,V-Dem
1997,ISR,Israel,1.411,V-Dem
1998,ISR,Israel,1.411,V-Dem
1999,ISR,Israel,1.411,V-Dem
2000,ISR,Israel,1.78,V-Dem
2001,ISR,Israel,1.78,V-Dem
2002,ISR,Israel,1.78,V-Dem
2003,ISR,Israel,1.78,V-Dem
2004,ISR,Israel,1.78,V-Dem
2005,ISR,Israel,1.78,V-Dem
2006,ISR,Israel,1.78,V-Dem
2007,ISR,Israel,1.78,V-Dem
2008,ISR,Israel,1.78,V-Dem
2009,ISR,Israel,1.78,V-Dem
2010,ISR,Israel,1.78,V-Dem
2011,ISR,Israel,1.78,V-Dem
2012,ISR,Israel,1.78,V-Dem
2013,ISR,Israel,1.834,V-Dem
2014,ISR,Israel,1.834,V-Dem
2015,ISR,Israel,1.834,V-Dem
2016,ISR,Israel,1.834,V-Dem
2017,ISR,Israel,1.834,V-Dem
2018,ISR,Israel,1.78,V-Dem
2019,ISR,Israel,1.6665,V-Dem
2020,ISR,Israel,1.865,V-Dem
2021,ISR,Israel,1.865,V-Dem
2022,ISR,Israel,2.0425,V-Dem
2023,ISR,Israel,1.3405,V-Dem
2024,ISR,Israel,1.292,V-Dem
2025,ISR,Israel,1.292,V-Dem
1961,KWT,Kuwait,1.169,V-Dem
1962,KWT,Kuwait,1.2635,V-Dem
1963,KWT,Kuwait,1.2635,V-Dem
1964,KWT,Kuwait,1.2635,V-Dem
1965,KWT,Kuwait,1.2635,V-Dem
1966,KWT,Kuwait,1.2635,V-Dem
1967,KWT,Kuwait,1.2635,V-Dem
1968,KWT,Kuwait,1.2635,V-Dem
1969,KWT,Kuwait,1.2635,V-Dem
1970,KWT,Kuwait,1.2635,V-Dem
1971,KWT,Kuwait,1.2635,V-Dem
1972,KWT,Kuwait,1.2635,V-Dem
1973,KWT,Kuwait,1.2635,V-Dem
1974,KWT,Kuwait,1.2635,V-Dem
1975,KWT,Kuwait,1.2635,V-Dem
1976,KWT,Kuwait,1.2635,V-Dem
1977,KWT,Kuwait,1.2635,V-Dem
1978,KWT,Kuwait,1.2635,V-Dem
1979,KWT,Kuwait,1.2635,V-Dem
1980,KWT,Kuwait,1.2635,V-Dem
1981,KWT,Kuwait,1.2635,V-Dem
1982,KWT,Kuwait,1.2635,V-Dem
1983,KWT,Kuwait,1.2635,V-Dem
1984,KWT,Kuwait,1.2635,V-Dem
1985,KWT,Kuwait,1.2635,V-Dem
1986,KWT,Kuwait,1.2635,V-Dem
1987,KWT,Kuwait,1.2635,V-Dem
1988,KWT,Kuwait,1.2635,V-Dem
1989,KWT,Kuwait,1.2635,V-Dem
1990,KWT,Kuwait,0.49150000000000005,V-Dem
1991,KWT,Kuwait,0.531,V-Dem
1992,KWT,Kuwait,1.1489999999999998,V-Dem
1993,KWT,Kuwait,0.935,V-Dem
1994,KWT,Kuwait,0.935,V-Dem
1995,KWT,Kuwait,0.935,V-Dem
1996,KWT,Kuwait,0.935,V-Dem
1997,KWT,Kuwait,0.935,V-Dem
1998,KWT,Kuwait,0.935,V-Dem
1999,KWT,Kuwait,0.935,V-Dem
2000,KWT,Kuwait,0.8530000000000001,V-Dem
2001,KWT,Kuwait,0.8530000000000001,V-Dem
2002,KWT,Kuwait,0.8530000000000001,V-Dem
2003,KWT,Kuwait,0.8530000000000001,V-Dem
2004,KWT,Kuwait,0.8530000000000001,V-Dem
2005,KWT,Kuwait,0.8530000000000001,V-Dem
2006,KWT,Kuwait,0.8530000000000001,V-Dem
2007,KWT,Kuwait,0.8530000000000001,V-Dem
2008,KWT,Kuwait,0.8530000000000001,V-Dem
2009,KWT,Kuwait,0.8530000000000001,V-Dem
2010,KWT,Kuwait,0.8530000000000001,V-Dem
2011,KWT,Kuwait,0.8530000000000001,V-Dem
2012,KWT,Kuwait,0.904,V-Dem
2013,KWT,Kuwait,0.904,V-Dem
2014,KWT,Kuwait,0.904,V-Dem
2015,KWT,Kuwait,0.904,V-Dem
2016,KWT,Kuwait,0.904,V-Dem
2017,KWT,Kuwait,0.8460000000000001,V-Dem
2018,KWT,Kuwait,0.8460000000000001,V-Dem
2019,KWT,Kuwait,0.8460000000000001,V-Dem
2020,KWT,Kuwait,0.8460000000000001,V-Dem
2021,KWT,Kuwait,0.781,V-Dem
2022,KWT,Kuwait,0.766,V-Dem
2023,KWT,Kuwait,0.8345,V-Dem
2024,KWT,Kuwait,0.8345,V-Dem
2025,KWT,Kuwait,0.8345,V-Dem
1990,LTU,Lithuania,2.242,V-Dem
1991,LTU,Lithuania,1.8815,V-Dem
1992,LTU,Lithuania,2.6435000000000004,V-Dem
1993,LTU,Lithuania,2.3565,V-Dem
1994,LTU,Lithuania,2.3565,V-Dem
1995,LTU,Lithuania,2.3565,V-Dem
1996,LTU,Lithuania,2.3565,V-Dem
1997,LTU,Lithuania,2.3565,V-Dem
1998,LTU,Lithuania,2.3565,V-Dem
1999,LTU,Lithuania,2.3565,V-Dem
2000,LTU,Lithuania,2.4085,V-Dem
2001,LTU,Lithuania,2.4085,V-Dem
2002,LTU,Lithuania,2.4085,V-Dem
2003,LTU,Lithuania,2.4085,V-Dem
2004,LTU,Lithuania,2.4085,V-Dem
2005,LTU,Lithuania,2.4085,V-Dem
2006,LTU,Lithuania,2.4085,V-Dem
2007,LTU,Lithuania,2.6065,V-Dem
2008,LTU,Lithuania,2.6065,V-Dem
2009,LTU,Lithuania,2.6065,V-Dem
2010,LTU,Lithuania,2.8785,V-Dem
2011,LTU,Lithuania,2.8785,V-Dem
2012,LTU,Lithuania,2.8785,V-Dem
2013,LTU,Lithuania,2.3915,V-Dem
2014,LTU,Lithuania,2.3915,V-Dem
2015,LTU,Lithuania,2.3915,V-Dem
2016,LTU,Lithuania,2.903,V-Dem
2017,LTU,Lithuania,2.903,V-Dem
2018,LTU,Lithuania,2.903,V-Dem
2019,LTU,Lithuania,2.903,V-Dem
2020,LTU,Lithuania,2.903,V-Dem
2021,LTU,Lithuania,2.4765,V-Dem
2022,LTU,Lithuania,2.4765,V-Dem
2023,LTU,Lithuania,2.4765,V-Dem
2024,LTU,Lithuania,2.4765,V-Dem
2025,LTU,Lithuania,2.4765,V-Dem
1961,LUX,Luxembourg,2.5895,V-Dem
1962,LUX,Luxembourg,2.5895,V-Dem
1963,LUX,Luxembourg,2.5895,V-Dem
1964,LUX,Luxembourg,2.5895,V-Dem
1965,LUX,Luxembourg,2.5895,V-Dem
1966,LUX,Luxembourg,2.5895,V-Dem
1967,LUX,Luxembourg,2.5895,V-Dem
1968,LUX,Luxembourg,2.5895,V-Dem
1969,LUX,Luxembourg,2.5895,V-Dem
1970,LUX,Luxembourg,2.5895,V-Dem
1971,LUX,Luxembourg,2.5895,V-Dem
1972,LUX,Luxembourg,2.5895,V-Dem
1973,LUX,Luxembourg,2.5895,V-Dem
1974,LUX,Luxembourg,2.5895,V-Dem
1975,LUX,Luxembourg,2.5895,V-Dem
1976,LUX,Luxembourg,2.5895,V-Dem
1977,LUX,Luxembourg,2.5895,V-Dem
1978,LUX,Luxembourg,2.5895,V-Dem
1979,LUX,Luxembourg,2.5895,V-Dem
1980,LUX,Luxembourg,2.5895,V-Dem
1981,LUX,Luxembourg,2.5895,V-Dem
1982,LUX,Luxembourg,2.5895,V-Dem
1983,LUX,Luxembourg,2.5895,V-Dem
1984,LUX,Luxembourg,2.5895,V-Dem
1985,LUX,Luxembourg,2.5895,V-Dem
1986,LUX,Luxembourg,2.5895,V-Dem
1987,LUX,Luxembourg,2.5895,V-Dem
1988,LUX,Luxembourg,2.5895,V-Dem
1989,LUX,Luxembourg,2.5895,V-Dem
1990,LUX,Luxembourg,2.5895,V-Dem
1991,LUX,Luxembourg,2.5895,V-Dem
1992,LUX,Luxembourg,2.5895,V-Dem
1993,LUX,Luxembourg,2.5895,V-Dem
1994,LUX,Luxembourg,2.5895,V-Dem
1995,LUX,Luxembourg,2.5895,V-Dem
1996,LUX,Luxembourg,2.5895,V-Dem
1997,LUX,Luxembourg,2.5895,V-Dem
1998,LUX,Luxembourg,2.5895,V-Dem
1999,LUX,Luxembourg,2.5895,V-Dem
2000,LUX,Luxembourg,2.5895,V-Dem
2001,LUX,Luxembourg,2.5895,V-Dem
2002,LUX,Luxembourg,2.5895,V-Dem
2003,LUX,Luxembourg,2.5895,V-Dem
2004,LUX,Luxembourg,2.5895,V-Dem
2005,LUX,Luxembourg,2.5895,V-Dem
2006,LUX,Luxembourg,2.5895,V-Dem
2007,LUX,Luxembourg,2.5895,V-Dem
2008,LUX,Luxembourg,2.5895,V-Dem
2009,LUX,Luxembourg,2.5895,V-Dem
2010,LUX,Luxembourg,2.5895,V-Dem
2011,LUX,Luxembourg,2.5895,V-Dem
2012,LUX,Luxembourg,2.5895,V-Dem
2013,LUX,Luxembourg,2.5895,V-Dem
2014,LUX,Luxembourg,2.5895,V-Dem
2015,LUX,Luxembourg,2.5895,V-Dem
2016,LUX,Luxembourg,2.5895,V-Dem
2017,LUX,Luxembourg,2.5895,V-Dem
2018,LUX,Luxembourg,2.5895,V-Dem
2019,LUX,Luxembourg,2.5895,V-Dem
2020,LUX,Luxembourg,2.5895,V-Dem
2021,LUX,Luxembourg,2.5895,V-Dem
2022,LUX,Luxembourg,2.5895,V-Dem
2023,LUX,Luxembourg,2.5895,V-Dem
2024,LUX,Luxembourg,2.5895,V-Dem
2025,LUX,Luxembourg,2.5895,V-Dem
1991,MKD,North Macedonia,0.6185,V-Dem
1992,MKD,North Macedonia,0.6185,V-Dem
1993,MKD,North Macedonia,0.6185,V-Dem
1994,MKD,North Macedonia,0.8525,V-Dem
1995,MKD,North Macedonia,0.8525,V-Dem
1996,MKD,North Macedonia,0.8525,V-Dem
1997,MKD,North Macedonia,0.8525,V-Dem
1998,MKD,North Macedonia,0.7595000000000001,V-Dem
1999,MKD,North Macedonia,0.7595000000000001,V-Dem
2000,MKD,North Macedonia,0.7595000000000001,V-Dem
2001,MKD,North Macedonia,0.4375,V-Dem
2002,MKD,North Macedonia,0.9770000000000001,V-Dem
2003,MKD,North Macedonia,1.3864999999999998,V-Dem
2004,MKD,North Macedonia,1.3864999999999998,V-Dem
2005,MKD,North Macedonia,1.7125,V-Dem
2006,MKD,North Macedonia,1.7125,V-Dem
2007,MKD,North Macedonia,1.6380000000000001,V-Dem
2008,MKD,North Macedonia,1.6380000000000001,V-Dem
2009,MKD,North Macedonia,1.606,V-Dem
2010,MKD,North Macedonia,1.7934999999999999,V-Dem
2011,MKD,North Macedonia,1.6695,V-Dem
2012,MKD,North Macedonia,1.2825,V-Dem
2013,MKD,North Macedonia,0.9705,V-Dem
2014,MKD,North Macedonia,0.996,V-Dem
2015,MKD,North Macedonia,0.8755,V-Dem
2016,MKD,North Macedonia,0.752,V-Dem
2017,MKD,North Macedonia,1.013,V-Dem
2018,MKD,North Macedonia,1.208,V-Dem
2019,MKD,North Macedonia,1.777,V-Dem
2020,MKD,North Macedonia,1.563,V-Dem
2021,MKD,North Macedonia,1.673,V-Dem
2022,MKD,North Macedonia,1.31,V-Dem
2023,MKD,North Macedonia,1.3555000000000001,V-Dem
2024,MKD,North Macedonia,1.3555000000000001,V-Dem
2025,MKD,North Macedonia,1.3555000000000001,V-Dem
1961,MYS,Malaysia,0.7315,V-Dem
1962,MYS,Malaysia,0.7315,V-Dem
1963,MYS,Malaysia,0.7315,V-Dem
1964,MYS,Malaysia,0.7315,V-Dem
1965,MYS,Malaysia,0.7315,V-Dem
1966,MYS,Malaysia,0.7315,V-Dem
1967,MYS,Malaysia,0.7315,V-Dem
1968,MYS,Malaysia,0.692,V-Dem
1969,MYS,Malaysia,0.692,V-Dem
1970,MYS,Malaysia,0.692,V-Dem
1971,MYS,Malaysia,0.692,V-Dem
1972,MYS,Malaysia,0.692,V-Dem
1973,MYS,Malaysia,0.692,V-Dem
1974,MYS,Malaysia,0.692,V-Dem
1975,MYS,Malaysia,0.692,V-Dem
1976,MYS,Malaysia,0.692,V-Dem
1977,MYS,Malaysia,0.692,V-Dem
1978,MYS,Malaysia,0.7755,V-Dem
1979,MYS,Malaysia,0.7755,V-Dem
1980,MYS,Malaysia,0.7755,V-Dem
1981,MYS,Malaysia,0.8205,V-Dem
1982,MYS,Malaysia,0.863,V-Dem
1983,MYS,Malaysia,0.863,V-Dem
1984,MYS,Malaysia,0.863,V-Dem
1985,MYS,Malaysia,0.8414999999999999,V-Dem
1986,MYS,Malaysia,0.8724999999999999,V-Dem
1987,MYS,Malaysia,0.8724999999999999,V-Dem
1988,MYS,Malaysia,0.8724999999999999,V-Dem
1989,MYS,Malaysia,0.8724999999999999,V-Dem
1990,MYS,Malaysia,0.8099999999999999,V-Dem
1991,MYS,Malaysia,0.8099999999999999,V-Dem
1992,MYS,Malaysia,0.8099999999999999,V-Dem
1993,MYS,Malaysia,0.8099999999999999,V-Dem
1994,MYS,Malaysia,0.8099999999999999,V-Dem
1995,MYS,Malaysia,0.8099999999999999,V-Dem
1996,MYS,Malaysia,0.8099999999999999,V-Dem
1997,MYS,Malaysia,0.8099999999999999,V-Dem
1998,MYS,Malaysia,0.8099999999999999,V-Dem
1999,MYS,Malaysia,0.8099999999999999,V-Dem
2000,MYS,Malaysia,0.8099999999999999,V-Dem
2001,MYS,Malaysia,0.8099999999999999,V-Dem
2002,MYS,Malaysia,0.8099999999999999,V-Dem
2003,MYS,Malaysia,0.8099999999999999,V-Dem
2004,MYS,Malaysia,0.8819999999999999,V-Dem
2005,MYS,Malaysia,0.8819999999999999,V-Dem
2006,MYS,Malaysia,0.897,V-Dem
2007,MYS,Malaysia,0.948,V-Dem
2008,MYS,Malaysia,0.948,V-Dem
2009,MYS,Malaysia,0.9265000000000001,V-Dem
2010,MYS,Malaysia,0.9265000000000001,V-Dem
2011,MYS,Malaysia,0.9265000000000001,V-Dem
2012,MYS,Malaysia,0.9265000000000001,V-Dem
2013,MYS,Malaysia,0.807,V-Dem
2014,MYS,Malaysia,0.807,V-Dem
2015,MYS,Malaysia,0.807,V-Dem
2016,MYS,Malaysia,0.807,V-Dem
2017,MYS,Malaysia,0.93,V-Dem
2018,MYS,Malaysia,1.26,V-Dem
2019,MYS,Malaysia,1.26,V-Dem
2020,MYS,Malaysia,1.4180000000000001,V-Dem
2021,MYS,Malaysia,1.5474999999999999,V-Dem
2022,MYS,Malaysia,1.5474999999999999,V-Dem
2023,MYS,Malaysia,1.7675,V-Dem
2024,MYS,Malaysia,1.7675,V-Dem
2025,MYS,Malaysia,1.7675,V-Dem
1961,MLT,Malta,2.5355,V-Dem
1962,MLT,Malta,2.5355,V-Dem
1963,MLT,Malta,2.5355,V-Dem
1964,MLT,Malta,2.5355,V-Dem
1965,MLT,Malta,2.5355,V-Dem
1966,MLT,Malta,2.5355,V-Dem
1967,MLT,Malta,2.5355,V-Dem
1968,MLT,Malta,2.5355,V-Dem
1969,MLT,Malta,2.5355,V-Dem
1970,MLT,Malta,2.5355,V-Dem
1971,MLT,Malta,2.5355,V-Dem
1972,MLT,Malta,2.5355,V-Dem
1973,MLT,Malta,2.5355,V-Dem
1974,MLT,Malta,2.5355,V-Dem
1975,MLT,Malta,2.5355,V-Dem
1976,MLT,Malta,2.5355,V-Dem
1977,MLT,Malta,2.5355,V-Dem
1978,MLT,Malta,2.5355,V-Dem
1979,MLT,Malta,2.5355,V-Dem
1980,MLT,Malta,2.5355,V-Dem
1981,MLT,Malta,2.5355,V-Dem
1982,MLT,Malta,2.5355,V-Dem
1983,MLT,Malta,2.5355,V-Dem
1984,MLT,Malta,2.5355,V-Dem
1985,MLT,Malta,2.5355,V-Dem
1986,MLT,Malta,2.5355,V-Dem
1987,MLT,Malta,2.5355,V-Dem
1988,MLT,Malta,2.5355,V-Dem
1989,MLT,Malta,2.5355,V-Dem
1990,MLT,Malta,2.5355,V-Dem
1991,MLT,Malta,2.5355,V-Dem
1992,MLT,Malta,2.5355,V-Dem
1993,MLT,Malta,2.5355,V-Dem
1994,MLT,Malta,2.5355,V-Dem
1995,MLT,Malta,2.5355,V-Dem
1996,MLT,Malta,2.5355,V-Dem
1997,MLT,Malta,2.5355,V-Dem
1998,MLT,Malta,2.5355,V-Dem
1999,MLT,Malta,2.5355,V-Dem
2000,MLT,Malta,2.5355,V-Dem
2001,MLT,Malta,2.5355,V-Dem
2002,MLT,Malta,2.5355,V-Dem
2003,MLT,Malta,2.5355,V-Dem
2004,MLT,Malta,2.5355,V-Dem
2005,MLT,Malta,2.5355,V-Dem
2006,MLT,Malta,2.5355,V-Dem
2007,MLT,Malta,2.5355,V-Dem
2008,MLT,Malta,2.5355,V-Dem
2009,MLT,Malta,2.5355,V-Dem
2010,MLT,Malta,2.5355,V-Dem
2011,MLT,Malta,2.5355,V-Dem
2012,MLT,Malta,2.5355,V-Dem
2013,MLT,Malta,2.5355,V-Dem
2014,MLT,Malta,2.5355,V-Dem
2015,MLT,Malta,2.5355,V-Dem
2016,MLT,Malta,2.295,V-Dem
2017,MLT,Malta,1.4689999999999999,V-Dem
2018,MLT,Malta,1.3995000000000002,V-Dem
2019,MLT,Malta,1.3995000000000002,V-Dem
2020,MLT,Malta,1.98,V-Dem
2021,MLT,Malta,1.98,V-Dem
2022,MLT,Malta,1.98,V-Dem
2023,MLT,Malta,2.2995,V-Dem
2024,MLT,Malta,2.2995,V-Dem
2025,MLT,Malta,2.2995,V-Dem
1961,MUS,Mauritius,1.709,V-Dem
1962,MUS,Mauritius,1.709,V-Dem
1963,MUS,Mauritius,1.2375,V-Dem
1964,MUS,Mauritius,1.2375,V-Dem
1965,MUS,Mauritius,1.2375,V-Dem
1966,MUS,Mauritius,1.2375,V-Dem
1967,MUS,Mauritius,1.2375,V-Dem
1968,MUS,Mauritius,1.403,V-Dem
1969,MUS,Mauritius,1.818,V-Dem
1970,MUS,Mauritius,1.855,V-Dem
1971,MUS,Mauritius,1.4380000000000002,V-Dem
1972,MUS,Mauritius,1.8555000000000001,V-Dem
1973,MUS,Mauritius,1.8555000000000001,V-Dem
1974,MUS,Mauritius,1.8555000000000001,V-Dem
1975,MUS,Mauritius,1.8555000000000001,V-Dem
1976,MUS,Mauritius,1.8555000000000001,V-Dem
1977,MUS,Mauritius,1.8555000000000001,V-Dem
1978,MUS,Mauritius,1.8555000000000001,V-Dem
1979,MUS,Mauritius,1.8555000000000001,V-Dem
1980,MUS,Mauritius,1.8555000000000001,V-Dem
1981,MUS,Mauritius,1.8555000000000001,V-Dem
1982,MUS,Mauritius,1.8555000000000001,V-Dem
1983,MUS,Mauritius,1.8555000000000001,V-Dem
1984,MUS,Mauritius,1.8555000000000001,V-Dem
1985,MUS,Mauritius,1.8555000000000001,V-Dem
1986,MUS,Mauritius,1.8555000000000001,V-Dem
1987,MUS,Mauritius,1.8555000000000001,V-Dem
1988,MUS,Mauritius,1.8555000000000001,V-Dem
1989,MUS,Mauritius,1.8555000000000001,V-Dem
1990,MUS,Mauritius,1.8555000000000001,V-Dem
1991,MUS,Mauritius,1.8555000000000001,V-Dem
1992,MUS,Mauritius,1.8555000000000001,V-Dem
1993,MUS,Mauritius,2.3875,V-Dem
1994,MUS,Mauritius,2.3875,V-Dem
1995,MUS,Mauritius,2.3875,V-Dem
1996,MUS,Mauritius,2.3875,V-Dem
1997,MUS,Mauritius,2.3875,V-Dem
1998,MUS,Mauritius,2.3875,V-Dem
1999,MUS,Mauritius,2.3875,V-Dem
2000,MUS,Mauritius,2.3875,V-Dem
2001,MUS,Mauritius,2.3875,V-Dem
2002,MUS,Mauritius,2.3875,V-Dem
2003,MUS,Mauritius,2.3875,V-Dem
2004,MUS,Mauritius,2.3875,V-Dem
2005,MUS,Mauritius,2.1785,V-Dem
2006,MUS,Mauritius,2.1785,V-Dem
2007,MUS,Mauritius,2.1785,V-Dem
2008,MUS,Mauritius,2.1785,V-Dem
2009,MUS,Mauritius,2.1785,V-Dem
2010,MUS,Mauritius,2.0915,V-Dem
2011,MUS,Mauritius,2.209,V-Dem
2012,MUS,Mauritius,2.209,V-Dem
2013,MUS,Mauritius,2.072,V-Dem
2014,MUS,Mauritius,2.072,V-Dem
2015,MUS,Mauritius,2.2995,V-Dem
2016,MUS,Mauritius,2.2995,V-Dem
2017,MUS,Mauritius,1.728,V-Dem
2018,MUS,Mauritius,1.915,V-Dem
2019,MUS,Mauritius,1.915,V-Dem
2020,MUS,Mauritius,1.3835000000000002,V-Dem
2021,MUS,Mauritius,0.9375,V-Dem
2022,MUS,Mauritius,0.751,V-Dem
2023,MUS,Mauritius,0.751,V-Dem
2024,MUS,Mauritius,0.7424999999999999,V-Dem
2025,MUS,Mauritius,1.6775,V-Dem
1998,MNE,Montenegro,1.21,V-Dem
1999,MNE,Montenegro,1.21,V-Dem
2000,MNE,Montenegro,1.21,V-Dem
2001,MNE,Montenegro,1.21,V-Dem
2002,MNE,Montenegro,1.593,V-Dem
2003,MNE,Montenegro,1.593,V-Dem
2004,MNE,Montenegro,1.593,V-Dem
2005,MNE,Montenegro,1.593,V-Dem
2006,MNE,Montenegro,1.6735,V-Dem
2007,MNE,Montenegro,1.6735,V-Dem
2008,MNE,Montenegro,1.6735,V-Dem
2009,MNE,Montenegro,1.6735,V-Dem
2010,MNE,Montenegro,1.7505,V-Dem
2011,MNE,Montenegro,1.7505,V-Dem
2012,MNE,Montenegro,1.7505,V-Dem
2013,MNE,Montenegro,1.8504999999999998,V-Dem
2014,MNE,Montenegro,1.8504999999999998,V-Dem
2015,MNE,Montenegro,1.8504999999999998,V-Dem
2016,MNE,Montenegro,1.8504999999999998,V-Dem
2017,MNE,Montenegro,1.8504999999999998,V-Dem
2018,MNE,Montenegro,1.6484999999999999,V-Dem
2019,MNE,Montenegro,1.6484999999999999,V-Dem
2020,MNE,Montenegro,1.7309999999999999,V-Dem
2021,MNE,Montenegro,2.234,V-Dem
2022,MNE,Montenegro,2.234,V-Dem
2023,MNE,Montenegro,2.5469999999999997,V-Dem
2024,MNE,Montenegro,2.5469999999999997,V-Dem
2025,MNE,Montenegro,1.8285,V-Dem
1961,NZL,New Zealand,3.2889999999999997,V-Dem
1962,NZL,New Zealand,3.2889999999999997,V-Dem
1963,NZL,New Zealand,3.2889999999999997,V-Dem
1964,NZL,New Zealand,3.2889999999999997,V-Dem
1965,NZL,New Zealand,3.2889999999999997,V-Dem
1966,NZL,New Zealand,3.2889999999999997,V-Dem
1967,NZL,New Zealand,3.2889999999999997,V-Dem
1968,NZL,New Zealand,3.2889999999999997,V-Dem
1969,NZL,New Zealand,3.2889999999999997,V-Dem
1970,NZL,New Zealand,3.2889999999999997,V-Dem
1971,NZL,New Zealand,3.2889999999999997,V-Dem
1972,NZL,New Zealand,3.2889999999999997,V-Dem
1973,NZL,New Zealand,3.2889999999999997,V-Dem
1974,NZL,New Zealand,3.2889999999999997,V-Dem
1975,NZL,New Zealand,3.2889999999999997,V-Dem
1976,NZL,New Zealand,3.2889999999999997,V-Dem
1977,NZL,New Zealand,3.2889999999999997,V-Dem
1978,NZL,New Zealand,3.2889999999999997,V-Dem
1979,NZL,New Zealand,3.2889999999999997,V-Dem
1980,NZL,New Zealand,3.2889999999999997,V-Dem
1981,NZL,New Zealand,3.2889999999999997,V-Dem
1982,NZL,New Zealand,3.2889999999999997,V-Dem
1983,NZL,New Zealand,3.2889999999999997,V-Dem
1984,NZL,New Zealand,3.2889999999999997,V-Dem
1985,NZL,New Zealand,3.2889999999999997,V-Dem
1986,NZL,New Zealand,3.2889999999999997,V-Dem
1987,NZL,New Zealand,3.2889999999999997,V-Dem
1988,NZL,New Zealand,3.2889999999999997,V-Dem
1989,NZL,New Zealand,3.2889999999999997,V-Dem
1990,NZL,New Zealand,3.2889999999999997,V-Dem
1991,NZL,New Zealand,3.2889999999999997,V-Dem
1992,NZL,New Zealand,3.2889999999999997,V-Dem
1993,NZL,New Zealand,3.2889999999999997,V-Dem
1994,NZL,New Zealand,3.2889999999999997,V-Dem
1995,NZL,New Zealand,3.2889999999999997,V-Dem
1996,NZL,New Zealand,3.2889999999999997,V-Dem
1997,NZL,New Zealand,3.2889999999999997,V-Dem
1998,NZL,New Zealand,3.2889999999999997,V-Dem
1999,NZL,New Zealand,3.2889999999999997,V-Dem
2000,NZL,New Zealand,3.2889999999999997,V-Dem
2001,NZL,New Zealand,3.2889999999999997,V-Dem
2002,NZL,New Zealand,3.2889999999999997,V-Dem
2003,NZL,New Zealand,3.2889999999999997,V-Dem
2004,NZL,New Zealand,3.2889999999999997,V-Dem
2005,NZL,New Zealand,3.2889999999999997,V-Dem
2006,NZL,New Zealand,3.2889999999999997,V-Dem
2007,NZL,New Zealand,3.2889999999999997,V-Dem
2008,NZL,New Zealand,3.2889999999999997,V-Dem
2009,NZL,New Zealand,3.2889999999999997,V-Dem
2010,NZL,New Zealand,3.2889999999999997,V-Dem
2011,NZL,New Zealand,3.2889999999999997,V-Dem
2012,NZL,New Zealand,3.2889999999999997,V-Dem
2013,NZL,New Zealand,3.2889999999999997,V-Dem
2014,NZL,New Zealand,3.2889999999999997,V-Dem
2015,NZL,New Zealand,3.2889999999999997,V-Dem
2016,NZL,New Zealand,3.2889999999999997,V-Dem
2017,NZL,New Zealand,3.2889999999999997,V-Dem
2018,NZL,New Zealand,3.2889999999999997,V-Dem
2019,NZL,New Zealand,3.2889999999999997,V-Dem
2020,NZL,New Zealand,3.2889999999999997,V-Dem
2021,NZL,New Zealand,3.2889999999999997,V-Dem
2022,NZL,New Zealand,3.2889999999999997,V-Dem
2023,NZL,New Zealand,3.2889999999999997,V-Dem
2024,NZL,New Zealand,3.2889999999999997,V-Dem
2025,NZL,New Zealand,3.2889999999999997,V-Dem
1961,NOR,Norway,2.153,V-Dem
1962,NOR,Norway,2.153,V-Dem
1963,NOR,Norway,2.153,V-Dem
1964,NOR,Norway,2.153,V-Dem
1965,NOR,Norway,2.153,V-Dem
1966,NOR,Norway,2.153,V-Dem
1967,NOR,Norway,2.153,V-Dem
1968,NOR,Norway,2.153,V-Dem
1969,NOR,Norway,2.153,V-Dem
1970,NOR,Norway,2.153,V-Dem
1971,NOR,Norway,2.153,V-Dem
1972,NOR,Norway,2.153,V-Dem
1973,NOR,Norway,2.153,V-Dem
1974,NOR,Norway,2.153,V-Dem
1975,NOR,Norway,2.153,V-Dem
1976,NOR,Norway,2.153,V-Dem
1977,NOR,Norway,2.153,V-Dem
1978,NOR,Norway,2.153,V-Dem
1979,NOR,Norway,2.153,V-Dem
1980,NOR,Norway,2.8075,V-Dem
1981,NOR,Norway,2.8075,V-Dem
1982,NOR,Norway,2.8075,V-Dem
1983,NOR,Norway,2.8075,V-Dem
1984,NOR,Norway,2.8075,V-Dem
1985,NOR,Norway,2.8075,V-Dem
1986,NOR,Norway,2.8075,V-Dem
1987,NOR,Norway,2.8075,V-Dem
1988,NOR,Norway,2.8075,V-Dem
1989,NOR,Norway,2.8075,V-Dem
1990,NOR,Norway,3.341,V-Dem
1991,NOR,Norway,3.341,V-Dem
1992,NOR,Norway,3.341,V-Dem
1993,NOR,Norway,3.341,V-Dem
1994,NOR,Norway,3.341,V-Dem
1995,NOR,Norway,3.341,V-Dem
1996,NOR,Norway,3.341,V-Dem
1997,NOR,Norway,3.341,V-Dem
1998,NOR,Norway,3.341,V-Dem
1999,NOR,Norway,3.341,V-Dem
2000,NOR,Norway,3.341,V-Dem
2001,NOR,Norway,3.341,V-Dem
2002,NOR,Norway,3.341,V-Dem
2003,NOR,Norway,3.341,V-Dem
2004,NOR,Norway,3.341,V-Dem
2005,NOR,Norway,3.341,V-Dem
2006,NOR,Norway,3.341,V-Dem
2007,NOR,Norway,3.341,V-Dem
2008,NOR,Norway,3.341,V-Dem
2009,NOR,Norway,3.341,V-Dem
2010,NOR,Norway,3.341,V-Dem
2011,NOR,Norway,3.341,V-Dem
2012,NOR,Norway,3.341,V-Dem
2013,NOR,Norway,3.341,V-Dem
2014,NOR,Norway,3.341,V-Dem
2015,NOR,Norway,3.341,V-Dem
2016,NOR,Norway,3.341,V-Dem
2017,NOR,Norway,3.341,V-Dem
2018,NOR,Norway,3.341,V-Dem
2019,NOR,Norway,3.341,V-Dem
2020,NOR,Norway,3.341,V-Dem
2021,NOR,Norway,3.341,V-Dem
2022,NOR,Norway,3.341,V-Dem
2023,NOR,Norway,3.341,V-Dem
2024,NOR,Norway,3.341,V-Dem
2025,NOR,Norway,3.341,V-Dem
1961,OMN,Oman,-0.28850000000000003,V-Dem
1962,OMN,Oman,-0.28850000000000003,V-Dem
1963,OMN,Oman,-0.28850000000000003,V-Dem
1964,OMN,Oman,-0.28850000000000003,V-Dem
1965,OMN,Oman,-0.28850000000000003,V-Dem
1966,OMN,Oman,-0.28850000000000003,V-Dem
1967,OMN,Oman,-0.28850000000000003,V-Dem
1968,OMN,Oman,-0.28850000000000003,V-Dem
1969,OMN,Oman,-0.28850000000000003,V-Dem
1970,OMN,Oman,0.46499999999999997,V-Dem
1971,OMN,Oman,0.46499999999999997,V-Dem
1972,OMN,Oman,0.46499999999999997,V-Dem
1973,OMN,Oman,0.46499999999999997,V-Dem
1974,OMN,Oman,0.46499999999999997,V-Dem
1975,OMN,Oman,0.46499999999999997,V-Dem
1976,OMN,Oman,0.5475,V-Dem
1977,OMN,Oman,0.5475,V-Dem
1978,OMN,Oman,0.5475,V-Dem
1979,OMN,Oman,0.5475,V-Dem
1980,OMN,Oman,0.5475,V-Dem
1981,OMN,Oman,0.5475,V-Dem
1982,OMN,Oman,0.7095,V-Dem
1983,OMN,Oman,0.7095,V-Dem
1984,OMN,Oman,0.7095,V-Dem
1985,OMN,Oman,0.7095,V-Dem
1986,OMN,Oman,0.7095,V-Dem
1987,OMN,Oman,0.7095,V-Dem
1988,OMN,Oman,0.7095,V-Dem
1989,OMN,Oman,0.7095,V-Dem
1990,OMN,Oman,0.7095,V-Dem
1991,OMN,Oman,0.7095,V-Dem
1992,OMN,Oman,0.726,V-Dem
1993,OMN,Oman,0.726,V-Dem
1994,OMN,Oman,0.726,V-Dem
1995,OMN,Oman,0.726,V-Dem
1996,OMN,Oman,0.726,V-Dem
1997,OMN,Oman,0.726,V-Dem
1998,OMN,Oman,0.726,V-Dem
1999,OMN,Oman,0.726,V-Dem
2000,OMN,Oman,0.726,V-Dem
2001,OMN,Oman,0.726,V-Dem
2002,OMN,Oman,0.726,V-Dem
2003,OMN,Oman,0.726,V-Dem
2004,OMN,Oman,0.726,V-Dem
2005,OMN,Oman,0.726,V-Dem
2006,OMN,Oman,0.726,V-Dem
2007,OMN,Oman,0.726,V-Dem
2008,OMN,Oman,0.726,V-Dem
2009,OMN,Oman,0.726,V-Dem
2010,OMN,Oman,0.726,V-Dem
2011,OMN,Oman,0.6455,V-Dem
2012,OMN,Oman,0.6455,V-Dem
2013,OMN,Oman,0.675,V-Dem
2014,OMN,Oman,0.6975,V-Dem
2015,OMN,Oman,0.6975,V-Dem
2016,OMN,Oman,0.6975,V-Dem
2017,OMN,Oman,0.8455,V-Dem
2018,OMN,Oman,0.8455,V-Dem
2019,OMN,Oman,0.8455,V-Dem
2020,OMN,Oman,0.8455,V-Dem
2021,OMN,Oman,0.8510000000000001,V-Dem
2022,OMN,Oman,0.8510000000000001,V-Dem
2023,OMN,Oman,0.8510000000000001,V-Dem
2024,OMN,Oman,0.8510000000000001,V-Dem
2025,OMN,Oman,0.8510000000000001,V-Dem
1961,PRY,Paraguay,-2.0475,V-Dem
1962,PRY,Paraguay,-2.0475,V-Dem
1963,PRY,Paraguay,-2.0475,V-Dem
1964,PRY,Paraguay,-2.0475,V-Dem
1965,PRY,Paraguay,-2.0475,V-Dem
1966,PRY,Paraguay,-2.0475,V-Dem
1967,PRY,Paraguay,-2.0475,V-Dem
1968,PRY,Paraguay,-2.3625,V-Dem
1969,PRY,Paraguay,-2.3625,V-Dem
1970,PRY,Paraguay,-2.3625,V-Dem
1971,PRY,Paraguay,-2.3625,V-Dem
1972,PRY,Paraguay,-2.3625,V-Dem
1973,PRY,Paraguay,-2.3625,V-Dem
1974,PRY,Paraguay,-2.3625,V-Dem
1975,PRY,Paraguay,-2.3625,V-Dem
1976,PRY,Paraguay,-2.3625,V-Dem
1977,PRY,Paraguay,-2.3625,V-Dem
1978,PRY,Paraguay,-2.3625,V-Dem
1979,PRY,Paraguay,-2.3625,V-Dem
1980,PRY,Paraguay,-1.862,V-Dem
1981,PRY,Paraguay,-1.862,V-Dem
1982,PRY,Paraguay,-1.862,V-Dem
1983,PRY,Paraguay,-1.862,V-Dem
1984,PRY,Paraguay,-1.862,V-Dem
1985,PRY,Paraguay,-1.862,V-Dem
1986,PRY,Paraguay,-1.862,V-Dem
1987,PRY,Paraguay,-1.6525,V-Dem
1988,PRY,Paraguay,-1.6525,V-Dem
1989,PRY,Paraguay,-1.6525,V-Dem
1990,PRY,Paraguay,0.6535,V-Dem
1991,PRY,Paraguay,0.6535,V-Dem
1992,PRY,Paraguay,1.1465,V-Dem
1993,PRY,Paraguay,1.1465,V-Dem
1994,PRY,Paraguay,1.1465,V-Dem
1995,PRY,Paraguay,1.1465,V-Dem
1996,PRY,Paraguay,1.1465,V-Dem
1997,PRY,Paraguay,1.1465,V-Dem
1998,PRY,Paraguay,1.1465,V-Dem
1999,PRY,Paraguay,1.1465,V-Dem
2000,PRY,Paraguay,1.521,V-Dem
2001,PRY,Paraguay,1.521,V-Dem
2002,PRY,Paraguay,1.521,V-Dem
2003,PRY,Paraguay,1.521,V-Dem
2004,PRY,Paraguay,1.521,V-Dem
2005,PRY,Paraguay,1.521,V-Dem
2006,PRY,Paraguay,1.521,V-Dem
2007,PRY,Paraguay,1.521,V-Dem
2008,PRY,Paraguay,1.6360000000000001,V-Dem
2009,PRY,Paraguay,1.6360000000000001,V-Dem
2010,PRY,Paraguay,1.6360000000000001,V-Dem
2011,PRY,Paraguay,1.6360000000000001,V-Dem
2012,PRY,Paraguay,1.574,V-Dem
2013,PRY,Paraguay,1.5525,V-Dem
2014,PRY,Paraguay,1.5525,V-Dem
2015,PRY,Paraguay,1.6139999999999999,V-Dem
2016,PRY,Paraguay,1.896,V-Dem
2017,PRY,Paraguay,1.896,V-Dem
2018,PRY,Paraguay,1.9,V-Dem
2019,PRY,Paraguay,1.9,V-Dem
2020,PRY,Paraguay,1.581,V-Dem
2021,PRY,Paraguay,1.581,V-Dem
2022,PRY,Paraguay,1.38,V-Dem
2023,PRY,Paraguay,1.38,V-Dem
2024,PRY,Paraguay,1.4935,V-Dem
2025,PRY,Paraguay,1.4935,V-Dem
1961,ROU,Romania,-0.958,V-Dem
1962,ROU,Romania,-0.958,V-Dem
1963,ROU,Romania,-0.958,V-Dem
1964,ROU,Romania,-0.958,V-Dem
1965,ROU,Romania,-0.7454999999999999,V-Dem
1966,ROU,Romania,-0.5329999999999999,V-Dem
1967,ROU,Romania,-0.5329999999999999,V-Dem
1968,ROU,Romania,-0.5329999999999999,V-Dem
1969,ROU,Romania,-0.5329999999999999,V-Dem
1970,ROU,Romania,-0.5329999999999999,V-Dem
1971,ROU,Romania,-0.5329999999999999,V-Dem
1972,ROU,Romania,-0.5329999999999999,V-Dem
1973,ROU,Romania,-0.5329999999999999,V-Dem
1974,ROU,Romania,-0.5329999999999999,V-Dem
1975,ROU,Romania,-0.5329999999999999,V-Dem
1976,ROU,Romania,-0.5329999999999999,V-Dem
1977,ROU,Romania,-0.5329999999999999,V-Dem
1978,ROU,Romania,-0.5329999999999999,V-Dem
1979,ROU,Romania,-0.5329999999999999,V-Dem
1980,ROU,Romania,-0.5329999999999999,V-Dem
1981,ROU,Romania,-0.5329999999999999,V-Dem
1982,ROU,Romania,-0.5329999999999999,V-Dem
1983,ROU,Romania,-0.5329999999999999,V-Dem
1984,ROU,Romania,-0.5329999999999999,V-Dem
1985,ROU,Romania,-0.5329999999999999,V-Dem
1986,ROU,Romania,-0.5329999999999999,V-Dem
1987,ROU,Romania,-0.5329999999999999,V-Dem
1988,ROU,Romania,-0.5329999999999999,V-Dem
1989,ROU,Romania,-0.5329999999999999,V-Dem
1990,ROU,Romania,1.269,V-Dem
1991,ROU,Romania,1.6175,V-Dem
1992,ROU,Romania,2.4314999999999998,V-Dem
1993,ROU,Romania,2.4314999999999998,V-Dem
1994,ROU,Romania,2.4314999999999998,V-Dem
1995,ROU,Romania,2.4314999999999998,V-Dem
1996,ROU,Romania,2.4314999999999998,V-Dem
1997,ROU,Romania,2.4314999999999998,V-Dem
1998,ROU,Romania,2.4314999999999998,V-Dem
1999,ROU,Romania,2.4314999999999998,V-Dem
2000,ROU,Romania,2.4314999999999998,V-Dem
2001,ROU,Romania,2.4314999999999998,V-Dem
2002,ROU,Romania,2.4314999999999998,V-Dem
2003,ROU,Romania,2.4314999999999998,V-Dem
2004,ROU,Romania,2.4314999999999998,V-Dem
2005,ROU,Romania,2.4314999999999998,V-Dem
2006,ROU,Romania,2.4314999999999998,V-Dem
2007,ROU,Romania,2.4314999999999998,V-Dem
2008,ROU,Romania,2.4314999999999998,V-Dem
2009,ROU,Romania,2.4314999999999998,V-Dem
2010,ROU,Romania,2.5105,V-Dem
2011,ROU,Romania,2.5105,V-Dem
2012,ROU,Romania,2.5105,V-Dem
2013,ROU,Romania,2.609,V-Dem
2014,ROU,Romania,2.609,V-Dem
2015,ROU,Romania,2.609,V-Dem
2016,ROU,Romania,2.609,V-Dem
2017,ROU,Romania,2.4114999999999998,V-Dem
2018,ROU,Romania,2.5195,V-Dem
2019,ROU,Romania,2.7035,V-Dem
2020,ROU,Romania,2.5195,V-Dem
2021,ROU,Romania,2.553,V-Dem
2022,ROU,Romania,2.6975,V-Dem
2023,ROU,Romania,2.4459999999999997,V-Dem
2024,ROU,Romania,2.3289999999999997,V-Dem
2025,ROU,Romania,2.53,V-Dem
1961,STP,Sao Tome and Principe,0.2685,V-Dem
1962,STP,Sao Tome and Principe,0.2685,V-Dem
1963,STP,Sao Tome and Principe,0.2685,V-Dem
1964,STP,Sao Tome and Principe,0.2685,V-Dem
1965,STP,Sao Tome and Principe,0.2685,V-Dem
1966,STP,Sao Tome and Principe,0.2685,V-Dem
1967,STP,Sao Tome and Principe,0.2685,V-Dem
1968,STP,Sao Tome and Principe,0.2685,V-Dem
1969,STP,Sao Tome and Principe,0.2685,V-Dem
1970,STP,Sao Tome and Principe,0.2685,V-Dem
1971,STP,Sao Tome and Principe,0.2685,V-Dem
1972,STP,Sao Tome and Principe,0.2685,V-Dem
1973,STP,Sao Tome and Principe,0.2685,V-Dem
1974,STP,Sao Tome and Principe,0.2685,V-Dem
1975,STP,Sao Tome and Principe,0.7055,V-Dem
1976,STP,Sao Tome and Principe,0.7055,V-Dem
1977,STP,Sao Tome and Principe,0.7665,V-Dem
1978,STP,Sao Tome and Principe,0.7665,V-Dem
1979,STP,Sao Tome and Principe,0.7665,V-Dem
1980,STP,Sao Tome and Principe,0.8355,V-Dem
1981,STP,Sao Tome and Principe,0.8355,V-Dem
1982,STP,Sao Tome and Principe,0.8355,V-Dem
1983,STP,Sao Tome and Principe,0.8355,V-Dem
1984,STP,Sao Tome and Principe,0.8355,V-Dem
1985,STP,Sao Tome and Principe,0.8355,V-Dem
1986,STP,Sao Tome and Principe,0.8355,V-Dem
1987,STP,Sao Tome and Principe,0.8355,V-Dem
1988,STP,Sao Tome and Principe,0.8355,V-Dem
1989,STP,Sao Tome and Principe,0.8355,V-Dem
1990,STP,Sao Tome and Principe,1.1055000000000001,V-Dem
1991,STP,Sao Tome and Principe,1.9735,V-Dem
1992,STP,Sao Tome and Principe,1.9735,V-Dem
1993,STP,Sao Tome and Principe,1.9735,V-Dem
1994,STP,Sao Tome and Principe,1.9735,V-Dem
1995,STP,Sao Tome and Principe,1.9735,V-Dem
1996,STP,Sao Tome and Principe,2.2165,V-Dem
1997,STP,Sao Tome and Principe,2.2165,V-Dem
1998,STP,Sao Tome and Principe,2.2165,V-Dem
1999,STP,Sao Tome and Principe,2.2165,V-Dem
2000,STP,Sao Tome and Principe,2.3445,V-Dem
2001,STP,Sao Tome and Principe,2.3445,V-Dem
2002,STP,Sao Tome and Principe,2.3445,V-Dem
2003,STP,Sao Tome and Principe,2.3445,V-Dem
2004,STP,Sao Tome and Principe,2.3445,V-Dem
2005,STP,Sao Tome and Principe,2.4875,V-Dem
2006,STP,Sao Tome and Principe,2.4875,V-Dem
2007,STP,Sao Tome and Principe,2.4875,V-Dem
2008,STP,Sao Tome and Principe,2.4875,V-Dem
2009,STP,Sao Tome and Principe,2.4875,V-Dem
2010,STP,Sao Tome and Principe,2.4875,V-Dem
2011,STP,Sao Tome and Principe,2.4875,V-Dem
2012,STP,Sao Tome and Principe,2.4875,V-Dem
2013,STP,Sao Tome and Principe,2.4875,V-Dem
2014,STP,Sao Tome and Principe,2.4875,V-Dem
2015,STP,Sao Tome and Principe,2.4875,V-Dem
2016,STP,Sao Tome and Principe,2.4875,V-Dem
2017,STP,Sao Tome and Principe,2.4875,V-Dem
2018,STP,Sao Tome and Principe,2.4875,V-Dem
2019,STP,Sao Tome and Principe,2.4875,V-Dem
2020,STP,Sao Tome and Principe,2.4875,V-Dem
2021,STP,Sao Tome and Principe,2.4875,V-Dem
2022,STP,Sao Tome and Principe,1.7725,V-Dem
2023,STP,Sao Tome and Principe,2.3405,V-Dem
2024,STP,Sao Tome and Principe,2.3405,V-Dem
2025,STP,Sao Tome and Principe,2.3405,V-Dem
1961,SAU,Saudi Arabia,-1.1905000000000001,V-Dem
1962,SAU,Saudi Arabia,-1.1905000000000001,V-Dem
1963,SAU,Saudi Arabia,-1.1905000000000001,V-Dem
1964,SAU,Saudi Arabia,-1.1905000000000001,V-Dem
1965,SAU,Saudi Arabia,-1.1905000000000001,V-Dem
1966,SAU,Saudi Arabia,-1.1905000000000001,V-Dem
1967,SAU,Saudi Arabia,-1.1905000000000001,V-Dem
1968,SAU,Saudi Arabia,-1.1905000000000001,V-Dem
1969,SAU,Saudi Arabia,-1.1905000000000001,V-Dem
1970,SAU,Saudi Arabia,-1.1905000000000001,V-Dem
1971,SAU,Saudi Arabia,-1.1905000000000001,V-Dem
1972,SAU,Saudi Arabia,-1.1905000000000001,V-Dem
1973,SAU,Saudi Arabia,-1.1905000000000001,V-Dem
1974,SAU,Saudi Arabia,-1.1905000000000001,V-Dem
1975,SAU,Saudi Arabia,-1.1905000000000001,V-Dem
1976,SAU,Saudi Arabia,-1.1905000000000001,V-Dem
1977,SAU,Saudi Arabia,-1.1905000000000001,V-Dem
1978,SAU,Saudi Arabia,-1.1905000000000001,V-Dem
1979,SAU,Saudi Arabia,-1.1905000000000001,V-Dem
1980,SAU,Saudi Arabia,-0.6960000000000001,V-Dem
1981,SAU,Saudi Arabia,-0.6960000000000001,V-Dem
1982,SAU,Saudi Arabia,-0.6960000000000001,V-Dem
1983,SAU,Saudi Arabia,-0.6960000000000001,V-Dem
1984,SAU,Saudi Arabia,-0.6960000000000001,V-Dem
1985,SAU,Saudi Arabia,-0.6960000000000001,V-Dem
1986,SAU,Saudi Arabia,-0.6960000000000001,V-Dem
1987,SAU,Saudi Arabia,-0.6960000000000001,V-Dem
1988,SAU,Saudi Arabia,-0.6960000000000001,V-Dem
1989,SAU,Saudi Arabia,-0.6960000000000001,V-Dem
1990,SAU,Saudi Arabia,-0.6960000000000001,V-Dem
1991,SAU,Saudi Arabia,-0.6960000000000001,V-Dem
1992,SAU,Saudi Arabia,-0.6960000000000001,V-Dem
1993,SAU,Saudi Arabia,-0.6960000000000001,V-Dem
1994,SAU,Saudi Arabia,-0.6960000000000001,V-Dem
1995,SAU,Saudi Arabia,-0.6960000000000001,V-Dem
1996,SAU,Saudi Arabia,-0.6960000000000001,V-Dem
1997,SAU,Saudi Arabia,-0.6960000000000001,V-Dem
1998,SAU,Saudi Arabia,-0.6960000000000001,V-Dem
1999,SAU,Saudi Arabia,-0.6960000000000001,V-Dem
2000,SAU,Saudi Arabia,-0.6960000000000001,V-Dem
2001,SAU,Saudi Arabia,-0.8795,V-Dem
2002,SAU,Saudi Arabia,-0.8795,V-Dem
2003,SAU,Saudi Arabia,-0.8795,V-Dem
2004,SAU,Saudi Arabia,-0.8795,V-Dem
2005,SAU,Saudi Arabia,-0.8795,V-Dem
2006,SAU,Saudi Arabia,-0.8795,V-Dem
2007,SAU,Saudi Arabia,-0.922,V-Dem
2008,SAU,Saudi Arabia,-0.922,V-Dem
2009,SAU,Saudi Arabia,-0.8815,V-Dem
2010,SAU,Saudi Arabia,-0.8815,V-Dem
2011,SAU,Saudi Arabia,-0.8815,V-Dem
2012,SAU,Saudi Arabia,-0.9215,V-Dem
2013,SAU,Saudi Arabia,-0.7775,V-Dem
2014,SAU,Saudi Arabia,-0.7775,V-Dem
2015,SAU,Saudi Arabia,-0.82,V-Dem
2016,SAU,Saudi Arabia,-0.82,V-Dem
2017,SAU,Saudi Arabia,-1.0,V-Dem
2018,SAU,Saudi Arabia,-1.412,V-Dem
2019,SAU,Saudi Arabia,-1.163,V-Dem
2020,SAU,Saudi Arabia,-1.3094999999999999,V-Dem
2021,SAU,Saudi Arabia,-1.3054999999999999,V-Dem
2022,SAU,Saudi Arabia,-1.182,V-Dem
2023,SAU,Saudi Arabia,-1.2414999999999998,V-Dem
2024,SAU,Saudi Arabia,-1.0655,V-Dem
2025,SAU,Saudi Arabia,-0.9165,V-Dem
1961,SRB,Serbia,0.3085,V-Dem
1962,SRB,Serbia,0.3085,V-Dem
1963,SRB,Serbia,0.3085,V-Dem
1964,SRB,Serbia,0.3085,V-Dem
1965,SRB,Serbia,0.3085,V-Dem
1966,SRB,Serbia,0.3085,V-Dem
1967,SRB,Serbia,0.4675,V-Dem
1968,SRB,Serbia,0.4675,V-Dem
1969,SRB,Serbia,0.4675,V-Dem
1970,SRB,Serbia,0.4675,V-Dem
1971,SRB,Serbia,0.4675,V-Dem
1972,SRB,Serbia,0.4675,V-Dem
1973,SRB,Serbia,0.4675,V-Dem
1974,SRB,Serbia,0.4675,V-Dem
1975,SRB,Serbia,0.4675,V-Dem
1976,SRB,Serbia,0.4675,V-Dem
1977,SRB,Serbia,0.4675,V-Dem
1978,SRB,Serbia,0.4675,V-Dem
1979,SRB,Serbia,0.4675,V-Dem
1980,SRB,Serbia,0.4675,V-Dem
1981,SRB,Serbia,0.632,V-Dem
1982,SRB,Serbia,0.632,V-Dem
1983,SRB,Serbia,0.632,V-Dem
1984,SRB,Serbia,0.7215,V-Dem
1985,SRB,Serbia,0.7215,V-Dem
1986,SRB,Serbia,0.7215,V-Dem
1987,SRB,Serbia,0.7215,V-Dem
1988,SRB,Serbia,0.7215,V-Dem
1989,SRB,Serbia,0.7215,V-Dem
1990,SRB,Serbia,0.44499999999999995,V-Dem
1991,SRB,Serbia,0.139,V-Dem
1992,SRB,Serbia,0.16749999999999998,V-Dem
1993,SRB,Serbia,0.16749999999999998,V-Dem
1994,SRB,Serbia,0.354,V-Dem
1995,SRB,Serbia,0.354,V-Dem
1996,SRB,Serbia,0.6785,V-Dem
1997,SRB,Serbia,0.6785,V-Dem
1998,SRB,Serbia,0.367,V-Dem
1999,SRB,Serbia,0.367,V-Dem
2000,SRB,Serbia,0.5860000000000001,V-Dem
2001,SRB,Serbia,1.9385,V-Dem
2002,SRB,Serbia,1.9385,V-Dem
2003,SRB,Serbia,1.713,V-Dem
2004,SRB,Serbia,2.252,V-Dem
2005,SRB,Serbia,2.6775,V-Dem
2006,SRB,Serbia,2.6775,V-Dem
2007,SRB,Serbia,2.6775,V-Dem
2008,SRB,Serbia,2.6775,V-Dem
2009,SRB,Serbia,2.6775,V-Dem
2010,SRB,Serbia,2.6775,V-Dem
2011,SRB,Serbia,2.6775,V-Dem
2012,SRB,Serbia,2.6775,V-Dem
2013,SRB,Serbia,2.3994999999999997,V-Dem
2014,SRB,Serbia,2.3994999999999997,V-Dem
2015,SRB,Serbia,2.3994999999999997,V-Dem
2016,SRB,Serbia,2.1505,V-Dem
2017,SRB,Serbia,1.819,V-Dem
2018,SRB,Serbia,1.367,V-Dem
2019,SRB,Serbia,1.568,V-Dem
2020,SRB,Serbia,1.796,V-Dem
2021,SRB,Serbia,1.758,V-Dem
2022,SRB,Serbia,1.9555,V-Dem
2023,SRB,Serbia,1.8435000000000001,V-Dem
2024,SRB,Serbia,1.8010000000000002,V-Dem
2025,SRB,Serbia,1.3215,V-Dem
1961,SYC,Seychelles,0.779,V-Dem
1962,SYC,Seychelles,0.779,V-Dem
1963,SYC,Seychelles,0.779,V-Dem
1964,SYC,Seychelles,0.779,V-Dem
1965,SYC,Seychelles,0.779,V-Dem
1966,SYC,Seychelles,0.779,V-Dem
1967,SYC,Seychelles,0.779,V-Dem
1968,SYC,Seychelles,0.779,V-Dem
1969,SYC,Seychelles,0.779,V-Dem
1970,SYC,Seychelles,1.0575,V-Dem
1971,SYC,Seychelles,1.0575,V-Dem
1972,SYC,Seychelles,0.8880000000000001,V-Dem
1973,SYC,Seychelles,0.8880000000000001,V-Dem
1974,SYC,Seychelles,0.8880000000000001,V-Dem
1975,SYC,Seychelles,0.8880000000000001,V-Dem
1976,SYC,Seychelles,1.089,V-Dem
1977,SYC,Seychelles,0.5095,V-Dem
1978,SYC,Seychelles,0.863,V-Dem
1979,SYC,Seychelles,0.9764999999999999,V-Dem
1980,SYC,Seychelles,1.1345,V-Dem
1981,SYC,Seychelles,1.1345,V-Dem
1982,SYC,Seychelles,1.309,V-Dem
1983,SYC,Seychelles,1.4465,V-Dem
1984,SYC,Seychelles,1.4465,V-Dem
1985,SYC,Seychelles,1.7759999999999998,V-Dem
1986,SYC,Seychelles,1.3565,V-Dem
1987,SYC,Seychelles,1.3565,V-Dem
1988,SYC,Seychelles,1.3565,V-Dem
1989,SYC,Seychelles,1.3565,V-Dem
1990,SYC,Seychelles,1.3565,V-Dem
1991,SYC,Seychelles,1.3565,V-Dem
1992,SYC,Seychelles,1.197,V-Dem
1993,SYC,Seychelles,1.197,V-Dem
1994,SYC,Seychelles,1.197,V-Dem
1995,SYC,Seychelles,1.197,V-Dem
1996,SYC,Seychelles,1.197,V-Dem
1997,SYC,Seychelles,1.197,V-Dem
1998,SYC,Seychelles,1.197,V-Dem
1999,SYC,Seychelles,1.197,V-Dem
2000,SYC,Seychelles,1.197,V-Dem
2001,SYC,Seychelles,1.197,V-Dem
2002,SYC,Seychelles,1.197,V-Dem
2003,SYC,Seychelles,1.197,V-Dem
2004,SYC,Seychelles,1.197,V-Dem
2005,SYC,Seychelles,1.197,V-Dem
2006,SYC,Seychelles,1.197,V-Dem
2007,SYC,Seychelles,1.197,V-Dem
2008,SYC,Seychelles,1.2294999999999998,V-Dem
2009,SYC,Seychelles,1.2294999999999998,V-Dem
2010,SYC,Seychelles,1.3519999999999999,V-Dem
2011,SYC,Seychelles,1.3519999999999999,V-Dem
2012,SYC,Seychelles,1.3519999999999999,V-Dem
2013,SYC,Seychelles,1.3519999999999999,V-Dem
2014,SYC,Seychelles,1.407,V-Dem
2015,SYC,Seychelles,1.3490000000000002,V-Dem
2016,SYC,Seychelles,1.506,V-Dem
2017,SYC,Seychelles,1.506,V-Dem
2018,SYC,Seychelles,1.661,V-Dem
2019,SYC,Seychelles,1.661,V-Dem
2020,SYC,Seychelles,1.9345,V-Dem
2021,SYC,Seychelles,1.9345,V-Dem
2022,SYC,Seychelles,1.9345,V-Dem
2023,SYC,Seychelles,1.9345,V-Dem
2024,SYC,Seychelles,2.4125,V-Dem
2025,SYC,Seychelles,2.4125,V-Dem
1961,SGP,Singapore,0.2365,V-Dem
1962,SGP,Singapore,0.2365,V-Dem
1963,SGP,Singapore,0.7045,V-Dem
1964,SGP,Singapore,0.7045,V-Dem
1965,SGP,Singapore,0.7045,V-Dem
1966,SGP,Singapore,0.7045,V-Dem
1967,SGP,Singapore,1.01,V-Dem
1968,SGP,Singapore,1.01,V-Dem
1969,SGP,Singapore,1.01,V-Dem
1970,SGP,Singapore,1.9655,V-Dem
1971,SGP,Singapore,1.9655,V-Dem
1972,SGP,Singapore,1.9655,V-Dem
1973,SGP,Singapore,1.9655,V-Dem
1974,SGP,Singapore,1.9655,V-Dem
1975,SGP,Singapore,1.9655,V-Dem
1976,SGP,Singapore,1.9655,V-Dem
1977,SGP,Singapore,1.9655,V-Dem
1978,SGP,Singapore,1.9655,V-Dem
1979,SGP,Singapore,1.9655,V-Dem
1980,SGP,Singapore,1.9655,V-Dem
1981,SGP,Singapore,1.9655,V-Dem
1982,SGP,Singapore,1.9655,V-Dem
1983,SGP,Singapore,1.9655,V-Dem
1984,SGP,Singapore,1.9655,V-Dem
1985,SGP,Singapore,1.9655,V-Dem
1986,SGP,Singapore,1.9655,V-Dem
1987,SGP,Singapore,1.9655,V-Dem
1988,SGP,Singapore,1.9655,V-Dem
1989,SGP,Singapore,1.9655,V-Dem
1990,SGP,Singapore,2.5,V-Dem
1991,SGP,Singapore,2.5,V-Dem
1992,SGP,Singapore,2.5,V-Dem
1993,SGP,Singapore,2.5,V-Dem
1994,SGP,Singapore,2.5,V-Dem
1995,SGP,Singapore,2.5,V-Dem
1996,SGP,Singapore,2.5,V-Dem
1997,SGP,Singapore,2.5,V-Dem
1998,SGP,Singapore,2.5,V-Dem
1999,SGP,Singapore,2.5,V-Dem
2000,SGP,Singapore,2.5,V-Dem
2001,SGP,Singapore,2.5,V-Dem
2002,SGP,Singapore,2.5,V-Dem
2003,SGP,Singapore,2.5,V-Dem
2004,SGP,Singapore,2.5,V-Dem
2005,SGP,Singapore,2.5,V-Dem
2006,SGP,Singapore,2.5,V-Dem
2007,SGP,Singapore,2.5,V-Dem
2008,SGP,Singapore,2.5,V-Dem
2009,SGP,Singapore,2.5,V-Dem
2010,SGP,Singapore,2.5,V-Dem
2011,SGP,Singapore,2.5,V-Dem
2012,SGP,Singapore,2.5,V-Dem
2013,SGP,Singapore,2.5,V-Dem
2014,SGP,Singapore,2.5,V-Dem
2015,SGP,Singapore,2.5,V-Dem
2016,SGP,Singapore,2.5,V-Dem
2017,SGP,Singapore,2.5,V-Dem
2018,SGP,Singapore,2.5,V-Dem
2019,SGP,Singapore,2.227,V-Dem
2020,SGP,Singapore,2.227,V-Dem
2021,SGP,Singapore,2.356,V-Dem
2022,SGP,Singapore,2.356,V-Dem
2023,SGP,Singapore,2.8739999999999997,V-Dem
2024,SGP,Singapore,2.8739999999999997,V-Dem
2025,SGP,Singapore,2.8739999999999997,V-Dem
1993,SVK,Slovakia,2.1715,V-Dem
1994,SVK,Slovakia,1.91,V-Dem
1995,SVK,Slovakia,1.91,V-Dem
1996,SVK,Slovakia,1.6664999999999999,V-Dem
1997,SVK,Slovakia,1.9089999999999998,V-Dem
1998,SVK,Slovakia,1.9089999999999998,V-Dem
1999,SVK,Slovakia,2.6550000000000002,V-Dem
2000,SVK,Slovakia,2.6550000000000002,V-Dem
2001,SVK,Slovakia,2.6550000000000002,V-Dem
2002,SVK,Slovakia,2.6550000000000002,V-Dem
2003,SVK,Slovakia,2.6550000000000002,V-Dem
2004,SVK,Slovakia,2.6550000000000002,V-Dem
2005,SVK,Slovakia,2.6550000000000002,V-Dem
2006,SVK,Slovakia,2.6550000000000002,V-Dem
2007,SVK,Slovakia,2.6550000000000002,V-Dem
2008,SVK,Slovakia,2.6550000000000002,V-Dem
2009,SVK,Slovakia,2.4605,V-Dem
2010,SVK,Slovakia,2.85,V-Dem
2011,SVK,Slovakia,2.85,V-Dem
2012,SVK,Slovakia,2.6525,V-Dem
2013,SVK,Slovakia,2.487,V-Dem
2014,SVK,Slovakia,2.487,V-Dem
2015,SVK,Slovakia,2.487,V-Dem
2016,SVK,Slovakia,2.487,V-Dem
2017,SVK,Slovakia,2.0895,V-Dem
2018,SVK,Slovakia,1.8395000000000001,V-Dem
2019,SVK,Slovakia,1.8395000000000001,V-Dem
2020,SVK,Slovakia,2.0665,V-Dem
2021,SVK,Slovakia,2.0665,V-Dem
2022,SVK,Slovakia,2.0665,V-Dem
2023,SVK,Slovakia,2.0665,V-Dem
2024,SVK,Slovakia,1.559,V-Dem
2025,SVK,Slovakia,1.67,V-Dem
1989,SVN,Slovenia,1.662,V-Dem
1990,SVN,Slovenia,2.471,V-Dem
1991,SVN,Slovenia,2.471,V-Dem
1992,SVN,Slovenia,2.471,V-Dem
1993,SVN,Slovenia,2.471,V-Dem
1994,SVN,Slovenia,2.471,V-Dem
1995,SVN,Slovenia,2.471,V-Dem
1996,SVN,Slovenia,2.471,V-Dem
1997,SVN,Slovenia,2.471,V-Dem
1998,SVN,Slovenia,2.471,V-Dem
1999,SVN,Slovenia,2.471,V-Dem
2000,SVN,Slovenia,2.425,V-Dem
2001,SVN,Slovenia,2.425,V-Dem
2002,SVN,Slovenia,2.425,V-Dem
2003,SVN,Slovenia,2.425,V-Dem
2004,SVN,Slovenia,2.425,V-Dem
2005,SVN,Slovenia,2.425,V-Dem
2006,SVN,Slovenia,2.425,V-Dem
2007,SVN,Slovenia,2.425,V-Dem
2008,SVN,Slovenia,2.425,V-Dem
2009,SVN,Slovenia,2.425,V-Dem
2010,SVN,Slovenia,2.5975,V-Dem
2011,SVN,Slovenia,2.5975,V-Dem
2012,SVN,Slovenia,2.5185,V-Dem
2013,SVN,Slovenia,2.373,V-Dem
2014,SVN,Slovenia,2.431,V-Dem
2015,SVN,Slovenia,2.6315,V-Dem
2016,SVN,Slovenia,2.6315,V-Dem
2017,SVN,Slovenia,2.6315,V-Dem
2018,SVN,Slovenia,2.6315,V-Dem
2019,SVN,Slovenia,2.42,V-Dem
2020,SVN,Slovenia,2.628,V-Dem
2021,SVN,Slovenia,2.628,V-Dem
2022,SVN,Slovenia,2.901,V-Dem
2023,SVN,Slovenia,2.901,V-Dem
2024,SVN,Slovenia,2.593,V-Dem
2025,SVN,Slovenia,2.8810000000000002,V-Dem
1961,SLB,Solomon Islands,1.6345,V-Dem
1962,SLB,Solomon Islands,1.6345,V-Dem
1963,SLB,Solomon Islands,1.6345,V-Dem
1964,SLB,Solomon Islands,1.6345,V-Dem
1965,SLB,Solomon Islands,1.6345,V-Dem
1966,SLB,Solomon Islands,1.6345,V-Dem
1967,SLB,Solomon Islands,1.6345,V-Dem
1968,SLB,Solomon Islands,1.6345,V-Dem
1969,SLB,Solomon Islands,1.6345,V-Dem
1970,SLB,Solomon Islands,1.6345,V-Dem
1971,SLB,Solomon Islands,1.6345,V-Dem
1972,SLB,Solomon Islands,1.6345,V-Dem
1973,SLB,Solomon Islands,1.6345,V-Dem
1974,SLB,Solomon Islands,1.6345,V-Dem
1975,SLB,Solomon Islands,1.6345,V-Dem
1976,SLB,Solomon Islands,1.6345,V-Dem
1977,SLB,Solomon Islands,1.6345,V-Dem
1978,SLB,Solomon Islands,1.6345,V-Dem
1979,SLB,Solomon Islands,1.8335,V-Dem
1980,SLB,Solomon Islands,1.8335,V-Dem
1981,SLB,Solomon Islands,1.8335,V-Dem
1982,SLB,Solomon Islands,1.8335,V-Dem
1983,SLB,Solomon Islands,1.8335,V-Dem
1984,SLB,Solomon Islands,1.8335,V-Dem
1985,SLB,Solomon Islands,1.8335,V-Dem
1986,SLB,Solomon Islands,1.8335,V-Dem
1987,SLB,Solomon Islands,1.8335,V-Dem
1988,SLB,Solomon Islands,1.8335,V-Dem
1989,SLB,Solomon Islands,1.8335,V-Dem
1990,SLB,Solomon Islands,1.8335,V-Dem
1991,SLB,Solomon Islands,1.8335,V-Dem
1992,SLB,Solomon Islands,1.8335,V-Dem
1993,SLB,Solomon Islands,1.8335,V-Dem
1994,SLB,Solomon Islands,1.8335,V-Dem
1995,SLB,Solomon Islands,1.8335,V-Dem
1996,SLB,Solomon Islands,1.8335,V-Dem
1997,SLB,Solomon Islands,1.8335,V-Dem
1998,SLB,Solomon Islands,1.3860000000000001,V-Dem
1999,SLB,Solomon Islands,0.17800000000000002,V-Dem
2000,SLB,Solomon Islands,-0.06949999999999999,V-Dem
2001,SLB,Solomon Islands,-0.10249999999999998,V-Dem
2002,SLB,Solomon Islands,0.8865000000000001,V-Dem
2003,SLB,Solomon Islands,2.2135,V-Dem
2004,SLB,Solomon Islands,2.2135,V-Dem
2005,SLB,Solomon Islands,2.2135,V-Dem
2006,SLB,Solomon Islands,2.2135,V-Dem
2007,SLB,Solomon Islands,2.2135,V-Dem
2008,SLB,Solomon Islands,2.2135,V-Dem
2009,SLB,Solomon Islands,2.2135,V-Dem
2010,SLB,Solomon Islands,2.2135,V-Dem
2011,SLB,Solomon Islands,2.2135,V-Dem
2012,SLB,Solomon Islands,2.2135,V-Dem
2013,SLB,Solomon Islands,2.2135,V-Dem
2014,SLB,Solomon Islands,2.2135,V-Dem
2015,SLB,Solomon Islands,2.2135,V-Dem
2016,SLB,Solomon Islands,2.0055,V-Dem
2017,SLB,Solomon Islands,2.0055,V-Dem
2018,SLB,Solomon Islands,2.0055,V-Dem
2019,SLB,Solomon Islands,2.008,V-Dem
2020,SLB,Solomon Islands,1.7934999999999999,V-Dem
2021,SLB,Solomon Islands,1.7745,V-Dem
2022,SLB,Solomon Islands,1.7795,V-Dem
2023,SLB,Solomon Islands,1.7795,V-Dem
2024,SLB,Solomon Islands,1.7795,V-Dem
2025,SLB,Solomon Islands,1.7795,V-Dem
1961,VUT,Vanuatu,2.753,V-Dem
1962,VUT,Vanuatu,2.753,V-Dem
1963,VUT,Vanuatu,2.753,V-Dem
1964,VUT,Vanuatu,2.753,V-Dem
1965,VUT,Vanuatu,2.753,V-Dem
1966,VUT,Vanuatu,2.753,V-Dem
1967,VUT,Vanuatu,2.753,V-Dem
1968,VUT,Vanuatu,2.753,V-Dem
1969,VUT,Vanuatu,2.753,V-Dem
1970,VUT,Vanuatu,2.753,V-Dem
1971,VUT,Vanuatu,2.753,V-Dem
1972,VUT,Vanuatu,2.753,V-Dem
1973,VUT,Vanuatu,2.753,V-Dem
1974,VUT,Vanuatu,2.753,V-Dem
1975,VUT,Vanuatu,2.753,V-Dem
1976,VUT,Vanuatu,2.753,V-Dem
1977,VUT,Vanuatu,2.753,V-Dem
1978,VUT,Vanuatu,2.753,V-Dem
1979,VUT,Vanuatu,2.753,V-Dem
1980,VUT,Vanuatu,1.9055,V-Dem
1981,VUT,Vanuatu,1.9055,V-Dem
1982,VUT,Vanuatu,1.9055,V-Dem
1983,VUT,Vanuatu,1.9055,V-Dem
1984,VUT,Vanuatu,1.9055,V-Dem
1985,VUT,Vanuatu,1.9055,V-Dem
1986,VUT,Vanuatu,1.9055,V-Dem
1987,VUT,Vanuatu,1.9055,V-Dem
1988,VUT,Vanuatu,1.9055,V-Dem
1989,VUT,Vanuatu,1.9055,V-Dem
1990,VUT,Vanuatu,1.9055,V-Dem
1991,VUT,Vanuatu,1.9055,V-Dem
1992,VUT,Vanuatu,1.9055,V-Dem
1993,VUT,Vanuatu,1.9055,V-Dem
1994,VUT,Vanuatu,2.096,V-Dem
1995,VUT,Vanuatu,2.286,V-Dem
1996,VUT,Vanuatu,2.286,V-Dem
1997,VUT,Vanuatu,2.286,V-Dem
1998,VUT,Vanuatu,2.286,V-Dem
1999,VUT,Vanuatu,2.286,V-Dem
2000,VUT,Vanuatu,2.286,V-Dem
2001,VUT,Vanuatu,2.286,V-Dem
2002,VUT,Vanuatu,2.286,V-Dem
2003,VUT,Vanuatu,2.286,V-Dem
2004,VUT,Vanuatu,2.286,V-Dem
2005,VUT,Vanuatu,2.286,V-Dem
2006,VUT,Vanuatu,2.286,V-Dem
2007,VUT,Vanuatu,2.286,V-Dem
2008,VUT,Vanuatu,2.286,V-Dem
2009,VUT,Vanuatu,2.286,V-Dem
2010,VUT,Vanuatu,2.286,V-Dem
2011,VUT,Vanuatu,2.286,V-Dem
2012,VUT,Vanuatu,2.286,V-Dem
2013,VUT,Vanuatu,2.286,V-Dem
2014,VUT,Vanuatu,2.286,V-Dem
2015,VUT,Vanuatu,2.4135,V-Dem
2016,VUT,Vanuatu,2.4135,V-Dem
2017,VUT,Vanuatu,2.4135,V-Dem
2018,VUT,Vanuatu,2.3965,V-Dem
2019,VUT,Vanuatu,2.2865,V-Dem
2020,VUT,Vanuatu,2.1790000000000003,V-Dem
2021,VUT,Vanuatu,2.1790000000000003,V-Dem
2022,VUT,Vanuatu,2.1790000000000003,V-Dem
2023,VUT,Vanuatu,2.1790000000000003,V-Dem
2024,VUT,Vanuatu,2.1790000000000003,V-Dem
2025,VUT,Vanuatu,2.1790000000000003,V-Dem
1971,ARE,United Arab Emirates,0.45749999999999996,V-Dem
1972,ARE,United Arab Emirates,0.45749999999999996,V-Dem
1973,ARE,United Arab Emirates,0.45749999999999996,V-Dem
1974,ARE,United Arab Emirates,0.45749999999999996,V-Dem
1975,ARE,United Arab Emirates,0.45749999999999996,V-Dem
1976,ARE,United Arab Emirates,0.45749999999999996,V-Dem
1977,ARE,United Arab Emirates,0.45749999999999996,V-Dem
1978,ARE,United Arab Emirates,0.45749999999999996,V-Dem
1979,ARE,United Arab Emirates,0.45749999999999996,V-Dem
1980,ARE,United Arab Emirates,0.45749999999999996,V-Dem
1981,ARE,United Arab Emirates,0.45749999999999996,V-Dem
1982,ARE,United Arab Emirates,0.45749999999999996,V-Dem
1983,ARE,United Arab Emirates,0.45749999999999996,V-Dem
1984,ARE,United Arab Emirates,0.45749999999999996,V-Dem
1985,ARE,United Arab Emirates,0.45749999999999996,V-Dem
1986,ARE,United Arab Emirates,0.45749999999999996,V-Dem
1987,ARE,United Arab Emirates,0.45749999999999996,V-Dem
1988,ARE,United Arab Emirates,0.45749999999999996,V-Dem
1989,ARE,United Arab Emirates,0.45749999999999996,V-Dem
1990,ARE,United Arab Emirates,0.7755,V-Dem
1991,ARE,United Arab Emirates,0.7755,V-Dem
1992,ARE,United Arab Emirates,0.7755,V-Dem
1993,ARE,United Arab Emirates,0.7755,V-Dem
1994,ARE,United Arab Emirates,0.7755,V-Dem
1995,ARE,United Arab Emirates,0.7755,V-Dem
1996,ARE,United Arab Emirates,0.7755,V-Dem
1997,ARE,United Arab Emirates,0.7755,V-Dem
1998,ARE,United Arab Emirates,0.7755,V-Dem
1999,ARE,United Arab Emirates,0.7755,V-Dem
2000,ARE,United Arab Emirates,0.7755,V-Dem
2001,ARE,United Arab Emirates,0.7755,V-Dem
2002,ARE,United Arab Emirates,0.8444999999999999,V-Dem
2003,ARE,United Arab Emirates,0.8444999999999999,V-Dem
2004,ARE,United Arab Emirates,0.8444999999999999,V-Dem
2005,ARE,United Arab Emirates,0.8444999999999999,V-Dem
2006,ARE,United Arab Emirates,0.8444999999999999,V-Dem
2007,ARE,United Arab Emirates,0.6824999999999999,V-Dem
2008,ARE,United Arab Emirates,0.6824999999999999,V-Dem
2009,ARE,United Arab Emirates,0.831,V-Dem
2010,ARE,United Arab Emirates,0.831,V-Dem
2011,ARE,United Arab Emirates,0.5235000000000001,V-Dem
2012,ARE,United Arab Emirates,0.8805000000000001,V-Dem
2013,ARE,United Arab Emirates,0.8805000000000001,V-Dem
2014,ARE,United Arab Emirates,1.0405,V-Dem
2015,ARE,United Arab Emirates,1.1629999999999998,V-Dem
2016,ARE,United Arab Emirates,1.1629999999999998,V-Dem
2017,ARE,United Arab Emirates,1.1629999999999998,V-Dem
2018,ARE,United Arab Emirates,1.1629999999999998,V-Dem
2019,ARE,United Arab Emirates,1.0030000000000001,V-Dem
2020,ARE,United Arab Emirates,1.0030000000000001,V-Dem
2021,ARE,United Arab Emirates,0.525,V-Dem
2022,ARE,United Arab Emirates,0.525,V-Dem
2023,ARE,United Arab Emirates,0.525,V-Dem
2024,ARE,United Arab Emirates,0.525,V-Dem
2025,ARE,United Arab Emirates,0.525,V-Dem
1961,HUN,Hungary,-0.4675,V-Dem
1962,HUN,Hungary,-0.39149999999999996,V-Dem
1963,HUN,Hungary,-0.019000000000000017,V-Dem
1964,HUN,Hungary,0.11300000000000002,V-Dem
1965,HUN,Hungary,0.11300000000000002,V-Dem
1966,HUN,Hungary,0.11300000000000002,V-Dem
1967,HUN,Hungary,0.11300000000000002,V-Dem
1968,HUN,Hungary,0.3145,V-Dem
1969,HUN,Hungary,0.5295,V-Dem
1970,HUN,Hungary,0.733,V-Dem
1971,HUN,Hungary,0.733,V-Dem
1972,HUN,Hungary,0.733,V-Dem
1973,HUN,Hungary,0.733,V-Dem
1974,HUN,Hungary,0.733,V-Dem
1975,HUN,Hungary,0.733,V-Dem
1976,HUN,Hungary,0.733,V-Dem
1977,HUN,Hungary,0.733,V-Dem
1978,HUN,Hungary,0.733,V-Dem
1979,HUN,Hungary,0.733,V-Dem
1980,HUN,Hungary,0.789,V-Dem
1981,HUN,Hungary,0.789,V-Dem
1982,HUN,Hungary,0.789,V-Dem
1983,HUN,Hungary,0.789,V-Dem
1984,HUN,Hungary,0.789,V-Dem
1985,HUN,Hungary,0.789,V-Dem
1986,HUN,Hungary,0.789,V-Dem
1987,HUN,Hungary,0.789,V-Dem
1988,HUN,Hungary,0.789,V-Dem
1989,HUN,Hungary,1.743,V-Dem
1990,HUN,Hungary,2.4225,V-Dem
1991,HUN,Hungary,2.4225,V-Dem
1992,HUN,Hungary,2.4225,V-Dem
1993,HUN,Hungary,2.4225,V-Dem
1994,HUN,Hungary,2.4225,V-Dem
1995,HUN,Hungary,2.4225,V-Dem
1996,HUN,Hungary,2.4225,V-Dem
1997,HUN,Hungary,2.4225,V-Dem
1998,HUN,Hungary,2.4225,V-Dem
1999,HUN,Hungary,2.4225,V-Dem
2000,HUN,Hungary,2.4225,V-Dem
2001,HUN,Hungary,2.4225,V-Dem
2002,HUN,Hungary,2.4225,V-Dem
2003,HUN,Hungary,2.4225,V-Dem
2004,HUN,Hungary,2.4225,V-Dem
2005,HUN,Hungary,2.4225,V-Dem
2006,HUN,Hungary,2.121,V-Dem
2007,HUN,Hungary,2.2944999999999998,V-Dem
2008,HUN,Hungary,2.2944999999999998,V-Dem
2009,HUN,Hungary,2.2944999999999998,V-Dem
2010,HUN,Hungary,2.4735,V-Dem
2011,HUN,Hungary,2.4735,V-Dem
2012,HUN,Hungary,2.4735,V-Dem
2013,HUN,Hungary,2.295,V-Dem
2014,HUN,Hungary,2.295,V-Dem
2015,HUN,Hungary,2.295,V-Dem
2016,HUN,Hungary,2.295,V-Dem
2017,HUN,Hungary,2.569,V-Dem
2018,HUN,Hungary,2.569,V-Dem
2019,HUN,Hungary,2.569,V-Dem
2020,HUN,Hungary,2.932,V-Dem
2021,HUN,Hungary,2.932,V-Dem
2022,HUN,Hungary,2.8739999999999997,V-Dem
2023,HUN,Hungary,2.636,V-Dem
2024,HUN,Hungary,2.636,V-Dem
2025,HUN,Hungary,2.521,V-Dem
1961,ZZB,Zanzibar,-1.4745,V-Dem
1962,ZZB,Zanzibar,-1.4745,V-Dem
1963,ZZB,Zanzibar,-1.4745,V-Dem
1964,ZZB,Zanzibar,-0.507,V-Dem
1965,ZZB,Zanzibar,-0.507,V-Dem
1966,ZZB,Zanzibar,-0.507,V-Dem
1967,ZZB,Zanzibar,-0.507,V-Dem
1968,ZZB,Zanzibar,-0.507,V-Dem
1969,ZZB,Zanzibar,-0.507,V-Dem
1970,ZZB,Zanzibar,-0.507,V-Dem
1971,ZZB,Zanzibar,-0.507,V-Dem
1972,ZZB,Zanzibar,-0.507,V-Dem
1973,ZZB,Zanzibar,0.04849999999999999,V-Dem
1974,ZZB,Zanzibar,0.04849999999999999,V-Dem
1975,ZZB,Zanzibar,0.04849999999999999,V-Dem
1976,ZZB,Zanzibar,0.04849999999999999,V-Dem
1977,ZZB,Zanzibar,0.1885,V-Dem
1978,ZZB,Zanzibar,0.41000000000000003,V-Dem
1979,ZZB,Zanzibar,0.41000000000000003,V-Dem
1980,ZZB,Zanzibar,0.41000000000000003,V-Dem
1981,ZZB,Zanzibar,0.41000000000000003,V-Dem
1982,ZZB,Zanzibar,0.41000000000000003,V-Dem
1983,ZZB,Zanzibar,0.41000000000000003,V-Dem
1984,ZZB,Zanzibar,0.9855,V-Dem
1985,ZZB,Zanzibar,0.9855,V-Dem
1986,ZZB,Zanzibar,0.9855,V-Dem
1987,ZZB,Zanzibar,0.9855,V-Dem
1988,ZZB,Zanzibar,0.748,V-Dem
1989,ZZB,Zanzibar,0.2015,V-Dem
1990,ZZB,Zanzibar,0.6884999999999999,V-Dem
1991,ZZB,Zanzibar,0.6884999999999999,V-Dem
1992,ZZB,Zanzibar,0.6884999999999999,V-Dem
1993,ZZB,Zanzibar,0.6884999999999999,V-Dem
1994,ZZB,Zanzibar,0.6884999999999999,V-Dem
1995,ZZB,Zanzibar,0.6884999999999999,V-Dem
1996,ZZB,Zanzibar,0.16499999999999998,V-Dem
1997,ZZB,Zanzibar,0.16499999999999998,V-Dem
1998,ZZB,Zanzibar,0.16499999999999998,V-Dem
1999,ZZB,Zanzibar,0.16499999999999998,V-Dem
2000,ZZB,Zanzibar,0.16499999999999998,V-Dem
2001,ZZB,Zanzibar,-0.11549999999999999,V-Dem
2002,ZZB,Zanzibar,0.64,V-Dem
2003,ZZB,Zanzibar,0.64,V-Dem
2004,ZZB,Zanzibar,0.64,V-Dem
2005,ZZB,Zanzibar,0.64,V-Dem
2006,ZZB,Zanzibar,0.768,V-Dem
2007,ZZB,Zanzibar,0.768,V-Dem
2008,ZZB,Zanzibar,0.768,V-Dem
2009,ZZB,Zanzibar,0.768,V-Dem
2010,ZZB,Zanzibar,0.749,V-Dem
2011,ZZB,Zanzibar,0.964,V-Dem
2012,ZZB,Zanzibar,0.964,V-Dem
2013,ZZB,Zanzibar,0.964,V-Dem
2014,ZZB,Zanzibar,0.964,V-Dem
2015,ZZB,Zanzibar,0.858,V-Dem
2016,ZZB,Zanzibar,0.7230000000000001,V-Dem
2017,ZZB,Zanzibar,0.7585,V-Dem
2018,ZZB,Zanzibar,0.843,V-Dem
2019,ZZB,Zanzibar,0.868,V-Dem
2020,ZZB,Zanzibar,0.574,V-Dem
2021,ZZB,Zanzibar,0.9665,V-Dem
2022,ZZB,Zanzibar,1.044,V-Dem
2023,ZZB,Zanzibar,0.9205,V-Dem
2024,ZZB,Zanzibar,0.9205,V-Dem
2025,ZZB,Zanzibar,0.9205,V-Dem
